<frozen runpy>:128: RuntimeWarning: 'NeighborCache.region_local_threshold.cli' found in sys.modules after import of package 'NeighborCache.region_local_threshold', but prior to execution of 'NeighborCache.region_local_threshold.cli'; this may result in unpredictable behaviour
[INFO] Using features key='emb' dim=1024
[INFO] Applied Hadamard preprocessing (strategy=centroid_nearest, use_delta_vec=False, use_abs_diff=False) to X_main

=== Region Threshold Benchmark ===
dataset_npz=NeighborCache/data/h1h0_final.npz
region_key=global_cluster (resolved=global_cluster, unique=1103)
features=emb+hadamard rows=200000 dim=1024
text_pairs=text+region_anchor[centroid_nearest]
alpha=0.05 tie_mode=ge trials=50 base_seed=45
tau_mode=global
hadamard_preprocess=True
abs_diff_only_preprocess=False
use_delta_vec=False
use_abs_diff=False
normalize_data=False
filter_policy=none
train_cosine_policy_active=False
caps: train=1270 calib=750 eval=1270
mins: min_h0_eval=20 min_h1_eval=20
run_dir=/home/malmatal/Projects/Multi_Dim_Threshold/NeighborCache/outputs/region_local_threshold/run_20260504_002920

[trial=0 seed=45] GLOBAL mode — total_samples=200000
  total: h0=82063 h1=15019
  pooled_train:  n0=1270 n1=1270
  pooled_calib:  n0=750 n1=750
  pooled_eval:   n0=1270 n1=1270
  regions (for macro stats only): 1103
[INFO] Cosine baseline routed to direct Hadamard sum (PrecomputedCosine)
[INFO] WeightedEnsemble Cosine judge routed to direct Hadamard sum
  [Ensemble] Judges routed to 'alt' input: PrecomputedCosine
[WeightedEnsemble] Fitted weights (alpha=0.0500, external calib):
  tau=0.9054, Pooled external calib: TPR=0.6027, FPR=0.0493
  PrecomputedCosine   : +0.5316
  PCAWhitenedCosine   : +0.2031
  XGBoost             : +0.0553
  Tiny MLP            : +0.1785
  LDA                 : +0.0315

Method                   | TPR    | FPR    | TrTPR  | TrFPR  | MacroTPR | MacroFPR | Regions | TauMean | ms    | OK? 
---------------------------------------------------------------------------------------------------------------------
Cosine                   | 0.4811 | 0.0496 | 0.4560 | 0.0493 | 0.4280   | 0.0717   | 835     | 0.9635  | 61.4  | PASS
AndBox-HC                | 0.3969 | 0.0472 | 0.3933 | 0.0493 | 0.3343   | 0.0680   | 835     | 0.0000  | 39.4  | PASS
PCAWhitenedCosine        | 0.5630 | 0.0441 | 0.5413 | 0.0493 | 0.4657   | 0.0612   | 835     | 0.8534  | 35.1  | PASS
Vec (Wgt)                | 0.5567 | 0.0559 | 0.5053 | 0.0493 | 0.4903   | 0.0836   | 835     | 0.9326  | 45.1  | FAIL
Log Reg                  | 0.2386 | 0.0465 | 0.2200 | 0.0493 | 0.2125   | 0.0626   | 835     | 0.5121  | 81.6  | PASS
LDA                      | 0.5283 | 0.0354 | 0.4733 | 0.0493 | 0.4218   | 0.0448   | 835     | 3.7085  | 74.1  | PASS
Tiny MLP                 | 0.5512 | 0.0433 | 0.5347 | 0.0493 | 0.4601   | 0.0619   | 835     | 0.8602  | 231.5 | PASS
MultiProtoCosine         | 0.0929 | 0.0528 | 0.0787 | 0.0493 | 0.0708   | 0.0624   | 835     | 0.9236  | 86.2  | FAIL
WeightedEnsemble         | 0.6220 | 0.0598 | 0.6027 | 0.0493 | 0.5231   | 0.0795   | 835     | 0.9054  | 284.1 | FAIL
XGBoost                  | 0.5016 | 0.0441 | 0.4827 | 0.0493 | 0.4296   | 0.0636   | 835     | 0.7061  | 79.4  | PASS
LDA1+LogReg              | 0.2394 | 0.0472 | 0.2213 | 0.0493 | 0.2129   | 0.0628   | 835     | 0.5121  | 76.8  | PASS
PCA16+LogReg             | 0.2465 | 0.0433 | 0.2187 | 0.0493 | 0.2115   | 0.0584   | 835     | 0.5120  | 79.6  | PASS
PCA32+LogReg             | 0.2425 | 0.0441 | 0.2267 | 0.0493 | 0.2170   | 0.0601   | 835     | 0.5118  | 83.5  | PASS
PCA16+VecWeighted        | 0.2079 | 0.0480 | 0.1920 | 0.0493 | 0.1754   | 0.0631   | 835     | 0.0264  | 79.1  | PASS
PCA32+VecWeighted        | 0.1567 | 0.0409 | 0.1453 | 0.0493 | 0.1247   | 0.0502   | 835     | 0.0327  | 80.4  | PASS
StabilizedWhitenedCosine | 0.5378 | 0.0433 | 0.5347 | 0.0493 | 0.4347   | 0.0616   | 835     | 0.8892  | 77.1  | PASS

[trial=1 seed=46] GLOBAL mode — total_samples=200000
  total: h0=82063 h1=15019
  pooled_train:  n0=1270 n1=1270
  pooled_calib:  n0=750 n1=750
  pooled_eval:   n0=1270 n1=1270
  regions (for macro stats only): 1103
[INFO] Cosine baseline routed to direct Hadamard sum (PrecomputedCosine)
[INFO] WeightedEnsemble Cosine judge routed to direct Hadamard sum
  [Ensemble] Judges routed to 'alt' input: PrecomputedCosine
[WeightedEnsemble] Fitted weights (alpha=0.0500, external calib):
  tau=0.8713, Pooled external calib: TPR=0.5747, FPR=0.0493
  PrecomputedCosine   : +0.0477
  PCAWhitenedCosine   : +0.4884
  XGBoost             : +0.3290
  Tiny MLP            : +0.0838
  LDA                 : +0.0511

Method                   | TPR    | FPR    | TrTPR  | TrFPR  | MacroTPR | MacroFPR | Regions | TauMean | ms    | OK? 
---------------------------------------------------------------------------------------------------------------------
Cosine                   | 0.4709 | 0.0496 | 0.4733 | 0.0493 | 0.4439   | 0.0832   | 849     | 0.9537  | 66.2  | PASS
AndBox-HC                | 0.4819 | 0.0575 | 0.4600 | 0.0493 | 0.4526   | 0.0936   | 849     | 0.0000  | 63.7  | FAIL
PCAWhitenedCosine        | 0.5488 | 0.0622 | 0.5520 | 0.0493 | 0.4802   | 0.0985   | 849     | 0.8988  | 66.7  | FAIL
Vec (Wgt)                | 0.5220 | 0.0551 | 0.5133 | 0.0493 | 0.4871   | 0.0935   | 849     | 0.9297  | 67.3  | FAIL
Log Reg                  | 0.2598 | 0.0614 | 0.2453 | 0.0493 | 0.2251   | 0.0801   | 849     | 0.5110  | 105.3 | FAIL
LDA                      | 0.5071 | 0.0496 | 0.5080 | 0.0493 | 0.4270   | 0.0798   | 849     | 3.5649  | 107.6 | PASS
Tiny MLP                 | 0.5268 | 0.0630 | 0.5267 | 0.0493 | 0.4593   | 0.1013   | 849     | 0.8978  | 183.6 | FAIL
MultiProtoCosine         | 0.1008 | 0.0535 | 0.0947 | 0.0493 | 0.0790   | 0.0562   | 849     | 0.9214  | 97.1  | FAIL
WeightedEnsemble         | 0.5551 | 0.0583 | 0.5747 | 0.0493 | 0.4864   | 0.0957   | 849     | 0.8713  | 219.6 | FAIL
XGBoost                  | 0.5039 | 0.0528 | 0.5000 | 0.0493 | 0.4621   | 0.0871   | 849     | 0.6999  | 82.1  | FAIL
LDA1+LogReg              | 0.2598 | 0.0614 | 0.2467 | 0.0493 | 0.2251   | 0.0801   | 849     | 0.5110  | 84.8  | FAIL
PCA16+LogReg             | 0.2709 | 0.0661 | 0.2467 | 0.0493 | 0.2372   | 0.0830   | 849     | 0.5103  | 89.3  | FAIL
PCA32+LogReg             | 0.2669 | 0.0638 | 0.2507 | 0.0493 | 0.2327   | 0.0827   | 849     | 0.5104  | 90.7  | FAIL
PCA16+VecWeighted        | 0.1094 | 0.0520 | 0.0947 | 0.0493 | 0.0973   | 0.0449   | 849     | 0.0298  | 84.1  | FAIL
PCA32+VecWeighted        | 0.0543 | 0.0386 | 0.0400 | 0.0493 | 0.0455   | 0.0161   | 849     | 0.0428  | 88.8  | PASS
StabilizedWhitenedCosine | 0.5409 | 0.0551 | 0.5320 | 0.0493 | 0.4814   | 0.0872   | 849     | 0.9185  | 83.6  | FAIL

[trial=2 seed=47] GLOBAL mode — total_samples=200000
  total: h0=82063 h1=15019
  pooled_train:  n0=1270 n1=1270
  pooled_calib:  n0=750 n1=750
  pooled_eval:   n0=1270 n1=1270
  regions (for macro stats only): 1103
[INFO] Cosine baseline routed to direct Hadamard sum (PrecomputedCosine)
[INFO] WeightedEnsemble Cosine judge routed to direct Hadamard sum
  [Ensemble] Judges routed to 'alt' input: PrecomputedCosine
[WeightedEnsemble] Fitted weights (alpha=0.0500, external calib):
  tau=0.9845, Pooled external calib: TPR=0.5947, FPR=0.0493
  PrecomputedCosine   : +0.4352
  PCAWhitenedCosine   : +0.0957
  XGBoost             : +0.1866
  Tiny MLP            : +0.2341
  LDA                 : +0.0484

Method                   | TPR    | FPR    | TrTPR  | TrFPR  | MacroTPR | MacroFPR | Regions | TauMean | ms    | OK? 
---------------------------------------------------------------------------------------------------------------------
Cosine                   | 0.3953 | 0.0299 | 0.4493 | 0.0493 | 0.3624   | 0.0436   | 841     | 0.9770  | 334.6 | PASS
AndBox-HC                | 0.3472 | 0.0346 | 0.3933 | 0.0493 | 0.3215   | 0.0505   | 841     | 0.0000  | 42.0  | PASS
PCAWhitenedCosine        | 0.5386 | 0.0496 | 0.5547 | 0.0493 | 0.4372   | 0.0715   | 841     | 0.9806  | 68.5  | PASS
Vec (Wgt)                | 0.4417 | 0.0331 | 0.5000 | 0.0493 | 0.3898   | 0.0479   | 841     | 0.9642  | 69.9  | PASS
Log Reg                  | 0.2205 | 0.0606 | 0.2560 | 0.0493 | 0.1950   | 0.0766   | 841     | 0.5125  | 87.6  | FAIL
LDA                      | 0.4976 | 0.0386 | 0.5387 | 0.0480 | 0.3998   | 0.0516   | 841     | 4.1154  | 76.3  | PASS
Tiny MLP                 | 0.5402 | 0.0480 | 0.5747 | 0.0493 | 0.4377   | 0.0691   | 841     | 0.8888  | 269.8 | PASS
MultiProtoCosine         | 0.0929 | 0.0606 | 0.1093 | 0.0493 | 0.0773   | 0.0565   | 841     | 0.9234  | 91.6  | FAIL
WeightedEnsemble         | 0.5559 | 0.0457 | 0.5947 | 0.0493 | 0.4660   | 0.0651   | 841     | 0.9845  | 291.0 | PASS
XGBoost                  | 0.4425 | 0.0378 | 0.4960 | 0.0493 | 0.3953   | 0.0564   | 841     | 0.7282  | 80.8  | PASS
LDA1+LogReg              | 0.2220 | 0.0614 | 0.2560 | 0.0493 | 0.1956   | 0.0775   | 841     | 0.5124  | 79.9  | FAIL
PCA16+LogReg             | 0.2197 | 0.0567 | 0.2547 | 0.0493 | 0.1965   | 0.0719   | 841     | 0.5122  | 84.1  | FAIL
PCA32+LogReg             | 0.2244 | 0.0591 | 0.2613 | 0.0493 | 0.1968   | 0.0759   | 841     | 0.5120  | 88.6  | FAIL
PCA16+VecWeighted        | 0.0693 | 0.0362 | 0.0893 | 0.0493 | 0.0601   | 0.0393   | 841     | 0.0347  | 80.9  | PASS
PCA32+VecWeighted        | 0.1087 | 0.0307 | 0.1120 | 0.0493 | 0.0850   | 0.0362   | 841     | 0.0357  | 84.1  | PASS
StabilizedWhitenedCosine | 0.4984 | 0.0378 | 0.5280 | 0.0493 | 0.3940   | 0.0559   | 841     | 1.0683  | 80.4  | PASS

[trial=3 seed=48] GLOBAL mode — total_samples=200000
  total: h0=82063 h1=15019
  pooled_train:  n0=1270 n1=1270
  pooled_calib:  n0=750 n1=750
  pooled_eval:   n0=1270 n1=1270
  regions (for macro stats only): 1103
[INFO] Cosine baseline routed to direct Hadamard sum (PrecomputedCosine)
[INFO] WeightedEnsemble Cosine judge routed to direct Hadamard sum
  [Ensemble] Judges routed to 'alt' input: PrecomputedCosine
[WeightedEnsemble] Fitted weights (alpha=0.0500, external calib):
  tau=1.1535, Pooled external calib: TPR=0.5280, FPR=0.0493
  PrecomputedCosine   : +0.1270
  PCAWhitenedCosine   : +0.4131
  XGBoost             : +0.2315
  Tiny MLP            : +0.0777
  LDA                 : +0.1507

Method                   | TPR    | FPR    | TrTPR  | TrFPR  | MacroTPR | MacroFPR | Regions | TauMean | ms    | OK? 
---------------------------------------------------------------------------------------------------------------------
Cosine                   | 0.4654 | 0.0331 | 0.4173 | 0.0493 | 0.4259   | 0.0522   | 853     | 0.9657  | 99.0  | PASS
AndBox-HC                | 0.3173 | 0.0370 | 0.3107 | 0.0493 | 0.2876   | 0.0521   | 853     | 0.0001  | 44.5  | PASS
PCAWhitenedCosine        | 0.5252 | 0.0465 | 0.5053 | 0.0493 | 0.4468   | 0.0672   | 853     | 0.9924  | 70.3  | PASS
Vec (Wgt)                | 0.5157 | 0.0417 | 0.4947 | 0.0493 | 0.4744   | 0.0632   | 853     | 0.9445  | 70.5  | PASS
Log Reg                  | 0.2819 | 0.0520 | 0.2840 | 0.0493 | 0.2419   | 0.0748   | 853     | 0.5098  | 83.5  | FAIL
LDA                      | 0.5504 | 0.0543 | 0.5040 | 0.0493 | 0.4683   | 0.0754   | 853     | 3.2991  | 74.9  | FAIL
Tiny MLP                 | 0.5236 | 0.0520 | 0.4827 | 0.0493 | 0.4408   | 0.0691   | 853     | 0.8759  | 260.2 | FAIL
MultiProtoCosine         | 0.1079 | 0.0465 | 0.0813 | 0.0493 | 0.0818   | 0.0581   | 853     | 0.9225  | 89.3  | PASS
WeightedEnsemble         | 0.5654 | 0.0472 | 0.5280 | 0.0493 | 0.4858   | 0.0652   | 853     | 1.1535  | 318.8 | PASS
XGBoost                  | 0.4677 | 0.0323 | 0.4227 | 0.0493 | 0.4152   | 0.0475   | 853     | 0.7303  | 77.5  | PASS
LDA1+LogReg              | 0.2850 | 0.0528 | 0.2880 | 0.0493 | 0.2455   | 0.0765   | 853     | 0.5098  | 77.3  | FAIL
PCA16+LogReg             | 0.2890 | 0.0496 | 0.2893 | 0.0493 | 0.2466   | 0.0704   | 853     | 0.5096  | 84.7  | PASS
PCA32+LogReg             | 0.2898 | 0.0520 | 0.2867 | 0.0493 | 0.2495   | 0.0740   | 853     | 0.5095  | 86.9  | FAIL
PCA16+VecWeighted        | 0.0890 | 0.0394 | 0.0987 | 0.0493 | 0.0681   | 0.0391   | 853     | 0.0293  | 79.9  | PASS
PCA32+VecWeighted        | 0.0827 | 0.0472 | 0.1000 | 0.0493 | 0.0758   | 0.0501   | 853     | 0.0348  | 81.1  | PASS
StabilizedWhitenedCosine | 0.4772 | 0.0441 | 0.4693 | 0.0493 | 0.3941   | 0.0624   | 853     | 1.0753  | 78.4  | PASS

[trial=4 seed=49] GLOBAL mode — total_samples=200000
  total: h0=82063 h1=15019
  pooled_train:  n0=1270 n1=1270
  pooled_calib:  n0=750 n1=750
  pooled_eval:   n0=1270 n1=1270
  regions (for macro stats only): 1103
[INFO] Cosine baseline routed to direct Hadamard sum (PrecomputedCosine)
[INFO] WeightedEnsemble Cosine judge routed to direct Hadamard sum
  [Ensemble] Judges routed to 'alt' input: PrecomputedCosine
[WeightedEnsemble] Fitted weights (alpha=0.0500, external calib):
  tau=0.9202, Pooled external calib: TPR=0.6227, FPR=0.0493
  PrecomputedCosine   : +0.0786
  PCAWhitenedCosine   : +0.2785
  XGBoost             : +0.3243
  Tiny MLP            : +0.1558
  LDA                 : +0.1628

Method                   | TPR    | FPR    | TrTPR  | TrFPR  | MacroTPR | MacroFPR | Regions | TauMean | ms    | OK? 
---------------------------------------------------------------------------------------------------------------------
Cosine                   | 0.4827 | 0.0543 | 0.4613 | 0.0493 | 0.4308   | 0.0726   | 852     | 0.9515  | 90.9  | FAIL
AndBox-HC                | 0.4520 | 0.0551 | 0.4147 | 0.0467 | 0.3960   | 0.0730   | 852     | -0.0000 | 45.3  | FAIL
PCAWhitenedCosine        | 0.5740 | 0.0551 | 0.5453 | 0.0493 | 0.4645   | 0.0806   | 852     | 0.7702  | 69.9  | FAIL
Vec (Wgt)                | 0.5299 | 0.0535 | 0.5013 | 0.0493 | 0.4713   | 0.0751   | 852     | 0.9309  | 69.9  | FAIL
Log Reg                  | 0.3118 | 0.0520 | 0.2787 | 0.0493 | 0.2555   | 0.0805   | 852     | 0.5087  | 88.2  | FAIL
LDA                      | 0.5717 | 0.0575 | 0.5507 | 0.0493 | 0.4521   | 0.0852   | 852     | 3.1667  | 76.6  | FAIL
Tiny MLP                 | 0.6016 | 0.0591 | 0.5827 | 0.0493 | 0.4931   | 0.0907   | 852     | 0.8055  | 259.7 | FAIL
MultiProtoCosine         | 0.0984 | 0.0551 | 0.0827 | 0.0493 | 0.0692   | 0.0615   | 852     | 0.9233  | 89.6  | FAIL
WeightedEnsemble         | 0.6362 | 0.0709 | 0.6227 | 0.0493 | 0.5201   | 0.1058   | 852     | 0.9202  | 315.9 | FAIL
XGBoost                  | 0.5236 | 0.0465 | 0.5173 | 0.0493 | 0.4504   | 0.0653   | 852     | 0.6823  | 81.0  | PASS
LDA1+LogReg              | 0.3118 | 0.0520 | 0.2787 | 0.0493 | 0.2555   | 0.0805   | 852     | 0.5087  | 80.3  | FAIL
PCA16+LogReg             | 0.3134 | 0.0512 | 0.2720 | 0.0493 | 0.2575   | 0.0790   | 852     | 0.5085  | 85.5  | FAIL
PCA32+LogReg             | 0.3181 | 0.0488 | 0.2800 | 0.0493 | 0.2628   | 0.0765   | 852     | 0.5083  | 88.3  | PASS
PCA16+VecWeighted        | 0.2260 | 0.0425 | 0.1933 | 0.0493 | 0.1767   | 0.0559   | 852     | 0.0238  | 80.1  | PASS
PCA32+VecWeighted        | 0.2008 | 0.0354 | 0.1693 | 0.0493 | 0.1536   | 0.0513   | 852     | 0.0304  | 85.0  | PASS
StabilizedWhitenedCosine | 0.5638 | 0.0488 | 0.5307 | 0.0480 | 0.4667   | 0.0757   | 852     | 0.7986  | 79.4  | PASS

[trial=5 seed=50] GLOBAL mode — total_samples=200000
  total: h0=82063 h1=15019
  pooled_train:  n0=1270 n1=1270
  pooled_calib:  n0=750 n1=750
  pooled_eval:   n0=1270 n1=1270
  regions (for macro stats only): 1103
[INFO] Cosine baseline routed to direct Hadamard sum (PrecomputedCosine)
[INFO] WeightedEnsemble Cosine judge routed to direct Hadamard sum
  [Ensemble] Judges routed to 'alt' input: PrecomputedCosine
[WeightedEnsemble] Fitted weights (alpha=0.0500, external calib):
  tau=1.0349, Pooled external calib: TPR=0.5453, FPR=0.0493
  PrecomputedCosine   : +0.2832
  PCAWhitenedCosine   : +0.0456
  XGBoost             : +0.2004
  Tiny MLP            : +0.4151
  LDA                 : +0.0558

Method                   | TPR    | FPR    | TrTPR  | TrFPR  | MacroTPR | MacroFPR | Regions | TauMean | ms    | OK? 
---------------------------------------------------------------------------------------------------------------------
Cosine                   | 0.5039 | 0.0535 | 0.4547 | 0.0493 | 0.4504   | 0.0811   | 865     | 0.9606  | 99.1  | FAIL
AndBox-HC                | 0.3969 | 0.0488 | 0.3627 | 0.0493 | 0.3834   | 0.0760   | 865     | 0.0000  | 43.7  | PASS
PCAWhitenedCosine        | 0.5496 | 0.0535 | 0.5267 | 0.0493 | 0.4474   | 0.0785   | 865     | 1.0181  | 69.9  | FAIL
Vec (Wgt)                | 0.5181 | 0.0504 | 0.4747 | 0.0493 | 0.4575   | 0.0763   | 865     | 0.9471  | 70.7  | FAIL
Log Reg                  | 0.3165 | 0.0409 | 0.3147 | 0.0493 | 0.2568   | 0.0638   | 865     | 0.5085  | 87.6  | PASS
LDA                      | 0.4992 | 0.0315 | 0.5040 | 0.0493 | 0.3905   | 0.0534   | 865     | 4.4178  | 76.8  | PASS
Tiny MLP                 | 0.5213 | 0.0402 | 0.5267 | 0.0467 | 0.4128   | 0.0650   | 865     | 0.9253  | 234.5 | PASS
MultiProtoCosine         | 0.0748 | 0.0488 | 0.0947 | 0.0493 | 0.0629   | 0.0599   | 865     | 0.9243  | 91.9  | PASS
WeightedEnsemble         | 0.5654 | 0.0386 | 0.5453 | 0.0493 | 0.4479   | 0.0647   | 865     | 1.0349  | 289.3 | PASS
XGBoost                  | 0.4882 | 0.0433 | 0.4573 | 0.0493 | 0.4198   | 0.0651   | 865     | 0.7247  | 81.4  | PASS
LDA1+LogReg              | 0.3150 | 0.0409 | 0.3147 | 0.0493 | 0.2544   | 0.0638   | 865     | 0.5084  | 80.4  | PASS
PCA16+LogReg             | 0.3055 | 0.0433 | 0.3147 | 0.0493 | 0.2447   | 0.0672   | 865     | 0.5084  | 85.1  | PASS
PCA32+LogReg             | 0.3189 | 0.0425 | 0.3173 | 0.0493 | 0.2556   | 0.0664   | 865     | 0.5083  | 89.3  | PASS
PCA16+VecWeighted        | 0.1220 | 0.0449 | 0.1320 | 0.0493 | 0.1104   | 0.0524   | 865     | 0.0326  | 80.6  | PASS
PCA32+VecWeighted        | 0.1457 | 0.0535 | 0.1400 | 0.0493 | 0.1309   | 0.0775   | 865     | 0.0335  | 85.2  | FAIL
StabilizedWhitenedCosine | 0.4764 | 0.0441 | 0.4773 | 0.0493 | 0.3914   | 0.0676   | 865     | 1.1192  | 81.3  | PASS

[trial=6 seed=51] GLOBAL mode — total_samples=200000
  total: h0=82063 h1=15019
  pooled_train:  n0=1270 n1=1270
  pooled_calib:  n0=750 n1=750
  pooled_eval:   n0=1270 n1=1270
  regions (for macro stats only): 1103
[INFO] Cosine baseline routed to direct Hadamard sum (PrecomputedCosine)
[INFO] WeightedEnsemble Cosine judge routed to direct Hadamard sum
  [Ensemble] Judges routed to 'alt' input: PrecomputedCosine
[WeightedEnsemble] Fitted weights (alpha=0.0500, external calib):
  tau=1.1156, Pooled external calib: TPR=0.5667, FPR=0.0493
  PrecomputedCosine   : +0.1817
  PCAWhitenedCosine   : +0.4603
  XGBoost             : +0.0868
  Tiny MLP            : +0.1854
  LDA                 : +0.0858

Method                   | TPR    | FPR    | TrTPR  | TrFPR  | MacroTPR | MacroFPR | Regions | TauMean | ms    | OK? 
---------------------------------------------------------------------------------------------------------------------
Cosine                   | 0.4543 | 0.0433 | 0.4573 | 0.0493 | 0.4114   | 0.0657   | 858     | 0.9642  | 103.8 | PASS
AndBox-HC                | 0.3614 | 0.0346 | 0.3613 | 0.0493 | 0.3059   | 0.0496   | 858     | 0.0001  | 41.2  | PASS
PCAWhitenedCosine        | 0.5047 | 0.0362 | 0.4893 | 0.0493 | 0.3833   | 0.0534   | 858     | 1.1219  | 68.9  | PASS
Vec (Wgt)                | 0.4724 | 0.0402 | 0.4627 | 0.0493 | 0.4091   | 0.0569   | 858     | 0.9637  | 69.9  | PASS
Log Reg                  | 0.2787 | 0.0394 | 0.2600 | 0.0467 | 0.2218   | 0.0552   | 858     | 0.5098  | 83.6  | PASS
LDA                      | 0.5213 | 0.0457 | 0.5173 | 0.0493 | 0.3919   | 0.0658   | 858     | 4.0796  | 75.0  | PASS
Tiny MLP                 | 0.5291 | 0.0504 | 0.5227 | 0.0493 | 0.4074   | 0.0737   | 858     | 0.8997  | 233.2 | FAIL
MultiProtoCosine         | 0.1094 | 0.0441 | 0.1093 | 0.0493 | 0.0832   | 0.0588   | 858     | 0.9208  | 89.8  | PASS
WeightedEnsemble         | 0.5764 | 0.0504 | 0.5667 | 0.0493 | 0.4436   | 0.0696   | 858     | 1.1156  | 283.2 | FAIL
XGBoost                  | 0.4921 | 0.0457 | 0.4667 | 0.0493 | 0.4270   | 0.0630   | 858     | 0.7260  | 78.7  | PASS
LDA1+LogReg              | 0.2811 | 0.0394 | 0.2653 | 0.0467 | 0.2244   | 0.0552   | 858     | 0.5098  | 79.6  | PASS
PCA16+LogReg             | 0.2764 | 0.0394 | 0.2707 | 0.0493 | 0.2183   | 0.0558   | 858     | 0.5098  | 83.5  | PASS
PCA32+LogReg             | 0.2795 | 0.0354 | 0.2667 | 0.0480 | 0.2233   | 0.0493   | 858     | 0.5095  | 87.1  | PASS
PCA16+VecWeighted        | 0.1031 | 0.0276 | 0.1027 | 0.0493 | 0.0823   | 0.0326   | 858     | 0.0328  | 80.8  | PASS
PCA32+VecWeighted        | 0.1047 | 0.0339 | 0.0920 | 0.0493 | 0.0879   | 0.0413   | 858     | 0.0351  | 83.7  | PASS
StabilizedWhitenedCosine | 0.5409 | 0.0441 | 0.5333 | 0.0493 | 0.4279   | 0.0637   | 858     | 0.9530  | 79.1  | PASS

[trial=7 seed=52] GLOBAL mode — total_samples=200000
  total: h0=82063 h1=15019
  pooled_train:  n0=1270 n1=1270
  pooled_calib:  n0=750 n1=750
  pooled_eval:   n0=1270 n1=1270
  regions (for macro stats only): 1103
[INFO] Cosine baseline routed to direct Hadamard sum (PrecomputedCosine)
[INFO] WeightedEnsemble Cosine judge routed to direct Hadamard sum
  [Ensemble] Judges routed to 'alt' input: PrecomputedCosine
[WeightedEnsemble] Fitted weights (alpha=0.0500, external calib):
  tau=0.8249, Pooled external calib: TPR=0.5173, FPR=0.0493
  PrecomputedCosine   : +0.1369
  PCAWhitenedCosine   : +0.3322
  XGBoost             : +0.4468
  Tiny MLP            : +0.0732
  LDA                 : +0.0110

Method                   | TPR    | FPR    | TrTPR  | TrFPR  | MacroTPR | MacroFPR | Regions | TauMean | ms    | OK? 
---------------------------------------------------------------------------------------------------------------------
Cosine                   | 0.4362 | 0.0512 | 0.4187 | 0.0493 | 0.3975   | 0.0630   | 868     | 0.9657  | 77.0  | FAIL
AndBox-HC                | 0.3268 | 0.0496 | 0.2960 | 0.0493 | 0.3187   | 0.0577   | 868     | 0.0000  | 40.9  | PASS
PCAWhitenedCosine        | 0.4827 | 0.0339 | 0.4893 | 0.0493 | 0.3895   | 0.0513   | 868     | 1.0050  | 70.0  | PASS
Vec (Wgt)                | 0.4913 | 0.0583 | 0.4653 | 0.0493 | 0.4447   | 0.0752   | 868     | 0.9396  | 70.6  | FAIL
Log Reg                  | 0.2339 | 0.0433 | 0.2333 | 0.0493 | 0.1991   | 0.0627   | 868     | 0.5120  | 84.4  | PASS
LDA                      | 0.4614 | 0.0315 | 0.4693 | 0.0493 | 0.3758   | 0.0452   | 868     | 4.0442  | 77.3  | PASS
Tiny MLP                 | 0.4709 | 0.0323 | 0.4600 | 0.0493 | 0.3926   | 0.0472   | 868     | 0.8824  | 236.4 | PASS
MultiProtoCosine         | 0.0929 | 0.0504 | 0.1013 | 0.0493 | 0.0729   | 0.0552   | 868     | 0.9229  | 89.8  | FAIL
WeightedEnsemble         | 0.5063 | 0.0378 | 0.5173 | 0.0493 | 0.4123   | 0.0547   | 868     | 0.8249  | 290.0 | PASS
XGBoost                  | 0.4795 | 0.0520 | 0.4493 | 0.0493 | 0.4231   | 0.0669   | 868     | 0.6982  | 78.2  | FAIL
LDA1+LogReg              | 0.2370 | 0.0441 | 0.2360 | 0.0493 | 0.2008   | 0.0632   | 868     | 0.5119  | 77.7  | PASS
PCA16+LogReg             | 0.2488 | 0.0465 | 0.2400 | 0.0493 | 0.2091   | 0.0656   | 868     | 0.5115  | 82.0  | PASS
PCA32+LogReg             | 0.2606 | 0.0496 | 0.2533 | 0.0493 | 0.2182   | 0.0700   | 868     | 0.5110  | 85.7  | PASS
PCA16+VecWeighted        | 0.0858 | 0.0441 | 0.0973 | 0.0493 | 0.0927   | 0.0478   | 868     | 0.0275  | 81.2  | PASS
PCA32+VecWeighted        | 0.1331 | 0.0622 | 0.1333 | 0.0493 | 0.1286   | 0.0550   | 868     | 0.0294  | 82.5  | FAIL
StabilizedWhitenedCosine | 0.4921 | 0.0362 | 0.4933 | 0.0493 | 0.4117   | 0.0530   | 868     | 0.9293  | 79.5  | PASS

[trial=8 seed=53] GLOBAL mode — total_samples=200000
  total: h0=82063 h1=15019
  pooled_train:  n0=1270 n1=1270
  pooled_calib:  n0=750 n1=750
  pooled_eval:   n0=1270 n1=1270
  regions (for macro stats only): 1103
[INFO] Cosine baseline routed to direct Hadamard sum (PrecomputedCosine)
[INFO] WeightedEnsemble Cosine judge routed to direct Hadamard sum
  [Ensemble] Judges routed to 'alt' input: PrecomputedCosine
[WeightedEnsemble] Fitted weights (alpha=0.0500, external calib):
  tau=1.4454, Pooled external calib: TPR=0.5787, FPR=0.0493
  PrecomputedCosine   : +0.1354
  PCAWhitenedCosine   : +0.2494
  XGBoost             : +0.0591
  Tiny MLP            : +0.2810
  LDA                 : +0.2751

Method                   | TPR    | FPR    | TrTPR  | TrFPR  | MacroTPR | MacroFPR | Regions | TauMean | ms    | OK? 
---------------------------------------------------------------------------------------------------------------------
Cosine                   | 0.4685 | 0.0591 | 0.4693 | 0.0493 | 0.4257   | 0.0867   | 870     | 0.9633  | 79.8  | FAIL
AndBox-HC                | 0.4000 | 0.0551 | 0.4107 | 0.0493 | 0.3661   | 0.0798   | 870     | 0.0000  | 50.2  | FAIL
PCAWhitenedCosine        | 0.5063 | 0.0528 | 0.5040 | 0.0493 | 0.4038   | 0.0755   | 870     | 0.9895  | 69.8  | FAIL
Vec (Wgt)                | 0.5039 | 0.0583 | 0.5000 | 0.0493 | 0.4574   | 0.0899   | 870     | 0.9496  | 70.5  | FAIL
Log Reg                  | 0.2488 | 0.0591 | 0.2227 | 0.0493 | 0.2171   | 0.0724   | 870     | 0.5123  | 85.7  | FAIL
LDA                      | 0.5197 | 0.0528 | 0.5467 | 0.0493 | 0.4262   | 0.0760   | 870     | 3.4217  | 80.7  | FAIL
Tiny MLP                 | 0.4992 | 0.0559 | 0.5387 | 0.0493 | 0.4077   | 0.0786   | 870     | 0.9025  | 234.7 | FAIL
MultiProtoCosine         | 0.1024 | 0.0480 | 0.0880 | 0.0493 | 0.0821   | 0.0566   | 870     | 0.9253  | 92.1  | PASS
WeightedEnsemble         | 0.5654 | 0.0583 | 0.5787 | 0.0493 | 0.4638   | 0.0850   | 870     | 1.4454  | 290.6 | FAIL
XGBoost                  | 0.4740 | 0.0551 | 0.4813 | 0.0493 | 0.4211   | 0.0795   | 870     | 0.7269  | 80.1  | FAIL
LDA1+LogReg              | 0.2488 | 0.0583 | 0.2227 | 0.0493 | 0.2171   | 0.0707   | 870     | 0.5123  | 81.3  | FAIL
PCA16+LogReg             | 0.2472 | 0.0575 | 0.2240 | 0.0493 | 0.2141   | 0.0708   | 870     | 0.5121  | 85.2  | FAIL
PCA32+LogReg             | 0.2528 | 0.0567 | 0.2280 | 0.0493 | 0.2178   | 0.0703   | 870     | 0.5119  | 87.8  | FAIL
PCA16+VecWeighted        | 0.0362 | 0.0480 | 0.0333 | 0.0493 | 0.0512   | 0.0429   | 870     | 0.0315  | 82.1  | PASS
PCA32+VecWeighted        | 0.0331 | 0.0402 | 0.0280 | 0.0493 | 0.0515   | 0.0286   | 870     | 0.0406  | 85.3  | PASS
StabilizedWhitenedCosine | 0.5315 | 0.0512 | 0.5373 | 0.0493 | 0.4615   | 0.0800   | 870     | 0.9154  | 80.1  | FAIL

[trial=9 seed=54] GLOBAL mode — total_samples=200000
  total: h0=82063 h1=15019
  pooled_train:  n0=1270 n1=1270
  pooled_calib:  n0=750 n1=750
  pooled_eval:   n0=1270 n1=1270
  regions (for macro stats only): 1103
[INFO] Cosine baseline routed to direct Hadamard sum (PrecomputedCosine)
[INFO] WeightedEnsemble Cosine judge routed to direct Hadamard sum
  [Ensemble] Judges routed to 'alt' input: PrecomputedCosine
[WeightedEnsemble] Fitted weights (alpha=0.0500, external calib):
  tau=0.9280, Pooled external calib: TPR=0.5600, FPR=0.0493
  PrecomputedCosine   : +0.5316
  PCAWhitenedCosine   : +0.2031
  XGBoost             : +0.0553
  Tiny MLP            : +0.1785
  LDA                 : +0.0315

Method                   | TPR    | FPR    | TrTPR  | TrFPR  | MacroTPR | MacroFPR | Regions | TauMean | ms    | OK? 
---------------------------------------------------------------------------------------------------------------------
Cosine                   | 0.5024 | 0.0622 | 0.4680 | 0.0493 | 0.4675   | 0.0916   | 846     | 0.9458  | 324.4 | FAIL
AndBox-HC                | 0.4646 | 0.0638 | 0.4213 | 0.0493 | 0.4351   | 0.0861   | 846     | 0.0000  | 39.3  | FAIL
PCAWhitenedCosine        | 0.5394 | 0.0488 | 0.5280 | 0.0493 | 0.4483   | 0.0712   | 846     | 0.8761  | 67.6  | PASS
Vec (Wgt)                | 0.5307 | 0.0685 | 0.5147 | 0.0493 | 0.4913   | 0.1015   | 846     | 0.9278  | 68.8  | FAIL
Log Reg                  | 0.2583 | 0.0504 | 0.2120 | 0.0493 | 0.2161   | 0.0734   | 846     | 0.5109  | 84.4  | FAIL
LDA                      | 0.5205 | 0.0575 | 0.5027 | 0.0493 | 0.4204   | 0.0850   | 846     | 3.7618  | 74.0  | FAIL
Tiny MLP                 | 0.5291 | 0.0535 | 0.5040 | 0.0493 | 0.4162   | 0.0775   | 846     | 0.8845  | 158.6 | FAIL
MultiProtoCosine         | 0.0913 | 0.0512 | 0.0853 | 0.0493 | 0.0796   | 0.0652   | 846     | 0.9222  | 87.7  | FAIL
WeightedEnsemble         | 0.5748 | 0.0528 | 0.5600 | 0.0493 | 0.4815   | 0.0802   | 846     | 0.9280  | 210.3 | FAIL
XGBoost                  | 0.5134 | 0.0496 | 0.4707 | 0.0493 | 0.4536   | 0.0734   | 846     | 0.7029  | 78.6  | PASS
LDA1+LogReg              | 0.2622 | 0.0504 | 0.2120 | 0.0493 | 0.2192   | 0.0734   | 846     | 0.5108  | 77.6  | FAIL
PCA16+LogReg             | 0.2622 | 0.0504 | 0.2187 | 0.0493 | 0.2226   | 0.0719   | 846     | 0.5104  | 82.1  | FAIL
PCA32+LogReg             | 0.2732 | 0.0512 | 0.2213 | 0.0493 | 0.2310   | 0.0748   | 846     | 0.5102  | 84.7  | FAIL
PCA16+VecWeighted        | 0.1087 | 0.0362 | 0.1200 | 0.0493 | 0.0865   | 0.0301   | 846     | 0.0314  | 79.2  | PASS
PCA32+VecWeighted        | 0.0819 | 0.0488 | 0.0947 | 0.0493 | 0.0708   | 0.0412   | 846     | 0.0389  | 82.1  | PASS
StabilizedWhitenedCosine | 0.5480 | 0.0496 | 0.5480 | 0.0493 | 0.4656   | 0.0757   | 846     | 0.8899  | 75.8  | PASS

[trial=10 seed=55] GLOBAL mode — total_samples=200000
  total: h0=82063 h1=15019
  pooled_train:  n0=1270 n1=1270
  pooled_calib:  n0=750 n1=750
  pooled_eval:   n0=1270 n1=1270
  regions (for macro stats only): 1103
[INFO] Cosine baseline routed to direct Hadamard sum (PrecomputedCosine)
[INFO] WeightedEnsemble Cosine judge routed to direct Hadamard sum
  [Ensemble] Judges routed to 'alt' input: PrecomputedCosine
[WeightedEnsemble] Fitted weights (alpha=0.0500, external calib):
  tau=0.9145, Pooled external calib: TPR=0.5560, FPR=0.0493
  PrecomputedCosine   : +0.4364
  PCAWhitenedCosine   : +0.0571
  XGBoost             : +0.1048
  Tiny MLP            : +0.3819
  LDA                 : +0.0199

Method                   | TPR    | FPR    | TrTPR  | TrFPR  | MacroTPR | MacroFPR | Regions | TauMean | ms    | OK? 
---------------------------------------------------------------------------------------------------------------------
Cosine                   | 0.4921 | 0.0480 | 0.4813 | 0.0493 | 0.4399   | 0.0745   | 844     | 0.9539  | 60.3  | PASS
AndBox-HC                | 0.4622 | 0.0512 | 0.4640 | 0.0493 | 0.4292   | 0.0771   | 844     | -0.0000 | 40.8  | FAIL
PCAWhitenedCosine        | 0.4787 | 0.0315 | 0.4947 | 0.0493 | 0.3681   | 0.0514   | 844     | 1.1152  | 66.2  | PASS
Vec (Wgt)                | 0.5150 | 0.0425 | 0.5093 | 0.0493 | 0.4580   | 0.0713   | 844     | 0.9469  | 68.7  | PASS
Log Reg                  | 0.1929 | 0.0331 | 0.2013 | 0.0493 | 0.1751   | 0.0527   | 844     | 0.5123  | 85.0  | PASS
LDA                      | 0.4850 | 0.0299 | 0.4920 | 0.0493 | 0.3748   | 0.0412   | 844     | 3.9648  | 74.1  | PASS
Tiny MLP                 | 0.4984 | 0.0378 | 0.5067 | 0.0493 | 0.3933   | 0.0531   | 844     | 0.9063  | 230.6 | PASS
MultiProtoCosine         | 0.0724 | 0.0496 | 0.0800 | 0.0493 | 0.0649   | 0.0614   | 844     | 0.9242  | 85.3  | PASS
WeightedEnsemble         | 0.5331 | 0.0315 | 0.5560 | 0.0493 | 0.4343   | 0.0503   | 844     | 0.9145  | 281.8 | PASS
XGBoost                  | 0.5402 | 0.0480 | 0.5307 | 0.0493 | 0.4675   | 0.0764   | 844     | 0.6830  | 76.7  | PASS
LDA1+LogReg              | 0.1961 | 0.0323 | 0.2027 | 0.0493 | 0.1771   | 0.0509   | 844     | 0.5123  | 75.3  | PASS
PCA16+LogReg             | 0.1913 | 0.0307 | 0.2013 | 0.0493 | 0.1704   | 0.0486   | 844     | 0.5120  | 80.3  | PASS
PCA32+LogReg             | 0.1961 | 0.0299 | 0.2067 | 0.0493 | 0.1766   | 0.0469   | 844     | 0.5119  | 82.5  | PASS
PCA16+VecWeighted        | 0.1118 | 0.0606 | 0.1067 | 0.0493 | 0.0887   | 0.0632   | 844     | 0.0257  | 76.1  | FAIL
PCA32+VecWeighted        | 0.1268 | 0.0449 | 0.1200 | 0.0493 | 0.0998   | 0.0513   | 844     | 0.0325  | 79.8  | PASS
StabilizedWhitenedCosine | 0.4961 | 0.0315 | 0.4773 | 0.0493 | 0.3854   | 0.0502   | 844     | 1.0819  | 75.8  | PASS

[trial=11 seed=56] GLOBAL mode — total_samples=200000
  total: h0=82063 h1=15019
  pooled_train:  n0=1270 n1=1270
  pooled_calib:  n0=750 n1=750
  pooled_eval:   n0=1270 n1=1270
  regions (for macro stats only): 1103
[INFO] Cosine baseline routed to direct Hadamard sum (PrecomputedCosine)
[INFO] WeightedEnsemble Cosine judge routed to direct Hadamard sum
  [Ensemble] Judges routed to 'alt' input: PrecomputedCosine
[WeightedEnsemble] Fitted weights (alpha=0.0500, external calib):
  tau=0.9614, Pooled external calib: TPR=0.5707, FPR=0.0493
  PrecomputedCosine   : +0.1298
  PCAWhitenedCosine   : +0.1391
  XGBoost             : +0.2872
  Tiny MLP            : +0.3596
  LDA                 : +0.0844

Method                   | TPR    | FPR    | TrTPR  | TrFPR  | MacroTPR | MacroFPR | Regions | TauMean | ms    | OK? 
---------------------------------------------------------------------------------------------------------------------
Cosine                   | 0.4433 | 0.0441 | 0.4347 | 0.0493 | 0.4070   | 0.0638   | 862     | 0.9630  | 95.6  | PASS
AndBox-HC                | 0.3787 | 0.0457 | 0.3800 | 0.0493 | 0.3606   | 0.0689   | 862     | 0.0000  | 43.8  | PASS
PCAWhitenedCosine        | 0.5323 | 0.0567 | 0.5160 | 0.0493 | 0.4421   | 0.0812   | 862     | 0.9158  | 67.9  | FAIL
Vec (Wgt)                | 0.4866 | 0.0496 | 0.4933 | 0.0493 | 0.4412   | 0.0734   | 862     | 0.9440  | 70.8  | PASS
Log Reg                  | 0.2488 | 0.0535 | 0.2707 | 0.0493 | 0.2177   | 0.0784   | 862     | 0.5100  | 86.2  | FAIL
LDA                      | 0.5094 | 0.0575 | 0.4947 | 0.0493 | 0.4171   | 0.0781   | 862     | 3.8484  | 76.2  | FAIL
Tiny MLP                 | 0.5528 | 0.0591 | 0.5480 | 0.0493 | 0.4644   | 0.0834   | 862     | 0.8224  | 231.9 | FAIL
MultiProtoCosine         | 0.0693 | 0.0480 | 0.0787 | 0.0493 | 0.0537   | 0.0550   | 862     | 0.9241  | 89.0  | PASS
WeightedEnsemble         | 0.5827 | 0.0559 | 0.5707 | 0.0493 | 0.4965   | 0.0769   | 862     | 0.9614  | 286.4 | FAIL
XGBoost                  | 0.5094 | 0.0528 | 0.5027 | 0.0493 | 0.4586   | 0.0764   | 862     | 0.6877  | 77.5  | FAIL
LDA1+LogReg              | 0.2488 | 0.0535 | 0.2707 | 0.0493 | 0.2177   | 0.0784   | 862     | 0.5100  | 79.7  | FAIL
PCA16+LogReg             | 0.2685 | 0.0512 | 0.2907 | 0.0493 | 0.2311   | 0.0747   | 862     | 0.5095  | 84.2  | FAIL
PCA32+LogReg             | 0.2614 | 0.0520 | 0.2840 | 0.0493 | 0.2292   | 0.0761   | 862     | 0.5096  | 84.9  | FAIL
PCA16+VecWeighted        | 0.0394 | 0.0504 | 0.0560 | 0.0493 | 0.0397   | 0.0231   | 862     | 0.0380  | 79.3  | FAIL
PCA32+VecWeighted        | 0.0685 | 0.0543 | 0.0787 | 0.0493 | 0.0483   | 0.0201   | 862     | 0.0431  | 83.0  | FAIL
StabilizedWhitenedCosine | 0.5520 | 0.0622 | 0.5653 | 0.0493 | 0.4604   | 0.0904   | 862     | 0.8112  | 77.1  | FAIL

[trial=12 seed=57] GLOBAL mode — total_samples=200000
  total: h0=82063 h1=15019
  pooled_train:  n0=1270 n1=1270
  pooled_calib:  n0=750 n1=750
  pooled_eval:   n0=1270 n1=1270
  regions (for macro stats only): 1103
[INFO] Cosine baseline routed to direct Hadamard sum (PrecomputedCosine)
[INFO] WeightedEnsemble Cosine judge routed to direct Hadamard sum
  [Ensemble] Judges routed to 'alt' input: PrecomputedCosine
[WeightedEnsemble] Fitted weights (alpha=0.0500, external calib):
  tau=0.8932, Pooled external calib: TPR=0.6120, FPR=0.0493
  PrecomputedCosine   : +0.3246
  PCAWhitenedCosine   : +0.1636
  XGBoost             : +0.2291
  Tiny MLP            : +0.2081
  LDA                 : +0.0747

Method                   | TPR    | FPR    | TrTPR  | TrFPR  | MacroTPR | MacroFPR | Regions | TauMean | ms    | OK? 
---------------------------------------------------------------------------------------------------------------------
Cosine                   | 0.4827 | 0.0567 | 0.4507 | 0.0493 | 0.4425   | 0.0856   | 858     | 0.9552  | 61.5  | FAIL
AndBox-HC                | 0.4622 | 0.0622 | 0.4453 | 0.0493 | 0.4299   | 0.0892   | 858     | 0.0000  | 46.3  | FAIL
PCAWhitenedCosine        | 0.5724 | 0.0567 | 0.5467 | 0.0493 | 0.4648   | 0.0891   | 858     | 0.8358  | 67.9  | FAIL
Vec (Wgt)                | 0.5094 | 0.0504 | 0.4920 | 0.0480 | 0.4540   | 0.0828   | 858     | 0.9467  | 68.3  | FAIL
Log Reg                  | 0.2339 | 0.0528 | 0.2480 | 0.0493 | 0.2083   | 0.0604   | 858     | 0.5112  | 82.7  | FAIL
LDA                      | 0.5394 | 0.0551 | 0.5067 | 0.0493 | 0.4249   | 0.0821   | 858     | 3.5679  | 75.2  | FAIL
Tiny MLP                 | 0.5409 | 0.0567 | 0.5053 | 0.0493 | 0.4311   | 0.0840   | 858     | 0.8968  | 233.4 | FAIL
MultiProtoCosine         | 0.0969 | 0.0598 | 0.0880 | 0.0493 | 0.0705   | 0.0533   | 858     | 0.9228  | 92.6  | FAIL
WeightedEnsemble         | 0.6362 | 0.0693 | 0.6120 | 0.0493 | 0.5423   | 0.1063   | 858     | 0.8932  | 287.2 | FAIL
XGBoost                  | 0.4984 | 0.0535 | 0.4747 | 0.0493 | 0.4324   | 0.0825   | 858     | 0.7071  | 78.2  | FAIL
LDA1+LogReg              | 0.2339 | 0.0535 | 0.2480 | 0.0493 | 0.2070   | 0.0607   | 858     | 0.5112  | 78.3  | FAIL
PCA16+LogReg             | 0.2504 | 0.0520 | 0.2507 | 0.0493 | 0.2111   | 0.0584   | 858     | 0.5107  | 80.1  | FAIL
PCA32+LogReg             | 0.2433 | 0.0520 | 0.2520 | 0.0493 | 0.2129   | 0.0584   | 858     | 0.5107  | 85.7  | FAIL
PCA16+VecWeighted        | 0.0969 | 0.0465 | 0.0960 | 0.0493 | 0.0952   | 0.0535   | 858     | 0.0308  | 80.4  | PASS
PCA32+VecWeighted        | 0.1110 | 0.0496 | 0.0747 | 0.0493 | 0.1013   | 0.0484   | 858     | 0.0350  | 85.3  | PASS
StabilizedWhitenedCosine | 0.5630 | 0.0606 | 0.5533 | 0.0493 | 0.4717   | 0.0935   | 858     | 0.8449  | 77.4  | FAIL

[trial=13 seed=58] GLOBAL mode — total_samples=200000
  total: h0=82063 h1=15019
  pooled_train:  n0=1270 n1=1270
  pooled_calib:  n0=750 n1=750
  pooled_eval:   n0=1270 n1=1270
  regions (for macro stats only): 1103
[INFO] Cosine baseline routed to direct Hadamard sum (PrecomputedCosine)
[INFO] WeightedEnsemble Cosine judge routed to direct Hadamard sum
  [Ensemble] Judges routed to 'alt' input: PrecomputedCosine
[WeightedEnsemble] Fitted weights (alpha=0.0500, external calib):
  tau=0.8899, Pooled external calib: TPR=0.5547, FPR=0.0493
  PrecomputedCosine   : +0.1195
  PCAWhitenedCosine   : +0.3770
  XGBoost             : +0.2691
  Tiny MLP            : +0.2045
  LDA                 : +0.0298

Method                   | TPR    | FPR    | TrTPR  | TrFPR  | MacroTPR | MacroFPR | Regions | TauMean | ms    | OK? 
---------------------------------------------------------------------------------------------------------------------
Cosine                   | 0.4709 | 0.0449 | 0.4560 | 0.0493 | 0.4293   | 0.0633   | 852     | 0.9616  | 50.7  | PASS
AndBox-HC                | 0.3441 | 0.0370 | 0.2947 | 0.0493 | 0.3063   | 0.0490   | 852     | 0.0001  | 47.9  | PASS
PCAWhitenedCosine        | 0.5567 | 0.0551 | 0.5227 | 0.0493 | 0.4333   | 0.0715   | 852     | 0.9614  | 68.2  | FAIL
Vec (Wgt)                | 0.5165 | 0.0528 | 0.4853 | 0.0493 | 0.4615   | 0.0736   | 852     | 0.9489  | 68.1  | FAIL
Log Reg                  | 0.2827 | 0.0583 | 0.2787 | 0.0493 | 0.2236   | 0.0795   | 852     | 0.5095  | 82.2  | FAIL
LDA                      | 0.4780 | 0.0378 | 0.4400 | 0.0493 | 0.3646   | 0.0487   | 852     | 3.9915  | 73.1  | PASS
Tiny MLP                 | 0.5598 | 0.0520 | 0.5187 | 0.0493 | 0.4356   | 0.0710   | 852     | 0.8591  | 232.2 | FAIL
MultiProtoCosine         | 0.0835 | 0.0339 | 0.0800 | 0.0493 | 0.0614   | 0.0399   | 852     | 0.9252  | 86.5  | PASS
WeightedEnsemble         | 0.5819 | 0.0520 | 0.5547 | 0.0493 | 0.4567   | 0.0707   | 852     | 0.8899  | 281.8 | FAIL
XGBoost                  | 0.5126 | 0.0472 | 0.4840 | 0.0493 | 0.4404   | 0.0670   | 852     | 0.7050  | 79.9  | PASS
LDA1+LogReg              | 0.2835 | 0.0583 | 0.2800 | 0.0493 | 0.2241   | 0.0795   | 852     | 0.5095  | 76.8  | FAIL
PCA16+LogReg             | 0.2787 | 0.0512 | 0.2693 | 0.0493 | 0.2209   | 0.0709   | 852     | 0.5096  | 81.9  | FAIL
PCA32+LogReg             | 0.2858 | 0.0559 | 0.2840 | 0.0493 | 0.2294   | 0.0785   | 852     | 0.5091  | 85.2  | FAIL
PCA16+VecWeighted        | 0.0890 | 0.0346 | 0.0880 | 0.0493 | 0.0692   | 0.0392   | 852     | 0.0305  | 78.0  | PASS
PCA32+VecWeighted        | 0.0882 | 0.0331 | 0.0907 | 0.0493 | 0.0753   | 0.0428   | 852     | 0.0332  | 80.8  | PASS
StabilizedWhitenedCosine | 0.6110 | 0.0685 | 0.5973 | 0.0493 | 0.5059   | 0.0926   | 852     | 0.7416  | 77.7  | FAIL

[trial=14 seed=59] GLOBAL mode — total_samples=200000
  total: h0=82063 h1=15019
  pooled_train:  n0=1270 n1=1270
  pooled_calib:  n0=750 n1=750
  pooled_eval:   n0=1270 n1=1270
  regions (for macro stats only): 1103
[INFO] Cosine baseline routed to direct Hadamard sum (PrecomputedCosine)
[INFO] WeightedEnsemble Cosine judge routed to direct Hadamard sum
  [Ensemble] Judges routed to 'alt' input: PrecomputedCosine
[WeightedEnsemble] Fitted weights (alpha=0.0500, external calib):
  tau=0.8891, Pooled external calib: TPR=0.5040, FPR=0.0493
  PrecomputedCosine   : +0.0000
  PCAWhitenedCosine   : +1.0000
  XGBoost             : +0.0000
  Tiny MLP            : +0.0000
  LDA                 : +0.0000

Method                   | TPR    | FPR    | TrTPR  | TrFPR  | MacroTPR | MacroFPR | Regions | TauMean | ms    | OK? 
---------------------------------------------------------------------------------------------------------------------
Cosine                   | 0.4268 | 0.0480 | 0.4453 | 0.0493 | 0.3881   | 0.0746   | 867     | 0.9642  | 87.7  | PASS
AndBox-HC                | 0.3441 | 0.0362 | 0.3347 | 0.0493 | 0.3173   | 0.0547   | 867     | 0.0001  | 44.1  | PASS
PCAWhitenedCosine        | 0.5228 | 0.0465 | 0.5040 | 0.0493 | 0.4433   | 0.0690   | 867     | 0.8891  | 67.1  | PASS
Vec (Wgt)                | 0.4339 | 0.0425 | 0.4560 | 0.0493 | 0.3844   | 0.0667   | 867     | 0.9669  | 66.6  | PASS
Log Reg                  | 0.2055 | 0.0417 | 0.2213 | 0.0493 | 0.1626   | 0.0618   | 867     | 0.5116  | 110.5 | PASS
LDA                      | 0.4638 | 0.0441 | 0.4480 | 0.0493 | 0.3757   | 0.0668   | 867     | 3.9126  | 90.3  | PASS
Tiny MLP                 | 0.4677 | 0.0425 | 0.4427 | 0.0493 | 0.3810   | 0.0616   | 867     | 0.9129  | 239.6 | PASS
MultiProtoCosine         | 0.0748 | 0.0480 | 0.1200 | 0.0493 | 0.0606   | 0.0553   | 867     | 0.9224  | 99.6  | PASS
WeightedEnsemble         | 0.5228 | 0.0465 | 0.5040 | 0.0493 | 0.4433   | 0.0690   | 867     | 0.8891  | 295.4 | PASS
XGBoost                  | 0.4354 | 0.0346 | 0.4120 | 0.0493 | 0.3692   | 0.0536   | 867     | 0.7334  | 81.0  | PASS
LDA1+LogReg              | 0.2055 | 0.0417 | 0.2213 | 0.0493 | 0.1626   | 0.0618   | 867     | 0.5116  | 88.1  | PASS
PCA16+LogReg             | 0.2157 | 0.0425 | 0.2387 | 0.0493 | 0.1673   | 0.0621   | 867     | 0.5111  | 91.6  | PASS
PCA32+LogReg             | 0.2150 | 0.0409 | 0.2387 | 0.0493 | 0.1726   | 0.0601   | 867     | 0.5109  | 92.9  | PASS
PCA16+VecWeighted        | 0.0323 | 0.0543 | 0.0400 | 0.0493 | 0.0361   | 0.0224   | 867     | 0.0342  | 86.9  | FAIL
PCA32+VecWeighted        | 0.0244 | 0.0441 | 0.0333 | 0.0493 | 0.0213   | 0.0255   | 867     | 0.0427  | 89.2  | PASS
StabilizedWhitenedCosine | 0.5008 | 0.0409 | 0.4893 | 0.0493 | 0.4161   | 0.0618   | 867     | 0.9411  | 85.7  | PASS

[trial=15 seed=60] GLOBAL mode — total_samples=200000
  total: h0=82063 h1=15019
  pooled_train:  n0=1270 n1=1270
  pooled_calib:  n0=750 n1=750
  pooled_eval:   n0=1270 n1=1270
  regions (for macro stats only): 1103
[INFO] Cosine baseline routed to direct Hadamard sum (PrecomputedCosine)
[INFO] WeightedEnsemble Cosine judge routed to direct Hadamard sum
  [Ensemble] Judges routed to 'alt' input: PrecomputedCosine
[WeightedEnsemble] Fitted weights (alpha=0.0500, external calib):
  tau=1.2053, Pooled external calib: TPR=0.5747, FPR=0.0493
  PrecomputedCosine   : +0.1108
  PCAWhitenedCosine   : +0.3385
  XGBoost             : +0.2247
  Tiny MLP            : +0.1228
  LDA                 : +0.2032

Method                   | TPR    | FPR    | TrTPR  | TrFPR  | MacroTPR | MacroFPR | Regions | TauMean | ms    | OK? 
---------------------------------------------------------------------------------------------------------------------
Cosine                   | 0.4567 | 0.0457 | 0.4467 | 0.0493 | 0.4245   | 0.0708   | 847     | 0.9669  | 80.4  | PASS
AndBox-HC                | 0.3961 | 0.0346 | 0.4053 | 0.0493 | 0.3648   | 0.0535   | 847     | 0.0000  | 62.9  | PASS
PCAWhitenedCosine        | 0.4835 | 0.0362 | 0.4640 | 0.0493 | 0.4035   | 0.0578   | 847     | 1.0198  | 70.1  | PASS
Vec (Wgt)                | 0.4984 | 0.0441 | 0.4947 | 0.0493 | 0.4462   | 0.0677   | 847     | 0.9540  | 96.8  | PASS
Log Reg                  | 0.2409 | 0.0402 | 0.2347 | 0.0493 | 0.2149   | 0.0610   | 847     | 0.5109  | 82.7  | PASS
LDA                      | 0.5299 | 0.0441 | 0.5267 | 0.0493 | 0.4240   | 0.0640   | 847     | 3.2655  | 73.0  | PASS
Tiny MLP                 | 0.5465 | 0.0449 | 0.5387 | 0.0493 | 0.4410   | 0.0696   | 847     | 0.8555  | 231.2 | PASS
MultiProtoCosine         | 0.1126 | 0.0378 | 0.1053 | 0.0493 | 0.0842   | 0.0506   | 847     | 0.9225  | 85.6  | PASS
WeightedEnsemble         | 0.5850 | 0.0480 | 0.5747 | 0.0493 | 0.4695   | 0.0716   | 847     | 1.2053  | 283.7 | PASS
XGBoost                  | 0.4693 | 0.0441 | 0.4560 | 0.0493 | 0.4211   | 0.0665   | 847     | 0.7188  | 77.8  | PASS
LDA1+LogReg              | 0.2433 | 0.0394 | 0.2347 | 0.0493 | 0.2156   | 0.0592   | 847     | 0.5109  | 76.8  | PASS
PCA16+LogReg             | 0.2504 | 0.0409 | 0.2427 | 0.0493 | 0.2251   | 0.0631   | 847     | 0.5104  | 80.4  | PASS
PCA32+LogReg             | 0.2472 | 0.0402 | 0.2453 | 0.0493 | 0.2209   | 0.0613   | 847     | 0.5104  | 81.9  | PASS
PCA16+VecWeighted        | 0.0921 | 0.0583 | 0.0987 | 0.0493 | 0.0872   | 0.0640   | 847     | 0.0298  | 76.8  | FAIL
PCA32+VecWeighted        | 0.1181 | 0.0567 | 0.1400 | 0.0493 | 0.0992   | 0.0707   | 847     | 0.0332  | 79.1  | FAIL
StabilizedWhitenedCosine | 0.5031 | 0.0417 | 0.4760 | 0.0493 | 0.4139   | 0.0678   | 847     | 0.9330  | 75.2  | PASS

[trial=16 seed=61] GLOBAL mode — total_samples=200000
  total: h0=82063 h1=15019
  pooled_train:  n0=1270 n1=1270
  pooled_calib:  n0=750 n1=750
  pooled_eval:   n0=1270 n1=1270
  regions (for macro stats only): 1103
[INFO] Cosine baseline routed to direct Hadamard sum (PrecomputedCosine)
[INFO] WeightedEnsemble Cosine judge routed to direct Hadamard sum
  [Ensemble] Judges routed to 'alt' input: PrecomputedCosine
[WeightedEnsemble] Fitted weights (alpha=0.0500, external calib):
  tau=0.8008, Pooled external calib: TPR=0.6067, FPR=0.0493
  PrecomputedCosine   : +0.1195
  PCAWhitenedCosine   : +0.3770
  XGBoost             : +0.2691
  Tiny MLP            : +0.2045
  LDA                 : +0.0298

Method                   | TPR    | FPR    | TrTPR  | TrFPR  | MacroTPR | MacroFPR | Regions | TauMean | ms    | OK? 
---------------------------------------------------------------------------------------------------------------------
Cosine                   | 0.4449 | 0.0472 | 0.4493 | 0.0480 | 0.4049   | 0.0704   | 850     | 0.9648  | 62.2  | PASS
AndBox-HC                | 0.4268 | 0.0496 | 0.4467 | 0.0493 | 0.3759   | 0.0747   | 850     | 0.0000  | 40.8  | PASS
PCAWhitenedCosine        | 0.5850 | 0.0638 | 0.5720 | 0.0493 | 0.4850   | 0.1052   | 850     | 0.7821  | 39.6  | FAIL
Vec (Wgt)                | 0.4937 | 0.0520 | 0.5093 | 0.0480 | 0.4490   | 0.0842   | 850     | 0.9351  | 70.3  | FAIL
Log Reg                  | 0.2850 | 0.0496 | 0.2893 | 0.0480 | 0.2499   | 0.0697   | 850     | 0.5094  | 85.8  | PASS
LDA                      | 0.5283 | 0.0496 | 0.5480 | 0.0493 | 0.4280   | 0.0791   | 850     | 3.7262  | 77.2  | PASS
Tiny MLP                 | 0.5433 | 0.0575 | 0.5347 | 0.0493 | 0.4505   | 0.0891   | 850     | 0.8612  | 231.9 | FAIL
MultiProtoCosine         | 0.0756 | 0.0394 | 0.0853 | 0.0493 | 0.0647   | 0.0489   | 850     | 0.9214  | 93.4  | PASS
WeightedEnsemble         | 0.6102 | 0.0669 | 0.6067 | 0.0493 | 0.5125   | 0.1078   | 850     | 0.8008  | 285.9 | FAIL
XGBoost                  | 0.4748 | 0.0488 | 0.4693 | 0.0493 | 0.4144   | 0.0789   | 850     | 0.7122  | 78.2  | PASS
LDA1+LogReg              | 0.2858 | 0.0496 | 0.2893 | 0.0480 | 0.2505   | 0.0697   | 850     | 0.5094  | 78.2  | PASS
PCA16+LogReg             | 0.2575 | 0.0449 | 0.2693 | 0.0440 | 0.2222   | 0.0644   | 850     | 0.5099  | 83.7  | PASS
PCA32+LogReg             | 0.2953 | 0.0551 | 0.3027 | 0.0493 | 0.2645   | 0.0781   | 850     | 0.5089  | 85.0  | FAIL
PCA16+VecWeighted        | 0.0551 | 0.0449 | 0.0787 | 0.0493 | 0.0414   | 0.0414   | 850     | 0.0322  | 79.4  | PASS
PCA32+VecWeighted        | 0.0890 | 0.0520 | 0.1080 | 0.0493 | 0.0707   | 0.0611   | 850     | 0.0346  | 81.7  | FAIL
StabilizedWhitenedCosine | 0.5402 | 0.0567 | 0.5160 | 0.0493 | 0.4605   | 0.0865   | 850     | 0.9090  | 77.6  | FAIL

[trial=17 seed=62] GLOBAL mode — total_samples=200000
  total: h0=82063 h1=15019
  pooled_train:  n0=1270 n1=1270
  pooled_calib:  n0=750 n1=750
  pooled_eval:   n0=1270 n1=1270
  regions (for macro stats only): 1103
[INFO] Cosine baseline routed to direct Hadamard sum (PrecomputedCosine)
[INFO] WeightedEnsemble Cosine judge routed to direct Hadamard sum
  [Ensemble] Judges routed to 'alt' input: PrecomputedCosine
[WeightedEnsemble] Fitted weights (alpha=0.0500, external calib):
  tau=0.8566, Pooled external calib: TPR=0.5880, FPR=0.0493
  PrecomputedCosine   : +0.3209
  PCAWhitenedCosine   : +0.3118
  XGBoost             : +0.3183
  Tiny MLP            : +0.0373
  LDA                 : +0.0115

Method                   | TPR    | FPR    | TrTPR  | TrFPR  | MacroTPR | MacroFPR | Regions | TauMean | ms    | OK? 
---------------------------------------------------------------------------------------------------------------------
Cosine                   | 0.4811 | 0.0496 | 0.4573 | 0.0493 | 0.4391   | 0.0732   | 871     | 0.9597  | 111.5 | PASS
AndBox-HC                | 0.4449 | 0.0520 | 0.4107 | 0.0493 | 0.3904   | 0.0797   | 871     | 0.0001  | 41.0  | FAIL
PCAWhitenedCosine        | 0.5551 | 0.0543 | 0.5587 | 0.0493 | 0.4588   | 0.0862   | 871     | 0.9690  | 70.8  | FAIL
Vec (Wgt)                | 0.5220 | 0.0559 | 0.5160 | 0.0493 | 0.4717   | 0.0831   | 871     | 0.9439  | 70.5  | FAIL
Log Reg                  | 0.2425 | 0.0480 | 0.2267 | 0.0493 | 0.1929   | 0.0625   | 871     | 0.5122  | 84.8  | PASS
LDA                      | 0.5354 | 0.0512 | 0.5307 | 0.0493 | 0.4332   | 0.0785   | 871     | 3.8208  | 76.1  | FAIL
Tiny MLP                 | 0.5346 | 0.0441 | 0.5400 | 0.0493 | 0.4401   | 0.0680   | 871     | 0.8935  | 236.2 | PASS
MultiProtoCosine         | 0.0740 | 0.0409 | 0.0627 | 0.0493 | 0.0538   | 0.0439   | 871     | 0.9272  | 94.7  | PASS
WeightedEnsemble         | 0.5882 | 0.0543 | 0.5880 | 0.0493 | 0.4965   | 0.0876   | 871     | 0.8566  | 290.1 | FAIL
XGBoost                  | 0.5268 | 0.0472 | 0.5000 | 0.0493 | 0.4624   | 0.0689   | 871     | 0.7164  | 79.1  | PASS
LDA1+LogReg              | 0.2457 | 0.0480 | 0.2280 | 0.0493 | 0.1966   | 0.0625   | 871     | 0.5121  | 82.4  | PASS
PCA16+LogReg             | 0.2488 | 0.0488 | 0.2347 | 0.0493 | 0.1988   | 0.0633   | 871     | 0.5117  | 85.6  | PASS
PCA32+LogReg             | 0.2535 | 0.0465 | 0.2347 | 0.0493 | 0.2005   | 0.0600   | 871     | 0.5117  | 88.1  | PASS
PCA16+VecWeighted        | 0.0189 | 0.0480 | 0.0280 | 0.0493 | 0.0238   | 0.0271   | 871     | 0.0355  | 83.5  | PASS
PCA32+VecWeighted        | 0.0150 | 0.0402 | 0.0187 | 0.0493 | 0.0151   | 0.0181   | 871     | 0.0467  | 84.4  | PASS
StabilizedWhitenedCosine | 0.5583 | 0.0543 | 0.5627 | 0.0493 | 0.4822   | 0.0846   | 871     | 0.9367  | 82.4  | FAIL

[trial=18 seed=63] GLOBAL mode — total_samples=200000
  total: h0=82063 h1=15019
  pooled_train:  n0=1270 n1=1270
  pooled_calib:  n0=750 n1=750
  pooled_eval:   n0=1270 n1=1270
  regions (for macro stats only): 1103
[INFO] Cosine baseline routed to direct Hadamard sum (PrecomputedCosine)
[INFO] WeightedEnsemble Cosine judge routed to direct Hadamard sum
  [Ensemble] Judges routed to 'alt' input: PrecomputedCosine
[WeightedEnsemble] Fitted weights (alpha=0.0500, external calib):
  tau=1.0945, Pooled external calib: TPR=0.5680, FPR=0.0493
  PrecomputedCosine   : +0.1287
  PCAWhitenedCosine   : +0.3555
  XGBoost             : +0.1143
  Tiny MLP            : +0.2967
  LDA                 : +0.1048

Method                   | TPR    | FPR    | TrTPR  | TrFPR  | MacroTPR | MacroFPR | Regions | TauMean | ms    | OK? 
---------------------------------------------------------------------------------------------------------------------
Cosine                   | 0.4646 | 0.0488 | 0.4760 | 0.0493 | 0.4291   | 0.0767   | 842     | 0.9634  | 117.4 | PASS
AndBox-HC                | 0.3756 | 0.0551 | 0.3840 | 0.0493 | 0.3395   | 0.0873   | 842     | 0.0000  | 41.6  | FAIL
PCAWhitenedCosine        | 0.5512 | 0.0614 | 0.5427 | 0.0493 | 0.4532   | 0.0890   | 842     | 0.8563  | 69.6  | FAIL
Vec (Wgt)                | 0.4898 | 0.0520 | 0.5173 | 0.0493 | 0.4337   | 0.0819   | 842     | 0.9535  | 69.7  | FAIL
Log Reg                  | 0.2339 | 0.0575 | 0.2093 | 0.0493 | 0.2138   | 0.0723   | 842     | 0.5115  | 85.7  | FAIL
LDA                      | 0.4441 | 0.0394 | 0.4480 | 0.0493 | 0.3650   | 0.0577   | 842     | 4.0842  | 76.5  | PASS
Tiny MLP                 | 0.4630 | 0.0488 | 0.4707 | 0.0493 | 0.3788   | 0.0730   | 842     | 0.9072  | 233.3 | PASS
MultiProtoCosine         | 0.0866 | 0.0764 | 0.0853 | 0.0493 | 0.0734   | 0.0905   | 842     | 0.9228  | 89.6  | FAIL
WeightedEnsemble         | 0.5606 | 0.0488 | 0.5680 | 0.0493 | 0.4645   | 0.0754   | 842     | 1.0945  | 289.0 | PASS
XGBoost                  | 0.4866 | 0.0528 | 0.4853 | 0.0493 | 0.4246   | 0.0801   | 842     | 0.7055  | 79.2  | FAIL
LDA1+LogReg              | 0.2362 | 0.0575 | 0.2093 | 0.0493 | 0.2163   | 0.0723   | 842     | 0.5115  | 78.8  | FAIL
PCA16+LogReg             | 0.2378 | 0.0567 | 0.2027 | 0.0493 | 0.2167   | 0.0707   | 842     | 0.5113  | 82.0  | FAIL
PCA32+LogReg             | 0.2394 | 0.0583 | 0.2133 | 0.0493 | 0.2192   | 0.0713   | 842     | 0.5111  | 86.6  | FAIL
PCA16+VecWeighted        | 0.0654 | 0.0630 | 0.0640 | 0.0493 | 0.0582   | 0.0550   | 842     | 0.0299  | 79.7  | FAIL
PCA32+VecWeighted        | 0.0685 | 0.0669 | 0.0560 | 0.0493 | 0.0552   | 0.0360   | 842     | 0.0368  | 81.6  | FAIL
StabilizedWhitenedCosine | 0.5339 | 0.0598 | 0.5253 | 0.0493 | 0.4464   | 0.0867   | 842     | 0.8485  | 79.0  | FAIL

[trial=19 seed=64] GLOBAL mode — total_samples=200000
  total: h0=82063 h1=15019
  pooled_train:  n0=1270 n1=1270
  pooled_calib:  n0=750 n1=750
  pooled_eval:   n0=1270 n1=1270
  regions (for macro stats only): 1103
[INFO] Cosine baseline routed to direct Hadamard sum (PrecomputedCosine)
[INFO] WeightedEnsemble Cosine judge routed to direct Hadamard sum
  [Ensemble] Judges routed to 'alt' input: PrecomputedCosine
[WeightedEnsemble] Fitted weights (alpha=0.0500, external calib):
  tau=0.8763, Pooled external calib: TPR=0.5493, FPR=0.0493
  PrecomputedCosine   : +0.0000
  PCAWhitenedCosine   : +0.0000
  XGBoost             : +0.0000
  Tiny MLP            : +1.0000
  LDA                 : +0.0000

Method                   | TPR    | FPR    | TrTPR  | TrFPR  | MacroTPR | MacroFPR | Regions | TauMean | ms    | OK? 
---------------------------------------------------------------------------------------------------------------------
Cosine                   | 0.4732 | 0.0433 | 0.4547 | 0.0493 | 0.4224   | 0.0622   | 846     | 0.9589  | 101.4 | PASS
AndBox-HC                | 0.4079 | 0.0370 | 0.3987 | 0.0493 | 0.3490   | 0.0511   | 846     | 0.0000  | 41.0  | PASS
PCAWhitenedCosine        | 0.5213 | 0.0394 | 0.4987 | 0.0480 | 0.4026   | 0.0501   | 846     | 1.0921  | 63.8  | PASS
Vec (Wgt)                | 0.5260 | 0.0449 | 0.5120 | 0.0493 | 0.4637   | 0.0647   | 846     | 0.9424  | 64.0  | PASS
Log Reg                  | 0.2260 | 0.0386 | 0.2187 | 0.0493 | 0.1739   | 0.0544   | 846     | 0.5119  | 132.4 | PASS
LDA                      | 0.4701 | 0.0370 | 0.4720 | 0.0493 | 0.3788   | 0.0521   | 846     | 4.4792  | 119.6 | PASS
Tiny MLP                 | 0.5512 | 0.0480 | 0.5493 | 0.0493 | 0.4298   | 0.0640   | 846     | 0.8763  | 278.7 | PASS
MultiProtoCosine         | 0.0969 | 0.0496 | 0.0760 | 0.0493 | 0.0707   | 0.0524   | 846     | 0.9229  | 87.3  | PASS
WeightedEnsemble         | 0.5512 | 0.0480 | 0.5493 | 0.0493 | 0.4298   | 0.0640   | 846     | 0.8763  | 284.8 | PASS
XGBoost                  | 0.5000 | 0.0409 | 0.4867 | 0.0493 | 0.4260   | 0.0553   | 846     | 0.7161  | 77.2  | PASS
LDA1+LogReg              | 0.2276 | 0.0386 | 0.2200 | 0.0493 | 0.1746   | 0.0544   | 846     | 0.5119  | 76.6  | PASS
PCA16+LogReg             | 0.2323 | 0.0370 | 0.2307 | 0.0493 | 0.1785   | 0.0555   | 846     | 0.5120  | 80.0  | PASS
PCA32+LogReg             | 0.2331 | 0.0409 | 0.2293 | 0.0493 | 0.1820   | 0.0592   | 846     | 0.5113  | 83.6  | PASS
PCA16+VecWeighted        | 0.0724 | 0.0362 | 0.0680 | 0.0493 | 0.0631   | 0.0423   | 846     | 0.0296  | 78.3  | PASS
PCA32+VecWeighted        | 0.0543 | 0.0386 | 0.0613 | 0.0493 | 0.0514   | 0.0283   | 846     | 0.0380  | 80.4  | PASS
StabilizedWhitenedCosine | 0.5417 | 0.0386 | 0.5080 | 0.0493 | 0.4215   | 0.0534   | 846     | 0.9941  | 79.3  | PASS

[trial=20 seed=65] GLOBAL mode — total_samples=200000
  total: h0=82063 h1=15019
  pooled_train:  n0=1270 n1=1270
  pooled_calib:  n0=750 n1=750
  pooled_eval:   n0=1270 n1=1270
  regions (for macro stats only): 1103
[INFO] Cosine baseline routed to direct Hadamard sum (PrecomputedCosine)
[INFO] WeightedEnsemble Cosine judge routed to direct Hadamard sum
  [Ensemble] Judges routed to 'alt' input: PrecomputedCosine
[WeightedEnsemble] Fitted weights (alpha=0.0500, external calib):
  tau=0.8964, Pooled external calib: TPR=0.6107, FPR=0.0493
  PrecomputedCosine   : +0.5316
  PCAWhitenedCosine   : +0.2031
  XGBoost             : +0.0553
  Tiny MLP            : +0.1785
  LDA                 : +0.0315

Method                   | TPR    | FPR    | TrTPR  | TrFPR  | MacroTPR | MacroFPR | Regions | TauMean | ms    | OK? 
---------------------------------------------------------------------------------------------------------------------
Cosine                   | 0.4598 | 0.0472 | 0.4707 | 0.0493 | 0.4239   | 0.0763   | 846     | 0.9579  | 60.2  | PASS
AndBox-HC                | 0.4606 | 0.0567 | 0.4893 | 0.0493 | 0.4264   | 0.0904   | 846     | 0.0000  | 42.0  | FAIL
PCAWhitenedCosine        | 0.5173 | 0.0465 | 0.5547 | 0.0493 | 0.4228   | 0.0651   | 846     | 0.9307  | 35.3  | PASS
Vec (Wgt)                | 0.4913 | 0.0465 | 0.5213 | 0.0493 | 0.4438   | 0.0769   | 846     | 0.9398  | 36.5  | PASS
Log Reg                  | 0.3181 | 0.0504 | 0.3347 | 0.0493 | 0.2563   | 0.0787   | 846     | 0.5079  | 46.4  | FAIL
LDA                      | 0.5244 | 0.0528 | 0.5520 | 0.0493 | 0.4338   | 0.0814   | 846     | 3.4436  | 38.5  | FAIL
Tiny MLP                 | 0.5370 | 0.0449 | 0.5787 | 0.0493 | 0.4359   | 0.0683   | 846     | 0.8467  | 383.5 | PASS
MultiProtoCosine         | 0.1071 | 0.0551 | 0.0680 | 0.0493 | 0.0828   | 0.0719   | 846     | 0.9205  | 50.7  | FAIL
WeightedEnsemble         | 0.5858 | 0.0567 | 0.6107 | 0.0493 | 0.4973   | 0.0858   | 846     | 0.8964  | 406.5 | FAIL
XGBoost                  | 0.5055 | 0.0512 | 0.5187 | 0.0493 | 0.4442   | 0.0818   | 846     | 0.6906  | 52.6  | FAIL
LDA1+LogReg              | 0.3102 | 0.0496 | 0.3200 | 0.0493 | 0.2493   | 0.0770   | 846     | 0.5084  | 42.7  | PASS
PCA16+LogReg             | 0.3016 | 0.0512 | 0.3253 | 0.0493 | 0.2406   | 0.0802   | 846     | 0.5082  | 46.8  | FAIL
PCA32+LogReg             | 0.3150 | 0.0528 | 0.3307 | 0.0493 | 0.2554   | 0.0807   | 846     | 0.5079  | 52.7  | FAIL
PCA16+VecWeighted        | 0.1213 | 0.0520 | 0.1093 | 0.0493 | 0.0953   | 0.0519   | 846     | 0.0280  | 45.4  | FAIL
PCA32+VecWeighted        | 0.1614 | 0.0724 | 0.1373 | 0.0493 | 0.1327   | 0.0763   | 846     | 0.0278  | 50.7  | FAIL
StabilizedWhitenedCosine | 0.5630 | 0.0606 | 0.5893 | 0.0493 | 0.4798   | 0.0881   | 846     | 0.7855  | 42.6  | FAIL

[trial=21 seed=66] GLOBAL mode — total_samples=200000
  total: h0=82063 h1=15019
  pooled_train:  n0=1270 n1=1270
  pooled_calib:  n0=750 n1=750
  pooled_eval:   n0=1270 n1=1270
  regions (for macro stats only): 1103
[INFO] Cosine baseline routed to direct Hadamard sum (PrecomputedCosine)
[INFO] WeightedEnsemble Cosine judge routed to direct Hadamard sum
  [Ensemble] Judges routed to 'alt' input: PrecomputedCosine
[WeightedEnsemble] Fitted weights (alpha=0.0500, external calib):
  tau=1.0325, Pooled external calib: TPR=0.5880, FPR=0.0493
  PrecomputedCosine   : +0.0588
  PCAWhitenedCosine   : +0.4134
  XGBoost             : +0.3025
  Tiny MLP            : +0.0887
  LDA                 : +0.1365

Method                   | TPR    | FPR    | TrTPR  | TrFPR  | MacroTPR | MacroFPR | Regions | TauMean | ms    | OK? 
---------------------------------------------------------------------------------------------------------------------
Cosine                   | 0.4591 | 0.0543 | 0.4613 | 0.0493 | 0.4245   | 0.0758   | 846     | 0.9587  | 106.9 | FAIL
AndBox-HC                | 0.3866 | 0.0614 | 0.3973 | 0.0493 | 0.3625   | 0.0811   | 846     | 0.0000  | 39.0  | FAIL
PCAWhitenedCosine        | 0.5520 | 0.0496 | 0.5267 | 0.0493 | 0.4434   | 0.0764   | 846     | 0.9271  | 64.6  | PASS
Vec (Wgt)                | 0.5079 | 0.0606 | 0.5147 | 0.0493 | 0.4636   | 0.0892   | 846     | 0.9353  | 65.2  | FAIL
Log Reg                  | 0.2370 | 0.0457 | 0.2267 | 0.0493 | 0.2160   | 0.0705   | 846     | 0.5108  | 77.1  | PASS
LDA                      | 0.5331 | 0.0465 | 0.5040 | 0.0493 | 0.4290   | 0.0668   | 846     | 3.4802  | 123.3 | PASS
Tiny MLP                 | 0.5433 | 0.0543 | 0.5173 | 0.0493 | 0.4400   | 0.0830   | 846     | 0.8585  | 351.9 | FAIL
MultiProtoCosine         | 0.0866 | 0.0496 | 0.0787 | 0.0493 | 0.0664   | 0.0634   | 846     | 0.9241  | 88.0  | PASS
WeightedEnsemble         | 0.5945 | 0.0528 | 0.5880 | 0.0493 | 0.4805   | 0.0791   | 846     | 1.0325  | 281.9 | FAIL
XGBoost                  | 0.5126 | 0.0543 | 0.5000 | 0.0493 | 0.4516   | 0.0816   | 846     | 0.6906  | 77.7  | FAIL
LDA1+LogReg              | 0.2394 | 0.0457 | 0.2267 | 0.0493 | 0.2176   | 0.0705   | 846     | 0.5108  | 77.0  | PASS
PCA16+LogReg             | 0.2417 | 0.0449 | 0.2400 | 0.0493 | 0.2181   | 0.0689   | 846     | 0.5104  | 81.2  | PASS
PCA32+LogReg             | 0.2622 | 0.0465 | 0.2493 | 0.0493 | 0.2319   | 0.0708   | 846     | 0.5102  | 83.6  | PASS
PCA16+VecWeighted        | 0.0535 | 0.0496 | 0.0533 | 0.0493 | 0.0570   | 0.0408   | 846     | 0.0294  | 77.5  | PASS
PCA32+VecWeighted        | 0.0850 | 0.0528 | 0.0933 | 0.0493 | 0.0820   | 0.0469   | 846     | 0.0326  | 81.1  | FAIL
StabilizedWhitenedCosine | 0.5449 | 0.0496 | 0.5213 | 0.0493 | 0.4391   | 0.0734   | 846     | 0.9123  | 76.6  | PASS

[trial=22 seed=67] GLOBAL mode — total_samples=200000
  total: h0=82063 h1=15019
  pooled_train:  n0=1270 n1=1270
  pooled_calib:  n0=750 n1=750
  pooled_eval:   n0=1270 n1=1270
  regions (for macro stats only): 1103
[INFO] Cosine baseline routed to direct Hadamard sum (PrecomputedCosine)
[INFO] WeightedEnsemble Cosine judge routed to direct Hadamard sum
  [Ensemble] Judges routed to 'alt' input: PrecomputedCosine
[WeightedEnsemble] Fitted weights (alpha=0.0500, external calib):
  tau=0.9039, Pooled external calib: TPR=0.5173, FPR=0.0493
  PrecomputedCosine   : +0.4364
  PCAWhitenedCosine   : +0.0571
  XGBoost             : +0.1048
  Tiny MLP            : +0.3819
  LDA                 : +0.0199

Method                   | TPR    | FPR    | TrTPR  | TrFPR  | MacroTPR | MacroFPR | Regions | TauMean | ms    | OK? 
---------------------------------------------------------------------------------------------------------------------
Cosine                   | 0.5142 | 0.0606 | 0.4613 | 0.0493 | 0.4738   | 0.0920   | 861     | 0.9500  | 62.6  | FAIL
AndBox-HC                | 0.4512 | 0.0520 | 0.4000 | 0.0493 | 0.4183   | 0.0796   | 861     | 0.0000  | 49.6  | FAIL
PCAWhitenedCosine        | 0.5323 | 0.0480 | 0.4720 | 0.0493 | 0.4340   | 0.0677   | 861     | 1.0335  | 67.8  | PASS
Vec (Wgt)                | 0.5465 | 0.0583 | 0.4920 | 0.0493 | 0.5054   | 0.0882   | 861     | 0.9312  | 67.9  | FAIL
Log Reg                  | 0.2764 | 0.0465 | 0.2333 | 0.0493 | 0.2330   | 0.0719   | 861     | 0.5097  | 82.0  | PASS
LDA                      | 0.5244 | 0.0496 | 0.4547 | 0.0493 | 0.4255   | 0.0722   | 861     | 3.6426  | 73.3  | PASS
Tiny MLP                 | 0.5535 | 0.0504 | 0.5040 | 0.0493 | 0.4598   | 0.0731   | 861     | 0.8545  | 230.6 | FAIL
MultiProtoCosine         | 0.0866 | 0.0512 | 0.0747 | 0.0493 | 0.0725   | 0.0569   | 861     | 0.9228  | 87.7  | FAIL
WeightedEnsemble         | 0.5803 | 0.0457 | 0.5173 | 0.0493 | 0.4886   | 0.0690   | 861     | 0.9039  | 283.0 | PASS
XGBoost                  | 0.5252 | 0.0441 | 0.4533 | 0.0493 | 0.4538   | 0.0609   | 861     | 0.7008  | 77.1  | PASS
LDA1+LogReg              | 0.2764 | 0.0465 | 0.2347 | 0.0493 | 0.2330   | 0.0719   | 861     | 0.5097  | 77.5  | PASS
PCA16+LogReg             | 0.2850 | 0.0465 | 0.2347 | 0.0493 | 0.2411   | 0.0709   | 861     | 0.5093  | 79.6  | PASS
PCA32+LogReg             | 0.2843 | 0.0465 | 0.2360 | 0.0493 | 0.2387   | 0.0715   | 861     | 0.5094  | 83.8  | PASS
PCA16+VecWeighted        | 0.1417 | 0.0614 | 0.1187 | 0.0493 | 0.1011   | 0.0606   | 861     | 0.0285  | 78.3  | FAIL
PCA32+VecWeighted        | 0.1165 | 0.0606 | 0.0880 | 0.0493 | 0.0962   | 0.0526   | 861     | 0.0337  | 81.3  | FAIL
StabilizedWhitenedCosine | 0.5661 | 0.0551 | 0.5187 | 0.0493 | 0.4681   | 0.0796   | 861     | 0.8708  | 75.2  | FAIL

[trial=23 seed=68] GLOBAL mode — total_samples=200000
  total: h0=82063 h1=15019
  pooled_train:  n0=1270 n1=1270
  pooled_calib:  n0=750 n1=750
  pooled_eval:   n0=1270 n1=1270
  regions (for macro stats only): 1103
[INFO] Cosine baseline routed to direct Hadamard sum (PrecomputedCosine)
[INFO] WeightedEnsemble Cosine judge routed to direct Hadamard sum
  [Ensemble] Judges routed to 'alt' input: PrecomputedCosine
[WeightedEnsemble] Fitted weights (alpha=0.0500, external calib):
  tau=0.9795, Pooled external calib: TPR=0.6067, FPR=0.0493
  PrecomputedCosine   : +0.0588
  PCAWhitenedCosine   : +0.4134
  XGBoost             : +0.3025
  Tiny MLP            : +0.0887
  LDA                 : +0.1365

Method                   | TPR    | FPR    | TrTPR  | TrFPR  | MacroTPR | MacroFPR | Regions | TauMean | ms    | OK? 
---------------------------------------------------------------------------------------------------------------------
Cosine                   | 0.4480 | 0.0339 | 0.4800 | 0.0493 | 0.4257   | 0.0520   | 850     | 0.9642  | 114.1 | PASS
AndBox-HC                | 0.3677 | 0.0339 | 0.3800 | 0.0493 | 0.3498   | 0.0456   | 850     | 0.0001  | 39.8  | PASS
PCAWhitenedCosine        | 0.5402 | 0.0409 | 0.5547 | 0.0493 | 0.4482   | 0.0679   | 850     | 0.8999  | 65.6  | PASS
Vec (Wgt)                | 0.4976 | 0.0417 | 0.5253 | 0.0493 | 0.4658   | 0.0657   | 850     | 0.9375  | 66.7  | PASS
Log Reg                  | 0.1906 | 0.0378 | 0.2000 | 0.0493 | 0.1623   | 0.0478   | 850     | 0.5129  | 87.5  | PASS
LDA                      | 0.5535 | 0.0496 | 0.5267 | 0.0493 | 0.4707   | 0.0745   | 850     | 3.5644  | 74.9  | PASS
Tiny MLP                 | 0.5535 | 0.0520 | 0.5347 | 0.0493 | 0.4714   | 0.0751   | 850     | 0.8767  | 234.0 | FAIL
MultiProtoCosine         | 0.0961 | 0.0402 | 0.1053 | 0.0493 | 0.0737   | 0.0390   | 850     | 0.9216  | 89.8  | PASS
WeightedEnsemble         | 0.6173 | 0.0583 | 0.6067 | 0.0493 | 0.5243   | 0.0891   | 850     | 0.9795  | 287.5 | FAIL
XGBoost                  | 0.5165 | 0.0402 | 0.5253 | 0.0493 | 0.4553   | 0.0613   | 850     | 0.6908  | 78.2  | PASS
LDA1+LogReg              | 0.1906 | 0.0370 | 0.2027 | 0.0493 | 0.1623   | 0.0472   | 850     | 0.5129  | 78.0  | PASS
PCA16+LogReg             | 0.2024 | 0.0362 | 0.2027 | 0.0493 | 0.1652   | 0.0422   | 850     | 0.5125  | 82.2  | PASS
PCA32+LogReg             | 0.1937 | 0.0346 | 0.2067 | 0.0493 | 0.1647   | 0.0432   | 850     | 0.5125  | 86.7  | PASS
PCA16+VecWeighted        | 0.0425 | 0.0370 | 0.0373 | 0.0493 | 0.0385   | 0.0310   | 850     | 0.0337  | 79.7  | PASS
PCA32+VecWeighted        | 0.0606 | 0.0504 | 0.0480 | 0.0493 | 0.0555   | 0.0477   | 850     | 0.0352  | 83.3  | FAIL
StabilizedWhitenedCosine | 0.5378 | 0.0449 | 0.5440 | 0.0493 | 0.4542   | 0.0692   | 850     | 0.8825  | 77.9  | PASS

[trial=24 seed=69] GLOBAL mode — total_samples=200000
  total: h0=82063 h1=15019
  pooled_train:  n0=1270 n1=1270
  pooled_calib:  n0=750 n1=750
  pooled_eval:   n0=1270 n1=1270
  regions (for macro stats only): 1103
[INFO] Cosine baseline routed to direct Hadamard sum (PrecomputedCosine)
[INFO] WeightedEnsemble Cosine judge routed to direct Hadamard sum
  [Ensemble] Judges routed to 'alt' input: PrecomputedCosine
[WeightedEnsemble] Fitted weights (alpha=0.0500, external calib):
  tau=1.0090, Pooled external calib: TPR=0.5747, FPR=0.0493
  PrecomputedCosine   : +0.6579
  PCAWhitenedCosine   : +0.1446
  XGBoost             : +0.0673
  Tiny MLP            : +0.0713
  LDA                 : +0.0589

Method                   | TPR    | FPR    | TrTPR  | TrFPR  | MacroTPR | MacroFPR | Regions | TauMean | ms    | OK? 
---------------------------------------------------------------------------------------------------------------------
Cosine                   | 0.4528 | 0.0472 | 0.4560 | 0.0493 | 0.4140   | 0.0662   | 834     | 0.9633  | 117.2 | PASS
AndBox-HC                | 0.3622 | 0.0339 | 0.3520 | 0.0493 | 0.3261   | 0.0450   | 834     | 0.0000  | 40.2  | PASS
PCAWhitenedCosine        | 0.5228 | 0.0535 | 0.5293 | 0.0493 | 0.4263   | 0.0777   | 834     | 1.0057  | 67.7  | FAIL
Vec (Wgt)                | 0.4874 | 0.0433 | 0.4800 | 0.0493 | 0.4372   | 0.0628   | 834     | 0.9515  | 68.0  | PASS
Log Reg                  | 0.1992 | 0.0512 | 0.1813 | 0.0493 | 0.1719   | 0.0642   | 834     | 0.5146  | 82.1  | FAIL
LDA                      | 0.4693 | 0.0433 | 0.4800 | 0.0493 | 0.3685   | 0.0667   | 834     | 4.1298  | 73.1  | PASS
Tiny MLP                 | 0.5157 | 0.0449 | 0.5307 | 0.0493 | 0.4045   | 0.0687   | 834     | 0.8654  | 229.5 | PASS
MultiProtoCosine         | 0.0701 | 0.0425 | 0.0680 | 0.0493 | 0.0623   | 0.0445   | 834     | 0.9264  | 87.0  | PASS
WeightedEnsemble         | 0.5732 | 0.0543 | 0.5747 | 0.0493 | 0.4679   | 0.0847   | 834     | 1.0090  | 281.9 | FAIL
XGBoost                  | 0.4669 | 0.0386 | 0.4507 | 0.0493 | 0.4095   | 0.0554   | 834     | 0.7194  | 77.3  | PASS
LDA1+LogReg              | 0.2016 | 0.0512 | 0.1840 | 0.0493 | 0.1732   | 0.0642   | 834     | 0.5146  | 81.5  | FAIL
PCA16+LogReg             | 0.2142 | 0.0551 | 0.1973 | 0.0493 | 0.1814   | 0.0678   | 834     | 0.5136  | 85.0  | FAIL
PCA32+LogReg             | 0.2055 | 0.0520 | 0.1960 | 0.0493 | 0.1754   | 0.0650   | 834     | 0.5138  | 88.5  | FAIL
PCA16+VecWeighted        | 0.0039 | 0.0425 | 0.0053 | 0.0493 | 0.0085   | 0.0116   | 834     | 0.0375  | 80.3  | PASS
PCA32+VecWeighted        | 0.0197 | 0.0496 | 0.0187 | 0.0493 | 0.0275   | 0.0234   | 834     | 0.0411  | 83.8  | PASS
StabilizedWhitenedCosine | 0.5087 | 0.0433 | 0.4987 | 0.0493 | 0.4242   | 0.0627   | 834     | 0.9396  | 79.2  | PASS

[trial=25 seed=70] GLOBAL mode — total_samples=200000
  total: h0=82063 h1=15019
  pooled_train:  n0=1270 n1=1270
  pooled_calib:  n0=750 n1=750
  pooled_eval:   n0=1270 n1=1270
  regions (for macro stats only): 1103
[INFO] Cosine baseline routed to direct Hadamard sum (PrecomputedCosine)
[INFO] WeightedEnsemble Cosine judge routed to direct Hadamard sum
  [Ensemble] Judges routed to 'alt' input: PrecomputedCosine
[WeightedEnsemble] Fitted weights (alpha=0.0500, external calib):
  tau=0.8415, Pooled external calib: TPR=0.5733, FPR=0.0480
  PrecomputedCosine   : +0.1924
  PCAWhitenedCosine   : +0.3042
  XGBoost             : +0.0704
  Tiny MLP            : +0.4126
  LDA                 : +0.0204

Method                   | TPR    | FPR    | TrTPR  | TrFPR  | MacroTPR | MacroFPR | Regions | TauMean | ms    | OK? 
---------------------------------------------------------------------------------------------------------------------
Cosine                   | 0.4969 | 0.0480 | 0.4387 | 0.0493 | 0.4428   | 0.0745   | 865     | 0.9547  | 80.3  | PASS
AndBox-HC                | 0.4173 | 0.0409 | 0.3707 | 0.0493 | 0.3734   | 0.0652   | 865     | 0.0001  | 51.4  | PASS
PCAWhitenedCosine        | 0.5283 | 0.0496 | 0.4947 | 0.0493 | 0.4086   | 0.0728   | 865     | 1.0013  | 69.6  | PASS
Vec (Wgt)                | 0.5504 | 0.0480 | 0.5000 | 0.0493 | 0.4817   | 0.0774   | 865     | 0.9349  | 70.0  | PASS
Log Reg                  | 0.2402 | 0.0480 | 0.2080 | 0.0493 | 0.2173   | 0.0607   | 865     | 0.5122  | 86.2  | PASS
LDA                      | 0.5449 | 0.0606 | 0.5187 | 0.0493 | 0.4215   | 0.0834   | 865     | 3.4226  | 75.8  | FAIL
Tiny MLP                 | 0.5189 | 0.0520 | 0.5040 | 0.0493 | 0.4015   | 0.0746   | 865     | 0.8989  | 234.6 | FAIL
MultiProtoCosine         | 0.1016 | 0.0402 | 0.0947 | 0.0493 | 0.0837   | 0.0413   | 865     | 0.9234  | 91.8  | PASS
WeightedEnsemble         | 0.5945 | 0.0598 | 0.5733 | 0.0480 | 0.4692   | 0.0853   | 865     | 0.8415  | 288.4 | FAIL
XGBoost                  | 0.5661 | 0.0575 | 0.5093 | 0.0493 | 0.4839   | 0.0913   | 865     | 0.6765  | 79.9  | FAIL
LDA1+LogReg              | 0.2417 | 0.0480 | 0.2093 | 0.0493 | 0.2180   | 0.0607   | 865     | 0.5121  | 81.6  | PASS
PCA16+LogReg             | 0.2276 | 0.0457 | 0.1973 | 0.0493 | 0.2093   | 0.0574   | 865     | 0.5121  | 85.7  | PASS
PCA32+LogReg             | 0.2520 | 0.0520 | 0.2173 | 0.0493 | 0.2256   | 0.0628   | 865     | 0.5114  | 89.7  | FAIL
PCA16+VecWeighted        | 0.0386 | 0.0488 | 0.0280 | 0.0493 | 0.0293   | 0.0348   | 865     | 0.0337  | 83.0  | PASS
PCA32+VecWeighted        | 0.0244 | 0.0504 | 0.0160 | 0.0493 | 0.0188   | 0.0434   | 865     | 0.0390  | 85.6  | FAIL
StabilizedWhitenedCosine | 0.5197 | 0.0409 | 0.4880 | 0.0493 | 0.4157   | 0.0627   | 865     | 0.9448  | 80.6  | PASS

[trial=26 seed=71] GLOBAL mode — total_samples=200000
  total: h0=82063 h1=15019
  pooled_train:  n0=1270 n1=1270
  pooled_calib:  n0=750 n1=750
  pooled_eval:   n0=1270 n1=1270
  regions (for macro stats only): 1103
[INFO] Cosine baseline routed to direct Hadamard sum (PrecomputedCosine)
[INFO] WeightedEnsemble Cosine judge routed to direct Hadamard sum
  [Ensemble] Judges routed to 'alt' input: PrecomputedCosine
[WeightedEnsemble] Fitted weights (alpha=0.0500, external calib):
  tau=1.2608, Pooled external calib: TPR=0.6040, FPR=0.0493
  PrecomputedCosine   : +0.0795
  PCAWhitenedCosine   : +0.2043
  XGBoost             : +0.4654
  Tiny MLP            : +0.0260
  LDA                 : +0.2247

Method                   | TPR    | FPR    | TrTPR  | TrFPR  | MacroTPR | MacroFPR | Regions | TauMean | ms    | OK? 
---------------------------------------------------------------------------------------------------------------------
Cosine                   | 0.4638 | 0.0512 | 0.4720 | 0.0493 | 0.4215   | 0.0720   | 845     | 0.9614  | 96.2  | FAIL
AndBox-HC                | 0.4299 | 0.0575 | 0.4413 | 0.0493 | 0.3964   | 0.0766   | 845     | 0.0000  | 44.2  | FAIL
PCAWhitenedCosine        | 0.5409 | 0.0512 | 0.5573 | 0.0493 | 0.4362   | 0.0765   | 845     | 0.9883  | 67.8  | FAIL
Vec (Wgt)                | 0.4866 | 0.0551 | 0.5027 | 0.0493 | 0.4301   | 0.0822   | 845     | 0.9523  | 68.4  | FAIL
Log Reg                  | 0.2630 | 0.0591 | 0.2640 | 0.0493 | 0.2264   | 0.0862   | 845     | 0.5123  | 82.1  | FAIL
LDA                      | 0.5709 | 0.0669 | 0.5507 | 0.0493 | 0.4665   | 0.0916   | 845     | 3.7251  | 73.7  | FAIL
Tiny MLP                 | 0.5780 | 0.0638 | 0.5747 | 0.0493 | 0.4736   | 0.0887   | 845     | 0.8636  | 233.4 | FAIL
MultiProtoCosine         | 0.0819 | 0.0354 | 0.0960 | 0.0493 | 0.0611   | 0.0462   | 845     | 0.9247  | 88.5  | PASS
WeightedEnsemble         | 0.6055 | 0.0693 | 0.6040 | 0.0493 | 0.4949   | 0.0948   | 845     | 1.2608  | 284.9 | FAIL
XGBoost                  | 0.5323 | 0.0654 | 0.5427 | 0.0493 | 0.4694   | 0.0880   | 845     | 0.6885  | 78.2  | FAIL
LDA1+LogReg              | 0.2646 | 0.0591 | 0.2653 | 0.0493 | 0.2274   | 0.0862   | 845     | 0.5122  | 77.7  | FAIL
PCA16+LogReg             | 0.2709 | 0.0575 | 0.2827 | 0.0493 | 0.2258   | 0.0836   | 845     | 0.5119  | 81.9  | FAIL
PCA32+LogReg             | 0.2764 | 0.0583 | 0.2907 | 0.0493 | 0.2318   | 0.0842   | 845     | 0.5117  | 85.5  | FAIL
PCA16+VecWeighted        | 0.1165 | 0.0370 | 0.1253 | 0.0493 | 0.0970   | 0.0386   | 845     | 0.0337  | 78.4  | PASS
PCA32+VecWeighted        | 0.1055 | 0.0567 | 0.0987 | 0.0493 | 0.0919   | 0.0438   | 845     | 0.0383  | 82.1  | FAIL
StabilizedWhitenedCosine | 0.5661 | 0.0638 | 0.6107 | 0.0493 | 0.4749   | 0.0869   | 845     | 0.8185  | 76.6  | FAIL

[trial=27 seed=72] GLOBAL mode — total_samples=200000
  total: h0=82063 h1=15019
  pooled_train:  n0=1270 n1=1270
  pooled_calib:  n0=750 n1=750
  pooled_eval:   n0=1270 n1=1270
  regions (for macro stats only): 1103
[INFO] Cosine baseline routed to direct Hadamard sum (PrecomputedCosine)
[INFO] WeightedEnsemble Cosine judge routed to direct Hadamard sum
  [Ensemble] Judges routed to 'alt' input: PrecomputedCosine
[WeightedEnsemble] Fitted weights (alpha=0.0500, external calib):
  tau=1.0426, Pooled external calib: TPR=0.6013, FPR=0.0493
  PrecomputedCosine   : +0.0588
  PCAWhitenedCosine   : +0.4134
  XGBoost             : +0.3025
  Tiny MLP            : +0.0887
  LDA                 : +0.1365

Method                   | TPR    | FPR    | TrTPR  | TrFPR  | MacroTPR | MacroFPR | Regions | TauMean | ms    | OK? 
---------------------------------------------------------------------------------------------------------------------
Cosine                   | 0.4260 | 0.0433 | 0.4293 | 0.0480 | 0.3992   | 0.0636   | 837     | 0.9707  | 100.3 | PASS
AndBox-HC                | 0.3795 | 0.0394 | 0.3613 | 0.0493 | 0.3421   | 0.0553   | 837     | 0.0001  | 47.6  | PASS
PCAWhitenedCosine        | 0.5126 | 0.0441 | 0.5360 | 0.0493 | 0.4328   | 0.0666   | 837     | 0.9391  | 66.6  | PASS
Vec (Wgt)                | 0.4669 | 0.0449 | 0.4547 | 0.0493 | 0.4312   | 0.0672   | 837     | 0.9528  | 68.5  | PASS
Log Reg                  | 0.2661 | 0.0646 | 0.2507 | 0.0493 | 0.2230   | 0.0824   | 837     | 0.5105  | 81.4  | FAIL
LDA                      | 0.5425 | 0.0465 | 0.5320 | 0.0493 | 0.4568   | 0.0637   | 837     | 3.5210  | 73.2  | PASS
Tiny MLP                 | 0.5661 | 0.0559 | 0.5773 | 0.0493 | 0.4806   | 0.0806   | 837     | 0.8563  | 231.6 | FAIL
MultiProtoCosine         | 0.0693 | 0.0551 | 0.0707 | 0.0493 | 0.0453   | 0.0595   | 837     | 0.9244  | 86.5  | FAIL
WeightedEnsemble         | 0.6000 | 0.0559 | 0.6013 | 0.0493 | 0.5121   | 0.0790   | 837     | 1.0426  | 417.5 | FAIL
XGBoost                  | 0.4457 | 0.0433 | 0.4493 | 0.0493 | 0.4134   | 0.0601   | 837     | 0.7336  | 77.5  | PASS
LDA1+LogReg              | 0.2661 | 0.0646 | 0.2507 | 0.0493 | 0.2230   | 0.0824   | 837     | 0.5105  | 77.0  | FAIL
PCA16+LogReg             | 0.2756 | 0.0654 | 0.2627 | 0.0493 | 0.2373   | 0.0837   | 837     | 0.5100  | 78.7  | FAIL
PCA32+LogReg             | 0.2701 | 0.0638 | 0.2600 | 0.0493 | 0.2277   | 0.0801   | 837     | 0.5103  | 82.6  | FAIL
PCA16+VecWeighted        | 0.0835 | 0.0472 | 0.0867 | 0.0493 | 0.0682   | 0.0434   | 837     | 0.0296  | 76.9  | PASS
PCA32+VecWeighted        | 0.0669 | 0.0449 | 0.0653 | 0.0493 | 0.0705   | 0.0472   | 837     | 0.0364  | 80.4  | PASS
StabilizedWhitenedCosine | 0.5126 | 0.0496 | 0.5333 | 0.0493 | 0.4393   | 0.0677   | 837     | 0.9222  | 75.5  | PASS

[trial=28 seed=73] GLOBAL mode — total_samples=200000
  total: h0=82063 h1=15019
  pooled_train:  n0=1270 n1=1270
  pooled_calib:  n0=750 n1=750
  pooled_eval:   n0=1270 n1=1270
  regions (for macro stats only): 1103
[INFO] Cosine baseline routed to direct Hadamard sum (PrecomputedCosine)
[INFO] WeightedEnsemble Cosine judge routed to direct Hadamard sum
  [Ensemble] Judges routed to 'alt' input: PrecomputedCosine
[WeightedEnsemble] Fitted weights (alpha=0.0500, external calib):
  tau=0.8406, Pooled external calib: TPR=0.5493, FPR=0.0493
  PrecomputedCosine   : +0.1369
  PCAWhitenedCosine   : +0.3322
  XGBoost             : +0.4468
  Tiny MLP            : +0.0732
  LDA                 : +0.0110

Method                   | TPR    | FPR    | TrTPR  | TrFPR  | MacroTPR | MacroFPR | Regions | TauMean | ms    | OK? 
---------------------------------------------------------------------------------------------------------------------
Cosine                   | 0.4457 | 0.0417 | 0.4400 | 0.0493 | 0.4016   | 0.0624   | 858     | 0.9674  | 112.5 | PASS
AndBox-HC                | 0.3276 | 0.0323 | 0.3240 | 0.0493 | 0.2801   | 0.0517   | 858     | 0.0001  | 39.5  | PASS
PCAWhitenedCosine        | 0.5244 | 0.0496 | 0.5280 | 0.0493 | 0.4154   | 0.0708   | 858     | 1.0168  | 64.5  | PASS
Vec (Wgt)                | 0.5055 | 0.0504 | 0.4973 | 0.0493 | 0.4429   | 0.0777   | 858     | 0.9507  | 64.8  | FAIL
Log Reg                  | 0.2693 | 0.0567 | 0.2627 | 0.0493 | 0.2340   | 0.0702   | 858     | 0.5112  | 98.1  | FAIL
LDA                      | 0.5110 | 0.0575 | 0.5173 | 0.0493 | 0.4084   | 0.0844   | 858     | 3.7740  | 115.0 | FAIL
Tiny MLP                 | 0.5055 | 0.0465 | 0.5107 | 0.0493 | 0.4078   | 0.0712   | 858     | 0.8871  | 400.4 | PASS
MultiProtoCosine         | 0.0913 | 0.0472 | 0.0733 | 0.0493 | 0.0770   | 0.0482   | 858     | 0.9225  | 87.4  | PASS
WeightedEnsemble         | 0.5315 | 0.0457 | 0.5493 | 0.0493 | 0.4331   | 0.0618   | 858     | 0.8406  | 311.5 | PASS
XGBoost                  | 0.4827 | 0.0465 | 0.4880 | 0.0493 | 0.4196   | 0.0720   | 858     | 0.7137  | 78.1  | PASS
LDA1+LogReg              | 0.2693 | 0.0567 | 0.2653 | 0.0493 | 0.2340   | 0.0702   | 858     | 0.5113  | 79.8  | FAIL
PCA16+LogReg             | 0.2709 | 0.0535 | 0.2653 | 0.0493 | 0.2239   | 0.0660   | 858     | 0.5112  | 79.4  | FAIL
PCA32+LogReg             | 0.2929 | 0.0567 | 0.2960 | 0.0493 | 0.2528   | 0.0709   | 858     | 0.5104  | 84.0  | FAIL
PCA16+VecWeighted        | 0.1921 | 0.0535 | 0.1987 | 0.0493 | 0.1591   | 0.0653   | 858     | 0.0279  | 76.4  | FAIL
PCA32+VecWeighted        | 0.1535 | 0.0654 | 0.1613 | 0.0493 | 0.1344   | 0.0792   | 858     | 0.0315  | 80.2  | FAIL
StabilizedWhitenedCosine | 0.5228 | 0.0535 | 0.5133 | 0.0493 | 0.4234   | 0.0766   | 858     | 0.9632  | 77.1  | FAIL

[trial=29 seed=74] GLOBAL mode — total_samples=200000
  total: h0=82063 h1=15019
  pooled_train:  n0=1270 n1=1270
  pooled_calib:  n0=750 n1=750
  pooled_eval:   n0=1270 n1=1270
  regions (for macro stats only): 1103
[INFO] Cosine baseline routed to direct Hadamard sum (PrecomputedCosine)
[INFO] WeightedEnsemble Cosine judge routed to direct Hadamard sum
  [Ensemble] Judges routed to 'alt' input: PrecomputedCosine
[WeightedEnsemble] Fitted weights (alpha=0.0500, external calib):
  tau=1.0662, Pooled external calib: TPR=0.5973, FPR=0.0493
  PrecomputedCosine   : +0.0652
  PCAWhitenedCosine   : +0.4878
  XGBoost             : +0.2661
  Tiny MLP            : +0.0535
  LDA                 : +0.1273

Method                   | TPR    | FPR    | TrTPR  | TrFPR  | MacroTPR | MacroFPR | Regions | TauMean | ms    | OK? 
---------------------------------------------------------------------------------------------------------------------
Cosine                   | 0.4748 | 0.0472 | 0.4880 | 0.0493 | 0.4620   | 0.0660   | 843     | 0.9583  | 55.8  | PASS
AndBox-HC                | 0.4717 | 0.0535 | 0.4933 | 0.0493 | 0.4549   | 0.0729   | 843     | 0.0000  | 39.1  | FAIL
PCAWhitenedCosine        | 0.5465 | 0.0567 | 0.5800 | 0.0480 | 0.4675   | 0.0761   | 843     | 0.8882  | 64.6  | FAIL
Vec (Wgt)                | 0.5039 | 0.0551 | 0.5333 | 0.0493 | 0.4792   | 0.0760   | 843     | 0.9416  | 67.4  | FAIL
Log Reg                  | 0.2677 | 0.0638 | 0.2733 | 0.0493 | 0.2344   | 0.0819   | 843     | 0.5116  | 80.3  | FAIL
LDA                      | 0.4929 | 0.0472 | 0.5307 | 0.0493 | 0.4190   | 0.0655   | 843     | 4.0544  | 72.3  | PASS
Tiny MLP                 | 0.5197 | 0.0535 | 0.5507 | 0.0493 | 0.4337   | 0.0744   | 843     | 0.8842  | 230.3 | FAIL
MultiProtoCosine         | 0.1110 | 0.0740 | 0.1333 | 0.0493 | 0.0928   | 0.0801   | 843     | 0.9206  | 86.0  | FAIL
WeightedEnsemble         | 0.5724 | 0.0559 | 0.5973 | 0.0493 | 0.4993   | 0.0770   | 843     | 1.0662  | 281.5 | FAIL
XGBoost                  | 0.5157 | 0.0520 | 0.5253 | 0.0493 | 0.4838   | 0.0717   | 843     | 0.6853  | 77.4  | FAIL
LDA1+LogReg              | 0.2677 | 0.0638 | 0.2747 | 0.0493 | 0.2344   | 0.0819   | 843     | 0.5116  | 76.2  | FAIL
PCA16+LogReg             | 0.2528 | 0.0591 | 0.2587 | 0.0493 | 0.2188   | 0.0746   | 843     | 0.5119  | 78.9  | FAIL
PCA32+LogReg             | 0.2787 | 0.0614 | 0.2827 | 0.0493 | 0.2405   | 0.0784   | 843     | 0.5111  | 82.9  | FAIL
PCA16+VecWeighted        | 0.1709 | 0.0583 | 0.1640 | 0.0493 | 0.1518   | 0.0680   | 843     | 0.0250  | 76.9  | FAIL
PCA32+VecWeighted        | 0.1724 | 0.0614 | 0.1680 | 0.0493 | 0.1574   | 0.0747   | 843     | 0.0292  | 80.1  | FAIL
StabilizedWhitenedCosine | 0.5165 | 0.0520 | 0.5307 | 0.0493 | 0.4463   | 0.0742   | 843     | 0.8684  | 74.7  | FAIL

[trial=30 seed=75] GLOBAL mode — total_samples=200000
  total: h0=82063 h1=15019
  pooled_train:  n0=1270 n1=1270
  pooled_calib:  n0=750 n1=750
  pooled_eval:   n0=1270 n1=1270
  regions (for macro stats only): 1103
[INFO] Cosine baseline routed to direct Hadamard sum (PrecomputedCosine)
[INFO] WeightedEnsemble Cosine judge routed to direct Hadamard sum
  [Ensemble] Judges routed to 'alt' input: PrecomputedCosine
[WeightedEnsemble] Fitted weights (alpha=0.0500, external calib):
  tau=0.8936, Pooled external calib: TPR=0.6200, FPR=0.0493
  PrecomputedCosine   : +0.1298
  PCAWhitenedCosine   : +0.1391
  XGBoost             : +0.2872
  Tiny MLP            : +0.3596
  LDA                 : +0.0844

Method                   | TPR    | FPR    | TrTPR  | TrFPR  | MacroTPR | MacroFPR | Regions | TauMean | ms    | OK? 
---------------------------------------------------------------------------------------------------------------------
Cosine                   | 0.4630 | 0.0480 | 0.4733 | 0.0493 | 0.4163   | 0.0682   | 844     | 0.9587  | 56.7  | PASS
AndBox-HC                | 0.3976 | 0.0433 | 0.4387 | 0.0493 | 0.3576   | 0.0608   | 844     | 0.0000  | 58.4  | PASS
PCAWhitenedCosine        | 0.5740 | 0.0528 | 0.5840 | 0.0493 | 0.4791   | 0.0853   | 844     | 0.7593  | 66.9  | FAIL
Vec (Wgt)                | 0.4827 | 0.0441 | 0.5040 | 0.0493 | 0.4349   | 0.0641   | 844     | 0.9532  | 67.4  | PASS
Log Reg                  | 0.2913 | 0.0465 | 0.2840 | 0.0493 | 0.2448   | 0.0616   | 844     | 0.5091  | 80.9  | PASS
LDA                      | 0.5378 | 0.0409 | 0.5613 | 0.0493 | 0.4346   | 0.0620   | 844     | 3.1943  | 73.1  | PASS
Tiny MLP                 | 0.5213 | 0.0504 | 0.5600 | 0.0493 | 0.4314   | 0.0731   | 844     | 0.8804  | 229.3 | FAIL
MultiProtoCosine         | 0.1134 | 0.0378 | 0.1240 | 0.0493 | 0.0831   | 0.0390   | 844     | 0.9229  | 87.8  | PASS
WeightedEnsemble         | 0.6016 | 0.0496 | 0.6200 | 0.0493 | 0.5039   | 0.0757   | 844     | 0.8936  | 281.6 | PASS
XGBoost                  | 0.5157 | 0.0441 | 0.5347 | 0.0493 | 0.4488   | 0.0621   | 844     | 0.6748  | 77.9  | PASS
LDA1+LogReg              | 0.2937 | 0.0457 | 0.2840 | 0.0493 | 0.2465   | 0.0613   | 844     | 0.5091  | 74.3  | PASS
PCA16+LogReg             | 0.2693 | 0.0417 | 0.2733 | 0.0467 | 0.2278   | 0.0555   | 844     | 0.5095  | 77.7  | PASS
PCA32+LogReg             | 0.2945 | 0.0441 | 0.2907 | 0.0493 | 0.2460   | 0.0600   | 844     | 0.5089  | 81.4  | PASS
PCA16+VecWeighted        | 0.0102 | 0.0402 | 0.0093 | 0.0493 | 0.0135   | 0.0229   | 844     | 0.0370  | 75.6  | PASS
PCA32+VecWeighted        | 0.0205 | 0.0339 | 0.0267 | 0.0493 | 0.0183   | 0.0230   | 844     | 0.0433  | 78.6  | PASS
StabilizedWhitenedCosine | 0.5819 | 0.0528 | 0.6000 | 0.0493 | 0.4937   | 0.0797   | 844     | 0.6947  | 78.6  | FAIL

[trial=31 seed=76] GLOBAL mode — total_samples=200000
  total: h0=82063 h1=15019
  pooled_train:  n0=1270 n1=1270
  pooled_calib:  n0=750 n1=750
  pooled_eval:   n0=1270 n1=1270
  regions (for macro stats only): 1103
[INFO] Cosine baseline routed to direct Hadamard sum (PrecomputedCosine)
[INFO] WeightedEnsemble Cosine judge routed to direct Hadamard sum
  [Ensemble] Judges routed to 'alt' input: PrecomputedCosine
[WeightedEnsemble] Fitted weights (alpha=0.0500, external calib):
  tau=0.8463, Pooled external calib: TPR=0.5840, FPR=0.0493
  PrecomputedCosine   : +0.2204
  PCAWhitenedCosine   : +0.3145
  XGBoost             : +0.1972
  Tiny MLP            : +0.2559
  LDA                 : +0.0120

Method                   | TPR    | FPR    | TrTPR  | TrFPR  | MacroTPR | MacroFPR | Regions | TauMean | ms    | OK? 
---------------------------------------------------------------------------------------------------------------------
Cosine                   | 0.4465 | 0.0354 | 0.4613 | 0.0493 | 0.3943   | 0.0533   | 862     | 0.9671  | 56.4  | PASS
AndBox-HC                | 0.3882 | 0.0315 | 0.4147 | 0.0493 | 0.3344   | 0.0441   | 862     | 0.0001  | 40.3  | PASS
PCAWhitenedCosine        | 0.5488 | 0.0480 | 0.5507 | 0.0493 | 0.4643   | 0.0744   | 862     | 0.9155  | 35.5  | PASS
Vec (Wgt)                | 0.4976 | 0.0433 | 0.5160 | 0.0493 | 0.4377   | 0.0656   | 862     | 0.9442  | 35.6  | PASS
Log Reg                  | 0.2520 | 0.0449 | 0.2533 | 0.0493 | 0.2158   | 0.0635   | 862     | 0.5110  | 45.5  | PASS
LDA                      | 0.5425 | 0.0496 | 0.5187 | 0.0493 | 0.4598   | 0.0783   | 862     | 3.6334  | 38.8  | PASS
Tiny MLP                 | 0.5661 | 0.0504 | 0.5573 | 0.0493 | 0.4791   | 0.0777   | 862     | 0.8595  | 380.9 | FAIL
MultiProtoCosine         | 0.0921 | 0.0630 | 0.1040 | 0.0493 | 0.0781   | 0.0653   | 862     | 0.9228  | 48.8  | FAIL
WeightedEnsemble         | 0.5890 | 0.0512 | 0.5840 | 0.0493 | 0.4955   | 0.0806   | 862     | 0.8463  | 392.0 | FAIL
XGBoost                  | 0.5142 | 0.0354 | 0.5240 | 0.0493 | 0.4407   | 0.0565   | 862     | 0.6946  | 53.9  | PASS
LDA1+LogReg              | 0.2614 | 0.0433 | 0.2627 | 0.0493 | 0.2197   | 0.0609   | 862     | 0.5110  | 40.7  | PASS
PCA16+LogReg             | 0.2654 | 0.0457 | 0.2640 | 0.0493 | 0.2203   | 0.0633   | 862     | 0.5105  | 45.6  | PASS
PCA32+LogReg             | 0.2661 | 0.0449 | 0.2680 | 0.0493 | 0.2228   | 0.0627   | 862     | 0.5105  | 51.9  | PASS
PCA16+VecWeighted        | 0.0795 | 0.0465 | 0.0787 | 0.0493 | 0.0669   | 0.0510   | 862     | 0.0297  | 45.1  | PASS
PCA32+VecWeighted        | 0.0559 | 0.0315 | 0.0573 | 0.0493 | 0.0515   | 0.0321   | 862     | 0.0373  | 49.2  | PASS
StabilizedWhitenedCosine | 0.5717 | 0.0433 | 0.5707 | 0.0493 | 0.4817   | 0.0679   | 862     | 0.8747  | 42.1  | PASS

[trial=32 seed=77] GLOBAL mode — total_samples=200000
  total: h0=82063 h1=15019
  pooled_train:  n0=1270 n1=1270
  pooled_calib:  n0=750 n1=750
  pooled_eval:   n0=1270 n1=1270
  regions (for macro stats only): 1103
[INFO] Cosine baseline routed to direct Hadamard sum (PrecomputedCosine)
[INFO] WeightedEnsemble Cosine judge routed to direct Hadamard sum
  [Ensemble] Judges routed to 'alt' input: PrecomputedCosine
[WeightedEnsemble] Fitted weights (alpha=0.0500, external calib):
  tau=0.8001, Pooled external calib: TPR=0.5613, FPR=0.0493
  PrecomputedCosine   : +0.2610
  PCAWhitenedCosine   : +0.2348
  XGBoost             : +0.2127
  Tiny MLP            : +0.2846
  LDA                 : +0.0070

Method                   | TPR    | FPR    | TrTPR  | TrFPR  | MacroTPR | MacroFPR | Regions | TauMean | ms    | OK? 
---------------------------------------------------------------------------------------------------------------------
Cosine                   | 0.5063 | 0.0535 | 0.4533 | 0.0493 | 0.4614   | 0.0814   | 835     | 0.9487  | 111.4 | FAIL
AndBox-HC                | 0.3693 | 0.0441 | 0.3267 | 0.0493 | 0.3269   | 0.0623   | 835     | 0.0000  | 39.3  | PASS
PCAWhitenedCosine        | 0.5646 | 0.0614 | 0.5320 | 0.0493 | 0.4594   | 0.0915   | 835     | 0.8359  | 66.4  | FAIL
Vec (Wgt)                | 0.5449 | 0.0583 | 0.4987 | 0.0493 | 0.4971   | 0.0884   | 835     | 0.9306  | 67.0  | FAIL
Log Reg                  | 0.2669 | 0.0472 | 0.2440 | 0.0493 | 0.2191   | 0.0620   | 835     | 0.5097  | 81.0  | PASS
LDA                      | 0.5031 | 0.0457 | 0.4707 | 0.0493 | 0.3870   | 0.0684   | 835     | 3.6614  | 72.8  | PASS
Tiny MLP                 | 0.5496 | 0.0630 | 0.5040 | 0.0493 | 0.4258   | 0.0904   | 835     | 0.8737  | 256.5 | FAIL
MultiProtoCosine         | 0.0937 | 0.0614 | 0.1147 | 0.0493 | 0.0749   | 0.0643   | 835     | 0.9239  | 86.2  | FAIL
WeightedEnsemble         | 0.6047 | 0.0559 | 0.5613 | 0.0493 | 0.4962   | 0.0850   | 835     | 0.8001  | 310.3 | FAIL
XGBoost                  | 0.5425 | 0.0559 | 0.4960 | 0.0493 | 0.4753   | 0.0798   | 835     | 0.6763  | 78.8  | FAIL
LDA1+LogReg              | 0.2701 | 0.0480 | 0.2453 | 0.0493 | 0.2238   | 0.0625   | 835     | 0.5097  | 76.1  | PASS
PCA16+LogReg             | 0.2906 | 0.0504 | 0.2640 | 0.0493 | 0.2345   | 0.0611   | 835     | 0.5091  | 79.0  | FAIL
PCA32+LogReg             | 0.2850 | 0.0535 | 0.2587 | 0.0493 | 0.2361   | 0.0672   | 835     | 0.5089  | 82.2  | FAIL
PCA16+VecWeighted        | 0.2024 | 0.0630 | 0.1693 | 0.0493 | 0.1630   | 0.0709   | 835     | 0.0247  | 75.9  | FAIL
PCA32+VecWeighted        | 0.1921 | 0.0543 | 0.1653 | 0.0493 | 0.1540   | 0.0584   | 835     | 0.0291  | 80.0  | FAIL
StabilizedWhitenedCosine | 0.5504 | 0.0543 | 0.5213 | 0.0493 | 0.4554   | 0.0833   | 835     | 0.8333  | 75.0  | FAIL

[trial=33 seed=78] GLOBAL mode — total_samples=200000
  total: h0=82063 h1=15019
  pooled_train:  n0=1270 n1=1270
  pooled_calib:  n0=750 n1=750
  pooled_eval:   n0=1270 n1=1270
  regions (for macro stats only): 1103
[INFO] Cosine baseline routed to direct Hadamard sum (PrecomputedCosine)
[INFO] WeightedEnsemble Cosine judge routed to direct Hadamard sum
  [Ensemble] Judges routed to 'alt' input: PrecomputedCosine
[WeightedEnsemble] Fitted weights (alpha=0.0500, external calib):
  tau=1.4274, Pooled external calib: TPR=0.5080, FPR=0.0493
  PrecomputedCosine   : +0.1108
  PCAWhitenedCosine   : +0.3385
  XGBoost             : +0.2247
  Tiny MLP            : +0.1228
  LDA                 : +0.2032

Method                   | TPR    | FPR    | TrTPR  | TrFPR  | MacroTPR | MacroFPR | Regions | TauMean | ms    | OK? 
---------------------------------------------------------------------------------------------------------------------
Cosine                   | 0.3882 | 0.0307 | 0.4133 | 0.0493 | 0.3645   | 0.0434   | 870     | 0.9797  | 88.0  | PASS
AndBox-HC                | 0.3378 | 0.0465 | 0.3427 | 0.0493 | 0.3145   | 0.0594   | 870     | 0.0000  | 45.0  | PASS
PCAWhitenedCosine        | 0.4701 | 0.0370 | 0.4653 | 0.0493 | 0.3878   | 0.0559   | 870     | 1.0554  | 67.8  | PASS
Vec (Wgt)                | 0.4441 | 0.0346 | 0.4720 | 0.0493 | 0.4164   | 0.0510   | 870     | 0.9599  | 68.0  | PASS
Log Reg                  | 0.2433 | 0.0591 | 0.2627 | 0.0493 | 0.2295   | 0.0799   | 870     | 0.5101  | 82.8  | FAIL
LDA                      | 0.5008 | 0.0307 | 0.4733 | 0.0493 | 0.4097   | 0.0466   | 870     | 4.0155  | 73.7  | PASS
Tiny MLP                 | 0.5244 | 0.0394 | 0.5027 | 0.0493 | 0.4213   | 0.0596   | 870     | 0.8633  | 230.8 | PASS
MultiProtoCosine         | 0.0772 | 0.0425 | 0.0893 | 0.0493 | 0.0780   | 0.0497   | 870     | 0.9223  | 86.8  | PASS
WeightedEnsemble         | 0.5276 | 0.0346 | 0.5080 | 0.0493 | 0.4319   | 0.0511   | 870     | 1.4274  | 281.7 | PASS
XGBoost                  | 0.4016 | 0.0307 | 0.4307 | 0.0493 | 0.3579   | 0.0419   | 870     | 0.7474  | 77.4  | PASS
LDA1+LogReg              | 0.2512 | 0.0598 | 0.2680 | 0.0493 | 0.2332   | 0.0816   | 870     | 0.5101  | 77.2  | FAIL
PCA16+LogReg             | 0.2520 | 0.0583 | 0.2667 | 0.0493 | 0.2329   | 0.0790   | 870     | 0.5098  | 79.7  | FAIL
PCA32+LogReg             | 0.2457 | 0.0583 | 0.2640 | 0.0493 | 0.2338   | 0.0781   | 870     | 0.5099  | 83.0  | FAIL
PCA16+VecWeighted        | 0.1189 | 0.0480 | 0.1093 | 0.0493 | 0.0874   | 0.0579   | 870     | 0.0297  | 77.1  | PASS
PCA32+VecWeighted        | 0.0850 | 0.0449 | 0.0693 | 0.0493 | 0.0629   | 0.0553   | 870     | 0.0368  | 80.3  | PASS
StabilizedWhitenedCosine | 0.5087 | 0.0457 | 0.5200 | 0.0493 | 0.4412   | 0.0673   | 870     | 0.9285  | 76.9  | PASS

[trial=34 seed=79] GLOBAL mode — total_samples=200000
  total: h0=82063 h1=15019
  pooled_train:  n0=1270 n1=1270
  pooled_calib:  n0=750 n1=750
  pooled_eval:   n0=1270 n1=1270
  regions (for macro stats only): 1103
[INFO] Cosine baseline routed to direct Hadamard sum (PrecomputedCosine)
[INFO] WeightedEnsemble Cosine judge routed to direct Hadamard sum
  [Ensemble] Judges routed to 'alt' input: PrecomputedCosine
[WeightedEnsemble] Fitted weights (alpha=0.0500, external calib):
  tau=0.7925, Pooled external calib: TPR=0.5773, FPR=0.0493
  PrecomputedCosine   : +0.1369
  PCAWhitenedCosine   : +0.3322
  XGBoost             : +0.4468
  Tiny MLP            : +0.0732
  LDA                 : +0.0110

Method                   | TPR    | FPR    | TrTPR  | TrFPR  | MacroTPR | MacroFPR | Regions | TauMean | ms    | OK? 
---------------------------------------------------------------------------------------------------------------------
Cosine                   | 0.4953 | 0.0677 | 0.4560 | 0.0493 | 0.4628   | 0.0924   | 853     | 0.9496  | 90.2  | FAIL
AndBox-HC                | 0.4630 | 0.0724 | 0.4133 | 0.0493 | 0.4252   | 0.0979   | 853     | 0.0000  | 49.2  | FAIL
PCAWhitenedCosine        | 0.5504 | 0.0606 | 0.5493 | 0.0493 | 0.4587   | 0.0764   | 853     | 0.9630  | 68.6  | FAIL
Vec (Wgt)                | 0.5260 | 0.0693 | 0.5027 | 0.0493 | 0.4829   | 0.0947   | 853     | 0.9311  | 71.0  | FAIL
Log Reg                  | 0.2346 | 0.0543 | 0.2187 | 0.0493 | 0.2053   | 0.0670   | 853     | 0.5115  | 89.4  | FAIL
LDA                      | 0.5465 | 0.0543 | 0.5227 | 0.0493 | 0.4409   | 0.0731   | 853     | 3.4921  | 74.3  | FAIL
Tiny MLP                 | 0.5244 | 0.0417 | 0.5027 | 0.0493 | 0.4183   | 0.0573   | 853     | 0.8793  | 229.9 | PASS
MultiProtoCosine         | 0.0858 | 0.0496 | 0.0773 | 0.0493 | 0.0656   | 0.0579   | 853     | 0.9244  | 88.5  | PASS
WeightedEnsemble         | 0.5937 | 0.0591 | 0.5773 | 0.0493 | 0.5077   | 0.0760   | 853     | 0.7925  | 281.7 | FAIL
XGBoost                  | 0.5378 | 0.0661 | 0.4947 | 0.0493 | 0.4801   | 0.0924   | 853     | 0.6887  | 77.2  | FAIL
LDA1+LogReg              | 0.2346 | 0.0543 | 0.2200 | 0.0493 | 0.2053   | 0.0670   | 853     | 0.5115  | 78.6  | FAIL
PCA16+LogReg             | 0.2465 | 0.0575 | 0.2267 | 0.0493 | 0.2066   | 0.0685   | 853     | 0.5111  | 80.8  | FAIL
PCA32+LogReg             | 0.2472 | 0.0535 | 0.2213 | 0.0493 | 0.2102   | 0.0675   | 853     | 0.5111  | 84.3  | FAIL
PCA16+VecWeighted        | 0.1882 | 0.0528 | 0.1773 | 0.0493 | 0.1662   | 0.0605   | 853     | 0.0271  | 77.7  | FAIL
PCA32+VecWeighted        | 0.2220 | 0.0827 | 0.1973 | 0.0493 | 0.2069   | 0.0893   | 853     | 0.0264  | 81.6  | FAIL
StabilizedWhitenedCosine | 0.5417 | 0.0512 | 0.5213 | 0.0493 | 0.4539   | 0.0704   | 853     | 1.0019  | 75.8  | FAIL

[trial=35 seed=80] GLOBAL mode — total_samples=200000
  total: h0=82063 h1=15019
  pooled_train:  n0=1270 n1=1270
  pooled_calib:  n0=750 n1=750
  pooled_eval:   n0=1270 n1=1270
  regions (for macro stats only): 1103
[INFO] Cosine baseline routed to direct Hadamard sum (PrecomputedCosine)
[INFO] WeightedEnsemble Cosine judge routed to direct Hadamard sum
  [Ensemble] Judges routed to 'alt' input: PrecomputedCosine
[WeightedEnsemble] Fitted weights (alpha=0.0500, external calib):
  tau=1.4228, Pooled external calib: TPR=0.5347, FPR=0.0493
  PrecomputedCosine   : +0.0156
  PCAWhitenedCosine   : +0.2410
  XGBoost             : +0.1453
  Tiny MLP            : +0.4189
  LDA                 : +0.1793

Method                   | TPR    | FPR    | TrTPR  | TrFPR  | MacroTPR | MacroFPR | Regions | TauMean | ms    | OK? 
---------------------------------------------------------------------------------------------------------------------
Cosine                   | 0.4205 | 0.0378 | 0.4360 | 0.0493 | 0.3670   | 0.0641   | 863     | 0.9712  | 61.8  | PASS
AndBox-HC                | 0.2976 | 0.0362 | 0.3013 | 0.0493 | 0.2743   | 0.0549   | 863     | 0.0001  | 49.6  | PASS
PCAWhitenedCosine        | 0.4898 | 0.0386 | 0.4880 | 0.0493 | 0.3739   | 0.0593   | 863     | 1.1511  | 68.7  | PASS
Vec (Wgt)                | 0.4402 | 0.0354 | 0.4440 | 0.0493 | 0.3554   | 0.0612   | 863     | 0.9675  | 69.2  | PASS
Log Reg                  | 0.2551 | 0.0433 | 0.2573 | 0.0493 | 0.2115   | 0.0570   | 863     | 0.5106  | 81.9  | PASS
LDA                      | 0.5260 | 0.0543 | 0.5067 | 0.0493 | 0.4145   | 0.0775   | 863     | 4.2207  | 75.2  | FAIL
Tiny MLP                 | 0.5102 | 0.0496 | 0.4933 | 0.0493 | 0.4011   | 0.0727   | 863     | 0.9198  | 231.2 | PASS
MultiProtoCosine         | 0.0890 | 0.0504 | 0.0987 | 0.0493 | 0.0687   | 0.0534   | 863     | 0.9223  | 88.0  | FAIL
WeightedEnsemble         | 0.5622 | 0.0496 | 0.5347 | 0.0493 | 0.4412   | 0.0725   | 863     | 1.4228  | 282.8 | PASS
XGBoost                  | 0.4827 | 0.0425 | 0.4773 | 0.0493 | 0.3860   | 0.0699   | 863     | 0.7230  | 77.4  | PASS
LDA1+LogReg              | 0.2551 | 0.0425 | 0.2560 | 0.0493 | 0.2115   | 0.0564   | 863     | 0.5106  | 78.5  | PASS
PCA16+LogReg             | 0.2543 | 0.0433 | 0.2640 | 0.0493 | 0.2046   | 0.0565   | 863     | 0.5104  | 80.8  | PASS
PCA32+LogReg             | 0.2622 | 0.0433 | 0.2760 | 0.0493 | 0.2135   | 0.0572   | 863     | 0.5102  | 84.0  | PASS
PCA16+VecWeighted        | 0.0496 | 0.0567 | 0.0507 | 0.0493 | 0.0566   | 0.0627   | 863     | 0.0310  | 78.3  | FAIL
PCA32+VecWeighted        | 0.1189 | 0.0701 | 0.0960 | 0.0493 | 0.1052   | 0.0806   | 863     | 0.0328  | 81.3  | FAIL
StabilizedWhitenedCosine | 0.4630 | 0.0370 | 0.4413 | 0.0493 | 0.3441   | 0.0556   | 863     | 1.2180  | 76.7  | PASS

[trial=36 seed=81] GLOBAL mode — total_samples=200000
  total: h0=82063 h1=15019
  pooled_train:  n0=1270 n1=1270
  pooled_calib:  n0=750 n1=750
  pooled_eval:   n0=1270 n1=1270
  regions (for macro stats only): 1103
[INFO] Cosine baseline routed to direct Hadamard sum (PrecomputedCosine)
[INFO] WeightedEnsemble Cosine judge routed to direct Hadamard sum
  [Ensemble] Judges routed to 'alt' input: PrecomputedCosine
[WeightedEnsemble] Fitted weights (alpha=0.0500, external calib):
  tau=0.8324, Pooled external calib: TPR=0.5653, FPR=0.0493
  PrecomputedCosine   : +0.3209
  PCAWhitenedCosine   : +0.3118
  XGBoost             : +0.3183
  Tiny MLP            : +0.0373
  LDA                 : +0.0115

Method                   | TPR    | FPR    | TrTPR  | TrFPR  | MacroTPR | MacroFPR | Regions | TauMean | ms    | OK? 
---------------------------------------------------------------------------------------------------------------------
Cosine                   | 0.4795 | 0.0535 | 0.4547 | 0.0493 | 0.4361   | 0.0716   | 856     | 0.9507  | 62.3  | FAIL
AndBox-HC                | 0.4764 | 0.0583 | 0.4200 | 0.0493 | 0.4206   | 0.0778   | 856     | 0.0000  | 41.4  | FAIL
PCAWhitenedCosine        | 0.5575 | 0.0512 | 0.5413 | 0.0493 | 0.4605   | 0.0730   | 856     | 0.8963  | 35.7  | FAIL
Vec (Wgt)                | 0.5331 | 0.0504 | 0.4893 | 0.0493 | 0.4766   | 0.0701   | 856     | 0.9353  | 36.1  | FAIL
Log Reg                  | 0.2724 | 0.0575 | 0.2400 | 0.0493 | 0.2411   | 0.0722   | 856     | 0.5097  | 45.7  | FAIL
LDA                      | 0.5071 | 0.0378 | 0.4787 | 0.0493 | 0.4297   | 0.0531   | 856     | 3.7222  | 39.1  | PASS
Tiny MLP                 | 0.5402 | 0.0496 | 0.5160 | 0.0493 | 0.4537   | 0.0709   | 856     | 0.8734  | 229.0 | PASS
MultiProtoCosine         | 0.0953 | 0.0449 | 0.0867 | 0.0493 | 0.0828   | 0.0511   | 856     | 0.9240  | 87.4  | PASS
WeightedEnsemble         | 0.5803 | 0.0520 | 0.5653 | 0.0493 | 0.4916   | 0.0730   | 856     | 0.8324  | 281.1 | FAIL
XGBoost                  | 0.5094 | 0.0528 | 0.4893 | 0.0493 | 0.4429   | 0.0726   | 856     | 0.6988  | 78.4  | FAIL
LDA1+LogReg              | 0.2701 | 0.0567 | 0.2413 | 0.0493 | 0.2403   | 0.0716   | 856     | 0.5097  | 76.7  | FAIL
PCA16+LogReg             | 0.2795 | 0.0591 | 0.2493 | 0.0493 | 0.2416   | 0.0744   | 856     | 0.5095  | 79.8  | FAIL
PCA32+LogReg             | 0.2598 | 0.0567 | 0.2293 | 0.0493 | 0.2264   | 0.0705   | 856     | 0.5097  | 84.0  | FAIL
PCA16+VecWeighted        | 0.1433 | 0.0551 | 0.1320 | 0.0493 | 0.1404   | 0.0673   | 856     | 0.0294  | 77.2  | FAIL
PCA32+VecWeighted        | 0.1504 | 0.0504 | 0.1267 | 0.0493 | 0.1311   | 0.0648   | 856     | 0.0333  | 81.0  | FAIL
StabilizedWhitenedCosine | 0.5551 | 0.0465 | 0.5480 | 0.0493 | 0.4609   | 0.0596   | 856     | 0.8747  | 75.9  | PASS

[trial=37 seed=82] GLOBAL mode — total_samples=200000
  total: h0=82063 h1=15019
  pooled_train:  n0=1270 n1=1270
  pooled_calib:  n0=750 n1=750
  pooled_eval:   n0=1270 n1=1270
  regions (for macro stats only): 1103
[INFO] Cosine baseline routed to direct Hadamard sum (PrecomputedCosine)
[INFO] WeightedEnsemble Cosine judge routed to direct Hadamard sum
  [Ensemble] Judges routed to 'alt' input: PrecomputedCosine
[WeightedEnsemble] Fitted weights (alpha=0.0500, external calib):
  tau=1.1289, Pooled external calib: TPR=0.6173, FPR=0.0493
  PrecomputedCosine   : +0.0154
  PCAWhitenedCosine   : +0.4848
  XGBoost             : +0.1267
  Tiny MLP            : +0.1090
  LDA                 : +0.2640

Method                   | TPR    | FPR    | TrTPR  | TrFPR  | MacroTPR | MacroFPR | Regions | TauMean | ms    | OK? 
---------------------------------------------------------------------------------------------------------------------
Cosine                   | 0.4654 | 0.0465 | 0.4733 | 0.0493 | 0.4390   | 0.0660   | 870     | 0.9530  | 105.3 | PASS
AndBox-HC                | 0.4079 | 0.0378 | 0.4187 | 0.0493 | 0.3853   | 0.0549   | 870     | 0.0000  | 40.6  | PASS
PCAWhitenedCosine        | 0.5291 | 0.0441 | 0.5080 | 0.0493 | 0.4161   | 0.0614   | 870     | 0.9315  | 67.8  | PASS
Vec (Wgt)                | 0.5000 | 0.0425 | 0.5067 | 0.0493 | 0.4569   | 0.0665   | 870     | 0.9388  | 69.2  | PASS
Log Reg                  | 0.2661 | 0.0567 | 0.2680 | 0.0493 | 0.2350   | 0.0728   | 870     | 0.5097  | 83.1  | FAIL
LDA                      | 0.5654 | 0.0598 | 0.5613 | 0.0493 | 0.4574   | 0.0704   | 870     | 3.0232  | 75.0  | FAIL
Tiny MLP                 | 0.5898 | 0.0567 | 0.5840 | 0.0493 | 0.4848   | 0.0706   | 870     | 0.8010  | 230.7 | FAIL
MultiProtoCosine         | 0.0732 | 0.0575 | 0.0760 | 0.0493 | 0.0653   | 0.0577   | 870     | 0.9232  | 88.4  | FAIL
WeightedEnsemble         | 0.6189 | 0.0654 | 0.6173 | 0.0493 | 0.5119   | 0.0801   | 870     | 1.1289  | 284.0 | FAIL
XGBoost                  | 0.4748 | 0.0362 | 0.4773 | 0.0493 | 0.4164   | 0.0495   | 870     | 0.7008  | 77.7  | PASS
LDA1+LogReg              | 0.2717 | 0.0567 | 0.2773 | 0.0493 | 0.2372   | 0.0728   | 870     | 0.5096  | 78.3  | FAIL
PCA16+LogReg             | 0.2654 | 0.0575 | 0.2680 | 0.0493 | 0.2414   | 0.0743   | 870     | 0.5092  | 80.5  | FAIL
PCA32+LogReg             | 0.2780 | 0.0575 | 0.2773 | 0.0493 | 0.2493   | 0.0734   | 870     | 0.5091  | 85.5  | FAIL
PCA16+VecWeighted        | 0.0551 | 0.0543 | 0.0560 | 0.0493 | 0.0555   | 0.0537   | 870     | 0.0289  | 78.8  | FAIL
PCA32+VecWeighted        | 0.0677 | 0.0606 | 0.0880 | 0.0493 | 0.0537   | 0.0547   | 870     | 0.0348  | 82.0  | FAIL
StabilizedWhitenedCosine | 0.5630 | 0.0465 | 0.5427 | 0.0493 | 0.4606   | 0.0667   | 870     | 0.8214  | 76.5  | PASS

[trial=38 seed=83] GLOBAL mode — total_samples=200000
  total: h0=82063 h1=15019
  pooled_train:  n0=1270 n1=1270
  pooled_calib:  n0=750 n1=750
  pooled_eval:   n0=1270 n1=1270
  regions (for macro stats only): 1103
[INFO] Cosine baseline routed to direct Hadamard sum (PrecomputedCosine)
[INFO] WeightedEnsemble Cosine judge routed to direct Hadamard sum
  [Ensemble] Judges routed to 'alt' input: PrecomputedCosine
[WeightedEnsemble] Fitted weights (alpha=0.0500, external calib):
  tau=0.8371, Pooled external calib: TPR=0.6107, FPR=0.0493
  PrecomputedCosine   : +0.4364
  PCAWhitenedCosine   : +0.0571
  XGBoost             : +0.1048
  Tiny MLP            : +0.3819
  LDA                 : +0.0199

Method                   | TPR    | FPR    | TrTPR  | TrFPR  | MacroTPR | MacroFPR | Regions | TauMean | ms    | OK? 
---------------------------------------------------------------------------------------------------------------------
Cosine                   | 0.5110 | 0.0528 | 0.4720 | 0.0493 | 0.4710   | 0.0727   | 867     | 0.9474  | 113.3 | FAIL
AndBox-HC                | 0.4787 | 0.0551 | 0.4507 | 0.0493 | 0.4377   | 0.0761   | 867     | 0.0000  | 40.9  | FAIL
PCAWhitenedCosine        | 0.5512 | 0.0488 | 0.5267 | 0.0493 | 0.4496   | 0.0725   | 867     | 0.8831  | 67.4  | PASS
Vec (Wgt)                | 0.5724 | 0.0630 | 0.5253 | 0.0493 | 0.5290   | 0.0918   | 867     | 0.9197  | 70.1  | FAIL
Log Reg                  | 0.2512 | 0.0496 | 0.2213 | 0.0493 | 0.2166   | 0.0688   | 867     | 0.5111  | 85.2  | PASS
LDA                      | 0.5835 | 0.0630 | 0.5613 | 0.0493 | 0.4738   | 0.0832   | 867     | 2.9254  | 76.7  | FAIL
Tiny MLP                 | 0.5882 | 0.0677 | 0.5667 | 0.0493 | 0.4858   | 0.0970   | 867     | 0.8622  | 283.7 | FAIL
MultiProtoCosine         | 0.0827 | 0.0417 | 0.0867 | 0.0493 | 0.0673   | 0.0455   | 867     | 0.9262  | 89.1  | PASS
WeightedEnsemble         | 0.6614 | 0.0717 | 0.6107 | 0.0493 | 0.5718   | 0.1022   | 867     | 0.8371  | 338.5 | FAIL
XGBoost                  | 0.5654 | 0.0591 | 0.5347 | 0.0493 | 0.5032   | 0.0813   | 867     | 0.6652  | 78.2  | FAIL
LDA1+LogReg              | 0.2520 | 0.0496 | 0.2213 | 0.0493 | 0.2185   | 0.0688   | 867     | 0.5111  | 79.3  | PASS
PCA16+LogReg             | 0.2591 | 0.0504 | 0.2307 | 0.0493 | 0.2205   | 0.0663   | 867     | 0.5106  | 81.3  | FAIL
PCA32+LogReg             | 0.2638 | 0.0480 | 0.2293 | 0.0493 | 0.2211   | 0.0663   | 867     | 0.5107  | 85.8  | PASS
PCA16+VecWeighted        | 0.0827 | 0.0441 | 0.0693 | 0.0493 | 0.0663   | 0.0443   | 867     | 0.0273  | 78.7  | PASS
PCA32+VecWeighted        | 0.0921 | 0.0433 | 0.0893 | 0.0493 | 0.0811   | 0.0515   | 867     | 0.0327  | 82.2  | PASS
StabilizedWhitenedCosine | 0.6197 | 0.0598 | 0.5853 | 0.0493 | 0.5279   | 0.0851   | 867     | 0.6994  | 78.3  | FAIL

[trial=39 seed=84] GLOBAL mode — total_samples=200000
  total: h0=82063 h1=15019
  pooled_train:  n0=1270 n1=1270
  pooled_calib:  n0=750 n1=750
  pooled_eval:   n0=1270 n1=1270
  regions (for macro stats only): 1103
[INFO] Cosine baseline routed to direct Hadamard sum (PrecomputedCosine)
[INFO] WeightedEnsemble Cosine judge routed to direct Hadamard sum
  [Ensemble] Judges routed to 'alt' input: PrecomputedCosine
[WeightedEnsemble] Fitted weights (alpha=0.0500, external calib):
  tau=0.8304, Pooled external calib: TPR=0.5480, FPR=0.0493
  PrecomputedCosine   : +0.3209
  PCAWhitenedCosine   : +0.3118
  XGBoost             : +0.3183
  Tiny MLP            : +0.0373
  LDA                 : +0.0115

Method                   | TPR    | FPR    | TrTPR  | TrFPR  | MacroTPR | MacroFPR | Regions | TauMean | ms    | OK? 
---------------------------------------------------------------------------------------------------------------------
Cosine                   | 0.4866 | 0.0496 | 0.4800 | 0.0493 | 0.4508   | 0.0722   | 873     | 0.9491  | 68.8  | PASS
AndBox-HC                | 0.4449 | 0.0520 | 0.4307 | 0.0493 | 0.4153   | 0.0698   | 873     | 0.0000  | 58.0  | FAIL
PCAWhitenedCosine        | 0.5150 | 0.0362 | 0.4907 | 0.0493 | 0.4259   | 0.0565   | 873     | 0.9549  | 70.2  | PASS
Vec (Wgt)                | 0.4937 | 0.0409 | 0.4880 | 0.0493 | 0.4525   | 0.0654   | 873     | 0.9453  | 70.9  | PASS
Log Reg                  | 0.2354 | 0.0425 | 0.2413 | 0.0493 | 0.2110   | 0.0646   | 873     | 0.5108  | 86.2  | PASS
LDA                      | 0.4984 | 0.0535 | 0.4880 | 0.0493 | 0.3978   | 0.0762   | 873     | 3.7535  | 77.6  | FAIL
Tiny MLP                 | 0.4551 | 0.0417 | 0.4480 | 0.0493 | 0.3714   | 0.0595   | 873     | 0.9336  | 259.7 | PASS
MultiProtoCosine         | 0.0583 | 0.0425 | 0.0747 | 0.0493 | 0.0487   | 0.0447   | 873     | 0.9242  | 90.6  | PASS
WeightedEnsemble         | 0.5630 | 0.0504 | 0.5480 | 0.0493 | 0.4805   | 0.0750   | 873     | 0.8304  | 315.5 | FAIL
XGBoost                  | 0.5181 | 0.0472 | 0.5253 | 0.0493 | 0.4596   | 0.0712   | 873     | 0.6856  | 79.8  | PASS
LDA1+LogReg              | 0.2362 | 0.0425 | 0.2427 | 0.0493 | 0.2114   | 0.0646   | 873     | 0.5108  | 80.5  | PASS
PCA16+LogReg             | 0.2394 | 0.0425 | 0.2467 | 0.0493 | 0.2129   | 0.0651   | 873     | 0.5105  | 83.6  | PASS
PCA32+LogReg             | 0.2496 | 0.0433 | 0.2613 | 0.0493 | 0.2209   | 0.0639   | 873     | 0.5103  | 87.9  | PASS
PCA16+VecWeighted        | 0.1299 | 0.0425 | 0.1213 | 0.0493 | 0.1177   | 0.0545   | 873     | 0.0291  | 79.7  | PASS
PCA32+VecWeighted        | 0.1339 | 0.0441 | 0.1253 | 0.0493 | 0.1060   | 0.0522   | 873     | 0.0325  | 83.9  | PASS
StabilizedWhitenedCosine | 0.4992 | 0.0346 | 0.4827 | 0.0493 | 0.4155   | 0.0536   | 873     | 1.0163  | 79.8  | PASS

[trial=40 seed=85] GLOBAL mode — total_samples=200000
  total: h0=82063 h1=15019
  pooled_train:  n0=1270 n1=1270
  pooled_calib:  n0=750 n1=750
  pooled_eval:   n0=1270 n1=1270
  regions (for macro stats only): 1103
[INFO] Cosine baseline routed to direct Hadamard sum (PrecomputedCosine)
[INFO] WeightedEnsemble Cosine judge routed to direct Hadamard sum
  [Ensemble] Judges routed to 'alt' input: PrecomputedCosine
[WeightedEnsemble] Fitted weights (alpha=0.0500, external calib):
  tau=0.7936, Pooled external calib: TPR=0.6147, FPR=0.0493
  PrecomputedCosine   : +0.3209
  PCAWhitenedCosine   : +0.3118
  XGBoost             : +0.3183
  Tiny MLP            : +0.0373
  LDA                 : +0.0115

Method                   | TPR    | FPR    | TrTPR  | TrFPR  | MacroTPR | MacroFPR | Regions | TauMean | ms    | OK? 
---------------------------------------------------------------------------------------------------------------------
Cosine                   | 0.4732 | 0.0457 | 0.4813 | 0.0493 | 0.4107   | 0.0714   | 853     | 0.9611  | 307.9 | PASS
AndBox-HC                | 0.4591 | 0.0591 | 0.4587 | 0.0493 | 0.4039   | 0.0869   | 853     | -0.0000 | 43.5  | FAIL
PCAWhitenedCosine        | 0.5701 | 0.0559 | 0.5920 | 0.0493 | 0.4738   | 0.0849   | 853     | 0.8405  | 71.7  | FAIL
Vec (Wgt)                | 0.4992 | 0.0457 | 0.5280 | 0.0493 | 0.4297   | 0.0730   | 853     | 0.9409  | 71.6  | PASS
Log Reg                  | 0.2315 | 0.0457 | 0.2080 | 0.0493 | 0.1948   | 0.0653   | 853     | 0.5103  | 97.3  | PASS
LDA                      | 0.5488 | 0.0465 | 0.5560 | 0.0493 | 0.4362   | 0.0706   | 853     | 3.1073  | 79.5  | PASS
Tiny MLP                 | 0.5772 | 0.0535 | 0.6000 | 0.0493 | 0.4658   | 0.0822   | 853     | 0.8190  | 253.6 | FAIL
MultiProtoCosine         | 0.0906 | 0.0535 | 0.0987 | 0.0493 | 0.0721   | 0.0650   | 853     | 0.9243  | 90.9  | FAIL
WeightedEnsemble         | 0.6016 | 0.0504 | 0.6147 | 0.0493 | 0.5012   | 0.0843   | 853     | 0.7936  | 292.7 | FAIL
XGBoost                  | 0.5063 | 0.0465 | 0.5067 | 0.0493 | 0.4318   | 0.0699   | 853     | 0.7013  | 82.0  | PASS
LDA1+LogReg              | 0.2315 | 0.0457 | 0.2080 | 0.0493 | 0.1948   | 0.0653   | 853     | 0.5103  | 80.8  | PASS
PCA16+LogReg             | 0.2543 | 0.0480 | 0.2267 | 0.0493 | 0.2119   | 0.0685   | 853     | 0.5096  | 85.1  | PASS
PCA32+LogReg             | 0.2504 | 0.0465 | 0.2267 | 0.0493 | 0.2078   | 0.0662   | 853     | 0.5096  | 90.1  | PASS
PCA16+VecWeighted        | 0.0583 | 0.0630 | 0.0640 | 0.0493 | 0.0613   | 0.0757   | 853     | 0.0309  | 82.7  | FAIL
PCA32+VecWeighted        | 0.0488 | 0.0504 | 0.0480 | 0.0493 | 0.0460   | 0.0583   | 853     | 0.0365  | 87.9  | FAIL
StabilizedWhitenedCosine | 0.5543 | 0.0488 | 0.5627 | 0.0493 | 0.4532   | 0.0776   | 853     | 0.8446  | 83.9  | PASS

[trial=41 seed=86] GLOBAL mode — total_samples=200000
  total: h0=82063 h1=15019
  pooled_train:  n0=1270 n1=1270
  pooled_calib:  n0=750 n1=750
  pooled_eval:   n0=1270 n1=1270
  regions (for macro stats only): 1103
[INFO] Cosine baseline routed to direct Hadamard sum (PrecomputedCosine)
[INFO] WeightedEnsemble Cosine judge routed to direct Hadamard sum
  [Ensemble] Judges routed to 'alt' input: PrecomputedCosine
[WeightedEnsemble] Fitted weights (alpha=0.0500, external calib):
  tau=1.0606, Pooled external calib: TPR=0.5267, FPR=0.0493
  PrecomputedCosine   : +0.1298
  PCAWhitenedCosine   : +0.1391
  XGBoost             : +0.2872
  Tiny MLP            : +0.3596
  LDA                 : +0.0844

Method                   | TPR    | FPR    | TrTPR  | TrFPR  | MacroTPR | MacroFPR | Regions | TauMean | ms    | OK? 
---------------------------------------------------------------------------------------------------------------------
Cosine                   | 0.4362 | 0.0362 | 0.4493 | 0.0493 | 0.4131   | 0.0531   | 856     | 0.9701  | 85.6  | PASS
AndBox-HC                | 0.3307 | 0.0323 | 0.3093 | 0.0493 | 0.3037   | 0.0463   | 856     | 0.0001  | 48.1  | PASS
PCAWhitenedCosine        | 0.4740 | 0.0386 | 0.4907 | 0.0493 | 0.4055   | 0.0570   | 856     | 1.0562  | 69.8  | PASS
Vec (Wgt)                | 0.5031 | 0.0433 | 0.5107 | 0.0493 | 0.4717   | 0.0704   | 856     | 0.9451  | 69.8  | PASS
Log Reg                  | 0.2150 | 0.0315 | 0.2160 | 0.0493 | 0.1921   | 0.0448   | 856     | 0.5113  | 84.2  | PASS
LDA                      | 0.4472 | 0.0402 | 0.4693 | 0.0493 | 0.3785   | 0.0583   | 856     | 4.1026  | 75.8  | PASS
Tiny MLP                 | 0.4622 | 0.0417 | 0.4893 | 0.0493 | 0.3923   | 0.0578   | 856     | 0.8930  | 231.9 | PASS
MultiProtoCosine         | 0.0787 | 0.0402 | 0.0680 | 0.0493 | 0.0718   | 0.0475   | 856     | 0.9246  | 89.5  | PASS
WeightedEnsemble         | 0.4976 | 0.0370 | 0.5267 | 0.0493 | 0.4259   | 0.0561   | 856     | 1.0606  | 285.9 | PASS
XGBoost                  | 0.4803 | 0.0433 | 0.5013 | 0.0493 | 0.4373   | 0.0643   | 856     | 0.7157  | 79.8  | PASS
LDA1+LogReg              | 0.2157 | 0.0315 | 0.2160 | 0.0493 | 0.1930   | 0.0448   | 856     | 0.5113  | 80.0  | PASS
PCA16+LogReg             | 0.2323 | 0.0307 | 0.2280 | 0.0493 | 0.1999   | 0.0439   | 856     | 0.5108  | 84.5  | PASS
PCA32+LogReg             | 0.2315 | 0.0307 | 0.2267 | 0.0493 | 0.2029   | 0.0430   | 856     | 0.5108  | 88.4  | PASS
PCA16+VecWeighted        | 0.2071 | 0.0354 | 0.1867 | 0.0493 | 0.1549   | 0.0492   | 856     | 0.0266  | 80.7  | PASS
PCA32+VecWeighted        | 0.1685 | 0.0370 | 0.1640 | 0.0493 | 0.1194   | 0.0425   | 856     | 0.0331  | 84.3  | PASS
StabilizedWhitenedCosine | 0.5142 | 0.0543 | 0.5280 | 0.0493 | 0.4507   | 0.0791   | 856     | 0.9009  | 78.5  | FAIL

[trial=42 seed=87] GLOBAL mode — total_samples=200000
  total: h0=82063 h1=15019
  pooled_train:  n0=1270 n1=1270
  pooled_calib:  n0=750 n1=750
  pooled_eval:   n0=1270 n1=1270
  regions (for macro stats only): 1103
[INFO] Cosine baseline routed to direct Hadamard sum (PrecomputedCosine)
[INFO] WeightedEnsemble Cosine judge routed to direct Hadamard sum
  [Ensemble] Judges routed to 'alt' input: PrecomputedCosine
[WeightedEnsemble] Fitted weights (alpha=0.0500, external calib):
  tau=0.9229, Pooled external calib: TPR=0.5827, FPR=0.0493
  PrecomputedCosine   : +0.3246
  PCAWhitenedCosine   : +0.1636
  XGBoost             : +0.2291
  Tiny MLP            : +0.2081
  LDA                 : +0.0747

Method                   | TPR    | FPR    | TrTPR  | TrFPR  | MacroTPR | MacroFPR | Regions | TauMean | ms    | OK? 
---------------------------------------------------------------------------------------------------------------------
Cosine                   | 0.5205 | 0.0535 | 0.4933 | 0.0493 | 0.4568   | 0.0753   | 861     | 0.9378  | 103.3 | FAIL
AndBox-HC                | 0.5118 | 0.0472 | 0.4987 | 0.0493 | 0.4460   | 0.0672   | 861     | 0.0000  | 43.5  | PASS
PCAWhitenedCosine        | 0.5480 | 0.0472 | 0.5213 | 0.0493 | 0.4380   | 0.0612   | 861     | 0.9225  | 72.0  | PASS
Vec (Wgt)                | 0.5213 | 0.0433 | 0.5013 | 0.0493 | 0.4483   | 0.0649   | 861     | 0.9348  | 72.2  | PASS
Log Reg                  | 0.2315 | 0.0480 | 0.2400 | 0.0493 | 0.1972   | 0.0658   | 861     | 0.5117  | 87.8  | PASS
LDA                      | 0.5638 | 0.0559 | 0.5173 | 0.0493 | 0.4486   | 0.0741   | 861     | 3.4181  | 77.4  | FAIL
Tiny MLP                 | 0.5764 | 0.0598 | 0.5413 | 0.0493 | 0.4836   | 0.0806   | 861     | 0.8781  | 234.9 | FAIL
MultiProtoCosine         | 0.0937 | 0.0402 | 0.0973 | 0.0493 | 0.0749   | 0.0446   | 861     | 0.9224  | 92.3  | PASS
WeightedEnsemble         | 0.6299 | 0.0661 | 0.5827 | 0.0493 | 0.5193   | 0.0873   | 861     | 0.9229  | 288.7 | FAIL
XGBoost                  | 0.5283 | 0.0488 | 0.5000 | 0.0493 | 0.4445   | 0.0719   | 861     | 0.6813  | 79.2  | PASS
LDA1+LogReg              | 0.2323 | 0.0480 | 0.2440 | 0.0493 | 0.1981   | 0.0658   | 861     | 0.5117  | 83.0  | PASS
PCA16+LogReg             | 0.2354 | 0.0465 | 0.2400 | 0.0493 | 0.1994   | 0.0628   | 861     | 0.5115  | 86.6  | PASS
PCA32+LogReg             | 0.2417 | 0.0488 | 0.2480 | 0.0493 | 0.2063   | 0.0683   | 861     | 0.5111  | 92.0  | PASS
PCA16+VecWeighted        | 0.0937 | 0.0559 | 0.0907 | 0.0493 | 0.0832   | 0.0572   | 861     | 0.0272  | 86.2  | FAIL
PCA32+VecWeighted        | 0.0969 | 0.0496 | 0.0787 | 0.0493 | 0.0814   | 0.0518   | 861     | 0.0338  | 85.9  | PASS
StabilizedWhitenedCosine | 0.5685 | 0.0551 | 0.5320 | 0.0493 | 0.4449   | 0.0739   | 861     | 0.8529  | 106.9 | FAIL

[trial=43 seed=88] GLOBAL mode — total_samples=200000
  total: h0=82063 h1=15019
  pooled_train:  n0=1270 n1=1270
  pooled_calib:  n0=750 n1=750
  pooled_eval:   n0=1270 n1=1270
  regions (for macro stats only): 1103
[INFO] Cosine baseline routed to direct Hadamard sum (PrecomputedCosine)
[INFO] WeightedEnsemble Cosine judge routed to direct Hadamard sum
  [Ensemble] Judges routed to 'alt' input: PrecomputedCosine
[WeightedEnsemble] Fitted weights (alpha=0.0500, external calib):
  tau=0.8218, Pooled external calib: TPR=0.5813, FPR=0.0493
  PrecomputedCosine   : +0.3209
  PCAWhitenedCosine   : +0.3118
  XGBoost             : +0.3183
  Tiny MLP            : +0.0373
  LDA                 : +0.0115

Method                   | TPR    | FPR    | TrTPR  | TrFPR  | MacroTPR | MacroFPR | Regions | TauMean | ms    | OK? 
---------------------------------------------------------------------------------------------------------------------
Cosine                   | 0.4654 | 0.0409 | 0.5053 | 0.0493 | 0.4309   | 0.0695   | 854     | 0.9497  | 295.5 | PASS
AndBox-HC                | 0.4291 | 0.0394 | 0.4733 | 0.0493 | 0.3938   | 0.0633   | 854     | 0.0000  | 38.9  | PASS
PCAWhitenedCosine        | 0.5402 | 0.0409 | 0.5733 | 0.0493 | 0.4311   | 0.0666   | 854     | 0.8868  | 67.4  | PASS
Vec (Wgt)                | 0.4906 | 0.0402 | 0.5387 | 0.0493 | 0.4433   | 0.0695   | 854     | 0.9379  | 68.0  | PASS
Log Reg                  | 0.1937 | 0.0331 | 0.2027 | 0.0493 | 0.1699   | 0.0598   | 854     | 0.5133  | 91.7  | PASS
LDA                      | 0.4843 | 0.0378 | 0.4867 | 0.0493 | 0.3893   | 0.0598   | 854     | 4.0357  | 77.2  | PASS
Tiny MLP                 | 0.5213 | 0.0354 | 0.5213 | 0.0493 | 0.4177   | 0.0577   | 854     | 0.8697  | 246.4 | PASS
MultiProtoCosine         | 0.0921 | 0.0291 | 0.0720 | 0.0493 | 0.0722   | 0.0371   | 854     | 0.9249  | 91.2  | PASS
WeightedEnsemble         | 0.5567 | 0.0370 | 0.5813 | 0.0493 | 0.4639   | 0.0635   | 854     | 0.8218  | 294.4 | PASS
XGBoost                  | 0.4976 | 0.0386 | 0.5400 | 0.0493 | 0.4432   | 0.0601   | 854     | 0.6826  | 79.6  | PASS
LDA1+LogReg              | 0.1953 | 0.0331 | 0.2040 | 0.0493 | 0.1707   | 0.0598   | 854     | 0.5133  | 79.6  | PASS
PCA16+LogReg             | 0.1874 | 0.0323 | 0.1987 | 0.0493 | 0.1676   | 0.0569   | 854     | 0.5131  | 83.7  | PASS
PCA32+LogReg             | 0.1945 | 0.0331 | 0.2053 | 0.0493 | 0.1696   | 0.0598   | 854     | 0.5128  | 88.1  | PASS
PCA16+VecWeighted        | 0.2031 | 0.0339 | 0.2227 | 0.0493 | 0.1607   | 0.0520   | 854     | 0.0237  | 81.5  | PASS
PCA32+VecWeighted        | 0.2039 | 0.0433 | 0.2027 | 0.0493 | 0.1664   | 0.0639   | 854     | 0.0254  | 85.1  | PASS
StabilizedWhitenedCosine | 0.5134 | 0.0339 | 0.5280 | 0.0493 | 0.4126   | 0.0561   | 854     | 0.9466  | 81.2  | PASS

[trial=44 seed=89] GLOBAL mode — total_samples=200000
  total: h0=82063 h1=15019
  pooled_train:  n0=1270 n1=1270
  pooled_calib:  n0=750 n1=750
  pooled_eval:   n0=1270 n1=1270
  regions (for macro stats only): 1103
[INFO] Cosine baseline routed to direct Hadamard sum (PrecomputedCosine)
[INFO] WeightedEnsemble Cosine judge routed to direct Hadamard sum
  [Ensemble] Judges routed to 'alt' input: PrecomputedCosine
[WeightedEnsemble] Fitted weights (alpha=0.0500, external calib):
  tau=0.9143, Pooled external calib: TPR=0.6147, FPR=0.0493
  PrecomputedCosine   : +0.2832
  PCAWhitenedCosine   : +0.0456
  XGBoost             : +0.2004
  Tiny MLP            : +0.4151
  LDA                 : +0.0558

Method                   | TPR    | FPR    | TrTPR  | TrFPR  | MacroTPR | MacroFPR | Regions | TauMean | ms    | OK? 
---------------------------------------------------------------------------------------------------------------------
Cosine                   | 0.5268 | 0.0701 | 0.5200 | 0.0493 | 0.4900   | 0.0971   | 861     | 0.9338  | 103.2 | FAIL
AndBox-HC                | 0.4386 | 0.0591 | 0.4307 | 0.0493 | 0.4029   | 0.0787   | 861     | 0.0000  | 39.0  | FAIL
PCAWhitenedCosine        | 0.5622 | 0.0528 | 0.5520 | 0.0493 | 0.4512   | 0.0806   | 861     | 0.9044  | 67.3  | FAIL
Vec (Wgt)                | 0.5378 | 0.0669 | 0.5387 | 0.0493 | 0.4948   | 0.0950   | 861     | 0.9216  | 67.7  | FAIL
Log Reg                  | 0.2488 | 0.0528 | 0.2467 | 0.0493 | 0.2244   | 0.0726   | 861     | 0.5114  | 86.2  | FAIL
LDA                      | 0.5315 | 0.0543 | 0.5333 | 0.0493 | 0.4314   | 0.0806   | 861     | 3.8941  | 73.8  | FAIL
Tiny MLP                 | 0.5748 | 0.0543 | 0.5773 | 0.0493 | 0.4669   | 0.0830   | 861     | 0.8309  | 230.0 | FAIL
MultiProtoCosine         | 0.0976 | 0.0449 | 0.0813 | 0.0493 | 0.0727   | 0.0517   | 861     | 0.9239  | 86.8  | PASS
WeightedEnsemble         | 0.6213 | 0.0591 | 0.6147 | 0.0493 | 0.5189   | 0.0877   | 861     | 0.9143  | 282.7 | FAIL
XGBoost                  | 0.5638 | 0.0677 | 0.5613 | 0.0493 | 0.4872   | 0.0969   | 861     | 0.6633  | 77.5  | FAIL
LDA1+LogReg              | 0.2488 | 0.0520 | 0.2467 | 0.0493 | 0.2244   | 0.0720   | 861     | 0.5114  | 76.7  | FAIL
PCA16+LogReg             | 0.2465 | 0.0480 | 0.2360 | 0.0493 | 0.2168   | 0.0686   | 861     | 0.5112  | 80.5  | PASS
PCA32+LogReg             | 0.2488 | 0.0488 | 0.2480 | 0.0493 | 0.2205   | 0.0694   | 861     | 0.5111  | 84.4  | PASS
PCA16+VecWeighted        | 0.0882 | 0.0535 | 0.0840 | 0.0493 | 0.0733   | 0.0502   | 861     | 0.0270  | 79.3  | FAIL
PCA32+VecWeighted        | 0.0843 | 0.0669 | 0.0960 | 0.0493 | 0.0819   | 0.0726   | 861     | 0.0302  | 81.4  | FAIL
StabilizedWhitenedCosine | 0.5559 | 0.0504 | 0.5440 | 0.0493 | 0.4576   | 0.0742   | 861     | 0.8662  | 75.6  | FAIL

[trial=45 seed=90] GLOBAL mode — total_samples=200000
  total: h0=82063 h1=15019
  pooled_train:  n0=1270 n1=1270
  pooled_calib:  n0=750 n1=750
  pooled_eval:   n0=1270 n1=1270
  regions (for macro stats only): 1103
[INFO] Cosine baseline routed to direct Hadamard sum (PrecomputedCosine)
[INFO] WeightedEnsemble Cosine judge routed to direct Hadamard sum
  [Ensemble] Judges routed to 'alt' input: PrecomputedCosine
[WeightedEnsemble] Fitted weights (alpha=0.0500, external calib):
  tau=0.7265, Pooled external calib: TPR=0.4720, FPR=0.0493
  PrecomputedCosine   : +0.0000
  PCAWhitenedCosine   : +0.0000
  XGBoost             : +1.0000
  Tiny MLP            : +0.0000
  LDA                 : +0.0000

Method                   | TPR    | FPR    | TrTPR  | TrFPR  | MacroTPR | MacroFPR | Regions | TauMean | ms    | OK? 
---------------------------------------------------------------------------------------------------------------------
Cosine                   | 0.4173 | 0.0346 | 0.4280 | 0.0493 | 0.3858   | 0.0548   | 861     | 0.9727  | 74.6  | PASS
AndBox-HC                | 0.3323 | 0.0394 | 0.3387 | 0.0493 | 0.3221   | 0.0587   | 861     | 0.0001  | 52.8  | PASS
PCAWhitenedCosine        | 0.4764 | 0.0339 | 0.4627 | 0.0493 | 0.3865   | 0.0536   | 861     | 1.1381  | 67.4  | PASS
Vec (Wgt)                | 0.4252 | 0.0378 | 0.4293 | 0.0493 | 0.3835   | 0.0623   | 861     | 0.9719  | 68.1  | PASS
Log Reg                  | 0.2094 | 0.0441 | 0.1787 | 0.0493 | 0.1991   | 0.0611   | 861     | 0.5119  | 84.8  | PASS
LDA                      | 0.4260 | 0.0339 | 0.3813 | 0.0493 | 0.3324   | 0.0572   | 861     | 4.8416  | 73.8  | PASS
Tiny MLP                 | 0.4346 | 0.0394 | 0.4027 | 0.0493 | 0.3317   | 0.0607   | 861     | 0.9428  | 230.4 | PASS
MultiProtoCosine         | 0.1134 | 0.0638 | 0.1013 | 0.0493 | 0.0995   | 0.0622   | 861     | 0.9211  | 89.4  | FAIL
WeightedEnsemble         | 0.4693 | 0.0386 | 0.4720 | 0.0493 | 0.4209   | 0.0618   | 861     | 0.7265  | 283.4 | PASS
XGBoost                  | 0.4693 | 0.0386 | 0.4720 | 0.0493 | 0.4209   | 0.0618   | 861     | 0.7265  | 77.2  | PASS
LDA1+LogReg              | 0.2102 | 0.0441 | 0.1800 | 0.0493 | 0.1993   | 0.0611   | 861     | 0.5119  | 77.4  | PASS
PCA16+LogReg             | 0.2220 | 0.0441 | 0.2080 | 0.0493 | 0.2063   | 0.0598   | 861     | 0.5113  | 81.0  | PASS
PCA32+LogReg             | 0.2276 | 0.0441 | 0.2160 | 0.0493 | 0.2113   | 0.0611   | 861     | 0.5112  | 85.7  | PASS
PCA16+VecWeighted        | 0.1063 | 0.0417 | 0.1133 | 0.0493 | 0.1049   | 0.0321   | 861     | 0.0319  | 78.8  | PASS
PCA32+VecWeighted        | 0.1031 | 0.0512 | 0.1080 | 0.0493 | 0.0990   | 0.0402   | 861     | 0.0334  | 82.7  | FAIL
StabilizedWhitenedCosine | 0.4268 | 0.0291 | 0.4227 | 0.0493 | 0.3554   | 0.0457   | 861     | 1.1994  | 76.6  | PASS

[trial=46 seed=91] GLOBAL mode — total_samples=200000
  total: h0=82063 h1=15019
  pooled_train:  n0=1270 n1=1270
  pooled_calib:  n0=750 n1=750
  pooled_eval:   n0=1270 n1=1270
  regions (for macro stats only): 1103
[INFO] Cosine baseline routed to direct Hadamard sum (PrecomputedCosine)
[INFO] WeightedEnsemble Cosine judge routed to direct Hadamard sum
  [Ensemble] Judges routed to 'alt' input: PrecomputedCosine
[WeightedEnsemble] Fitted weights (alpha=0.0500, external calib):
  tau=0.9332, Pooled external calib: TPR=0.5987, FPR=0.0493
  PrecomputedCosine   : +0.4323
  PCAWhitenedCosine   : +0.1110
  XGBoost             : +0.2003
  Tiny MLP            : +0.2025
  LDA                 : +0.0539

Method                   | TPR    | FPR    | TrTPR  | TrFPR  | MacroTPR | MacroFPR | Regions | TauMean | ms    | OK? 
---------------------------------------------------------------------------------------------------------------------
Cosine                   | 0.4583 | 0.0559 | 0.4933 | 0.0493 | 0.4147   | 0.0826   | 859     | 0.9570  | 76.4  | FAIL
AndBox-HC                | 0.3819 | 0.0504 | 0.4013 | 0.0493 | 0.3605   | 0.0718   | 859     | 0.0000  | 53.5  | FAIL
PCAWhitenedCosine        | 0.5465 | 0.0543 | 0.5547 | 0.0493 | 0.4342   | 0.0818   | 859     | 0.9347  | 70.1  | FAIL
Vec (Wgt)                | 0.5024 | 0.0543 | 0.5280 | 0.0493 | 0.4469   | 0.0823   | 859     | 0.9403  | 70.2  | FAIL
Log Reg                  | 0.2764 | 0.0504 | 0.3067 | 0.0493 | 0.2290   | 0.0750   | 859     | 0.5087  | 109.4 | FAIL
LDA                      | 0.5370 | 0.0504 | 0.5560 | 0.0493 | 0.4302   | 0.0814   | 859     | 3.4923  | 79.2  | FAIL
Tiny MLP                 | 0.5457 | 0.0504 | 0.5560 | 0.0493 | 0.4467   | 0.0825   | 859     | 0.8671  | 231.6 | FAIL
MultiProtoCosine         | 0.0575 | 0.0402 | 0.0627 | 0.0493 | 0.0508   | 0.0419   | 859     | 0.9252  | 87.0  | PASS
WeightedEnsemble         | 0.5819 | 0.0504 | 0.5987 | 0.0493 | 0.4824   | 0.0769   | 859     | 0.9332  | 285.2 | FAIL
XGBoost                  | 0.5362 | 0.0480 | 0.5520 | 0.0493 | 0.4704   | 0.0682   | 859     | 0.6739  | 79.4  | PASS
LDA1+LogReg              | 0.2772 | 0.0504 | 0.3093 | 0.0493 | 0.2293   | 0.0750   | 859     | 0.5085  | 79.9  | FAIL
PCA16+LogReg             | 0.2874 | 0.0520 | 0.3213 | 0.0480 | 0.2379   | 0.0765   | 859     | 0.5080  | 88.7  | FAIL
PCA32+LogReg             | 0.2969 | 0.0543 | 0.3280 | 0.0493 | 0.2418   | 0.0794   | 859     | 0.5079  | 87.9  | FAIL
PCA16+VecWeighted        | 0.1457 | 0.0488 | 0.1587 | 0.0493 | 0.1233   | 0.0660   | 859     | 0.0264  | 78.9  | PASS
PCA32+VecWeighted        | 0.1394 | 0.0496 | 0.1693 | 0.0493 | 0.1209   | 0.0658   | 859     | 0.0298  | 81.9  | PASS
StabilizedWhitenedCosine | 0.5520 | 0.0496 | 0.5747 | 0.0493 | 0.4497   | 0.0799   | 859     | 0.8150  | 78.4  | PASS

[trial=47 seed=92] GLOBAL mode — total_samples=200000
  total: h0=82063 h1=15019
  pooled_train:  n0=1270 n1=1270
  pooled_calib:  n0=750 n1=750
  pooled_eval:   n0=1270 n1=1270
  regions (for macro stats only): 1103
[INFO] Cosine baseline routed to direct Hadamard sum (PrecomputedCosine)
[INFO] WeightedEnsemble Cosine judge routed to direct Hadamard sum
  [Ensemble] Judges routed to 'alt' input: PrecomputedCosine
[WeightedEnsemble] Fitted weights (alpha=0.0500, external calib):
  tau=0.9132, Pooled external calib: TPR=0.6307, FPR=0.0493
  PrecomputedCosine   : +0.0595
  PCAWhitenedCosine   : +0.3558
  XGBoost             : +0.1566
  Tiny MLP            : +0.3547
  LDA                 : +0.0734

Method                   | TPR    | FPR    | TrTPR  | TrFPR  | MacroTPR | MacroFPR | Regions | TauMean | ms    | OK? 
---------------------------------------------------------------------------------------------------------------------
Cosine                   | 0.3937 | 0.0409 | 0.3893 | 0.0493 | 0.3634   | 0.0575   | 871     | 0.9795  | 72.3  | PASS
AndBox-HC                | 0.3370 | 0.0394 | 0.3360 | 0.0493 | 0.3148   | 0.0530   | 871     | 0.0001  | 53.6  | PASS
PCAWhitenedCosine        | 0.5409 | 0.0535 | 0.5587 | 0.0493 | 0.4546   | 0.0821   | 871     | 0.9411  | 68.1  | FAIL
Vec (Wgt)                | 0.4835 | 0.0488 | 0.4880 | 0.0493 | 0.4398   | 0.0709   | 871     | 0.9537  | 69.2  | PASS
Log Reg                  | 0.2315 | 0.0465 | 0.2600 | 0.0493 | 0.2099   | 0.0699   | 871     | 0.5116  | 81.1  | PASS
LDA                      | 0.5472 | 0.0520 | 0.5507 | 0.0493 | 0.4355   | 0.0767   | 871     | 3.5080  | 73.7  | FAIL
Tiny MLP                 | 0.5858 | 0.0591 | 0.5867 | 0.0493 | 0.4783   | 0.0923   | 871     | 0.8568  | 230.7 | FAIL
MultiProtoCosine         | 0.0701 | 0.0370 | 0.0867 | 0.0493 | 0.0697   | 0.0430   | 871     | 0.9227  | 85.8  | PASS
WeightedEnsemble         | 0.5969 | 0.0583 | 0.6307 | 0.0493 | 0.4985   | 0.0912   | 871     | 0.9132  | 282.9 | FAIL
XGBoost                  | 0.4622 | 0.0417 | 0.4547 | 0.0493 | 0.4116   | 0.0582   | 871     | 0.7352  | 77.3  | PASS
LDA1+LogReg              | 0.2315 | 0.0465 | 0.2627 | 0.0493 | 0.2099   | 0.0699   | 871     | 0.5116  | 75.5  | PASS
PCA16+LogReg             | 0.2299 | 0.0402 | 0.2547 | 0.0467 | 0.2058   | 0.0592   | 871     | 0.5117  | 80.0  | PASS
PCA32+LogReg             | 0.2480 | 0.0433 | 0.2680 | 0.0493 | 0.2202   | 0.0651   | 871     | 0.5112  | 83.2  | PASS
PCA16+VecWeighted        | 0.2110 | 0.0512 | 0.2200 | 0.0493 | 0.1667   | 0.0637   | 871     | 0.0244  | 77.1  | FAIL
PCA32+VecWeighted        | 0.1937 | 0.0504 | 0.1867 | 0.0493 | 0.1529   | 0.0654   | 871     | 0.0271  | 80.3  | FAIL
StabilizedWhitenedCosine | 0.5228 | 0.0472 | 0.5373 | 0.0493 | 0.4454   | 0.0748   | 871     | 0.9585  | 75.3  | PASS

[trial=48 seed=93] GLOBAL mode — total_samples=200000
  total: h0=82063 h1=15019
  pooled_train:  n0=1270 n1=1270
  pooled_calib:  n0=750 n1=750
  pooled_eval:   n0=1270 n1=1270
  regions (for macro stats only): 1103
[INFO] Cosine baseline routed to direct Hadamard sum (PrecomputedCosine)
[INFO] WeightedEnsemble Cosine judge routed to direct Hadamard sum
  [Ensemble] Judges routed to 'alt' input: PrecomputedCosine
[WeightedEnsemble] Fitted weights (alpha=0.0500, external calib):
  tau=0.8404, Pooled external calib: TPR=0.5293, FPR=0.0493
  PrecomputedCosine   : +0.3209
  PCAWhitenedCosine   : +0.3118
  XGBoost             : +0.3183
  Tiny MLP            : +0.0373
  LDA                 : +0.0115

Method                   | TPR    | FPR    | TrTPR  | TrFPR  | MacroTPR | MacroFPR | Regions | TauMean | ms    | OK? 
---------------------------------------------------------------------------------------------------------------------
Cosine                   | 0.5252 | 0.0685 | 0.5040 | 0.0493 | 0.4845   | 0.1009   | 858     | 0.9354  | 77.3  | FAIL
AndBox-HC                | 0.4654 | 0.0575 | 0.4533 | 0.0493 | 0.4382   | 0.0859   | 858     | 0.0000  | 50.3  | FAIL
PCAWhitenedCosine        | 0.5244 | 0.0394 | 0.4933 | 0.0493 | 0.4308   | 0.0610   | 858     | 0.9889  | 67.2  | PASS
Vec (Wgt)                | 0.5417 | 0.0677 | 0.5200 | 0.0493 | 0.4962   | 0.1022   | 858     | 0.9221  | 67.8  | FAIL
Log Reg                  | 0.2252 | 0.0559 | 0.2107 | 0.0493 | 0.1871   | 0.0719   | 858     | 0.5128  | 82.3  | FAIL
LDA                      | 0.5118 | 0.0441 | 0.4800 | 0.0493 | 0.4022   | 0.0647   | 858     | 3.8206  | 73.1  | PASS
Tiny MLP                 | 0.4732 | 0.0354 | 0.4387 | 0.0493 | 0.3739   | 0.0553   | 858     | 0.9225  | 230.1 | PASS
MultiProtoCosine         | 0.0945 | 0.0638 | 0.0787 | 0.0493 | 0.0700   | 0.0655   | 858     | 0.9231  | 84.9  | FAIL
WeightedEnsemble         | 0.5614 | 0.0449 | 0.5293 | 0.0493 | 0.4679   | 0.0698   | 858     | 0.8404  | 283.5 | PASS
XGBoost                  | 0.5520 | 0.0622 | 0.5067 | 0.0493 | 0.4926   | 0.0958   | 858     | 0.6727  | 76.9  | FAIL
LDA1+LogReg              | 0.2268 | 0.0559 | 0.2133 | 0.0493 | 0.1880   | 0.0719   | 858     | 0.5128  | 74.3  | FAIL
PCA16+LogReg             | 0.2378 | 0.0598 | 0.2227 | 0.0493 | 0.1943   | 0.0760   | 858     | 0.5122  | 78.5  | FAIL
PCA32+LogReg             | 0.2291 | 0.0559 | 0.2120 | 0.0493 | 0.1904   | 0.0731   | 858     | 0.5124  | 82.8  | FAIL
PCA16+VecWeighted        | 0.0528 | 0.0512 | 0.0627 | 0.0493 | 0.0472   | 0.0333   | 858     | 0.0344  | 76.1  | FAIL
PCA32+VecWeighted        | 0.0441 | 0.0465 | 0.0587 | 0.0493 | 0.0455   | 0.0299   | 858     | 0.0416  | 79.5  | PASS
StabilizedWhitenedCosine | 0.5685 | 0.0528 | 0.5347 | 0.0493 | 0.4821   | 0.0823   | 858     | 0.8308  | 75.6  | FAIL

[trial=49 seed=94] GLOBAL mode — total_samples=200000
  total: h0=82063 h1=15019
  pooled_train:  n0=1270 n1=1270
  pooled_calib:  n0=750 n1=750
  pooled_eval:   n0=1270 n1=1270
  regions (for macro stats only): 1103
[INFO] Cosine baseline routed to direct Hadamard sum (PrecomputedCosine)
[INFO] WeightedEnsemble Cosine judge routed to direct Hadamard sum
  [Ensemble] Judges routed to 'alt' input: PrecomputedCosine
[WeightedEnsemble] Fitted weights (alpha=0.0500, external calib):
  tau=0.9588, Pooled external calib: TPR=0.6160, FPR=0.0493
  PrecomputedCosine   : +0.2832
  PCAWhitenedCosine   : +0.0456
  XGBoost             : +0.2004
  Tiny MLP            : +0.4151
  LDA                 : +0.0558

Method                   | TPR    | FPR    | TrTPR  | TrFPR  | MacroTPR | MacroFPR | Regions | TauMean | ms    | OK? 
---------------------------------------------------------------------------------------------------------------------
Cosine                   | 0.3858 | 0.0386 | 0.3760 | 0.0493 | 0.3444   | 0.0601   | 844     | 0.9855  | 112.1 | PASS
AndBox-HC                | 0.3425 | 0.0425 | 0.3520 | 0.0493 | 0.3202   | 0.0585   | 844     | 0.0000  | 39.1  | PASS
PCAWhitenedCosine        | 0.5433 | 0.0386 | 0.5653 | 0.0493 | 0.4488   | 0.0591   | 844     | 0.9359  | 134.8 | PASS
Vec (Wgt)                | 0.4701 | 0.0402 | 0.4933 | 0.0493 | 0.4104   | 0.0667   | 844     | 0.9595  | 64.6  | PASS
Log Reg                  | 0.2614 | 0.0409 | 0.2507 | 0.0493 | 0.2170   | 0.0602   | 844     | 0.5097  | 83.7  | PASS
LDA                      | 0.5606 | 0.0591 | 0.5893 | 0.0493 | 0.4680   | 0.0892   | 844     | 3.4573  | 73.2  | FAIL
Tiny MLP                 | 0.5575 | 0.0480 | 0.5987 | 0.0493 | 0.4592   | 0.0752   | 844     | 0.8551  | 231.0 | PASS
MultiProtoCosine         | 0.1157 | 0.0693 | 0.1040 | 0.0493 | 0.0999   | 0.0747   | 844     | 0.9206  | 86.1  | FAIL
WeightedEnsemble         | 0.5732 | 0.0480 | 0.6160 | 0.0493 | 0.4846   | 0.0775   | 844     | 0.9588  | 285.0 | PASS
XGBoost                  | 0.4748 | 0.0386 | 0.4920 | 0.0493 | 0.4138   | 0.0656   | 844     | 0.7172  | 78.1  | PASS
LDA1+LogReg              | 0.2622 | 0.0409 | 0.2507 | 0.0493 | 0.2175   | 0.0602   | 844     | 0.5097  | 76.5  | PASS
PCA16+LogReg             | 0.2709 | 0.0457 | 0.2707 | 0.0493 | 0.2259   | 0.0662   | 844     | 0.5095  | 80.3  | PASS
PCA32+LogReg             | 0.2811 | 0.0441 | 0.2640 | 0.0493 | 0.2347   | 0.0633   | 844     | 0.5090  | 83.5  | PASS
PCA16+VecWeighted        | 0.0866 | 0.0315 | 0.0787 | 0.0493 | 0.0506   | 0.0237   | 844     | 0.0374  | 77.3  | PASS
PCA32+VecWeighted        | 0.0575 | 0.0346 | 0.0707 | 0.0493 | 0.0352   | 0.0164   | 844     | 0.0443  | 80.3  | PASS
StabilizedWhitenedCosine | 0.5480 | 0.0583 | 0.6000 | 0.0493 | 0.4734   | 0.0864   | 844     | 0.8276  | 74.6  | FAIL

=== Ranking by mean micro TPR (UNCONSTRAINED) ===
 1. WeightedEnsemble   TPR=0.5784±0.0364 FPR=0.0525±0.0094 [FAIL]
 2. StabilizedWhitenedCosine TPR=0.5349±0.0354 FPR=0.0487±0.0087 [PASS]
 3. PCAWhitenedCosine  TPR=0.5337±0.0283 FPR=0.0482±0.0083 [PASS]
 4. Tiny MLP           TPR=0.5324±0.0374 FPR=0.0499±0.0079 [PASS]
 5. LDA                TPR=0.5179±0.0351 FPR=0.0477±0.0090 [PASS]
 6. Vec (Wgt)          TPR=0.5026±0.0314 FPR=0.0495±0.0089 [PASS]
 7. XGBoost            TPR=0.5009±0.0339 FPR=0.0473±0.0084 [PASS]
 8. Cosine             TPR=0.4640±0.0340 FPR=0.0480±0.0091 [PASS]
 9. AndBox-HC          TPR=0.4026±0.0532 FPR=0.0470±0.0100 [PASS]
10. PCA32+LogReg       TPR=0.2586±0.0299 FPR=0.0490±0.0081 [PASS]
11. PCA16+LogReg       TPR=0.2536±0.0273 FPR=0.0486±0.0081 [PASS]
12. LDA1+LogReg        TPR=0.2505±0.0294 FPR=0.0490±0.0081 [PASS]
13. Log Reg            TPR=0.2492±0.0300 FPR=0.0491±0.0079 [PASS]
14. PCA32+VecWeighted  TPR=0.1022±0.0529 FPR=0.0494±0.0113 [PASS]
15. PCA16+VecWeighted  TPR=0.1022±0.0570 FPR=0.0474±0.0088 [PASS]
16. MultiProtoCosine   TPR=0.0894±0.0143 FPR=0.0492±0.0101 [PASS]

=== Ranking by mean micro TPR (CONSTRAINED: FPR <= alpha) ===
 1. StabilizedWhitenedCosine TPR=0.5349±0.0354 FPR=0.0487±0.0087
 2. PCAWhitenedCosine  TPR=0.5337±0.0283 FPR=0.0482±0.0083
 3. Tiny MLP           TPR=0.5324±0.0374 FPR=0.0499±0.0079
 4. LDA                TPR=0.5179±0.0351 FPR=0.0477±0.0090
 5. Vec (Wgt)          TPR=0.5026±0.0314 FPR=0.0495±0.0089
 6. XGBoost            TPR=0.5009±0.0339 FPR=0.0473±0.0084
 7. Cosine             TPR=0.4640±0.0340 FPR=0.0480±0.0091
 8. AndBox-HC          TPR=0.4026±0.0532 FPR=0.0470±0.0100
 9. PCA32+LogReg       TPR=0.2586±0.0299 FPR=0.0490±0.0081
10. PCA16+LogReg       TPR=0.2536±0.0273 FPR=0.0486±0.0081
11. LDA1+LogReg        TPR=0.2505±0.0294 FPR=0.0490±0.0081
12. Log Reg            TPR=0.2492±0.0300 FPR=0.0491±0.0079
13. PCA32+VecWeighted  TPR=0.1022±0.0529 FPR=0.0494±0.0113
14. PCA16+VecWeighted  TPR=0.1022±0.0570 FPR=0.0474±0.0088
15. MultiProtoCosine   TPR=0.0894±0.0143 FPR=0.0492±0.0101
[CSV] Saved: /home/malmatal/Projects/Multi_Dim_Threshold/NeighborCache/outputs/region_local_threshold/run_20260504_002920/trial_summary.csv
[JSON] Saved: /home/malmatal/Projects/Multi_Dim_Threshold/NeighborCache/outputs/region_local_threshold/run_20260504_002920/ranking.json
[CSV] Saved: /home/malmatal/Projects/Multi_Dim_Threshold/NeighborCache/outputs/region_local_threshold/run_20260504_002920/weighted_ensemble_meta_weights.csv
[JSON] Saved: /home/malmatal/Projects/Multi_Dim_Threshold/NeighborCache/outputs/region_local_threshold/run_20260504_002920/notes.json

Best (constrained FPR <= alpha): StabilizedWhitenedCosine
[Done] outputs at: /home/malmatal/Projects/Multi_Dim_Threshold/NeighborCache/outputs/region_local_threshold/run_20260504_002920
