<frozen runpy>:128: RuntimeWarning: 'NeighborCache.region_local_threshold.cli' found in sys.modules after import of package 'NeighborCache.region_local_threshold', but prior to execution of 'NeighborCache.region_local_threshold.cli'; this may result in unpredictable behaviour
[INFO] Using features key='emb' dim=1024
[INFO] Applied Hadamard preprocessing (strategy=centroid_nearest, use_delta_vec=False, use_abs_diff=False) to X_main

=== Region Threshold Benchmark ===
dataset_npz=NeighborCache/data/h1h0_final.npz
region_key=global_cluster (resolved=global_cluster, unique=1103)
features=emb+hadamard rows=200000 dim=1024
text_pairs=text+region_anchor[centroid_nearest]
alpha=0.05 tie_mode=ge trials=50 base_seed=42
tau_mode=global
hadamard_preprocess=True
abs_diff_only_preprocess=False
use_delta_vec=False
use_abs_diff=False
normalize_data=False
filter_policy=none
train_cosine_policy_active=False
caps: train=1270 calib=750 eval=1270
mins: min_h0_eval=20 min_h1_eval=20
run_dir=/home/malmatal/Projects/Multi_Dim_Threshold/NeighborCache/outputs/region_local_threshold/run_20260503_230923

[trial=0 seed=42] GLOBAL mode — total_samples=200000
  total: h0=82063 h1=15019
  pooled_train:  n0=1270 n1=1270
  pooled_calib:  n0=750 n1=750
  pooled_eval:   n0=1270 n1=1270
  regions (for macro stats only): 1103
[INFO] Cosine baseline routed to direct Hadamard sum (PrecomputedCosine)
[INFO] WeightedEnsemble Cosine judge routed to direct Hadamard sum
  [Ensemble] Judges routed to 'alt' input: PrecomputedCosine
[WeightedEnsemble] Fitted weights (alpha=0.0500, external calib):
  tau=0.8951, Pooled external calib: TPR=0.6187, FPR=0.0493
  PrecomputedCosine   : +0.4323
  PCAWhitenedCosine   : +0.1110
  XGBoost             : +0.2003
  Tiny MLP            : +0.2025
  LDA                 : +0.0539

Method                   | TPR    | FPR    | TrTPR  | TrFPR  | MacroTPR | MacroFPR | Regions | TauMean | ms    | OK? 
---------------------------------------------------------------------------------------------------------------------
Cosine                   | 0.4551 | 0.0559 | 0.4800 | 0.0493 | 0.4208   | 0.0696   | 872     | 0.9535  | 284.8 | FAIL
AndBox-HC                | 0.4575 | 0.0551 | 0.4747 | 0.0493 | 0.4271   | 0.0708   | 872     | 0.0000  | 63.4  | FAIL
PCAWhitenedCosine        | 0.5189 | 0.0417 | 0.5600 | 0.0493 | 0.4326   | 0.0601   | 872     | 0.9020  | 101.0 | PASS
Vec (Wgt)                | 0.5008 | 0.0488 | 0.5200 | 0.0493 | 0.4523   | 0.0639   | 872     | 0.9364  | 100.8 | PASS
Log Reg                  | 0.2677 | 0.0496 | 0.2573 | 0.0493 | 0.2316   | 0.0670   | 872     | 0.5113  | 112.1 | PASS
LDA                      | 0.4937 | 0.0480 | 0.5267 | 0.0493 | 0.4112   | 0.0698   | 872     | 3.5529  | 104.8 | PASS
Tiny MLP                 | 0.5441 | 0.0488 | 0.5720 | 0.0493 | 0.4569   | 0.0741   | 872     | 0.8293  | 405.5 | PASS
MultiProtoCosine         | 0.0850 | 0.0402 | 0.0760 | 0.0493 | 0.0831   | 0.0479   | 872     | 0.9245  | 117.0 | PASS
WeightedEnsemble         | 0.5835 | 0.0535 | 0.6187 | 0.0493 | 0.5050   | 0.0797   | 872     | 0.8951  | 450.2 | FAIL
XGBoost                  | 0.5213 | 0.0567 | 0.5600 | 0.0493 | 0.4681   | 0.0753   | 872     | 0.6750  | 81.9  | FAIL
LDA1+LogReg              | 0.2685 | 0.0496 | 0.2587 | 0.0493 | 0.2335   | 0.0670   | 872     | 0.5113  | 110.3 | PASS
PCA16+LogReg             | 0.2693 | 0.0488 | 0.2667 | 0.0493 | 0.2321   | 0.0641   | 872     | 0.5108  | 118.8 | PASS
PCA32+LogReg             | 0.2764 | 0.0496 | 0.2640 | 0.0493 | 0.2422   | 0.0670   | 872     | 0.5107  | 119.9 | PASS
PCA16+VecWeighted        | 0.0346 | 0.0417 | 0.0360 | 0.0493 | 0.0371   | 0.0433   | 872     | 0.0297  | 112.3 | PASS
PCA32+VecWeighted        | 0.0567 | 0.0425 | 0.0640 | 0.0493 | 0.0579   | 0.0518   | 872     | 0.0347  | 117.6 | PASS
StabilizedWhitenedCosine | 0.5307 | 0.0496 | 0.5613 | 0.0493 | 0.4557   | 0.0712   | 872     | 0.8089  | 107.6 | PASS

[trial=1 seed=43] GLOBAL mode — total_samples=200000
  total: h0=82063 h1=15019
  pooled_train:  n0=1270 n1=1270
  pooled_calib:  n0=750 n1=750
  pooled_eval:   n0=1270 n1=1270
  regions (for macro stats only): 1103
[INFO] Cosine baseline routed to direct Hadamard sum (PrecomputedCosine)
[INFO] WeightedEnsemble Cosine judge routed to direct Hadamard sum
  [Ensemble] Judges routed to 'alt' input: PrecomputedCosine
[WeightedEnsemble] Fitted weights (alpha=0.0500, external calib):
  tau=0.9065, Pooled external calib: TPR=0.6013, FPR=0.0493
  PrecomputedCosine   : +0.5316
  PCAWhitenedCosine   : +0.2031
  XGBoost             : +0.0553
  Tiny MLP            : +0.1785
  LDA                 : +0.0315

Method                   | TPR    | FPR    | TrTPR  | TrFPR  | MacroTPR | MacroFPR | Regions | TauMean | ms    | OK? 
---------------------------------------------------------------------------------------------------------------------
Cosine                   | 0.4583 | 0.0535 | 0.4773 | 0.0493 | 0.4217   | 0.0793   | 856     | 0.9576  | 107.0 | FAIL
AndBox-HC                | 0.3732 | 0.0394 | 0.3853 | 0.0493 | 0.3357   | 0.0553   | 856     | 0.0000  | 61.5  | PASS
PCAWhitenedCosine        | 0.5370 | 0.0496 | 0.5493 | 0.0493 | 0.4451   | 0.0730   | 856     | 0.8621  | 100.5 | PASS
Vec (Wgt)                | 0.4803 | 0.0543 | 0.5147 | 0.0493 | 0.4344   | 0.0811   | 856     | 0.9396  | 99.9  | FAIL
Log Reg                  | 0.1921 | 0.0441 | 0.2333 | 0.0493 | 0.1797   | 0.0626   | 856     | 0.5129  | 110.3 | PASS
LDA                      | 0.5496 | 0.0583 | 0.5440 | 0.0493 | 0.4304   | 0.0815   | 856     | 3.3372  | 104.3 | FAIL
Tiny MLP                 | 0.5575 | 0.0567 | 0.5693 | 0.0493 | 0.4515   | 0.0775   | 856     | 0.8453  | 407.4 | FAIL
MultiProtoCosine         | 0.0677 | 0.0315 | 0.0680 | 0.0493 | 0.0581   | 0.0365   | 856     | 0.9267  | 115.5 | PASS
WeightedEnsemble         | 0.5787 | 0.0543 | 0.6013 | 0.0493 | 0.4847   | 0.0825   | 856     | 0.9065  | 453.2 | FAIL
XGBoost                  | 0.4835 | 0.0378 | 0.4933 | 0.0493 | 0.4194   | 0.0590   | 856     | 0.7070  | 78.6  | PASS
LDA1+LogReg              | 0.1945 | 0.0441 | 0.2360 | 0.0493 | 0.1812   | 0.0626   | 856     | 0.5128  | 107.5 | PASS
PCA16+LogReg             | 0.1780 | 0.0409 | 0.2173 | 0.0493 | 0.1734   | 0.0574   | 856     | 0.5128  | 116.8 | PASS
PCA32+LogReg             | 0.2008 | 0.0441 | 0.2453 | 0.0493 | 0.1853   | 0.0626   | 856     | 0.5122  | 117.5 | PASS
PCA16+VecWeighted        | 0.1346 | 0.0354 | 0.1413 | 0.0493 | 0.1237   | 0.0432   | 856     | 0.0249  | 110.0 | PASS
PCA32+VecWeighted        | 0.1567 | 0.0449 | 0.1747 | 0.0493 | 0.1399   | 0.0564   | 856     | 0.0252  | 114.6 | PASS
StabilizedWhitenedCosine | 0.5496 | 0.0504 | 0.5680 | 0.0493 | 0.4637   | 0.0833   | 856     | 0.8096  | 104.0 | FAIL

[trial=2 seed=44] GLOBAL mode — total_samples=200000
  total: h0=82063 h1=15019
  pooled_train:  n0=1270 n1=1270
  pooled_calib:  n0=750 n1=750
  pooled_eval:   n0=1270 n1=1270
  regions (for macro stats only): 1103
[INFO] Cosine baseline routed to direct Hadamard sum (PrecomputedCosine)
[INFO] WeightedEnsemble Cosine judge routed to direct Hadamard sum
  [Ensemble] Judges routed to 'alt' input: PrecomputedCosine
[WeightedEnsemble] Fitted weights (alpha=0.0500, external calib):
  tau=0.8991, Pooled external calib: TPR=0.5960, FPR=0.0493
  PrecomputedCosine   : +0.2832
  PCAWhitenedCosine   : +0.0456
  XGBoost             : +0.2004
  Tiny MLP            : +0.4151
  LDA                 : +0.0558

Method                   | TPR    | FPR    | TrTPR  | TrFPR  | MacroTPR | MacroFPR | Regions | TauMean | ms    | OK? 
---------------------------------------------------------------------------------------------------------------------
Cosine                   | 0.4567 | 0.0472 | 0.4627 | 0.0493 | 0.4345   | 0.0709   | 864     | 0.9632  | 103.5 | PASS
AndBox-HC                | 0.4047 | 0.0496 | 0.4400 | 0.0493 | 0.3834   | 0.0729   | 864     | 0.0000  | 62.3  | PASS
PCAWhitenedCosine        | 0.5370 | 0.0512 | 0.5133 | 0.0493 | 0.4266   | 0.0759   | 864     | 0.8942  | 99.1  | FAIL
Vec (Wgt)                | 0.4913 | 0.0433 | 0.5173 | 0.0493 | 0.4565   | 0.0682   | 864     | 0.9497  | 99.8  | PASS
Log Reg                  | 0.2543 | 0.0551 | 0.2573 | 0.0493 | 0.2347   | 0.0856   | 864     | 0.5109  | 114.3 | FAIL
LDA                      | 0.5181 | 0.0504 | 0.5293 | 0.0493 | 0.4198   | 0.0804   | 864     | 3.4587  | 105.1 | FAIL
Tiny MLP                 | 0.5339 | 0.0551 | 0.5333 | 0.0493 | 0.4310   | 0.0833   | 864     | 0.8278  | 405.3 | FAIL
MultiProtoCosine         | 0.0843 | 0.0528 | 0.0733 | 0.0493 | 0.0566   | 0.0638   | 864     | 0.9224  | 117.2 | FAIL
WeightedEnsemble         | 0.5882 | 0.0559 | 0.5960 | 0.0493 | 0.4886   | 0.0849   | 864     | 0.8991  | 451.1 | FAIL
XGBoost                  | 0.5008 | 0.0480 | 0.4960 | 0.0493 | 0.4433   | 0.0739   | 864     | 0.7030  | 82.8  | PASS
LDA1+LogReg              | 0.2606 | 0.0559 | 0.2613 | 0.0493 | 0.2391   | 0.0860   | 864     | 0.5109  | 114.9 | FAIL
PCA16+LogReg             | 0.2504 | 0.0551 | 0.2493 | 0.0493 | 0.2306   | 0.0851   | 864     | 0.5106  | 117.3 | FAIL
PCA32+LogReg             | 0.2606 | 0.0520 | 0.2627 | 0.0493 | 0.2405   | 0.0812   | 864     | 0.5105  | 114.5 | FAIL
PCA16+VecWeighted        | 0.0976 | 0.0457 | 0.0933 | 0.0493 | 0.0897   | 0.0581   | 864     | 0.0273  | 109.7 | PASS
PCA32+VecWeighted        | 0.0866 | 0.0504 | 0.0867 | 0.0493 | 0.0666   | 0.0620   | 864     | 0.0322  | 118.8 | FAIL
StabilizedWhitenedCosine | 0.5394 | 0.0551 | 0.5360 | 0.0493 | 0.4425   | 0.0828   | 864     | 0.8314  | 109.8 | FAIL

[trial=3 seed=45] GLOBAL mode — total_samples=200000
  total: h0=82063 h1=15019
  pooled_train:  n0=1270 n1=1270
  pooled_calib:  n0=750 n1=750
  pooled_eval:   n0=1270 n1=1270
  regions (for macro stats only): 1103
[INFO] Cosine baseline routed to direct Hadamard sum (PrecomputedCosine)
[INFO] WeightedEnsemble Cosine judge routed to direct Hadamard sum
  [Ensemble] Judges routed to 'alt' input: PrecomputedCosine
[WeightedEnsemble] Fitted weights (alpha=0.0500, external calib):
  tau=0.9054, Pooled external calib: TPR=0.6027, FPR=0.0493
  PrecomputedCosine   : +0.5316
  PCAWhitenedCosine   : +0.2031
  XGBoost             : +0.0553
  Tiny MLP            : +0.1785
  LDA                 : +0.0315

Method                   | TPR    | FPR    | TrTPR  | TrFPR  | MacroTPR | MacroFPR | Regions | TauMean | ms    | OK? 
---------------------------------------------------------------------------------------------------------------------
Cosine                   | 0.4811 | 0.0496 | 0.4560 | 0.0493 | 0.4280   | 0.0717   | 835     | 0.9635  | 111.4 | PASS
AndBox-HC                | 0.3969 | 0.0472 | 0.3933 | 0.0493 | 0.3343   | 0.0680   | 835     | 0.0000  | 64.5  | PASS
PCAWhitenedCosine        | 0.5630 | 0.0441 | 0.5413 | 0.0493 | 0.4657   | 0.0612   | 835     | 0.8534  | 96.0  | PASS
Vec (Wgt)                | 0.5567 | 0.0559 | 0.5053 | 0.0493 | 0.4903   | 0.0836   | 835     | 0.9326  | 96.9  | FAIL
Log Reg                  | 0.2386 | 0.0465 | 0.2200 | 0.0493 | 0.2125   | 0.0626   | 835     | 0.5121  | 107.1 | PASS
LDA                      | 0.5283 | 0.0354 | 0.4733 | 0.0493 | 0.4218   | 0.0448   | 835     | 3.7085  | 100.5 | PASS
Tiny MLP                 | 0.5512 | 0.0433 | 0.5347 | 0.0493 | 0.4601   | 0.0619   | 835     | 0.8602  | 403.2 | PASS
MultiProtoCosine         | 0.0929 | 0.0528 | 0.0787 | 0.0493 | 0.0708   | 0.0624   | 835     | 0.9236  | 110.6 | FAIL
WeightedEnsemble         | 0.6220 | 0.0598 | 0.6027 | 0.0493 | 0.5231   | 0.0795   | 835     | 0.9054  | 449.8 | FAIL
XGBoost                  | 0.5016 | 0.0441 | 0.4827 | 0.0493 | 0.4296   | 0.0636   | 835     | 0.7061  | 78.2  | PASS
LDA1+LogReg              | 0.2394 | 0.0472 | 0.2213 | 0.0493 | 0.2129   | 0.0628   | 835     | 0.5121  | 105.7 | PASS
PCA16+LogReg             | 0.2465 | 0.0433 | 0.2187 | 0.0493 | 0.2115   | 0.0584   | 835     | 0.5120  | 113.8 | PASS
PCA32+LogReg             | 0.2425 | 0.0441 | 0.2267 | 0.0493 | 0.2170   | 0.0601   | 835     | 0.5118  | 113.0 | PASS
PCA16+VecWeighted        | 0.2079 | 0.0480 | 0.1920 | 0.0493 | 0.1754   | 0.0631   | 835     | 0.0264  | 107.4 | PASS
PCA32+VecWeighted        | 0.1567 | 0.0409 | 0.1453 | 0.0493 | 0.1247   | 0.0502   | 835     | 0.0327  | 111.0 | PASS
StabilizedWhitenedCosine | 0.5378 | 0.0433 | 0.5347 | 0.0493 | 0.4347   | 0.0616   | 835     | 0.8892  | 107.6 | PASS

[trial=4 seed=46] GLOBAL mode — total_samples=200000
  total: h0=82063 h1=15019
  pooled_train:  n0=1270 n1=1270
  pooled_calib:  n0=750 n1=750
  pooled_eval:   n0=1270 n1=1270
  regions (for macro stats only): 1103
[INFO] Cosine baseline routed to direct Hadamard sum (PrecomputedCosine)
[INFO] WeightedEnsemble Cosine judge routed to direct Hadamard sum
  [Ensemble] Judges routed to 'alt' input: PrecomputedCosine
[WeightedEnsemble] Fitted weights (alpha=0.0500, external calib):
  tau=0.8713, Pooled external calib: TPR=0.5747, FPR=0.0493
  PrecomputedCosine   : +0.0477
  PCAWhitenedCosine   : +0.4884
  XGBoost             : +0.3290
  Tiny MLP            : +0.0838
  LDA                 : +0.0511

Method                   | TPR    | FPR    | TrTPR  | TrFPR  | MacroTPR | MacroFPR | Regions | TauMean | ms    | OK? 
---------------------------------------------------------------------------------------------------------------------
Cosine                   | 0.4709 | 0.0496 | 0.4733 | 0.0493 | 0.4439   | 0.0832   | 849     | 0.9537  | 104.4 | PASS
AndBox-HC                | 0.4819 | 0.0575 | 0.4600 | 0.0493 | 0.4526   | 0.0936   | 849     | 0.0000  | 61.1  | FAIL
PCAWhitenedCosine        | 0.5488 | 0.0622 | 0.5520 | 0.0493 | 0.4802   | 0.0985   | 849     | 0.8988  | 96.2  | FAIL
Vec (Wgt)                | 0.5220 | 0.0551 | 0.5133 | 0.0493 | 0.4871   | 0.0935   | 849     | 0.9297  | 96.2  | FAIL
Log Reg                  | 0.2598 | 0.0614 | 0.2453 | 0.0493 | 0.2251   | 0.0801   | 849     | 0.5110  | 109.0 | FAIL
LDA                      | 0.5071 | 0.0496 | 0.5080 | 0.0493 | 0.4270   | 0.0798   | 849     | 3.5649  | 101.0 | PASS
Tiny MLP                 | 0.5268 | 0.0630 | 0.5267 | 0.0493 | 0.4593   | 0.1013   | 849     | 0.8978  | 475.3 | FAIL
MultiProtoCosine         | 0.1008 | 0.0535 | 0.0947 | 0.0493 | 0.0790   | 0.0562   | 849     | 0.9214  | 112.6 | FAIL
WeightedEnsemble         | 0.5551 | 0.0583 | 0.5747 | 0.0493 | 0.4864   | 0.0957   | 849     | 0.8713  | 522.6 | FAIL
XGBoost                  | 0.5039 | 0.0528 | 0.5000 | 0.0493 | 0.4621   | 0.0871   | 849     | 0.6999  | 79.6  | FAIL
LDA1+LogReg              | 0.2598 | 0.0614 | 0.2467 | 0.0493 | 0.2251   | 0.0801   | 849     | 0.5110  | 103.2 | FAIL
PCA16+LogReg             | 0.2709 | 0.0661 | 0.2467 | 0.0493 | 0.2372   | 0.0830   | 849     | 0.5103  | 113.0 | FAIL
PCA32+LogReg             | 0.2669 | 0.0638 | 0.2507 | 0.0493 | 0.2327   | 0.0827   | 849     | 0.5104  | 115.4 | FAIL
PCA16+VecWeighted        | 0.1094 | 0.0520 | 0.0947 | 0.0493 | 0.0973   | 0.0449   | 849     | 0.0298  | 111.3 | FAIL
PCA32+VecWeighted        | 0.0543 | 0.0386 | 0.0400 | 0.0493 | 0.0455   | 0.0161   | 849     | 0.0428  | 112.5 | PASS
StabilizedWhitenedCosine | 0.5409 | 0.0551 | 0.5320 | 0.0493 | 0.4814   | 0.0872   | 849     | 0.9185  | 102.4 | FAIL

[trial=5 seed=47] GLOBAL mode — total_samples=200000
  total: h0=82063 h1=15019
  pooled_train:  n0=1270 n1=1270
  pooled_calib:  n0=750 n1=750
  pooled_eval:   n0=1270 n1=1270
  regions (for macro stats only): 1103
[INFO] Cosine baseline routed to direct Hadamard sum (PrecomputedCosine)
[INFO] WeightedEnsemble Cosine judge routed to direct Hadamard sum
  [Ensemble] Judges routed to 'alt' input: PrecomputedCosine
[WeightedEnsemble] Fitted weights (alpha=0.0500, external calib):
  tau=0.9845, Pooled external calib: TPR=0.5947, FPR=0.0493
  PrecomputedCosine   : +0.4352
  PCAWhitenedCosine   : +0.0957
  XGBoost             : +0.1866
  Tiny MLP            : +0.2341
  LDA                 : +0.0484

Method                   | TPR    | FPR    | TrTPR  | TrFPR  | MacroTPR | MacroFPR | Regions | TauMean | ms    | OK? 
---------------------------------------------------------------------------------------------------------------------
Cosine                   | 0.3953 | 0.0299 | 0.4493 | 0.0493 | 0.3624   | 0.0436   | 841     | 0.9770  | 111.6 | PASS
AndBox-HC                | 0.3472 | 0.0346 | 0.3933 | 0.0493 | 0.3215   | 0.0505   | 841     | 0.0000  | 62.9  | PASS
PCAWhitenedCosine        | 0.5386 | 0.0496 | 0.5547 | 0.0493 | 0.4372   | 0.0715   | 841     | 0.9806  | 97.7  | PASS
Vec (Wgt)                | 0.4417 | 0.0331 | 0.5000 | 0.0493 | 0.3898   | 0.0479   | 841     | 0.9642  | 98.4  | PASS
Log Reg                  | 0.2205 | 0.0606 | 0.2560 | 0.0493 | 0.1950   | 0.0766   | 841     | 0.5125  | 112.7 | FAIL
LDA                      | 0.4976 | 0.0386 | 0.5387 | 0.0480 | 0.3998   | 0.0516   | 841     | 4.1154  | 115.4 | PASS
Tiny MLP                 | 0.5402 | 0.0480 | 0.5747 | 0.0493 | 0.4377   | 0.0691   | 841     | 0.8888  | 752.6 | PASS
MultiProtoCosine         | 0.0929 | 0.0606 | 0.1093 | 0.0493 | 0.0773   | 0.0565   | 841     | 0.9234  | 141.4 | FAIL
WeightedEnsemble         | 0.5559 | 0.0457 | 0.5947 | 0.0493 | 0.4660   | 0.0651   | 841     | 0.9845  | 782.5 | PASS
XGBoost                  | 0.4425 | 0.0378 | 0.4960 | 0.0493 | 0.3953   | 0.0564   | 841     | 0.7282  | 76.8  | PASS
LDA1+LogReg              | 0.2220 | 0.0614 | 0.2560 | 0.0493 | 0.1956   | 0.0775   | 841     | 0.5124  | 104.0 | FAIL
PCA16+LogReg             | 0.2197 | 0.0567 | 0.2547 | 0.0493 | 0.1965   | 0.0719   | 841     | 0.5122  | 129.5 | FAIL
PCA32+LogReg             | 0.2244 | 0.0591 | 0.2613 | 0.0493 | 0.1968   | 0.0759   | 841     | 0.5120  | 138.4 | FAIL
PCA16+VecWeighted        | 0.0693 | 0.0362 | 0.0893 | 0.0493 | 0.0601   | 0.0393   | 841     | 0.0347  | 130.4 | PASS
PCA32+VecWeighted        | 0.1087 | 0.0307 | 0.1120 | 0.0493 | 0.0850   | 0.0362   | 841     | 0.0357  | 136.6 | PASS
StabilizedWhitenedCosine | 0.4984 | 0.0378 | 0.5280 | 0.0493 | 0.3940   | 0.0559   | 841     | 1.0683  | 122.8 | PASS

[trial=6 seed=48] GLOBAL mode — total_samples=200000
  total: h0=82063 h1=15019
  pooled_train:  n0=1270 n1=1270
  pooled_calib:  n0=750 n1=750
  pooled_eval:   n0=1270 n1=1270
  regions (for macro stats only): 1103
[INFO] Cosine baseline routed to direct Hadamard sum (PrecomputedCosine)
[INFO] WeightedEnsemble Cosine judge routed to direct Hadamard sum
  [Ensemble] Judges routed to 'alt' input: PrecomputedCosine
[WeightedEnsemble] Fitted weights (alpha=0.0500, external calib):
  tau=1.1535, Pooled external calib: TPR=0.5280, FPR=0.0493
  PrecomputedCosine   : +0.1270
  PCAWhitenedCosine   : +0.4131
  XGBoost             : +0.2315
  Tiny MLP            : +0.0777
  LDA                 : +0.1507

Method                   | TPR    | FPR    | TrTPR  | TrFPR  | MacroTPR | MacroFPR | Regions | TauMean | ms    | OK? 
---------------------------------------------------------------------------------------------------------------------
Cosine                   | 0.4654 | 0.0331 | 0.4173 | 0.0493 | 0.4259   | 0.0522   | 853     | 0.9657  | 93.7  | PASS
AndBox-HC                | 0.3173 | 0.0370 | 0.3107 | 0.0493 | 0.2876   | 0.0521   | 853     | 0.0001  | 61.2  | PASS
PCAWhitenedCosine        | 0.5252 | 0.0465 | 0.5053 | 0.0493 | 0.4468   | 0.0672   | 853     | 0.9924  | 96.8  | PASS
Vec (Wgt)                | 0.5157 | 0.0417 | 0.4947 | 0.0493 | 0.4744   | 0.0632   | 853     | 0.9445  | 96.5  | PASS
Log Reg                  | 0.2819 | 0.0520 | 0.2840 | 0.0493 | 0.2419   | 0.0748   | 853     | 0.5098  | 108.1 | FAIL
LDA                      | 0.5504 | 0.0543 | 0.5040 | 0.0493 | 0.4683   | 0.0754   | 853     | 3.2991  | 101.7 | FAIL
Tiny MLP                 | 0.5236 | 0.0520 | 0.4827 | 0.0493 | 0.4408   | 0.0691   | 853     | 0.8759  | 404.0 | FAIL
MultiProtoCosine         | 0.1079 | 0.0465 | 0.0813 | 0.0493 | 0.0818   | 0.0581   | 853     | 0.9225  | 111.6 | PASS
WeightedEnsemble         | 0.5654 | 0.0472 | 0.5280 | 0.0493 | 0.4858   | 0.0652   | 853     | 1.1535  | 450.3 | PASS
XGBoost                  | 0.4677 | 0.0323 | 0.4227 | 0.0493 | 0.4152   | 0.0475   | 853     | 0.7303  | 81.0  | PASS
LDA1+LogReg              | 0.2850 | 0.0528 | 0.2880 | 0.0493 | 0.2455   | 0.0765   | 853     | 0.5098  | 100.4 | FAIL
PCA16+LogReg             | 0.2890 | 0.0496 | 0.2893 | 0.0493 | 0.2466   | 0.0704   | 853     | 0.5096  | 112.4 | PASS
PCA32+LogReg             | 0.2898 | 0.0520 | 0.2867 | 0.0493 | 0.2495   | 0.0740   | 853     | 0.5095  | 117.7 | FAIL
PCA16+VecWeighted        | 0.0890 | 0.0394 | 0.0987 | 0.0493 | 0.0681   | 0.0391   | 853     | 0.0293  | 108.5 | PASS
PCA32+VecWeighted        | 0.0827 | 0.0472 | 0.1000 | 0.0493 | 0.0758   | 0.0501   | 853     | 0.0348  | 112.2 | PASS
StabilizedWhitenedCosine | 0.4772 | 0.0441 | 0.4693 | 0.0493 | 0.3941   | 0.0624   | 853     | 1.0753  | 106.3 | PASS

[trial=7 seed=49] GLOBAL mode — total_samples=200000
  total: h0=82063 h1=15019
  pooled_train:  n0=1270 n1=1270
  pooled_calib:  n0=750 n1=750
  pooled_eval:   n0=1270 n1=1270
  regions (for macro stats only): 1103
[INFO] Cosine baseline routed to direct Hadamard sum (PrecomputedCosine)
[INFO] WeightedEnsemble Cosine judge routed to direct Hadamard sum
  [Ensemble] Judges routed to 'alt' input: PrecomputedCosine
[WeightedEnsemble] Fitted weights (alpha=0.0500, external calib):
  tau=0.9917, Pooled external calib: TPR=0.6187, FPR=0.0493
  PrecomputedCosine   : +0.3588
  PCAWhitenedCosine   : +0.3100
  XGBoost             : +0.1046
  Tiny MLP            : +0.0572
  LDA                 : +0.1694

Method                   | TPR    | FPR    | TrTPR  | TrFPR  | MacroTPR | MacroFPR | Regions | TauMean | ms    | OK? 
---------------------------------------------------------------------------------------------------------------------
Cosine                   | 0.4827 | 0.0543 | 0.4613 | 0.0493 | 0.4308   | 0.0726   | 852     | 0.9515  | 108.0 | FAIL
AndBox-HC                | 0.4520 | 0.0551 | 0.4147 | 0.0467 | 0.3960   | 0.0730   | 852     | -0.0000 | 66.9  | FAIL
PCAWhitenedCosine        | 0.5740 | 0.0551 | 0.5453 | 0.0493 | 0.4645   | 0.0806   | 852     | 0.7702  | 97.1  | FAIL
Vec (Wgt)                | 0.5299 | 0.0535 | 0.5013 | 0.0493 | 0.4713   | 0.0751   | 852     | 0.9309  | 98.8  | FAIL
Log Reg                  | 0.3118 | 0.0520 | 0.2787 | 0.0493 | 0.2555   | 0.0805   | 852     | 0.5087  | 112.3 | FAIL
LDA                      | 0.5717 | 0.0575 | 0.5507 | 0.0493 | 0.4521   | 0.0852   | 852     | 3.1667  | 109.9 | FAIL
Tiny MLP                 | 0.6016 | 0.0591 | 0.5827 | 0.0493 | 0.4931   | 0.0907   | 852     | 0.8055  | 403.7 | FAIL
MultiProtoCosine         | 0.0984 | 0.0551 | 0.0827 | 0.0493 | 0.0692   | 0.0615   | 852     | 0.9233  | 111.4 | FAIL
WeightedEnsemble         | 0.6346 | 0.0701 | 0.6187 | 0.0493 | 0.5189   | 0.1054   | 852     | 0.9917  | 439.7 | FAIL
XGBoost                  | 0.5260 | 0.0504 | 0.5227 | 0.0493 | 0.4568   | 0.0735   | 852     | 0.6755  | 80.3  | FAIL
LDA1+LogReg              | 0.3118 | 0.0520 | 0.2787 | 0.0493 | 0.2555   | 0.0805   | 852     | 0.5087  | 109.1 | FAIL
PCA16+LogReg             | 0.3134 | 0.0512 | 0.2720 | 0.0493 | 0.2575   | 0.0790   | 852     | 0.5085  | 115.8 | FAIL
PCA32+LogReg             | 0.3181 | 0.0488 | 0.2800 | 0.0493 | 0.2628   | 0.0765   | 852     | 0.5083  | 118.4 | PASS
PCA16+VecWeighted        | 0.2260 | 0.0425 | 0.1933 | 0.0493 | 0.1767   | 0.0559   | 852     | 0.0238  | 112.0 | PASS
PCA32+VecWeighted        | 0.2008 | 0.0354 | 0.1693 | 0.0493 | 0.1536   | 0.0513   | 852     | 0.0304  | 116.0 | PASS
StabilizedWhitenedCosine | 0.5638 | 0.0488 | 0.5307 | 0.0480 | 0.4667   | 0.0757   | 852     | 0.7986  | 107.5 | PASS

[trial=8 seed=50] GLOBAL mode — total_samples=200000
  total: h0=82063 h1=15019
  pooled_train:  n0=1270 n1=1270
  pooled_calib:  n0=750 n1=750
  pooled_eval:   n0=1270 n1=1270
  regions (for macro stats only): 1103
[INFO] Cosine baseline routed to direct Hadamard sum (PrecomputedCosine)
[INFO] WeightedEnsemble Cosine judge routed to direct Hadamard sum
  [Ensemble] Judges routed to 'alt' input: PrecomputedCosine
[WeightedEnsemble] Fitted weights (alpha=0.0500, external calib):
  tau=1.0349, Pooled external calib: TPR=0.5453, FPR=0.0493
  PrecomputedCosine   : +0.2832
  PCAWhitenedCosine   : +0.0456
  XGBoost             : +0.2004
  Tiny MLP            : +0.4151
  LDA                 : +0.0558

Method                   | TPR    | FPR    | TrTPR  | TrFPR  | MacroTPR | MacroFPR | Regions | TauMean | ms    | OK? 
---------------------------------------------------------------------------------------------------------------------
Cosine                   | 0.5039 | 0.0535 | 0.4547 | 0.0493 | 0.4504   | 0.0811   | 865     | 0.9606  | 116.3 | FAIL
AndBox-HC                | 0.3969 | 0.0488 | 0.3627 | 0.0493 | 0.3834   | 0.0760   | 865     | 0.0000  | 64.8  | PASS
PCAWhitenedCosine        | 0.5496 | 0.0535 | 0.5267 | 0.0493 | 0.4474   | 0.0785   | 865     | 1.0181  | 100.0 | FAIL
Vec (Wgt)                | 0.5181 | 0.0504 | 0.4747 | 0.0493 | 0.4575   | 0.0763   | 865     | 0.9471  | 100.2 | FAIL
Log Reg                  | 0.3165 | 0.0409 | 0.3147 | 0.0493 | 0.2568   | 0.0638   | 865     | 0.5085  | 117.9 | PASS
LDA                      | 0.4992 | 0.0315 | 0.5040 | 0.0493 | 0.3905   | 0.0534   | 865     | 4.4178  | 105.9 | PASS
Tiny MLP                 | 0.5213 | 0.0402 | 0.5267 | 0.0467 | 0.4128   | 0.0650   | 865     | 0.9253  | 477.8 | PASS
MultiProtoCosine         | 0.0748 | 0.0488 | 0.0947 | 0.0493 | 0.0629   | 0.0599   | 865     | 0.9243  | 119.2 | PASS
WeightedEnsemble         | 0.5654 | 0.0386 | 0.5453 | 0.0493 | 0.4479   | 0.0647   | 865     | 1.0349  | 529.4 | PASS
XGBoost                  | 0.4882 | 0.0433 | 0.4573 | 0.0493 | 0.4198   | 0.0651   | 865     | 0.7247  | 82.6  | PASS
LDA1+LogReg              | 0.3150 | 0.0409 | 0.3147 | 0.0493 | 0.2544   | 0.0638   | 865     | 0.5084  | 110.0 | PASS
PCA16+LogReg             | 0.3055 | 0.0433 | 0.3147 | 0.0493 | 0.2447   | 0.0672   | 865     | 0.5084  | 117.8 | PASS
PCA32+LogReg             | 0.3189 | 0.0425 | 0.3173 | 0.0493 | 0.2556   | 0.0664   | 865     | 0.5083  | 119.7 | PASS
PCA16+VecWeighted        | 0.1220 | 0.0449 | 0.1320 | 0.0493 | 0.1104   | 0.0524   | 865     | 0.0326  | 113.2 | PASS
PCA32+VecWeighted        | 0.1457 | 0.0535 | 0.1400 | 0.0493 | 0.1309   | 0.0775   | 865     | 0.0335  | 117.5 | FAIL
StabilizedWhitenedCosine | 0.4764 | 0.0441 | 0.4773 | 0.0493 | 0.3914   | 0.0676   | 865     | 1.1192  | 108.5 | PASS

[trial=9 seed=51] GLOBAL mode — total_samples=200000
  total: h0=82063 h1=15019
  pooled_train:  n0=1270 n1=1270
  pooled_calib:  n0=750 n1=750
  pooled_eval:   n0=1270 n1=1270
  regions (for macro stats only): 1103
[INFO] Cosine baseline routed to direct Hadamard sum (PrecomputedCosine)
[INFO] WeightedEnsemble Cosine judge routed to direct Hadamard sum
  [Ensemble] Judges routed to 'alt' input: PrecomputedCosine
[WeightedEnsemble] Fitted weights (alpha=0.0500, external calib):
  tau=1.1156, Pooled external calib: TPR=0.5667, FPR=0.0493
  PrecomputedCosine   : +0.1817
  PCAWhitenedCosine   : +0.4603
  XGBoost             : +0.0868
  Tiny MLP            : +0.1854
  LDA                 : +0.0858

Method                   | TPR    | FPR    | TrTPR  | TrFPR  | MacroTPR | MacroFPR | Regions | TauMean | ms    | OK? 
---------------------------------------------------------------------------------------------------------------------
Cosine                   | 0.4543 | 0.0433 | 0.4573 | 0.0493 | 0.4114   | 0.0657   | 858     | 0.9642  | 106.5 | PASS
AndBox-HC                | 0.3614 | 0.0346 | 0.3613 | 0.0493 | 0.3059   | 0.0496   | 858     | 0.0001  | 61.8  | PASS
PCAWhitenedCosine        | 0.5047 | 0.0362 | 0.4893 | 0.0493 | 0.3833   | 0.0534   | 858     | 1.1219  | 97.8  | PASS
Vec (Wgt)                | 0.4724 | 0.0402 | 0.4627 | 0.0493 | 0.4091   | 0.0569   | 858     | 0.9637  | 97.4  | PASS
Log Reg                  | 0.2787 | 0.0394 | 0.2600 | 0.0467 | 0.2218   | 0.0552   | 858     | 0.5098  | 112.6 | PASS
LDA                      | 0.5213 | 0.0457 | 0.5173 | 0.0493 | 0.3919   | 0.0658   | 858     | 4.0796  | 104.0 | PASS
Tiny MLP                 | 0.5291 | 0.0504 | 0.5227 | 0.0493 | 0.4074   | 0.0737   | 858     | 0.8997  | 465.8 | FAIL
MultiProtoCosine         | 0.1094 | 0.0441 | 0.1093 | 0.0493 | 0.0832   | 0.0588   | 858     | 0.9208  | 113.8 | PASS
WeightedEnsemble         | 0.5764 | 0.0504 | 0.5667 | 0.0493 | 0.4436   | 0.0696   | 858     | 1.1156  | 512.7 | FAIL
XGBoost                  | 0.4921 | 0.0457 | 0.4667 | 0.0493 | 0.4270   | 0.0630   | 858     | 0.7260  | 83.2  | PASS
LDA1+LogReg              | 0.2811 | 0.0394 | 0.2653 | 0.0467 | 0.2244   | 0.0552   | 858     | 0.5098  | 110.8 | PASS
PCA16+LogReg             | 0.2764 | 0.0394 | 0.2707 | 0.0493 | 0.2183   | 0.0558   | 858     | 0.5098  | 113.2 | PASS
PCA32+LogReg             | 0.2795 | 0.0354 | 0.2667 | 0.0480 | 0.2233   | 0.0493   | 858     | 0.5095  | 116.2 | PASS
PCA16+VecWeighted        | 0.1031 | 0.0276 | 0.1027 | 0.0493 | 0.0823   | 0.0326   | 858     | 0.0328  | 110.8 | PASS
PCA32+VecWeighted        | 0.1047 | 0.0339 | 0.0920 | 0.0493 | 0.0879   | 0.0413   | 858     | 0.0351  | 113.4 | PASS
StabilizedWhitenedCosine | 0.5409 | 0.0441 | 0.5333 | 0.0493 | 0.4279   | 0.0637   | 858     | 0.9530  | 104.6 | PASS

[trial=10 seed=52] GLOBAL mode — total_samples=200000
  total: h0=82063 h1=15019
  pooled_train:  n0=1270 n1=1270
  pooled_calib:  n0=750 n1=750
  pooled_eval:   n0=1270 n1=1270
  regions (for macro stats only): 1103
[INFO] Cosine baseline routed to direct Hadamard sum (PrecomputedCosine)
[INFO] WeightedEnsemble Cosine judge routed to direct Hadamard sum
  [Ensemble] Judges routed to 'alt' input: PrecomputedCosine
[WeightedEnsemble] Fitted weights (alpha=0.0500, external calib):
  tau=0.8249, Pooled external calib: TPR=0.5173, FPR=0.0493
  PrecomputedCosine   : +0.1369
  PCAWhitenedCosine   : +0.3322
  XGBoost             : +0.4468
  Tiny MLP            : +0.0732
  LDA                 : +0.0110

Method                   | TPR    | FPR    | TrTPR  | TrFPR  | MacroTPR | MacroFPR | Regions | TauMean | ms    | OK? 
---------------------------------------------------------------------------------------------------------------------
Cosine                   | 0.4362 | 0.0512 | 0.4187 | 0.0493 | 0.3975   | 0.0630   | 868     | 0.9657  | 79.7  | FAIL
AndBox-HC                | 0.3268 | 0.0496 | 0.2960 | 0.0493 | 0.3187   | 0.0577   | 868     | 0.0000  | 61.6  | PASS
PCAWhitenedCosine        | 0.4827 | 0.0339 | 0.4893 | 0.0493 | 0.3895   | 0.0513   | 868     | 1.0050  | 59.5  | PASS
Vec (Wgt)                | 0.4913 | 0.0583 | 0.4653 | 0.0493 | 0.4447   | 0.0752   | 868     | 0.9396  | 59.7  | FAIL
Log Reg                  | 0.2339 | 0.0433 | 0.2333 | 0.0493 | 0.1991   | 0.0627   | 868     | 0.5120  | 70.4  | PASS
LDA                      | 0.4614 | 0.0315 | 0.4693 | 0.0493 | 0.3758   | 0.0452   | 868     | 4.0442  | 62.2  | PASS
Tiny MLP                 | 0.4709 | 0.0323 | 0.4600 | 0.0493 | 0.3926   | 0.0472   | 868     | 0.8824  | 470.2 | PASS
MultiProtoCosine         | 0.0929 | 0.0504 | 0.1013 | 0.0493 | 0.0729   | 0.0552   | 868     | 0.9229  | 114.2 | FAIL
WeightedEnsemble         | 0.5063 | 0.0378 | 0.5173 | 0.0493 | 0.4123   | 0.0547   | 868     | 0.8249  | 514.9 | PASS
XGBoost                  | 0.4795 | 0.0520 | 0.4493 | 0.0493 | 0.4231   | 0.0669   | 868     | 0.6982  | 78.6  | FAIL
LDA1+LogReg              | 0.2370 | 0.0441 | 0.2360 | 0.0493 | 0.2008   | 0.0632   | 868     | 0.5119  | 104.8 | PASS
PCA16+LogReg             | 0.2488 | 0.0465 | 0.2400 | 0.0493 | 0.2091   | 0.0656   | 868     | 0.5115  | 113.0 | PASS
PCA32+LogReg             | 0.2606 | 0.0496 | 0.2533 | 0.0493 | 0.2182   | 0.0700   | 868     | 0.5110  | 115.9 | PASS
PCA16+VecWeighted        | 0.0858 | 0.0441 | 0.0973 | 0.0493 | 0.0927   | 0.0478   | 868     | 0.0275  | 110.9 | PASS
PCA32+VecWeighted        | 0.1331 | 0.0622 | 0.1333 | 0.0493 | 0.1286   | 0.0550   | 868     | 0.0294  | 113.0 | FAIL
StabilizedWhitenedCosine | 0.4921 | 0.0362 | 0.4933 | 0.0493 | 0.4117   | 0.0530   | 868     | 0.9293  | 105.1 | PASS

[trial=11 seed=53] GLOBAL mode — total_samples=200000
  total: h0=82063 h1=15019
  pooled_train:  n0=1270 n1=1270
  pooled_calib:  n0=750 n1=750
  pooled_eval:   n0=1270 n1=1270
  regions (for macro stats only): 1103
[INFO] Cosine baseline routed to direct Hadamard sum (PrecomputedCosine)
[INFO] WeightedEnsemble Cosine judge routed to direct Hadamard sum
  [Ensemble] Judges routed to 'alt' input: PrecomputedCosine
[WeightedEnsemble] Fitted weights (alpha=0.0500, external calib):
  tau=1.4454, Pooled external calib: TPR=0.5787, FPR=0.0493
  PrecomputedCosine   : +0.1354
  PCAWhitenedCosine   : +0.2494
  XGBoost             : +0.0591
  Tiny MLP            : +0.2810
  LDA                 : +0.2751

Method                   | TPR    | FPR    | TrTPR  | TrFPR  | MacroTPR | MacroFPR | Regions | TauMean | ms    | OK? 
---------------------------------------------------------------------------------------------------------------------
Cosine                   | 0.4685 | 0.0591 | 0.4693 | 0.0493 | 0.4257   | 0.0867   | 870     | 0.9633  | 108.8 | FAIL
AndBox-HC                | 0.4000 | 0.0551 | 0.4107 | 0.0493 | 0.3661   | 0.0798   | 870     | 0.0000  | 62.2  | FAIL
PCAWhitenedCosine        | 0.5063 | 0.0528 | 0.5040 | 0.0493 | 0.4038   | 0.0755   | 870     | 0.9895  | 98.5  | FAIL
Vec (Wgt)                | 0.5039 | 0.0583 | 0.5000 | 0.0493 | 0.4574   | 0.0899   | 870     | 0.9496  | 98.7  | FAIL
Log Reg                  | 0.2488 | 0.0591 | 0.2227 | 0.0493 | 0.2171   | 0.0724   | 870     | 0.5123  | 109.8 | FAIL
LDA                      | 0.5197 | 0.0528 | 0.5467 | 0.0493 | 0.4262   | 0.0760   | 870     | 3.4217  | 104.6 | FAIL
Tiny MLP                 | 0.4992 | 0.0559 | 0.5387 | 0.0493 | 0.4077   | 0.0786   | 870     | 0.9025  | 474.6 | FAIL
MultiProtoCosine         | 0.1024 | 0.0480 | 0.0880 | 0.0493 | 0.0821   | 0.0566   | 870     | 0.9253  | 113.8 | PASS
WeightedEnsemble         | 0.5654 | 0.0583 | 0.5787 | 0.0493 | 0.4638   | 0.0850   | 870     | 1.4454  | 522.8 | FAIL
XGBoost                  | 0.4740 | 0.0551 | 0.4813 | 0.0493 | 0.4211   | 0.0795   | 870     | 0.7269  | 79.3  | FAIL
LDA1+LogReg              | 0.2488 | 0.0583 | 0.2227 | 0.0493 | 0.2171   | 0.0707   | 870     | 0.5123  | 105.9 | FAIL
PCA16+LogReg             | 0.2472 | 0.0575 | 0.2240 | 0.0493 | 0.2141   | 0.0708   | 870     | 0.5121  | 111.5 | FAIL
PCA32+LogReg             | 0.2528 | 0.0567 | 0.2280 | 0.0493 | 0.2178   | 0.0703   | 870     | 0.5119  | 115.4 | FAIL
PCA16+VecWeighted        | 0.0362 | 0.0480 | 0.0333 | 0.0493 | 0.0512   | 0.0429   | 870     | 0.0315  | 110.8 | PASS
PCA32+VecWeighted        | 0.0331 | 0.0402 | 0.0280 | 0.0493 | 0.0515   | 0.0286   | 870     | 0.0406  | 111.1 | PASS
StabilizedWhitenedCosine | 0.5315 | 0.0512 | 0.5373 | 0.0493 | 0.4615   | 0.0800   | 870     | 0.9154  | 102.5 | FAIL

[trial=12 seed=54] GLOBAL mode — total_samples=200000
  total: h0=82063 h1=15019
  pooled_train:  n0=1270 n1=1270
  pooled_calib:  n0=750 n1=750
  pooled_eval:   n0=1270 n1=1270
  regions (for macro stats only): 1103
[INFO] Cosine baseline routed to direct Hadamard sum (PrecomputedCosine)
[INFO] WeightedEnsemble Cosine judge routed to direct Hadamard sum
  [Ensemble] Judges routed to 'alt' input: PrecomputedCosine
[WeightedEnsemble] Fitted weights (alpha=0.0500, external calib):
  tau=0.9280, Pooled external calib: TPR=0.5600, FPR=0.0493
  PrecomputedCosine   : +0.5316
  PCAWhitenedCosine   : +0.2031
  XGBoost             : +0.0553
  Tiny MLP            : +0.1785
  LDA                 : +0.0315

Method                   | TPR    | FPR    | TrTPR  | TrFPR  | MacroTPR | MacroFPR | Regions | TauMean | ms    | OK? 
---------------------------------------------------------------------------------------------------------------------
Cosine                   | 0.5024 | 0.0622 | 0.4680 | 0.0493 | 0.4675   | 0.0916   | 846     | 0.9458  | 98.7  | FAIL
AndBox-HC                | 0.4646 | 0.0638 | 0.4213 | 0.0493 | 0.4351   | 0.0861   | 846     | 0.0000  | 65.2  | FAIL
PCAWhitenedCosine        | 0.5394 | 0.0488 | 0.5280 | 0.0493 | 0.4483   | 0.0712   | 846     | 0.8761  | 97.4  | PASS
Vec (Wgt)                | 0.5307 | 0.0685 | 0.5147 | 0.0493 | 0.4913   | 0.1015   | 846     | 0.9278  | 97.8  | FAIL
Log Reg                  | 0.2583 | 0.0504 | 0.2120 | 0.0493 | 0.2161   | 0.0734   | 846     | 0.5109  | 107.5 | FAIL
LDA                      | 0.5205 | 0.0575 | 0.5027 | 0.0493 | 0.4204   | 0.0850   | 846     | 3.7618  | 101.6 | FAIL
Tiny MLP                 | 0.5291 | 0.0535 | 0.5040 | 0.0493 | 0.4162   | 0.0775   | 846     | 0.8845  | 403.7 | FAIL
MultiProtoCosine         | 0.0913 | 0.0512 | 0.0853 | 0.0493 | 0.0796   | 0.0652   | 846     | 0.9222  | 112.2 | FAIL
WeightedEnsemble         | 0.5748 | 0.0528 | 0.5600 | 0.0493 | 0.4815   | 0.0802   | 846     | 0.9280  | 448.9 | FAIL
XGBoost                  | 0.5134 | 0.0496 | 0.4707 | 0.0493 | 0.4536   | 0.0734   | 846     | 0.7029  | 78.9  | PASS
LDA1+LogReg              | 0.2622 | 0.0504 | 0.2120 | 0.0493 | 0.2192   | 0.0734   | 846     | 0.5108  | 101.2 | FAIL
PCA16+LogReg             | 0.2622 | 0.0504 | 0.2187 | 0.0493 | 0.2226   | 0.0719   | 846     | 0.5104  | 110.5 | FAIL
PCA32+LogReg             | 0.2732 | 0.0512 | 0.2213 | 0.0493 | 0.2310   | 0.0748   | 846     | 0.5102  | 112.8 | FAIL
PCA16+VecWeighted        | 0.1087 | 0.0362 | 0.1200 | 0.0493 | 0.0865   | 0.0301   | 846     | 0.0314  | 109.0 | PASS
PCA32+VecWeighted        | 0.0819 | 0.0488 | 0.0947 | 0.0493 | 0.0708   | 0.0412   | 846     | 0.0389  | 111.2 | PASS
StabilizedWhitenedCosine | 0.5480 | 0.0496 | 0.5480 | 0.0493 | 0.4656   | 0.0757   | 846     | 0.8899  | 101.7 | PASS

[trial=13 seed=55] GLOBAL mode — total_samples=200000
  total: h0=82063 h1=15019
  pooled_train:  n0=1270 n1=1270
  pooled_calib:  n0=750 n1=750
  pooled_eval:   n0=1270 n1=1270
  regions (for macro stats only): 1103
[INFO] Cosine baseline routed to direct Hadamard sum (PrecomputedCosine)
[INFO] WeightedEnsemble Cosine judge routed to direct Hadamard sum
  [Ensemble] Judges routed to 'alt' input: PrecomputedCosine
[WeightedEnsemble] Fitted weights (alpha=0.0500, external calib):
  tau=0.9145, Pooled external calib: TPR=0.5560, FPR=0.0493
  PrecomputedCosine   : +0.4364
  PCAWhitenedCosine   : +0.0571
  XGBoost             : +0.1048
  Tiny MLP            : +0.3819
  LDA                 : +0.0199

Method                   | TPR    | FPR    | TrTPR  | TrFPR  | MacroTPR | MacroFPR | Regions | TauMean | ms    | OK? 
---------------------------------------------------------------------------------------------------------------------
Cosine                   | 0.4921 | 0.0480 | 0.4813 | 0.0493 | 0.4399   | 0.0745   | 844     | 0.9539  | 298.5 | PASS
AndBox-HC                | 0.4622 | 0.0512 | 0.4640 | 0.0493 | 0.4292   | 0.0771   | 844     | -0.0000 | 66.9  | FAIL
PCAWhitenedCosine        | 0.4787 | 0.0315 | 0.4947 | 0.0493 | 0.3681   | 0.0514   | 844     | 1.1152  | 101.3 | PASS
Vec (Wgt)                | 0.5150 | 0.0425 | 0.5093 | 0.0493 | 0.4580   | 0.0713   | 844     | 0.9469  | 102.1 | PASS
Log Reg                  | 0.1929 | 0.0331 | 0.2013 | 0.0493 | 0.1751   | 0.0527   | 844     | 0.5123  | 117.9 | PASS
LDA                      | 0.4850 | 0.0299 | 0.4920 | 0.0493 | 0.3748   | 0.0412   | 844     | 3.9648  | 107.1 | PASS
Tiny MLP                 | 0.4984 | 0.0378 | 0.5067 | 0.0493 | 0.3933   | 0.0531   | 844     | 0.9063  | 398.3 | PASS
MultiProtoCosine         | 0.0724 | 0.0496 | 0.0800 | 0.0493 | 0.0649   | 0.0614   | 844     | 0.9242  | 121.9 | PASS
WeightedEnsemble         | 0.5331 | 0.0315 | 0.5560 | 0.0493 | 0.4343   | 0.0503   | 844     | 0.9145  | 462.4 | PASS
XGBoost                  | 0.5402 | 0.0480 | 0.5307 | 0.0493 | 0.4675   | 0.0764   | 844     | 0.6830  | 84.0  | PASS
LDA1+LogReg              | 0.1961 | 0.0323 | 0.2027 | 0.0493 | 0.1771   | 0.0509   | 844     | 0.5123  | 112.4 | PASS
PCA16+LogReg             | 0.1913 | 0.0307 | 0.2013 | 0.0493 | 0.1704   | 0.0486   | 844     | 0.5120  | 121.4 | PASS
PCA32+LogReg             | 0.1961 | 0.0299 | 0.2067 | 0.0493 | 0.1766   | 0.0469   | 844     | 0.5119  | 122.4 | PASS
PCA16+VecWeighted        | 0.1118 | 0.0606 | 0.1067 | 0.0493 | 0.0887   | 0.0632   | 844     | 0.0257  | 119.2 | FAIL
PCA32+VecWeighted        | 0.1268 | 0.0449 | 0.1200 | 0.0493 | 0.0998   | 0.0513   | 844     | 0.0325  | 119.9 | PASS
StabilizedWhitenedCosine | 0.4961 | 0.0315 | 0.4773 | 0.0493 | 0.3854   | 0.0502   | 844     | 1.0819  | 109.2 | PASS

[trial=14 seed=56] GLOBAL mode — total_samples=200000
  total: h0=82063 h1=15019
  pooled_train:  n0=1270 n1=1270
  pooled_calib:  n0=750 n1=750
  pooled_eval:   n0=1270 n1=1270
  regions (for macro stats only): 1103
[INFO] Cosine baseline routed to direct Hadamard sum (PrecomputedCosine)
[INFO] WeightedEnsemble Cosine judge routed to direct Hadamard sum
  [Ensemble] Judges routed to 'alt' input: PrecomputedCosine
[WeightedEnsemble] Fitted weights (alpha=0.0500, external calib):
  tau=0.9614, Pooled external calib: TPR=0.5707, FPR=0.0493
  PrecomputedCosine   : +0.1298
  PCAWhitenedCosine   : +0.1391
  XGBoost             : +0.2872
  Tiny MLP            : +0.3596
  LDA                 : +0.0844

Method                   | TPR    | FPR    | TrTPR  | TrFPR  | MacroTPR | MacroFPR | Regions | TauMean | ms    | OK? 
---------------------------------------------------------------------------------------------------------------------
Cosine                   | 0.4433 | 0.0441 | 0.4347 | 0.0493 | 0.4070   | 0.0638   | 862     | 0.9630  | 135.7 | PASS
AndBox-HC                | 0.3787 | 0.0457 | 0.3800 | 0.0493 | 0.3606   | 0.0689   | 862     | 0.0000  | 67.1  | PASS
PCAWhitenedCosine        | 0.5323 | 0.0567 | 0.5160 | 0.0493 | 0.4421   | 0.0812   | 862     | 0.9158  | 109.4 | FAIL
Vec (Wgt)                | 0.4866 | 0.0496 | 0.4933 | 0.0493 | 0.4412   | 0.0734   | 862     | 0.9440  | 109.2 | PASS
Log Reg                  | 0.2488 | 0.0535 | 0.2707 | 0.0493 | 0.2177   | 0.0784   | 862     | 0.5100  | 118.8 | FAIL
LDA                      | 0.5094 | 0.0575 | 0.4947 | 0.0493 | 0.4171   | 0.0781   | 862     | 3.8484  | 122.1 | FAIL
Tiny MLP                 | 0.5528 | 0.0591 | 0.5480 | 0.0493 | 0.4644   | 0.0834   | 862     | 0.8224  | 753.6 | FAIL
MultiProtoCosine         | 0.0693 | 0.0480 | 0.0787 | 0.0493 | 0.0537   | 0.0550   | 862     | 0.9241  | 170.8 | PASS
WeightedEnsemble         | 0.5827 | 0.0559 | 0.5707 | 0.0493 | 0.4965   | 0.0769   | 862     | 0.9614  | 848.2 | FAIL
XGBoost                  | 0.5094 | 0.0528 | 0.5027 | 0.0493 | 0.4586   | 0.0764   | 862     | 0.6877  | 79.0  | FAIL
LDA1+LogReg              | 0.2488 | 0.0535 | 0.2707 | 0.0493 | 0.2177   | 0.0784   | 862     | 0.5100  | 110.4 | FAIL
PCA16+LogReg             | 0.2685 | 0.0512 | 0.2907 | 0.0493 | 0.2311   | 0.0747   | 862     | 0.5095  | 143.0 | FAIL
PCA32+LogReg             | 0.2614 | 0.0520 | 0.2840 | 0.0493 | 0.2292   | 0.0761   | 862     | 0.5096  | 185.4 | FAIL
PCA16+VecWeighted        | 0.0394 | 0.0504 | 0.0560 | 0.0493 | 0.0397   | 0.0231   | 862     | 0.0380  | 137.8 | FAIL
PCA32+VecWeighted        | 0.0685 | 0.0543 | 0.0787 | 0.0493 | 0.0483   | 0.0201   | 862     | 0.0431  | 124.6 | FAIL
StabilizedWhitenedCosine | 0.5520 | 0.0622 | 0.5653 | 0.0493 | 0.4604   | 0.0904   | 862     | 0.8112  | 119.4 | FAIL

[trial=15 seed=57] GLOBAL mode — total_samples=200000
  total: h0=82063 h1=15019
  pooled_train:  n0=1270 n1=1270
  pooled_calib:  n0=750 n1=750
  pooled_eval:   n0=1270 n1=1270
  regions (for macro stats only): 1103
[INFO] Cosine baseline routed to direct Hadamard sum (PrecomputedCosine)
[INFO] WeightedEnsemble Cosine judge routed to direct Hadamard sum
  [Ensemble] Judges routed to 'alt' input: PrecomputedCosine
[WeightedEnsemble] Fitted weights (alpha=0.0500, external calib):
  tau=0.8932, Pooled external calib: TPR=0.6120, FPR=0.0493
  PrecomputedCosine   : +0.3246
  PCAWhitenedCosine   : +0.1636
  XGBoost             : +0.2291
  Tiny MLP            : +0.2081
  LDA                 : +0.0747

Method                   | TPR    | FPR    | TrTPR  | TrFPR  | MacroTPR | MacroFPR | Regions | TauMean | ms    | OK? 
---------------------------------------------------------------------------------------------------------------------
Cosine                   | 0.4827 | 0.0567 | 0.4507 | 0.0493 | 0.4425   | 0.0856   | 858     | 0.9552  | 304.7 | FAIL
AndBox-HC                | 0.4622 | 0.0622 | 0.4453 | 0.0493 | 0.4299   | 0.0892   | 858     | 0.0000  | 66.9  | FAIL
PCAWhitenedCosine        | 0.5724 | 0.0567 | 0.5467 | 0.0493 | 0.4648   | 0.0891   | 858     | 0.8358  | 102.0 | FAIL
Vec (Wgt)                | 0.5094 | 0.0504 | 0.4920 | 0.0480 | 0.4540   | 0.0828   | 858     | 0.9467  | 99.2  | FAIL
Log Reg                  | 0.2339 | 0.0528 | 0.2480 | 0.0493 | 0.2083   | 0.0604   | 858     | 0.5112  | 111.6 | FAIL
LDA                      | 0.5394 | 0.0551 | 0.5067 | 0.0493 | 0.4249   | 0.0821   | 858     | 3.5679  | 104.5 | FAIL
Tiny MLP                 | 0.5409 | 0.0567 | 0.5053 | 0.0493 | 0.4311   | 0.0840   | 858     | 0.8968  | 406.5 | FAIL
MultiProtoCosine         | 0.0969 | 0.0598 | 0.0880 | 0.0493 | 0.0705   | 0.0533   | 858     | 0.9228  | 121.3 | FAIL
WeightedEnsemble         | 0.6362 | 0.0693 | 0.6120 | 0.0493 | 0.5423   | 0.1063   | 858     | 0.8932  | 456.1 | FAIL
XGBoost                  | 0.4984 | 0.0535 | 0.4747 | 0.0493 | 0.4324   | 0.0825   | 858     | 0.7071  | 82.7  | FAIL
LDA1+LogReg              | 0.2339 | 0.0535 | 0.2480 | 0.0493 | 0.2070   | 0.0607   | 858     | 0.5112  | 108.9 | FAIL
PCA16+LogReg             | 0.2504 | 0.0520 | 0.2507 | 0.0493 | 0.2111   | 0.0584   | 858     | 0.5107  | 116.7 | FAIL
PCA32+LogReg             | 0.2433 | 0.0520 | 0.2520 | 0.0493 | 0.2129   | 0.0584   | 858     | 0.5107  | 118.9 | FAIL
PCA16+VecWeighted        | 0.0969 | 0.0465 | 0.0960 | 0.0493 | 0.0952   | 0.0535   | 858     | 0.0308  | 112.3 | PASS
PCA32+VecWeighted        | 0.1110 | 0.0496 | 0.0747 | 0.0493 | 0.1013   | 0.0484   | 858     | 0.0350  | 114.7 | PASS
StabilizedWhitenedCosine | 0.5630 | 0.0606 | 0.5533 | 0.0493 | 0.4717   | 0.0935   | 858     | 0.8449  | 110.8 | FAIL

[trial=16 seed=58] GLOBAL mode — total_samples=200000
  total: h0=82063 h1=15019
  pooled_train:  n0=1270 n1=1270
  pooled_calib:  n0=750 n1=750
  pooled_eval:   n0=1270 n1=1270
  regions (for macro stats only): 1103
[INFO] Cosine baseline routed to direct Hadamard sum (PrecomputedCosine)
[INFO] WeightedEnsemble Cosine judge routed to direct Hadamard sum
  [Ensemble] Judges routed to 'alt' input: PrecomputedCosine
[WeightedEnsemble] Fitted weights (alpha=0.0500, external calib):
  tau=0.8899, Pooled external calib: TPR=0.5547, FPR=0.0493
  PrecomputedCosine   : +0.1195
  PCAWhitenedCosine   : +0.3770
  XGBoost             : +0.2691
  Tiny MLP            : +0.2045
  LDA                 : +0.0298

Method                   | TPR    | FPR    | TrTPR  | TrFPR  | MacroTPR | MacroFPR | Regions | TauMean | ms    | OK? 
---------------------------------------------------------------------------------------------------------------------
Cosine                   | 0.4709 | 0.0449 | 0.4560 | 0.0493 | 0.4293   | 0.0633   | 852     | 0.9616  | 92.0  | PASS
AndBox-HC                | 0.3441 | 0.0370 | 0.2947 | 0.0493 | 0.3063   | 0.0490   | 852     | 0.0001  | 64.1  | PASS
PCAWhitenedCosine        | 0.5567 | 0.0551 | 0.5227 | 0.0493 | 0.4333   | 0.0715   | 852     | 0.9614  | 97.3  | FAIL
Vec (Wgt)                | 0.5165 | 0.0528 | 0.4853 | 0.0493 | 0.4615   | 0.0736   | 852     | 0.9489  | 97.9  | FAIL
Log Reg                  | 0.2827 | 0.0583 | 0.2787 | 0.0493 | 0.2236   | 0.0795   | 852     | 0.5095  | 114.7 | FAIL
LDA                      | 0.4780 | 0.0378 | 0.4400 | 0.0493 | 0.3646   | 0.0487   | 852     | 3.9915  | 102.3 | PASS
Tiny MLP                 | 0.5598 | 0.0520 | 0.5187 | 0.0493 | 0.4356   | 0.0710   | 852     | 0.8591  | 406.5 | FAIL
MultiProtoCosine         | 0.0835 | 0.0339 | 0.0800 | 0.0493 | 0.0614   | 0.0399   | 852     | 0.9252  | 114.2 | PASS
WeightedEnsemble         | 0.5819 | 0.0520 | 0.5547 | 0.0493 | 0.4567   | 0.0707   | 852     | 0.8899  | 450.8 | FAIL
XGBoost                  | 0.5126 | 0.0472 | 0.4840 | 0.0493 | 0.4404   | 0.0670   | 852     | 0.7050  | 80.1  | PASS
LDA1+LogReg              | 0.2835 | 0.0583 | 0.2800 | 0.0493 | 0.2241   | 0.0795   | 852     | 0.5095  | 106.3 | FAIL
PCA16+LogReg             | 0.2787 | 0.0512 | 0.2693 | 0.0493 | 0.2209   | 0.0709   | 852     | 0.5096  | 115.7 | FAIL
PCA32+LogReg             | 0.2858 | 0.0559 | 0.2840 | 0.0493 | 0.2294   | 0.0785   | 852     | 0.5091  | 116.6 | FAIL
PCA16+VecWeighted        | 0.0890 | 0.0346 | 0.0880 | 0.0493 | 0.0692   | 0.0392   | 852     | 0.0305  | 109.7 | PASS
PCA32+VecWeighted        | 0.0882 | 0.0331 | 0.0907 | 0.0493 | 0.0753   | 0.0428   | 852     | 0.0332  | 112.8 | PASS
StabilizedWhitenedCosine | 0.6110 | 0.0685 | 0.5973 | 0.0493 | 0.5059   | 0.0926   | 852     | 0.7416  | 104.8 | FAIL

[trial=17 seed=59] GLOBAL mode — total_samples=200000
  total: h0=82063 h1=15019
  pooled_train:  n0=1270 n1=1270
  pooled_calib:  n0=750 n1=750
  pooled_eval:   n0=1270 n1=1270
  regions (for macro stats only): 1103
[INFO] Cosine baseline routed to direct Hadamard sum (PrecomputedCosine)
[INFO] WeightedEnsemble Cosine judge routed to direct Hadamard sum
  [Ensemble] Judges routed to 'alt' input: PrecomputedCosine
[WeightedEnsemble] Fitted weights (alpha=0.0500, external calib):
  tau=0.8891, Pooled external calib: TPR=0.5040, FPR=0.0493
  PrecomputedCosine   : +0.0000
  PCAWhitenedCosine   : +1.0000
  XGBoost             : +0.0000
  Tiny MLP            : +0.0000
  LDA                 : +0.0000

Method                   | TPR    | FPR    | TrTPR  | TrFPR  | MacroTPR | MacroFPR | Regions | TauMean | ms    | OK? 
---------------------------------------------------------------------------------------------------------------------
Cosine                   | 0.4268 | 0.0480 | 0.4453 | 0.0493 | 0.3881   | 0.0746   | 867     | 0.9642  | 96.0  | PASS
AndBox-HC                | 0.3441 | 0.0362 | 0.3347 | 0.0493 | 0.3173   | 0.0547   | 867     | 0.0001  | 61.4  | PASS
PCAWhitenedCosine        | 0.5228 | 0.0465 | 0.5040 | 0.0493 | 0.4433   | 0.0690   | 867     | 0.8891  | 98.1  | PASS
Vec (Wgt)                | 0.4339 | 0.0425 | 0.4560 | 0.0493 | 0.3844   | 0.0667   | 867     | 0.9669  | 98.5  | PASS
Log Reg                  | 0.2055 | 0.0417 | 0.2213 | 0.0493 | 0.1626   | 0.0618   | 867     | 0.5116  | 111.5 | PASS
LDA                      | 0.4638 | 0.0441 | 0.4480 | 0.0493 | 0.3757   | 0.0668   | 867     | 3.9127  | 106.2 | PASS
Tiny MLP                 | 0.4677 | 0.0425 | 0.4427 | 0.0493 | 0.3810   | 0.0616   | 867     | 0.9129  | 405.2 | PASS
MultiProtoCosine         | 0.0748 | 0.0480 | 0.1200 | 0.0493 | 0.0606   | 0.0553   | 867     | 0.9224  | 115.4 | PASS
WeightedEnsemble         | 0.5228 | 0.0465 | 0.5040 | 0.0493 | 0.4433   | 0.0690   | 867     | 0.8891  | 451.9 | PASS
XGBoost                  | 0.4354 | 0.0346 | 0.4120 | 0.0493 | 0.3692   | 0.0536   | 867     | 0.7334  | 79.4  | PASS
LDA1+LogReg              | 0.2055 | 0.0417 | 0.2213 | 0.0493 | 0.1626   | 0.0618   | 867     | 0.5116  | 106.9 | PASS
PCA16+LogReg             | 0.2157 | 0.0425 | 0.2387 | 0.0493 | 0.1673   | 0.0621   | 867     | 0.5111  | 115.6 | PASS
PCA32+LogReg             | 0.2150 | 0.0409 | 0.2387 | 0.0493 | 0.1726   | 0.0601   | 867     | 0.5109  | 118.1 | PASS
PCA16+VecWeighted        | 0.0323 | 0.0543 | 0.0400 | 0.0493 | 0.0361   | 0.0224   | 867     | 0.0342  | 112.9 | FAIL
PCA32+VecWeighted        | 0.0244 | 0.0441 | 0.0333 | 0.0493 | 0.0213   | 0.0255   | 867     | 0.0427  | 114.7 | PASS
StabilizedWhitenedCosine | 0.5008 | 0.0409 | 0.4893 | 0.0493 | 0.4161   | 0.0618   | 867     | 0.9411  | 104.8 | PASS

[trial=18 seed=60] GLOBAL mode — total_samples=200000
  total: h0=82063 h1=15019
  pooled_train:  n0=1270 n1=1270
  pooled_calib:  n0=750 n1=750
  pooled_eval:   n0=1270 n1=1270
  regions (for macro stats only): 1103
[INFO] Cosine baseline routed to direct Hadamard sum (PrecomputedCosine)
[INFO] WeightedEnsemble Cosine judge routed to direct Hadamard sum
  [Ensemble] Judges routed to 'alt' input: PrecomputedCosine
[WeightedEnsemble] Fitted weights (alpha=0.0500, external calib):
  tau=1.2053, Pooled external calib: TPR=0.5747, FPR=0.0493
  PrecomputedCosine   : +0.1108
  PCAWhitenedCosine   : +0.3385
  XGBoost             : +0.2247
  Tiny MLP            : +0.1228
  LDA                 : +0.2032

Method                   | TPR    | FPR    | TrTPR  | TrFPR  | MacroTPR | MacroFPR | Regions | TauMean | ms    | OK? 
---------------------------------------------------------------------------------------------------------------------
Cosine                   | 0.4567 | 0.0457 | 0.4467 | 0.0493 | 0.4245   | 0.0708   | 847     | 0.9669  | 106.7 | PASS
AndBox-HC                | 0.3961 | 0.0346 | 0.4053 | 0.0493 | 0.3648   | 0.0535   | 847     | 0.0000  | 59.8  | PASS
PCAWhitenedCosine        | 0.4835 | 0.0362 | 0.4640 | 0.0493 | 0.4035   | 0.0578   | 847     | 1.0198  | 96.2  | PASS
Vec (Wgt)                | 0.4984 | 0.0441 | 0.4947 | 0.0493 | 0.4462   | 0.0677   | 847     | 0.9540  | 96.4  | PASS
Log Reg                  | 0.2409 | 0.0402 | 0.2347 | 0.0493 | 0.2149   | 0.0610   | 847     | 0.5109  | 108.7 | PASS
LDA                      | 0.5299 | 0.0441 | 0.5267 | 0.0493 | 0.4240   | 0.0640   | 847     | 3.2655  | 100.8 | PASS
Tiny MLP                 | 0.5465 | 0.0449 | 0.5387 | 0.0493 | 0.4410   | 0.0696   | 847     | 0.8555  | 402.6 | PASS
MultiProtoCosine         | 0.1126 | 0.0378 | 0.1053 | 0.0493 | 0.0842   | 0.0506   | 847     | 0.9225  | 109.3 | PASS
WeightedEnsemble         | 0.5850 | 0.0480 | 0.5747 | 0.0493 | 0.4695   | 0.0716   | 847     | 1.2053  | 447.4 | PASS
XGBoost                  | 0.4693 | 0.0441 | 0.4560 | 0.0493 | 0.4211   | 0.0665   | 847     | 0.7188  | 78.0  | PASS
LDA1+LogReg              | 0.2433 | 0.0394 | 0.2347 | 0.0493 | 0.2156   | 0.0592   | 847     | 0.5109  | 101.2 | PASS
PCA16+LogReg             | 0.2504 | 0.0409 | 0.2427 | 0.0493 | 0.2251   | 0.0631   | 847     | 0.5104  | 109.0 | PASS
PCA32+LogReg             | 0.2472 | 0.0402 | 0.2453 | 0.0493 | 0.2209   | 0.0613   | 847     | 0.5104  | 113.6 | PASS
PCA16+VecWeighted        | 0.0921 | 0.0583 | 0.0987 | 0.0493 | 0.0872   | 0.0640   | 847     | 0.0298  | 108.5 | FAIL
PCA32+VecWeighted        | 0.1181 | 0.0567 | 0.1400 | 0.0493 | 0.0992   | 0.0707   | 847     | 0.0332  | 109.2 | FAIL
StabilizedWhitenedCosine | 0.5031 | 0.0417 | 0.4760 | 0.0493 | 0.4139   | 0.0678   | 847     | 0.9330  | 102.4 | PASS

[trial=19 seed=61] GLOBAL mode — total_samples=200000
  total: h0=82063 h1=15019
  pooled_train:  n0=1270 n1=1270
  pooled_calib:  n0=750 n1=750
  pooled_eval:   n0=1270 n1=1270
  regions (for macro stats only): 1103
[INFO] Cosine baseline routed to direct Hadamard sum (PrecomputedCosine)
[INFO] WeightedEnsemble Cosine judge routed to direct Hadamard sum
  [Ensemble] Judges routed to 'alt' input: PrecomputedCosine
[WeightedEnsemble] Fitted weights (alpha=0.0500, external calib):
  tau=0.8008, Pooled external calib: TPR=0.6067, FPR=0.0493
  PrecomputedCosine   : +0.1195
  PCAWhitenedCosine   : +0.3770
  XGBoost             : +0.2691
  Tiny MLP            : +0.2045
  LDA                 : +0.0298

Method                   | TPR    | FPR    | TrTPR  | TrFPR  | MacroTPR | MacroFPR | Regions | TauMean | ms    | OK? 
---------------------------------------------------------------------------------------------------------------------
Cosine                   | 0.4449 | 0.0472 | 0.4493 | 0.0480 | 0.4049   | 0.0704   | 850     | 0.9648  | 97.9  | PASS
AndBox-HC                | 0.4268 | 0.0496 | 0.4467 | 0.0493 | 0.3759   | 0.0747   | 850     | 0.0000  | 62.7  | PASS
PCAWhitenedCosine        | 0.5850 | 0.0638 | 0.5720 | 0.0493 | 0.4850   | 0.1052   | 850     | 0.7821  | 96.7  | FAIL
Vec (Wgt)                | 0.4937 | 0.0520 | 0.5093 | 0.0480 | 0.4490   | 0.0842   | 850     | 0.9351  | 96.9  | FAIL
Log Reg                  | 0.2850 | 0.0496 | 0.2893 | 0.0480 | 0.2499   | 0.0697   | 850     | 0.5094  | 106.0 | PASS
LDA                      | 0.5283 | 0.0496 | 0.5480 | 0.0493 | 0.4280   | 0.0791   | 850     | 3.7262  | 102.0 | PASS
Tiny MLP                 | 0.5433 | 0.0575 | 0.5347 | 0.0493 | 0.4505   | 0.0891   | 850     | 0.8612  | 401.4 | FAIL
MultiProtoCosine         | 0.0756 | 0.0394 | 0.0853 | 0.0493 | 0.0647   | 0.0489   | 850     | 0.9214  | 113.1 | PASS
WeightedEnsemble         | 0.6102 | 0.0669 | 0.6067 | 0.0493 | 0.5125   | 0.1078   | 850     | 0.8008  | 451.2 | FAIL
XGBoost                  | 0.4748 | 0.0488 | 0.4693 | 0.0493 | 0.4144   | 0.0789   | 850     | 0.7122  | 78.4  | PASS
LDA1+LogReg              | 0.2858 | 0.0496 | 0.2893 | 0.0480 | 0.2505   | 0.0697   | 850     | 0.5094  | 104.3 | PASS
PCA16+LogReg             | 0.2575 | 0.0449 | 0.2693 | 0.0440 | 0.2222   | 0.0644   | 850     | 0.5099  | 111.7 | PASS
PCA32+LogReg             | 0.2953 | 0.0551 | 0.3027 | 0.0493 | 0.2645   | 0.0781   | 850     | 0.5089  | 114.4 | FAIL
PCA16+VecWeighted        | 0.0551 | 0.0449 | 0.0787 | 0.0493 | 0.0414   | 0.0414   | 850     | 0.0322  | 109.4 | PASS
PCA32+VecWeighted        | 0.0890 | 0.0520 | 0.1080 | 0.0493 | 0.0707   | 0.0611   | 850     | 0.0346  | 111.8 | FAIL
StabilizedWhitenedCosine | 0.5402 | 0.0567 | 0.5160 | 0.0493 | 0.4605   | 0.0865   | 850     | 0.9090  | 105.8 | FAIL

[trial=20 seed=62] GLOBAL mode — total_samples=200000
  total: h0=82063 h1=15019
  pooled_train:  n0=1270 n1=1270
  pooled_calib:  n0=750 n1=750
  pooled_eval:   n0=1270 n1=1270
  regions (for macro stats only): 1103
[INFO] Cosine baseline routed to direct Hadamard sum (PrecomputedCosine)
[INFO] WeightedEnsemble Cosine judge routed to direct Hadamard sum
  [Ensemble] Judges routed to 'alt' input: PrecomputedCosine
[WeightedEnsemble] Fitted weights (alpha=0.0500, external calib):
  tau=0.8566, Pooled external calib: TPR=0.5880, FPR=0.0493
  PrecomputedCosine   : +0.3209
  PCAWhitenedCosine   : +0.3118
  XGBoost             : +0.3183
  Tiny MLP            : +0.0373
  LDA                 : +0.0115

Method                   | TPR    | FPR    | TrTPR  | TrFPR  | MacroTPR | MacroFPR | Regions | TauMean | ms    | OK? 
---------------------------------------------------------------------------------------------------------------------
Cosine                   | 0.4811 | 0.0496 | 0.4573 | 0.0493 | 0.4391   | 0.0732   | 871     | 0.9597  | 100.5 | PASS
AndBox-HC                | 0.4449 | 0.0520 | 0.4107 | 0.0493 | 0.3904   | 0.0797   | 871     | 0.0001  | 61.9  | FAIL
PCAWhitenedCosine        | 0.5551 | 0.0543 | 0.5587 | 0.0493 | 0.4588   | 0.0862   | 871     | 0.9690  | 99.7  | FAIL
Vec (Wgt)                | 0.5220 | 0.0559 | 0.5160 | 0.0493 | 0.4717   | 0.0831   | 871     | 0.9439  | 100.3 | FAIL
Log Reg                  | 0.2425 | 0.0480 | 0.2267 | 0.0493 | 0.1929   | 0.0625   | 871     | 0.5122  | 111.7 | PASS
LDA                      | 0.5354 | 0.0512 | 0.5307 | 0.0493 | 0.4332   | 0.0785   | 871     | 3.8208  | 106.2 | FAIL
Tiny MLP                 | 0.5346 | 0.0441 | 0.5400 | 0.0493 | 0.4401   | 0.0680   | 871     | 0.8935  | 410.8 | PASS
MultiProtoCosine         | 0.0740 | 0.0409 | 0.0627 | 0.0493 | 0.0538   | 0.0439   | 871     | 0.9272  | 116.2 | PASS
WeightedEnsemble         | 0.5882 | 0.0543 | 0.5880 | 0.0493 | 0.4965   | 0.0876   | 871     | 0.8566  | 454.4 | FAIL
XGBoost                  | 0.5268 | 0.0472 | 0.5000 | 0.0493 | 0.4624   | 0.0689   | 871     | 0.7164  | 80.2  | PASS
LDA1+LogReg              | 0.2457 | 0.0480 | 0.2280 | 0.0493 | 0.1966   | 0.0625   | 871     | 0.5121  | 107.0 | PASS
PCA16+LogReg             | 0.2488 | 0.0488 | 0.2347 | 0.0493 | 0.1988   | 0.0633   | 871     | 0.5117  | 116.0 | PASS
PCA32+LogReg             | 0.2535 | 0.0465 | 0.2347 | 0.0493 | 0.2005   | 0.0600   | 871     | 0.5117  | 119.1 | PASS
PCA16+VecWeighted        | 0.0189 | 0.0480 | 0.0280 | 0.0493 | 0.0238   | 0.0271   | 871     | 0.0355  | 114.3 | PASS
PCA32+VecWeighted        | 0.0150 | 0.0402 | 0.0187 | 0.0493 | 0.0151   | 0.0181   | 871     | 0.0467  | 116.1 | PASS
StabilizedWhitenedCosine | 0.5583 | 0.0543 | 0.5627 | 0.0493 | 0.4822   | 0.0846   | 871     | 0.9367  | 106.4 | FAIL

[trial=21 seed=63] GLOBAL mode — total_samples=200000
  total: h0=82063 h1=15019
  pooled_train:  n0=1270 n1=1270
  pooled_calib:  n0=750 n1=750
  pooled_eval:   n0=1270 n1=1270
  regions (for macro stats only): 1103
[INFO] Cosine baseline routed to direct Hadamard sum (PrecomputedCosine)
[INFO] WeightedEnsemble Cosine judge routed to direct Hadamard sum
  [Ensemble] Judges routed to 'alt' input: PrecomputedCosine
[WeightedEnsemble] Fitted weights (alpha=0.0500, external calib):
  tau=1.0945, Pooled external calib: TPR=0.5680, FPR=0.0493
  PrecomputedCosine   : +0.1287
  PCAWhitenedCosine   : +0.3555
  XGBoost             : +0.1143
  Tiny MLP            : +0.2967
  LDA                 : +0.1048

Method                   | TPR    | FPR    | TrTPR  | TrFPR  | MacroTPR | MacroFPR | Regions | TauMean | ms    | OK? 
---------------------------------------------------------------------------------------------------------------------
Cosine                   | 0.4646 | 0.0488 | 0.4760 | 0.0493 | 0.4291   | 0.0767   | 842     | 0.9634  | 81.3  | PASS
AndBox-HC                | 0.3756 | 0.0551 | 0.3840 | 0.0493 | 0.3395   | 0.0873   | 842     | 0.0000  | 60.9  | FAIL
PCAWhitenedCosine        | 0.5512 | 0.0614 | 0.5427 | 0.0493 | 0.4532   | 0.0890   | 842     | 0.8563  | 59.3  | FAIL
Vec (Wgt)                | 0.4898 | 0.0520 | 0.5173 | 0.0493 | 0.4337   | 0.0819   | 842     | 0.9535  | 65.8  | FAIL
Log Reg                  | 0.2339 | 0.0575 | 0.2093 | 0.0493 | 0.2138   | 0.0723   | 842     | 0.5115  | 110.9 | FAIL
LDA                      | 0.4441 | 0.0394 | 0.4480 | 0.0493 | 0.3650   | 0.0577   | 842     | 4.0842  | 101.3 | PASS
Tiny MLP                 | 0.4630 | 0.0488 | 0.4707 | 0.0493 | 0.3788   | 0.0730   | 842     | 0.9072  | 405.1 | PASS
MultiProtoCosine         | 0.0866 | 0.0764 | 0.0853 | 0.0493 | 0.0734   | 0.0905   | 842     | 0.9228  | 113.1 | FAIL
WeightedEnsemble         | 0.5606 | 0.0488 | 0.5680 | 0.0493 | 0.4645   | 0.0754   | 842     | 1.0945  | 447.6 | PASS
XGBoost                  | 0.4866 | 0.0528 | 0.4853 | 0.0493 | 0.4246   | 0.0801   | 842     | 0.7055  | 80.3  | FAIL
LDA1+LogReg              | 0.2362 | 0.0575 | 0.2093 | 0.0493 | 0.2163   | 0.0723   | 842     | 0.5115  | 107.1 | FAIL
PCA16+LogReg             | 0.2378 | 0.0567 | 0.2027 | 0.0493 | 0.2167   | 0.0707   | 842     | 0.5113  | 112.6 | FAIL
PCA32+LogReg             | 0.2394 | 0.0583 | 0.2133 | 0.0493 | 0.2192   | 0.0713   | 842     | 0.5111  | 115.3 | FAIL
PCA16+VecWeighted        | 0.0654 | 0.0630 | 0.0640 | 0.0493 | 0.0582   | 0.0550   | 842     | 0.0299  | 111.6 | FAIL
PCA32+VecWeighted        | 0.0685 | 0.0669 | 0.0560 | 0.0493 | 0.0552   | 0.0360   | 842     | 0.0368  | 115.1 | FAIL
StabilizedWhitenedCosine | 0.5339 | 0.0598 | 0.5253 | 0.0493 | 0.4464   | 0.0867   | 842     | 0.8485  | 105.6 | FAIL

[trial=22 seed=64] GLOBAL mode — total_samples=200000
  total: h0=82063 h1=15019
  pooled_train:  n0=1270 n1=1270
  pooled_calib:  n0=750 n1=750
  pooled_eval:   n0=1270 n1=1270
  regions (for macro stats only): 1103
[INFO] Cosine baseline routed to direct Hadamard sum (PrecomputedCosine)
[INFO] WeightedEnsemble Cosine judge routed to direct Hadamard sum
  [Ensemble] Judges routed to 'alt' input: PrecomputedCosine
[WeightedEnsemble] Fitted weights (alpha=0.0500, external calib):
  tau=0.8763, Pooled external calib: TPR=0.5493, FPR=0.0493
  PrecomputedCosine   : +0.0000
  PCAWhitenedCosine   : +0.0000
  XGBoost             : +0.0000
  Tiny MLP            : +1.0000
  LDA                 : +0.0000

Method                   | TPR    | FPR    | TrTPR  | TrFPR  | MacroTPR | MacroFPR | Regions | TauMean | ms    | OK? 
---------------------------------------------------------------------------------------------------------------------
Cosine                   | 0.4732 | 0.0433 | 0.4547 | 0.0493 | 0.4224   | 0.0622   | 846     | 0.9589  | 102.0 | PASS
AndBox-HC                | 0.4079 | 0.0370 | 0.3987 | 0.0493 | 0.3490   | 0.0511   | 846     | 0.0000  | 60.6  | PASS
PCAWhitenedCosine        | 0.5213 | 0.0394 | 0.4987 | 0.0480 | 0.4026   | 0.0501   | 846     | 1.0921  | 96.2  | PASS
Vec (Wgt)                | 0.5260 | 0.0449 | 0.5120 | 0.0493 | 0.4637   | 0.0647   | 846     | 0.9424  | 96.7  | PASS
Log Reg                  | 0.2260 | 0.0386 | 0.2187 | 0.0493 | 0.1739   | 0.0544   | 846     | 0.5119  | 109.9 | PASS
LDA                      | 0.4701 | 0.0370 | 0.4720 | 0.0493 | 0.3788   | 0.0521   | 846     | 4.4792  | 98.9  | PASS
Tiny MLP                 | 0.5512 | 0.0480 | 0.5493 | 0.0493 | 0.4298   | 0.0640   | 846     | 0.8763  | 400.4 | PASS
MultiProtoCosine         | 0.0969 | 0.0496 | 0.0760 | 0.0493 | 0.0707   | 0.0524   | 846     | 0.9229  | 109.5 | PASS
WeightedEnsemble         | 0.5512 | 0.0480 | 0.5493 | 0.0493 | 0.4298   | 0.0640   | 846     | 0.8763  | 443.8 | PASS
XGBoost                  | 0.5000 | 0.0409 | 0.4867 | 0.0493 | 0.4260   | 0.0553   | 846     | 0.7161  | 79.0  | PASS
LDA1+LogReg              | 0.2276 | 0.0386 | 0.2200 | 0.0493 | 0.1746   | 0.0544   | 846     | 0.5119  | 102.6 | PASS
PCA16+LogReg             | 0.2323 | 0.0370 | 0.2307 | 0.0493 | 0.1785   | 0.0555   | 846     | 0.5120  | 109.7 | PASS
PCA32+LogReg             | 0.2331 | 0.0409 | 0.2293 | 0.0493 | 0.1820   | 0.0592   | 846     | 0.5113  | 114.0 | PASS
PCA16+VecWeighted        | 0.0724 | 0.0362 | 0.0680 | 0.0493 | 0.0631   | 0.0423   | 846     | 0.0296  | 109.5 | PASS
PCA32+VecWeighted        | 0.0543 | 0.0386 | 0.0613 | 0.0493 | 0.0514   | 0.0283   | 846     | 0.0380  | 108.9 | PASS
StabilizedWhitenedCosine | 0.5417 | 0.0386 | 0.5080 | 0.0493 | 0.4215   | 0.0534   | 846     | 0.9941  | 102.1 | PASS

[trial=23 seed=65] GLOBAL mode — total_samples=200000
  total: h0=82063 h1=15019
  pooled_train:  n0=1270 n1=1270
  pooled_calib:  n0=750 n1=750
  pooled_eval:   n0=1270 n1=1270
  regions (for macro stats only): 1103
[INFO] Cosine baseline routed to direct Hadamard sum (PrecomputedCosine)
[INFO] WeightedEnsemble Cosine judge routed to direct Hadamard sum
  [Ensemble] Judges routed to 'alt' input: PrecomputedCosine
[WeightedEnsemble] Fitted weights (alpha=0.0500, external calib):
  tau=0.8964, Pooled external calib: TPR=0.6107, FPR=0.0493
  PrecomputedCosine   : +0.5316
  PCAWhitenedCosine   : +0.2031
  XGBoost             : +0.0553
  Tiny MLP            : +0.1785
  LDA                 : +0.0315

Method                   | TPR    | FPR    | TrTPR  | TrFPR  | MacroTPR | MacroFPR | Regions | TauMean | ms    | OK? 
---------------------------------------------------------------------------------------------------------------------
Cosine                   | 0.4598 | 0.0472 | 0.4707 | 0.0493 | 0.4239   | 0.0763   | 846     | 0.9579  | 101.3 | PASS
AndBox-HC                | 0.4606 | 0.0567 | 0.4893 | 0.0493 | 0.4264   | 0.0904   | 846     | 0.0000  | 62.0  | FAIL
PCAWhitenedCosine        | 0.5173 | 0.0465 | 0.5547 | 0.0493 | 0.4228   | 0.0651   | 846     | 0.9307  | 97.8  | PASS
Vec (Wgt)                | 0.4913 | 0.0465 | 0.5213 | 0.0493 | 0.4438   | 0.0769   | 846     | 0.9398  | 98.7  | PASS
Log Reg                  | 0.3181 | 0.0504 | 0.3347 | 0.0493 | 0.2563   | 0.0787   | 846     | 0.5079  | 112.4 | FAIL
LDA                      | 0.5244 | 0.0528 | 0.5520 | 0.0493 | 0.4338   | 0.0814   | 846     | 3.4436  | 102.6 | FAIL
Tiny MLP                 | 0.5370 | 0.0449 | 0.5787 | 0.0493 | 0.4359   | 0.0683   | 846     | 0.8467  | 405.2 | PASS
MultiProtoCosine         | 0.1071 | 0.0551 | 0.0680 | 0.0493 | 0.0828   | 0.0719   | 846     | 0.9205  | 113.4 | FAIL
WeightedEnsemble         | 0.5858 | 0.0567 | 0.6107 | 0.0493 | 0.4973   | 0.0858   | 846     | 0.8964  | 450.0 | FAIL
XGBoost                  | 0.5055 | 0.0512 | 0.5187 | 0.0493 | 0.4442   | 0.0818   | 846     | 0.6906  | 78.9  | FAIL
LDA1+LogReg              | 0.3102 | 0.0496 | 0.3200 | 0.0493 | 0.2493   | 0.0770   | 846     | 0.5084  | 105.4 | PASS
PCA16+LogReg             | 0.3016 | 0.0512 | 0.3253 | 0.0493 | 0.2406   | 0.0802   | 846     | 0.5082  | 112.7 | FAIL
PCA32+LogReg             | 0.3150 | 0.0528 | 0.3307 | 0.0493 | 0.2554   | 0.0807   | 846     | 0.5079  | 115.7 | FAIL
PCA16+VecWeighted        | 0.1213 | 0.0520 | 0.1093 | 0.0493 | 0.0953   | 0.0519   | 846     | 0.0280  | 110.7 | FAIL
PCA32+VecWeighted        | 0.1614 | 0.0724 | 0.1373 | 0.0493 | 0.1327   | 0.0763   | 846     | 0.0278  | 114.3 | FAIL
StabilizedWhitenedCosine | 0.5630 | 0.0606 | 0.5893 | 0.0493 | 0.4798   | 0.0881   | 846     | 0.7855  | 105.8 | FAIL

[trial=24 seed=66] GLOBAL mode — total_samples=200000
  total: h0=82063 h1=15019
  pooled_train:  n0=1270 n1=1270
  pooled_calib:  n0=750 n1=750
  pooled_eval:   n0=1270 n1=1270
  regions (for macro stats only): 1103
[INFO] Cosine baseline routed to direct Hadamard sum (PrecomputedCosine)
[INFO] WeightedEnsemble Cosine judge routed to direct Hadamard sum
  [Ensemble] Judges routed to 'alt' input: PrecomputedCosine
[WeightedEnsemble] Fitted weights (alpha=0.0500, external calib):
  tau=1.0325, Pooled external calib: TPR=0.5880, FPR=0.0493
  PrecomputedCosine   : +0.0588
  PCAWhitenedCosine   : +0.4134
  XGBoost             : +0.3025
  Tiny MLP            : +0.0887
  LDA                 : +0.1365

Method                   | TPR    | FPR    | TrTPR  | TrFPR  | MacroTPR | MacroFPR | Regions | TauMean | ms    | OK? 
---------------------------------------------------------------------------------------------------------------------
Cosine                   | 0.4591 | 0.0543 | 0.4613 | 0.0493 | 0.4245   | 0.0758   | 846     | 0.9587  | 114.8 | FAIL
AndBox-HC                | 0.3866 | 0.0614 | 0.3973 | 0.0493 | 0.3625   | 0.0811   | 846     | 0.0000  | 63.5  | FAIL
PCAWhitenedCosine        | 0.5520 | 0.0496 | 0.5267 | 0.0493 | 0.4434   | 0.0764   | 846     | 0.9271  | 97.2  | PASS
Vec (Wgt)                | 0.5079 | 0.0606 | 0.5147 | 0.0493 | 0.4636   | 0.0892   | 846     | 0.9353  | 98.5  | FAIL
Log Reg                  | 0.2370 | 0.0457 | 0.2267 | 0.0493 | 0.2160   | 0.0705   | 846     | 0.5108  | 112.0 | PASS
LDA                      | 0.5331 | 0.0465 | 0.5040 | 0.0493 | 0.4290   | 0.0668   | 846     | 3.4802  | 102.2 | PASS
Tiny MLP                 | 0.5433 | 0.0543 | 0.5173 | 0.0493 | 0.4400   | 0.0830   | 846     | 0.8585  | 404.6 | FAIL
MultiProtoCosine         | 0.0866 | 0.0496 | 0.0787 | 0.0493 | 0.0664   | 0.0634   | 846     | 0.9241  | 116.7 | PASS
WeightedEnsemble         | 0.5945 | 0.0528 | 0.5880 | 0.0493 | 0.4805   | 0.0791   | 846     | 1.0325  | 450.6 | FAIL
XGBoost                  | 0.5126 | 0.0543 | 0.5000 | 0.0493 | 0.4516   | 0.0816   | 846     | 0.6906  | 80.1  | FAIL
LDA1+LogReg              | 0.2394 | 0.0457 | 0.2267 | 0.0493 | 0.2176   | 0.0705   | 846     | 0.5108  | 106.9 | PASS
PCA16+LogReg             | 0.2417 | 0.0449 | 0.2400 | 0.0493 | 0.2181   | 0.0689   | 846     | 0.5104  | 114.5 | PASS
PCA32+LogReg             | 0.2622 | 0.0465 | 0.2493 | 0.0493 | 0.2319   | 0.0708   | 846     | 0.5102  | 116.9 | PASS
PCA16+VecWeighted        | 0.0535 | 0.0496 | 0.0533 | 0.0493 | 0.0570   | 0.0408   | 846     | 0.0294  | 111.5 | PASS
PCA32+VecWeighted        | 0.0850 | 0.0528 | 0.0933 | 0.0493 | 0.0820   | 0.0469   | 846     | 0.0326  | 113.8 | FAIL
StabilizedWhitenedCosine | 0.5449 | 0.0496 | 0.5213 | 0.0493 | 0.4391   | 0.0734   | 846     | 0.9123  | 106.0 | PASS

[trial=25 seed=67] GLOBAL mode — total_samples=200000
  total: h0=82063 h1=15019
  pooled_train:  n0=1270 n1=1270
  pooled_calib:  n0=750 n1=750
  pooled_eval:   n0=1270 n1=1270
  regions (for macro stats only): 1103
[INFO] Cosine baseline routed to direct Hadamard sum (PrecomputedCosine)
[INFO] WeightedEnsemble Cosine judge routed to direct Hadamard sum
  [Ensemble] Judges routed to 'alt' input: PrecomputedCosine
[WeightedEnsemble] Fitted weights (alpha=0.0500, external calib):
  tau=0.9604, Pooled external calib: TPR=0.5173, FPR=0.0493
  PrecomputedCosine   : +0.2832
  PCAWhitenedCosine   : +0.0456
  XGBoost             : +0.2004
  Tiny MLP            : +0.4151
  LDA                 : +0.0558

Method                   | TPR    | FPR    | TrTPR  | TrFPR  | MacroTPR | MacroFPR | Regions | TauMean | ms    | OK? 
---------------------------------------------------------------------------------------------------------------------
Cosine                   | 0.5142 | 0.0606 | 0.4613 | 0.0493 | 0.4738   | 0.0920   | 861     | 0.9500  | 108.8 | FAIL
AndBox-HC                | 0.4512 | 0.0520 | 0.4000 | 0.0493 | 0.4183   | 0.0796   | 861     | 0.0000  | 69.4  | FAIL
PCAWhitenedCosine        | 0.5323 | 0.0480 | 0.4720 | 0.0493 | 0.4340   | 0.0677   | 861     | 1.0335  | 104.2 | PASS
Vec (Wgt)                | 0.5465 | 0.0583 | 0.4920 | 0.0493 | 0.5054   | 0.0882   | 861     | 0.9312  | 97.9  | FAIL
Log Reg                  | 0.2764 | 0.0465 | 0.2333 | 0.0493 | 0.2330   | 0.0719   | 861     | 0.5097  | 111.4 | PASS
LDA                      | 0.5244 | 0.0496 | 0.4547 | 0.0493 | 0.4255   | 0.0722   | 861     | 3.6426  | 102.8 | PASS
Tiny MLP                 | 0.5535 | 0.0504 | 0.5040 | 0.0493 | 0.4598   | 0.0731   | 861     | 0.8545  | 407.0 | FAIL
MultiProtoCosine         | 0.0866 | 0.0512 | 0.0747 | 0.0493 | 0.0725   | 0.0569   | 861     | 0.9228  | 116.9 | FAIL
WeightedEnsemble         | 0.5732 | 0.0449 | 0.5173 | 0.0493 | 0.4791   | 0.0680   | 861     | 0.9604  | 456.3 | PASS
XGBoost                  | 0.5134 | 0.0441 | 0.4520 | 0.0493 | 0.4456   | 0.0646   | 861     | 0.7064  | 81.8  | PASS
LDA1+LogReg              | 0.2764 | 0.0465 | 0.2347 | 0.0493 | 0.2330   | 0.0719   | 861     | 0.5097  | 107.0 | PASS
PCA16+LogReg             | 0.2850 | 0.0465 | 0.2347 | 0.0493 | 0.2411   | 0.0709   | 861     | 0.5093  | 113.2 | PASS
PCA32+LogReg             | 0.2843 | 0.0465 | 0.2360 | 0.0493 | 0.2387   | 0.0715   | 861     | 0.5094  | 120.3 | PASS
PCA16+VecWeighted        | 0.1417 | 0.0614 | 0.1187 | 0.0493 | 0.1011   | 0.0606   | 861     | 0.0285  | 111.8 | FAIL
PCA32+VecWeighted        | 0.1165 | 0.0606 | 0.0880 | 0.0493 | 0.0962   | 0.0526   | 861     | 0.0337  | 112.4 | FAIL
StabilizedWhitenedCosine | 0.5661 | 0.0551 | 0.5187 | 0.0493 | 0.4681   | 0.0796   | 861     | 0.8708  | 104.3 | FAIL

[trial=26 seed=68] GLOBAL mode — total_samples=200000
  total: h0=82063 h1=15019
  pooled_train:  n0=1270 n1=1270
  pooled_calib:  n0=750 n1=750
  pooled_eval:   n0=1270 n1=1270
  regions (for macro stats only): 1103
[INFO] Cosine baseline routed to direct Hadamard sum (PrecomputedCosine)
[INFO] WeightedEnsemble Cosine judge routed to direct Hadamard sum
  [Ensemble] Judges routed to 'alt' input: PrecomputedCosine
[WeightedEnsemble] Fitted weights (alpha=0.0500, external calib):
  tau=0.9795, Pooled external calib: TPR=0.6067, FPR=0.0493
  PrecomputedCosine   : +0.0588
  PCAWhitenedCosine   : +0.4134
  XGBoost             : +0.3025
  Tiny MLP            : +0.0887
  LDA                 : +0.1365

Method                   | TPR    | FPR    | TrTPR  | TrFPR  | MacroTPR | MacroFPR | Regions | TauMean | ms    | OK? 
---------------------------------------------------------------------------------------------------------------------
Cosine                   | 0.4480 | 0.0339 | 0.4800 | 0.0493 | 0.4257   | 0.0520   | 850     | 0.9642  | 110.1 | PASS
AndBox-HC                | 0.3677 | 0.0339 | 0.3800 | 0.0493 | 0.3498   | 0.0456   | 850     | 0.0001  | 65.1  | PASS
PCAWhitenedCosine        | 0.5402 | 0.0409 | 0.5547 | 0.0493 | 0.4482   | 0.0679   | 850     | 0.8999  | 100.8 | PASS
Vec (Wgt)                | 0.4976 | 0.0417 | 0.5253 | 0.0493 | 0.4658   | 0.0657   | 850     | 0.9375  | 102.4 | PASS
Log Reg                  | 0.1906 | 0.0378 | 0.2000 | 0.0493 | 0.1623   | 0.0478   | 850     | 0.5129  | 117.3 | PASS
LDA                      | 0.5535 | 0.0496 | 0.5267 | 0.0493 | 0.4707   | 0.0745   | 850     | 3.5644  | 105.9 | PASS
Tiny MLP                 | 0.5535 | 0.0520 | 0.5347 | 0.0493 | 0.4714   | 0.0751   | 850     | 0.8767  | 406.7 | FAIL
MultiProtoCosine         | 0.0961 | 0.0402 | 0.1053 | 0.0493 | 0.0737   | 0.0390   | 850     | 0.9216  | 116.1 | PASS
WeightedEnsemble         | 0.6173 | 0.0583 | 0.6067 | 0.0493 | 0.5243   | 0.0891   | 850     | 0.9795  | 456.1 | FAIL
XGBoost                  | 0.5165 | 0.0402 | 0.5253 | 0.0493 | 0.4553   | 0.0613   | 850     | 0.6908  | 83.8  | PASS
LDA1+LogReg              | 0.1906 | 0.0370 | 0.2027 | 0.0493 | 0.1623   | 0.0472   | 850     | 0.5129  | 108.2 | PASS
PCA16+LogReg             | 0.2024 | 0.0362 | 0.2027 | 0.0493 | 0.1652   | 0.0422   | 850     | 0.5125  | 116.4 | PASS
PCA32+LogReg             | 0.1937 | 0.0346 | 0.2067 | 0.0493 | 0.1647   | 0.0432   | 850     | 0.5125  | 121.5 | PASS
PCA16+VecWeighted        | 0.0425 | 0.0370 | 0.0373 | 0.0493 | 0.0385   | 0.0310   | 850     | 0.0337  | 113.6 | PASS
PCA32+VecWeighted        | 0.0606 | 0.0504 | 0.0480 | 0.0493 | 0.0555   | 0.0477   | 850     | 0.0352  | 115.0 | FAIL
StabilizedWhitenedCosine | 0.5378 | 0.0449 | 0.5440 | 0.0493 | 0.4542   | 0.0692   | 850     | 0.8825  | 108.3 | PASS

[trial=27 seed=69] GLOBAL mode — total_samples=200000
  total: h0=82063 h1=15019
  pooled_train:  n0=1270 n1=1270
  pooled_calib:  n0=750 n1=750
  pooled_eval:   n0=1270 n1=1270
  regions (for macro stats only): 1103
[INFO] Cosine baseline routed to direct Hadamard sum (PrecomputedCosine)
[INFO] WeightedEnsemble Cosine judge routed to direct Hadamard sum
  [Ensemble] Judges routed to 'alt' input: PrecomputedCosine
[WeightedEnsemble] Fitted weights (alpha=0.0500, external calib):
  tau=1.0090, Pooled external calib: TPR=0.5747, FPR=0.0493
  PrecomputedCosine   : +0.6579
  PCAWhitenedCosine   : +0.1446
  XGBoost             : +0.0673
  Tiny MLP            : +0.0713
  LDA                 : +0.0589

Method                   | TPR    | FPR    | TrTPR  | TrFPR  | MacroTPR | MacroFPR | Regions | TauMean | ms    | OK? 
---------------------------------------------------------------------------------------------------------------------
Cosine                   | 0.4528 | 0.0472 | 0.4560 | 0.0493 | 0.4140   | 0.0662   | 834     | 0.9633  | 297.1 | PASS
AndBox-HC                | 0.3622 | 0.0339 | 0.3520 | 0.0493 | 0.3261   | 0.0450   | 834     | 0.0000  | 62.1  | PASS
PCAWhitenedCosine        | 0.5228 | 0.0535 | 0.5293 | 0.0493 | 0.4263   | 0.0777   | 834     | 1.0057  | 99.2  | FAIL
Vec (Wgt)                | 0.4874 | 0.0433 | 0.4800 | 0.0493 | 0.4372   | 0.0628   | 834     | 0.9515  | 99.5  | PASS
Log Reg                  | 0.1992 | 0.0512 | 0.1813 | 0.0493 | 0.1719   | 0.0642   | 834     | 0.5146  | 111.3 | FAIL
LDA                      | 0.4693 | 0.0433 | 0.4800 | 0.0493 | 0.3685   | 0.0667   | 834     | 4.1298  | 102.9 | PASS
Tiny MLP                 | 0.5157 | 0.0449 | 0.5307 | 0.0493 | 0.4045   | 0.0687   | 834     | 0.8654  | 405.6 | PASS
MultiProtoCosine         | 0.0701 | 0.0425 | 0.0680 | 0.0493 | 0.0623   | 0.0445   | 834     | 0.9264  | 114.7 | PASS
WeightedEnsemble         | 0.5732 | 0.0543 | 0.5747 | 0.0493 | 0.4679   | 0.0847   | 834     | 1.0090  | 625.7 | FAIL
XGBoost                  | 0.4669 | 0.0386 | 0.4507 | 0.0493 | 0.4095   | 0.0554   | 834     | 0.7194  | 81.1  | PASS
LDA1+LogReg              | 0.2016 | 0.0512 | 0.1840 | 0.0493 | 0.1732   | 0.0642   | 834     | 0.5146  | 105.7 | FAIL
PCA16+LogReg             | 0.2142 | 0.0551 | 0.1973 | 0.0493 | 0.1814   | 0.0678   | 834     | 0.5136  | 114.1 | FAIL
PCA32+LogReg             | 0.2055 | 0.0520 | 0.1960 | 0.0493 | 0.1754   | 0.0650   | 834     | 0.5138  | 116.6 | FAIL
PCA16+VecWeighted        | 0.0039 | 0.0425 | 0.0053 | 0.0493 | 0.0085   | 0.0116   | 834     | 0.0375  | 109.9 | PASS
PCA32+VecWeighted        | 0.0197 | 0.0496 | 0.0187 | 0.0493 | 0.0275   | 0.0234   | 834     | 0.0411  | 112.3 | PASS
StabilizedWhitenedCosine | 0.5087 | 0.0433 | 0.4987 | 0.0493 | 0.4242   | 0.0627   | 834     | 0.9396  | 104.9 | PASS

[trial=28 seed=70] GLOBAL mode — total_samples=200000
  total: h0=82063 h1=15019
  pooled_train:  n0=1270 n1=1270
  pooled_calib:  n0=750 n1=750
  pooled_eval:   n0=1270 n1=1270
  regions (for macro stats only): 1103
[INFO] Cosine baseline routed to direct Hadamard sum (PrecomputedCosine)
[INFO] WeightedEnsemble Cosine judge routed to direct Hadamard sum
  [Ensemble] Judges routed to 'alt' input: PrecomputedCosine
[WeightedEnsemble] Fitted weights (alpha=0.0500, external calib):
  tau=0.8415, Pooled external calib: TPR=0.5733, FPR=0.0480
  PrecomputedCosine   : +0.1924
  PCAWhitenedCosine   : +0.3042
  XGBoost             : +0.0704
  Tiny MLP            : +0.4126
  LDA                 : +0.0204

Method                   | TPR    | FPR    | TrTPR  | TrFPR  | MacroTPR | MacroFPR | Regions | TauMean | ms    | OK? 
---------------------------------------------------------------------------------------------------------------------
Cosine                   | 0.4969 | 0.0480 | 0.4387 | 0.0493 | 0.4428   | 0.0745   | 865     | 0.9547  | 123.2 | PASS
AndBox-HC                | 0.4173 | 0.0409 | 0.3707 | 0.0493 | 0.3734   | 0.0652   | 865     | 0.0001  | 63.2  | PASS
PCAWhitenedCosine        | 0.5283 | 0.0496 | 0.4947 | 0.0493 | 0.4086   | 0.0728   | 865     | 1.0013  | 101.4 | PASS
Vec (Wgt)                | 0.5504 | 0.0480 | 0.5000 | 0.0493 | 0.4817   | 0.0774   | 865     | 0.9349  | 101.6 | PASS
Log Reg                  | 0.2402 | 0.0480 | 0.2080 | 0.0493 | 0.2173   | 0.0607   | 865     | 0.5122  | 115.2 | PASS
LDA                      | 0.5449 | 0.0606 | 0.5187 | 0.0493 | 0.4215   | 0.0834   | 865     | 3.4226  | 106.1 | FAIL
Tiny MLP                 | 0.5189 | 0.0520 | 0.5040 | 0.0493 | 0.4015   | 0.0746   | 865     | 0.8989  | 414.6 | FAIL
MultiProtoCosine         | 0.1016 | 0.0402 | 0.0947 | 0.0493 | 0.0837   | 0.0413   | 865     | 0.9234  | 115.2 | PASS
WeightedEnsemble         | 0.5945 | 0.0598 | 0.5733 | 0.0480 | 0.4692   | 0.0853   | 865     | 0.8415  | 458.4 | FAIL
XGBoost                  | 0.5654 | 0.0575 | 0.5093 | 0.0493 | 0.4833   | 0.0913   | 865     | 0.6766  | 80.6  | FAIL
LDA1+LogReg              | 0.2417 | 0.0480 | 0.2093 | 0.0493 | 0.2180   | 0.0607   | 865     | 0.5121  | 108.8 | PASS
PCA16+LogReg             | 0.2276 | 0.0457 | 0.1973 | 0.0493 | 0.2093   | 0.0574   | 865     | 0.5121  | 117.5 | PASS
PCA32+LogReg             | 0.2520 | 0.0520 | 0.2173 | 0.0493 | 0.2256   | 0.0628   | 865     | 0.5114  | 120.0 | FAIL
PCA16+VecWeighted        | 0.0386 | 0.0488 | 0.0280 | 0.0493 | 0.0293   | 0.0348   | 865     | 0.0337  | 113.9 | PASS
PCA32+VecWeighted        | 0.0244 | 0.0504 | 0.0160 | 0.0493 | 0.0188   | 0.0434   | 865     | 0.0390  | 114.6 | FAIL
StabilizedWhitenedCosine | 0.5197 | 0.0409 | 0.4880 | 0.0493 | 0.4157   | 0.0627   | 865     | 0.9448  | 111.3 | PASS

[trial=29 seed=71] GLOBAL mode — total_samples=200000
  total: h0=82063 h1=15019
  pooled_train:  n0=1270 n1=1270
  pooled_calib:  n0=750 n1=750
  pooled_eval:   n0=1270 n1=1270
  regions (for macro stats only): 1103
[INFO] Cosine baseline routed to direct Hadamard sum (PrecomputedCosine)
[INFO] WeightedEnsemble Cosine judge routed to direct Hadamard sum
  [Ensemble] Judges routed to 'alt' input: PrecomputedCosine
[WeightedEnsemble] Fitted weights (alpha=0.0500, external calib):
  tau=1.2608, Pooled external calib: TPR=0.6040, FPR=0.0493
  PrecomputedCosine   : +0.0795
  PCAWhitenedCosine   : +0.2043
  XGBoost             : +0.4654
  Tiny MLP            : +0.0260
  LDA                 : +0.2247

Method                   | TPR    | FPR    | TrTPR  | TrFPR  | MacroTPR | MacroFPR | Regions | TauMean | ms    | OK? 
---------------------------------------------------------------------------------------------------------------------
Cosine                   | 0.4638 | 0.0512 | 0.4720 | 0.0493 | 0.4215   | 0.0720   | 845     | 0.9614  | 108.7 | FAIL
AndBox-HC                | 0.4299 | 0.0575 | 0.4413 | 0.0493 | 0.3964   | 0.0766   | 845     | 0.0000  | 61.5  | FAIL
PCAWhitenedCosine        | 0.5409 | 0.0512 | 0.5573 | 0.0493 | 0.4362   | 0.0765   | 845     | 0.9883  | 99.1  | FAIL
Vec (Wgt)                | 0.4866 | 0.0551 | 0.5027 | 0.0493 | 0.4301   | 0.0822   | 845     | 0.9523  | 98.5  | FAIL
Log Reg                  | 0.2630 | 0.0591 | 0.2640 | 0.0493 | 0.2264   | 0.0862   | 845     | 0.5123  | 116.7 | FAIL
LDA                      | 0.5709 | 0.0669 | 0.5507 | 0.0493 | 0.4665   | 0.0916   | 845     | 3.7251  | 104.3 | FAIL
Tiny MLP                 | 0.5780 | 0.0638 | 0.5747 | 0.0493 | 0.4736   | 0.0887   | 845     | 0.8636  | 404.2 | FAIL
MultiProtoCosine         | 0.0819 | 0.0354 | 0.0960 | 0.0493 | 0.0611   | 0.0462   | 845     | 0.9247  | 114.7 | PASS
WeightedEnsemble         | 0.6055 | 0.0693 | 0.6040 | 0.0493 | 0.4949   | 0.0948   | 845     | 1.2608  | 449.6 | FAIL
XGBoost                  | 0.5323 | 0.0654 | 0.5427 | 0.0493 | 0.4694   | 0.0880   | 845     | 0.6885  | 79.7  | FAIL
LDA1+LogReg              | 0.2646 | 0.0591 | 0.2653 | 0.0493 | 0.2274   | 0.0862   | 845     | 0.5122  | 104.0 | FAIL
PCA16+LogReg             | 0.2709 | 0.0575 | 0.2827 | 0.0493 | 0.2258   | 0.0836   | 845     | 0.5119  | 183.9 | FAIL
PCA32+LogReg             | 0.2764 | 0.0583 | 0.2907 | 0.0493 | 0.2318   | 0.0842   | 845     | 0.5117  | 116.0 | FAIL
PCA16+VecWeighted        | 0.1165 | 0.0370 | 0.1253 | 0.0493 | 0.0970   | 0.0386   | 845     | 0.0337  | 184.0 | PASS
PCA32+VecWeighted        | 0.1055 | 0.0567 | 0.0987 | 0.0493 | 0.0919   | 0.0438   | 845     | 0.0383  | 181.3 | FAIL
StabilizedWhitenedCosine | 0.5661 | 0.0638 | 0.6107 | 0.0493 | 0.4749   | 0.0869   | 845     | 0.8185  | 106.5 | FAIL

[trial=30 seed=72] GLOBAL mode — total_samples=200000
  total: h0=82063 h1=15019
  pooled_train:  n0=1270 n1=1270
  pooled_calib:  n0=750 n1=750
  pooled_eval:   n0=1270 n1=1270
  regions (for macro stats only): 1103
[INFO] Cosine baseline routed to direct Hadamard sum (PrecomputedCosine)
[INFO] WeightedEnsemble Cosine judge routed to direct Hadamard sum
  [Ensemble] Judges routed to 'alt' input: PrecomputedCosine
[WeightedEnsemble] Fitted weights (alpha=0.0500, external calib):
  tau=1.0426, Pooled external calib: TPR=0.6013, FPR=0.0493
  PrecomputedCosine   : +0.0588
  PCAWhitenedCosine   : +0.4134
  XGBoost             : +0.3025
  Tiny MLP            : +0.0887
  LDA                 : +0.1365

Method                   | TPR    | FPR    | TrTPR  | TrFPR  | MacroTPR | MacroFPR | Regions | TauMean | ms    | OK? 
---------------------------------------------------------------------------------------------------------------------
Cosine                   | 0.4260 | 0.0433 | 0.4293 | 0.0480 | 0.3992   | 0.0636   | 837     | 0.9707  | 99.4  | PASS
AndBox-HC                | 0.3795 | 0.0394 | 0.3613 | 0.0493 | 0.3421   | 0.0553   | 837     | 0.0001  | 62.2  | PASS
PCAWhitenedCosine        | 0.5126 | 0.0441 | 0.5360 | 0.0493 | 0.4328   | 0.0666   | 837     | 0.9391  | 96.2  | PASS
Vec (Wgt)                | 0.4669 | 0.0449 | 0.4547 | 0.0493 | 0.4312   | 0.0672   | 837     | 0.9528  | 95.7  | PASS
Log Reg                  | 0.2661 | 0.0646 | 0.2507 | 0.0493 | 0.2230   | 0.0824   | 837     | 0.5105  | 110.5 | FAIL
LDA                      | 0.5425 | 0.0465 | 0.5320 | 0.0493 | 0.4568   | 0.0637   | 837     | 3.5210  | 106.0 | PASS
Tiny MLP                 | 0.5661 | 0.0559 | 0.5773 | 0.0493 | 0.4806   | 0.0806   | 837     | 0.8563  | 404.3 | FAIL
MultiProtoCosine         | 0.0693 | 0.0551 | 0.0707 | 0.0493 | 0.0453   | 0.0595   | 837     | 0.9244  | 113.2 | FAIL
WeightedEnsemble         | 0.6000 | 0.0559 | 0.6013 | 0.0493 | 0.5121   | 0.0790   | 837     | 1.0426  | 449.8 | FAIL
XGBoost                  | 0.4457 | 0.0433 | 0.4493 | 0.0493 | 0.4134   | 0.0601   | 837     | 0.7336  | 79.0  | PASS
LDA1+LogReg              | 0.2661 | 0.0646 | 0.2507 | 0.0493 | 0.2230   | 0.0824   | 837     | 0.5105  | 104.2 | FAIL
PCA16+LogReg             | 0.2756 | 0.0654 | 0.2627 | 0.0493 | 0.2373   | 0.0837   | 837     | 0.5100  | 112.1 | FAIL
PCA32+LogReg             | 0.2701 | 0.0638 | 0.2600 | 0.0493 | 0.2277   | 0.0801   | 837     | 0.5103  | 114.7 | FAIL
PCA16+VecWeighted        | 0.0835 | 0.0472 | 0.0867 | 0.0493 | 0.0682   | 0.0434   | 837     | 0.0296  | 110.5 | PASS
PCA32+VecWeighted        | 0.0669 | 0.0449 | 0.0653 | 0.0493 | 0.0705   | 0.0472   | 837     | 0.0364  | 111.7 | PASS
StabilizedWhitenedCosine | 0.5126 | 0.0496 | 0.5333 | 0.0493 | 0.4393   | 0.0677   | 837     | 0.9222  | 103.0 | PASS

[trial=31 seed=73] GLOBAL mode — total_samples=200000
  total: h0=82063 h1=15019
  pooled_train:  n0=1270 n1=1270
  pooled_calib:  n0=750 n1=750
  pooled_eval:   n0=1270 n1=1270
  regions (for macro stats only): 1103
[INFO] Cosine baseline routed to direct Hadamard sum (PrecomputedCosine)
[INFO] WeightedEnsemble Cosine judge routed to direct Hadamard sum
  [Ensemble] Judges routed to 'alt' input: PrecomputedCosine
[WeightedEnsemble] Fitted weights (alpha=0.0500, external calib):
  tau=0.8406, Pooled external calib: TPR=0.5493, FPR=0.0493
  PrecomputedCosine   : +0.1369
  PCAWhitenedCosine   : +0.3322
  XGBoost             : +0.4468
  Tiny MLP            : +0.0732
  LDA                 : +0.0110

Method                   | TPR    | FPR    | TrTPR  | TrFPR  | MacroTPR | MacroFPR | Regions | TauMean | ms    | OK? 
---------------------------------------------------------------------------------------------------------------------
Cosine                   | 0.4457 | 0.0417 | 0.4400 | 0.0493 | 0.4016   | 0.0624   | 858     | 0.9674  | 102.5 | PASS
AndBox-HC                | 0.3276 | 0.0323 | 0.3240 | 0.0493 | 0.2801   | 0.0517   | 858     | 0.0001  | 61.6  | PASS
PCAWhitenedCosine        | 0.5244 | 0.0496 | 0.5280 | 0.0493 | 0.4154   | 0.0708   | 858     | 1.0168  | 97.0  | PASS
Vec (Wgt)                | 0.5055 | 0.0504 | 0.4973 | 0.0493 | 0.4429   | 0.0777   | 858     | 0.9507  | 97.1  | FAIL
Log Reg                  | 0.2693 | 0.0567 | 0.2627 | 0.0493 | 0.2340   | 0.0702   | 858     | 0.5112  | 108.9 | FAIL
LDA                      | 0.5110 | 0.0575 | 0.5173 | 0.0493 | 0.4084   | 0.0844   | 858     | 3.7740  | 102.8 | FAIL
Tiny MLP                 | 0.5055 | 0.0465 | 0.5107 | 0.0493 | 0.4078   | 0.0712   | 858     | 0.8871  | 475.4 | PASS
MultiProtoCosine         | 0.0913 | 0.0472 | 0.0733 | 0.0493 | 0.0770   | 0.0482   | 858     | 0.9225  | 112.3 | PASS
WeightedEnsemble         | 0.5315 | 0.0457 | 0.5493 | 0.0493 | 0.4331   | 0.0618   | 858     | 0.8406  | 526.1 | PASS
XGBoost                  | 0.4827 | 0.0465 | 0.4880 | 0.0493 | 0.4196   | 0.0720   | 858     | 0.7137  | 80.4  | PASS
LDA1+LogReg              | 0.2693 | 0.0567 | 0.2653 | 0.0493 | 0.2340   | 0.0702   | 858     | 0.5113  | 107.2 | FAIL
PCA16+LogReg             | 0.2709 | 0.0535 | 0.2653 | 0.0493 | 0.2239   | 0.0660   | 858     | 0.5112  | 110.4 | FAIL
PCA32+LogReg             | 0.2929 | 0.0567 | 0.2960 | 0.0493 | 0.2528   | 0.0709   | 858     | 0.5104  | 116.9 | FAIL
PCA16+VecWeighted        | 0.1921 | 0.0535 | 0.1987 | 0.0493 | 0.1591   | 0.0653   | 858     | 0.0279  | 109.6 | FAIL
PCA32+VecWeighted        | 0.1535 | 0.0654 | 0.1613 | 0.0493 | 0.1344   | 0.0792   | 858     | 0.0315  | 113.0 | FAIL
StabilizedWhitenedCosine | 0.5228 | 0.0535 | 0.5133 | 0.0493 | 0.4234   | 0.0766   | 858     | 0.9632  | 104.9 | FAIL

[trial=32 seed=74] GLOBAL mode — total_samples=200000
  total: h0=82063 h1=15019
  pooled_train:  n0=1270 n1=1270
  pooled_calib:  n0=750 n1=750
  pooled_eval:   n0=1270 n1=1270
  regions (for macro stats only): 1103
[INFO] Cosine baseline routed to direct Hadamard sum (PrecomputedCosine)
[INFO] WeightedEnsemble Cosine judge routed to direct Hadamard sum
  [Ensemble] Judges routed to 'alt' input: PrecomputedCosine
[WeightedEnsemble] Fitted weights (alpha=0.0500, external calib):
  tau=1.0662, Pooled external calib: TPR=0.5973, FPR=0.0493
  PrecomputedCosine   : +0.0652
  PCAWhitenedCosine   : +0.4878
  XGBoost             : +0.2661
  Tiny MLP            : +0.0535
  LDA                 : +0.1273

Method                   | TPR    | FPR    | TrTPR  | TrFPR  | MacroTPR | MacroFPR | Regions | TauMean | ms    | OK? 
---------------------------------------------------------------------------------------------------------------------
Cosine                   | 0.4748 | 0.0472 | 0.4880 | 0.0493 | 0.4620   | 0.0660   | 843     | 0.9583  | 101.2 | PASS
AndBox-HC                | 0.4717 | 0.0535 | 0.4933 | 0.0493 | 0.4549   | 0.0729   | 843     | 0.0000  | 60.6  | FAIL
PCAWhitenedCosine        | 0.5465 | 0.0567 | 0.5800 | 0.0480 | 0.4675   | 0.0761   | 843     | 0.8882  | 95.8  | FAIL
Vec (Wgt)                | 0.5039 | 0.0551 | 0.5333 | 0.0493 | 0.4792   | 0.0760   | 843     | 0.9416  | 97.1  | FAIL
Log Reg                  | 0.2677 | 0.0638 | 0.2733 | 0.0493 | 0.2344   | 0.0819   | 843     | 0.5116  | 106.6 | FAIL
LDA                      | 0.4929 | 0.0472 | 0.5307 | 0.0493 | 0.4190   | 0.0655   | 843     | 4.0544  | 100.5 | PASS
Tiny MLP                 | 0.5197 | 0.0535 | 0.5507 | 0.0493 | 0.4337   | 0.0744   | 843     | 0.8842  | 405.5 | FAIL
MultiProtoCosine         | 0.1110 | 0.0740 | 0.1333 | 0.0493 | 0.0928   | 0.0801   | 843     | 0.9206  | 111.5 | FAIL
WeightedEnsemble         | 0.5724 | 0.0559 | 0.5973 | 0.0493 | 0.4993   | 0.0770   | 843     | 1.0662  | 452.4 | FAIL
XGBoost                  | 0.5157 | 0.0520 | 0.5253 | 0.0493 | 0.4838   | 0.0717   | 843     | 0.6853  | 81.0  | FAIL
LDA1+LogReg              | 0.2677 | 0.0638 | 0.2747 | 0.0493 | 0.2344   | 0.0819   | 843     | 0.5116  | 105.0 | FAIL
PCA16+LogReg             | 0.2528 | 0.0591 | 0.2587 | 0.0493 | 0.2188   | 0.0746   | 843     | 0.5119  | 111.0 | FAIL
PCA32+LogReg             | 0.2787 | 0.0614 | 0.2827 | 0.0493 | 0.2405   | 0.0784   | 843     | 0.5111  | 114.6 | FAIL
PCA16+VecWeighted        | 0.1709 | 0.0583 | 0.1640 | 0.0493 | 0.1518   | 0.0680   | 843     | 0.0250  | 109.2 | FAIL
PCA32+VecWeighted        | 0.1724 | 0.0614 | 0.1680 | 0.0493 | 0.1574   | 0.0747   | 843     | 0.0292  | 112.7 | FAIL
StabilizedWhitenedCosine | 0.5165 | 0.0520 | 0.5307 | 0.0493 | 0.4463   | 0.0742   | 843     | 0.8684  | 102.8 | FAIL

[trial=33 seed=75] GLOBAL mode — total_samples=200000
  total: h0=82063 h1=15019
  pooled_train:  n0=1270 n1=1270
  pooled_calib:  n0=750 n1=750
  pooled_eval:   n0=1270 n1=1270
  regions (for macro stats only): 1103
[INFO] Cosine baseline routed to direct Hadamard sum (PrecomputedCosine)
[INFO] WeightedEnsemble Cosine judge routed to direct Hadamard sum
  [Ensemble] Judges routed to 'alt' input: PrecomputedCosine
[WeightedEnsemble] Fitted weights (alpha=0.0500, external calib):
  tau=0.8936, Pooled external calib: TPR=0.6200, FPR=0.0493
  PrecomputedCosine   : +0.1298
  PCAWhitenedCosine   : +0.1391
  XGBoost             : +0.2872
  Tiny MLP            : +0.3596
  LDA                 : +0.0844

Method                   | TPR    | FPR    | TrTPR  | TrFPR  | MacroTPR | MacroFPR | Regions | TauMean | ms    | OK? 
---------------------------------------------------------------------------------------------------------------------
Cosine                   | 0.4630 | 0.0480 | 0.4733 | 0.0493 | 0.4163   | 0.0682   | 844     | 0.9587  | 111.2 | PASS
AndBox-HC                | 0.3976 | 0.0433 | 0.4387 | 0.0493 | 0.3576   | 0.0608   | 844     | 0.0000  | 63.6  | PASS
PCAWhitenedCosine        | 0.5740 | 0.0528 | 0.5840 | 0.0493 | 0.4791   | 0.0853   | 844     | 0.7593  | 96.9  | FAIL
Vec (Wgt)                | 0.4827 | 0.0441 | 0.5040 | 0.0493 | 0.4349   | 0.0641   | 844     | 0.9532  | 97.6  | PASS
Log Reg                  | 0.2913 | 0.0465 | 0.2840 | 0.0493 | 0.2448   | 0.0616   | 844     | 0.5091  | 110.0 | PASS
LDA                      | 0.5378 | 0.0409 | 0.5613 | 0.0493 | 0.4346   | 0.0620   | 844     | 3.1943  | 101.6 | PASS
Tiny MLP                 | 0.5213 | 0.0504 | 0.5600 | 0.0493 | 0.4314   | 0.0731   | 844     | 0.8804  | 474.3 | FAIL
MultiProtoCosine         | 0.1134 | 0.0378 | 0.1240 | 0.0493 | 0.0831   | 0.0390   | 844     | 0.9229  | 114.1 | PASS
WeightedEnsemble         | 0.6016 | 0.0496 | 0.6200 | 0.0493 | 0.5039   | 0.0757   | 844     | 0.8936  | 520.7 | PASS
XGBoost                  | 0.5157 | 0.0441 | 0.5347 | 0.0493 | 0.4488   | 0.0621   | 844     | 0.6748  | 80.5  | PASS
LDA1+LogReg              | 0.2937 | 0.0457 | 0.2840 | 0.0493 | 0.2465   | 0.0613   | 844     | 0.5091  | 105.3 | PASS
PCA16+LogReg             | 0.2693 | 0.0417 | 0.2733 | 0.0467 | 0.2278   | 0.0555   | 844     | 0.5095  | 113.4 | PASS
PCA32+LogReg             | 0.2945 | 0.0441 | 0.2907 | 0.0493 | 0.2460   | 0.0600   | 844     | 0.5089  | 115.0 | PASS
PCA16+VecWeighted        | 0.0102 | 0.0402 | 0.0093 | 0.0493 | 0.0135   | 0.0229   | 844     | 0.0370  | 109.7 | PASS
PCA32+VecWeighted        | 0.0205 | 0.0339 | 0.0267 | 0.0493 | 0.0183   | 0.0230   | 844     | 0.0433  | 112.0 | PASS
StabilizedWhitenedCosine | 0.5819 | 0.0528 | 0.6000 | 0.0493 | 0.4937   | 0.0797   | 844     | 0.6947  | 103.7 | FAIL

[trial=34 seed=76] GLOBAL mode — total_samples=200000
  total: h0=82063 h1=15019
  pooled_train:  n0=1270 n1=1270
  pooled_calib:  n0=750 n1=750
  pooled_eval:   n0=1270 n1=1270
  regions (for macro stats only): 1103
[INFO] Cosine baseline routed to direct Hadamard sum (PrecomputedCosine)
[INFO] WeightedEnsemble Cosine judge routed to direct Hadamard sum
  [Ensemble] Judges routed to 'alt' input: PrecomputedCosine
[WeightedEnsemble] Fitted weights (alpha=0.0500, external calib):
  tau=0.8463, Pooled external calib: TPR=0.5840, FPR=0.0493
  PrecomputedCosine   : +0.2204
  PCAWhitenedCosine   : +0.3145
  XGBoost             : +0.1972
  Tiny MLP            : +0.2559
  LDA                 : +0.0120

Method                   | TPR    | FPR    | TrTPR  | TrFPR  | MacroTPR | MacroFPR | Regions | TauMean | ms    | OK? 
---------------------------------------------------------------------------------------------------------------------
Cosine                   | 0.4465 | 0.0354 | 0.4613 | 0.0493 | 0.3943   | 0.0533   | 862     | 0.9671  | 101.9 | PASS
AndBox-HC                | 0.3882 | 0.0315 | 0.4147 | 0.0493 | 0.3344   | 0.0441   | 862     | 0.0001  | 59.6  | PASS
PCAWhitenedCosine        | 0.5488 | 0.0480 | 0.5507 | 0.0493 | 0.4643   | 0.0744   | 862     | 0.9155  | 93.4  | PASS
Vec (Wgt)                | 0.4976 | 0.0433 | 0.5160 | 0.0493 | 0.4377   | 0.0656   | 862     | 0.9442  | 91.4  | PASS
Log Reg                  | 0.2520 | 0.0449 | 0.2533 | 0.0493 | 0.2158   | 0.0635   | 862     | 0.5110  | 102.7 | PASS
LDA                      | 0.5425 | 0.0496 | 0.5187 | 0.0493 | 0.4598   | 0.0783   | 862     | 3.6334  | 97.5  | PASS
Tiny MLP                 | 0.5661 | 0.0504 | 0.5573 | 0.0493 | 0.4791   | 0.0777   | 862     | 0.8595  | 399.8 | FAIL
MultiProtoCosine         | 0.0921 | 0.0630 | 0.1040 | 0.0493 | 0.0781   | 0.0653   | 862     | 0.9228  | 108.2 | FAIL
WeightedEnsemble         | 0.5890 | 0.0512 | 0.5840 | 0.0493 | 0.4955   | 0.0806   | 862     | 0.8463  | 439.1 | FAIL
XGBoost                  | 0.5142 | 0.0354 | 0.5240 | 0.0493 | 0.4407   | 0.0565   | 862     | 0.6946  | 78.9  | PASS
LDA1+LogReg              | 0.2614 | 0.0433 | 0.2627 | 0.0493 | 0.2197   | 0.0609   | 862     | 0.5110  | 98.9  | PASS
PCA16+LogReg             | 0.2654 | 0.0457 | 0.2640 | 0.0493 | 0.2203   | 0.0633   | 862     | 0.5105  | 108.0 | PASS
PCA32+LogReg             | 0.2661 | 0.0449 | 0.2680 | 0.0493 | 0.2228   | 0.0627   | 862     | 0.5105  | 110.5 | PASS
PCA16+VecWeighted        | 0.0795 | 0.0465 | 0.0787 | 0.0493 | 0.0669   | 0.0510   | 862     | 0.0297  | 103.5 | PASS
PCA32+VecWeighted        | 0.0559 | 0.0315 | 0.0573 | 0.0493 | 0.0515   | 0.0321   | 862     | 0.0373  | 105.8 | PASS
StabilizedWhitenedCosine | 0.5717 | 0.0433 | 0.5707 | 0.0493 | 0.4817   | 0.0679   | 862     | 0.8747  | 100.7 | PASS

[trial=35 seed=77] GLOBAL mode — total_samples=200000
  total: h0=82063 h1=15019
  pooled_train:  n0=1270 n1=1270
  pooled_calib:  n0=750 n1=750
  pooled_eval:   n0=1270 n1=1270
  regions (for macro stats only): 1103
[INFO] Cosine baseline routed to direct Hadamard sum (PrecomputedCosine)
[INFO] WeightedEnsemble Cosine judge routed to direct Hadamard sum
  [Ensemble] Judges routed to 'alt' input: PrecomputedCosine
[WeightedEnsemble] Fitted weights (alpha=0.0500, external calib):
  tau=0.8001, Pooled external calib: TPR=0.5613, FPR=0.0493
  PrecomputedCosine   : +0.2610
  PCAWhitenedCosine   : +0.2348
  XGBoost             : +0.2127
  Tiny MLP            : +0.2846
  LDA                 : +0.0070

Method                   | TPR    | FPR    | TrTPR  | TrFPR  | MacroTPR | MacroFPR | Regions | TauMean | ms    | OK? 
---------------------------------------------------------------------------------------------------------------------
Cosine                   | 0.5063 | 0.0535 | 0.4533 | 0.0493 | 0.4614   | 0.0814   | 835     | 0.9487  | 98.5  | FAIL
AndBox-HC                | 0.3693 | 0.0441 | 0.3267 | 0.0493 | 0.3269   | 0.0623   | 835     | 0.0000  | 58.8  | PASS
PCAWhitenedCosine        | 0.5646 | 0.0614 | 0.5320 | 0.0493 | 0.4594   | 0.0915   | 835     | 0.8359  | 90.8  | FAIL
Vec (Wgt)                | 0.5449 | 0.0583 | 0.4987 | 0.0493 | 0.4971   | 0.0884   | 835     | 0.9306  | 91.9  | FAIL
Log Reg                  | 0.2669 | 0.0472 | 0.2440 | 0.0493 | 0.2191   | 0.0620   | 835     | 0.5097  | 103.6 | PASS
LDA                      | 0.5031 | 0.0457 | 0.4707 | 0.0493 | 0.3870   | 0.0684   | 835     | 3.6614  | 95.9  | PASS
Tiny MLP                 | 0.5496 | 0.0630 | 0.5040 | 0.0493 | 0.4258   | 0.0904   | 835     | 0.8737  | 402.1 | FAIL
MultiProtoCosine         | 0.0937 | 0.0614 | 0.1147 | 0.0493 | 0.0749   | 0.0643   | 835     | 0.9239  | 107.5 | FAIL
WeightedEnsemble         | 0.6047 | 0.0559 | 0.5613 | 0.0493 | 0.4962   | 0.0850   | 835     | 0.8001  | 448.3 | FAIL
XGBoost                  | 0.5425 | 0.0559 | 0.4960 | 0.0493 | 0.4753   | 0.0798   | 835     | 0.6763  | 76.7  | FAIL
LDA1+LogReg              | 0.2701 | 0.0480 | 0.2453 | 0.0493 | 0.2238   | 0.0625   | 835     | 0.5097  | 98.8  | PASS
PCA16+LogReg             | 0.2906 | 0.0504 | 0.2640 | 0.0493 | 0.2345   | 0.0611   | 835     | 0.5091  | 105.8 | FAIL
PCA32+LogReg             | 0.2850 | 0.0535 | 0.2587 | 0.0493 | 0.2361   | 0.0672   | 835     | 0.5089  | 108.7 | FAIL
PCA16+VecWeighted        | 0.2024 | 0.0630 | 0.1693 | 0.0493 | 0.1630   | 0.0709   | 835     | 0.0247  | 101.3 | FAIL
PCA32+VecWeighted        | 0.1921 | 0.0543 | 0.1653 | 0.0493 | 0.1540   | 0.0584   | 835     | 0.0291  | 107.1 | FAIL
StabilizedWhitenedCosine | 0.5504 | 0.0543 | 0.5213 | 0.0493 | 0.4554   | 0.0833   | 835     | 0.8333  | 99.4  | FAIL

[trial=36 seed=78] GLOBAL mode — total_samples=200000
  total: h0=82063 h1=15019
  pooled_train:  n0=1270 n1=1270
  pooled_calib:  n0=750 n1=750
  pooled_eval:   n0=1270 n1=1270
  regions (for macro stats only): 1103
[INFO] Cosine baseline routed to direct Hadamard sum (PrecomputedCosine)
[INFO] WeightedEnsemble Cosine judge routed to direct Hadamard sum
  [Ensemble] Judges routed to 'alt' input: PrecomputedCosine
[WeightedEnsemble] Fitted weights (alpha=0.0500, external calib):
  tau=1.3746, Pooled external calib: TPR=0.5067, FPR=0.0493
  PrecomputedCosine   : +0.1115
  PCAWhitenedCosine   : +0.3269
  XGBoost             : +0.1138
  Tiny MLP            : +0.2685
  LDA                 : +0.1794

Method                   | TPR    | FPR    | TrTPR  | TrFPR  | MacroTPR | MacroFPR | Regions | TauMean | ms    | OK? 
---------------------------------------------------------------------------------------------------------------------
Cosine                   | 0.3882 | 0.0307 | 0.4133 | 0.0493 | 0.3645   | 0.0434   | 870     | 0.9797  | 100.3 | PASS
AndBox-HC                | 0.3378 | 0.0465 | 0.3427 | 0.0493 | 0.3145   | 0.0594   | 870     | 0.0000  | 59.9  | PASS
PCAWhitenedCosine        | 0.4701 | 0.0370 | 0.4653 | 0.0493 | 0.3878   | 0.0559   | 870     | 1.0554  | 92.8  | PASS
Vec (Wgt)                | 0.4441 | 0.0346 | 0.4720 | 0.0493 | 0.4164   | 0.0510   | 870     | 0.9599  | 92.2  | PASS
Log Reg                  | 0.2433 | 0.0591 | 0.2627 | 0.0493 | 0.2295   | 0.0799   | 870     | 0.5101  | 105.7 | FAIL
LDA                      | 0.5008 | 0.0307 | 0.4733 | 0.0493 | 0.4097   | 0.0466   | 870     | 4.0155  | 98.7  | PASS
Tiny MLP                 | 0.5244 | 0.0394 | 0.5027 | 0.0493 | 0.4213   | 0.0596   | 870     | 0.8633  | 399.1 | PASS
MultiProtoCosine         | 0.0772 | 0.0425 | 0.0893 | 0.0493 | 0.0780   | 0.0497   | 870     | 0.9223  | 109.0 | PASS
WeightedEnsemble         | 0.5299 | 0.0362 | 0.5067 | 0.0493 | 0.4342   | 0.0533   | 870     | 1.3746  | 442.8 | PASS
XGBoost                  | 0.3961 | 0.0228 | 0.4080 | 0.0467 | 0.3465   | 0.0333   | 870     | 0.7499  | 77.1  | PASS
LDA1+LogReg              | 0.2512 | 0.0598 | 0.2680 | 0.0493 | 0.2332   | 0.0816   | 870     | 0.5101  | 100.1 | FAIL
PCA16+LogReg             | 0.2520 | 0.0583 | 0.2667 | 0.0493 | 0.2329   | 0.0790   | 870     | 0.5098  | 107.1 | FAIL
PCA32+LogReg             | 0.2457 | 0.0583 | 0.2640 | 0.0493 | 0.2338   | 0.0781   | 870     | 0.5099  | 111.1 | FAIL
PCA16+VecWeighted        | 0.1189 | 0.0480 | 0.1093 | 0.0493 | 0.0874   | 0.0579   | 870     | 0.0297  | 107.1 | PASS
PCA32+VecWeighted        | 0.0850 | 0.0449 | 0.0693 | 0.0493 | 0.0629   | 0.0553   | 870     | 0.0368  | 108.8 | PASS
StabilizedWhitenedCosine | 0.5087 | 0.0457 | 0.5200 | 0.0493 | 0.4412   | 0.0673   | 870     | 0.9285  | 102.4 | PASS

[trial=37 seed=79] GLOBAL mode — total_samples=200000
  total: h0=82063 h1=15019
  pooled_train:  n0=1270 n1=1270
  pooled_calib:  n0=750 n1=750
  pooled_eval:   n0=1270 n1=1270
  regions (for macro stats only): 1103
[INFO] Cosine baseline routed to direct Hadamard sum (PrecomputedCosine)
[INFO] WeightedEnsemble Cosine judge routed to direct Hadamard sum
  [Ensemble] Judges routed to 'alt' input: PrecomputedCosine
[WeightedEnsemble] Fitted weights (alpha=0.0500, external calib):
  tau=0.7925, Pooled external calib: TPR=0.5773, FPR=0.0493
  PrecomputedCosine   : +0.1369
  PCAWhitenedCosine   : +0.3322
  XGBoost             : +0.4468
  Tiny MLP            : +0.0732
  LDA                 : +0.0110

Method                   | TPR    | FPR    | TrTPR  | TrFPR  | MacroTPR | MacroFPR | Regions | TauMean | ms    | OK? 
---------------------------------------------------------------------------------------------------------------------
Cosine                   | 0.4953 | 0.0677 | 0.4560 | 0.0493 | 0.4628   | 0.0924   | 853     | 0.9496  | 124.3 | FAIL
AndBox-HC                | 0.4630 | 0.0724 | 0.4133 | 0.0493 | 0.4252   | 0.0979   | 853     | 0.0000  | 58.6  | FAIL
PCAWhitenedCosine        | 0.5504 | 0.0606 | 0.5493 | 0.0493 | 0.4587   | 0.0764   | 853     | 0.9630  | 97.4  | FAIL
Vec (Wgt)                | 0.5260 | 0.0693 | 0.5027 | 0.0493 | 0.4829   | 0.0947   | 853     | 0.9311  | 93.7  | FAIL
Log Reg                  | 0.2346 | 0.0543 | 0.2187 | 0.0493 | 0.2053   | 0.0670   | 853     | 0.5115  | 104.2 | FAIL
LDA                      | 0.5465 | 0.0543 | 0.5227 | 0.0493 | 0.4409   | 0.0731   | 853     | 3.4921  | 96.9  | FAIL
Tiny MLP                 | 0.5244 | 0.0417 | 0.5027 | 0.0493 | 0.4183   | 0.0573   | 853     | 0.8793  | 394.5 | PASS
MultiProtoCosine         | 0.0858 | 0.0496 | 0.0773 | 0.0493 | 0.0656   | 0.0579   | 853     | 0.9244  | 106.3 | PASS
WeightedEnsemble         | 0.5937 | 0.0591 | 0.5773 | 0.0493 | 0.5077   | 0.0760   | 853     | 0.7925  | 442.5 | FAIL
XGBoost                  | 0.5378 | 0.0661 | 0.4947 | 0.0493 | 0.4801   | 0.0924   | 853     | 0.6887  | 76.6  | FAIL
LDA1+LogReg              | 0.2346 | 0.0543 | 0.2200 | 0.0493 | 0.2053   | 0.0670   | 853     | 0.5115  | 100.0 | FAIL
PCA16+LogReg             | 0.2465 | 0.0575 | 0.2267 | 0.0493 | 0.2066   | 0.0685   | 853     | 0.5111  | 105.4 | FAIL
PCA32+LogReg             | 0.2472 | 0.0535 | 0.2213 | 0.0493 | 0.2102   | 0.0675   | 853     | 0.5111  | 112.3 | FAIL
PCA16+VecWeighted        | 0.1882 | 0.0528 | 0.1773 | 0.0493 | 0.1662   | 0.0605   | 853     | 0.0271  | 102.3 | FAIL
PCA32+VecWeighted        | 0.2220 | 0.0827 | 0.1973 | 0.0493 | 0.2069   | 0.0893   | 853     | 0.0264  | 105.9 | FAIL
StabilizedWhitenedCosine | 0.5417 | 0.0512 | 0.5213 | 0.0493 | 0.4539   | 0.0704   | 853     | 1.0019  | 95.2  | FAIL

[trial=38 seed=80] GLOBAL mode — total_samples=200000
  total: h0=82063 h1=15019
  pooled_train:  n0=1270 n1=1270
  pooled_calib:  n0=750 n1=750
  pooled_eval:   n0=1270 n1=1270
  regions (for macro stats only): 1103
[INFO] Cosine baseline routed to direct Hadamard sum (PrecomputedCosine)
[INFO] WeightedEnsemble Cosine judge routed to direct Hadamard sum
  [Ensemble] Judges routed to 'alt' input: PrecomputedCosine
[WeightedEnsemble] Fitted weights (alpha=0.0500, external calib):
  tau=1.4228, Pooled external calib: TPR=0.5347, FPR=0.0493
  PrecomputedCosine   : +0.0156
  PCAWhitenedCosine   : +0.2410
  XGBoost             : +0.1453
  Tiny MLP            : +0.4189
  LDA                 : +0.1793

Method                   | TPR    | FPR    | TrTPR  | TrFPR  | MacroTPR | MacroFPR | Regions | TauMean | ms    | OK? 
---------------------------------------------------------------------------------------------------------------------
Cosine                   | 0.4205 | 0.0378 | 0.4360 | 0.0493 | 0.3670   | 0.0641   | 863     | 0.9712  | 96.6  | PASS
AndBox-HC                | 0.2976 | 0.0362 | 0.3013 | 0.0493 | 0.2743   | 0.0549   | 863     | 0.0001  | 57.0  | PASS
PCAWhitenedCosine        | 0.4898 | 0.0386 | 0.4880 | 0.0493 | 0.3739   | 0.0593   | 863     | 1.1511  | 90.4  | PASS
Vec (Wgt)                | 0.4402 | 0.0354 | 0.4440 | 0.0493 | 0.3554   | 0.0612   | 863     | 0.9675  | 90.9  | PASS
Log Reg                  | 0.2551 | 0.0433 | 0.2573 | 0.0493 | 0.2115   | 0.0570   | 863     | 0.5106  | 99.5  | PASS
LDA                      | 0.5260 | 0.0543 | 0.5067 | 0.0493 | 0.4145   | 0.0775   | 863     | 4.2207  | 93.8  | FAIL
Tiny MLP                 | 0.5102 | 0.0496 | 0.4933 | 0.0493 | 0.4011   | 0.0727   | 863     | 0.9198  | 385.5 | PASS
MultiProtoCosine         | 0.0890 | 0.0504 | 0.0987 | 0.0493 | 0.0687   | 0.0534   | 863     | 0.9223  | 104.6 | FAIL
WeightedEnsemble         | 0.5622 | 0.0496 | 0.5347 | 0.0493 | 0.4412   | 0.0725   | 863     | 1.4228  | 437.2 | PASS
XGBoost                  | 0.4827 | 0.0425 | 0.4773 | 0.0493 | 0.3860   | 0.0699   | 863     | 0.7230  | 75.2  | PASS
LDA1+LogReg              | 0.2551 | 0.0425 | 0.2560 | 0.0493 | 0.2115   | 0.0564   | 863     | 0.5106  | 95.8  | PASS
PCA16+LogReg             | 0.2543 | 0.0433 | 0.2640 | 0.0493 | 0.2046   | 0.0565   | 863     | 0.5104  | 103.0 | PASS
PCA32+LogReg             | 0.2622 | 0.0433 | 0.2760 | 0.0493 | 0.2135   | 0.0572   | 863     | 0.5102  | 104.2 | PASS
PCA16+VecWeighted        | 0.0496 | 0.0567 | 0.0507 | 0.0493 | 0.0566   | 0.0627   | 863     | 0.0310  | 102.0 | FAIL
PCA32+VecWeighted        | 0.1189 | 0.0701 | 0.0960 | 0.0493 | 0.1052   | 0.0806   | 863     | 0.0328  | 103.3 | FAIL
StabilizedWhitenedCosine | 0.4630 | 0.0370 | 0.4413 | 0.0493 | 0.3441   | 0.0556   | 863     | 1.2180  | 94.9  | PASS

[trial=39 seed=81] GLOBAL mode — total_samples=200000
  total: h0=82063 h1=15019
  pooled_train:  n0=1270 n1=1270
  pooled_calib:  n0=750 n1=750
  pooled_eval:   n0=1270 n1=1270
  regions (for macro stats only): 1103
[INFO] Cosine baseline routed to direct Hadamard sum (PrecomputedCosine)
[INFO] WeightedEnsemble Cosine judge routed to direct Hadamard sum
  [Ensemble] Judges routed to 'alt' input: PrecomputedCosine
[WeightedEnsemble] Fitted weights (alpha=0.0500, external calib):
  tau=0.8324, Pooled external calib: TPR=0.5653, FPR=0.0493
  PrecomputedCosine   : +0.3209
  PCAWhitenedCosine   : +0.3118
  XGBoost             : +0.3183
  Tiny MLP            : +0.0373
  LDA                 : +0.0115

Method                   | TPR    | FPR    | TrTPR  | TrFPR  | MacroTPR | MacroFPR | Regions | TauMean | ms    | OK? 
---------------------------------------------------------------------------------------------------------------------
Cosine                   | 0.4795 | 0.0535 | 0.4547 | 0.0493 | 0.4361   | 0.0716   | 856     | 0.9507  | 104.8 | FAIL
AndBox-HC                | 0.4764 | 0.0583 | 0.4200 | 0.0493 | 0.4206   | 0.0778   | 856     | 0.0000  | 66.1  | FAIL
PCAWhitenedCosine        | 0.5575 | 0.0512 | 0.5413 | 0.0493 | 0.4605   | 0.0730   | 856     | 0.8963  | 101.2 | FAIL
Vec (Wgt)                | 0.5331 | 0.0504 | 0.4893 | 0.0493 | 0.4766   | 0.0701   | 856     | 0.9353  | 102.3 | FAIL
Log Reg                  | 0.2724 | 0.0575 | 0.2400 | 0.0493 | 0.2411   | 0.0722   | 856     | 0.5097  | 117.4 | FAIL
LDA                      | 0.5071 | 0.0378 | 0.4787 | 0.0493 | 0.4297   | 0.0531   | 856     | 3.7222  | 107.8 | PASS
Tiny MLP                 | 0.5402 | 0.0496 | 0.5160 | 0.0493 | 0.4537   | 0.0709   | 856     | 0.8734  | 471.7 | PASS
MultiProtoCosine         | 0.0953 | 0.0449 | 0.0867 | 0.0493 | 0.0828   | 0.0511   | 856     | 0.9240  | 125.2 | PASS
WeightedEnsemble         | 0.5803 | 0.0520 | 0.5653 | 0.0493 | 0.4916   | 0.0730   | 856     | 0.8324  | 527.2 | FAIL
XGBoost                  | 0.5094 | 0.0528 | 0.4893 | 0.0493 | 0.4429   | 0.0726   | 856     | 0.6988  | 82.0  | FAIL
LDA1+LogReg              | 0.2701 | 0.0567 | 0.2413 | 0.0493 | 0.2403   | 0.0716   | 856     | 0.5097  | 108.6 | FAIL
PCA16+LogReg             | 0.2795 | 0.0591 | 0.2493 | 0.0493 | 0.2416   | 0.0744   | 856     | 0.5095  | 118.2 | FAIL
PCA32+LogReg             | 0.2598 | 0.0567 | 0.2293 | 0.0493 | 0.2264   | 0.0705   | 856     | 0.5097  | 122.9 | FAIL
PCA16+VecWeighted        | 0.1433 | 0.0551 | 0.1320 | 0.0493 | 0.1404   | 0.0673   | 856     | 0.0294  | 115.8 | FAIL
PCA32+VecWeighted        | 0.1504 | 0.0504 | 0.1267 | 0.0493 | 0.1311   | 0.0648   | 856     | 0.0333  | 118.1 | FAIL
StabilizedWhitenedCosine | 0.5551 | 0.0465 | 0.5480 | 0.0493 | 0.4609   | 0.0596   | 856     | 0.8747  | 110.1 | PASS

[trial=40 seed=82] GLOBAL mode — total_samples=200000
  total: h0=82063 h1=15019
  pooled_train:  n0=1270 n1=1270
  pooled_calib:  n0=750 n1=750
  pooled_eval:   n0=1270 n1=1270
  regions (for macro stats only): 1103
[INFO] Cosine baseline routed to direct Hadamard sum (PrecomputedCosine)
[INFO] WeightedEnsemble Cosine judge routed to direct Hadamard sum
  [Ensemble] Judges routed to 'alt' input: PrecomputedCosine
[WeightedEnsemble] Fitted weights (alpha=0.0500, external calib):
  tau=1.1289, Pooled external calib: TPR=0.6173, FPR=0.0493
  PrecomputedCosine   : +0.0154
  PCAWhitenedCosine   : +0.4848
  XGBoost             : +0.1267
  Tiny MLP            : +0.1090
  LDA                 : +0.2640

Method                   | TPR    | FPR    | TrTPR  | TrFPR  | MacroTPR | MacroFPR | Regions | TauMean | ms    | OK? 
---------------------------------------------------------------------------------------------------------------------
Cosine                   | 0.4654 | 0.0465 | 0.4733 | 0.0493 | 0.4390   | 0.0660   | 870     | 0.9530  | 97.5  | PASS
AndBox-HC                | 0.4079 | 0.0378 | 0.4187 | 0.0493 | 0.3853   | 0.0549   | 870     | 0.0000  | 59.5  | PASS
PCAWhitenedCosine        | 0.5291 | 0.0441 | 0.5080 | 0.0493 | 0.4161   | 0.0614   | 870     | 0.9315  | 97.5  | PASS
Vec (Wgt)                | 0.5000 | 0.0425 | 0.5067 | 0.0493 | 0.4569   | 0.0665   | 870     | 0.9388  | 97.4  | PASS