<frozen runpy>:128: RuntimeWarning: 'NeighborCache.region_local_threshold.cli' found in sys.modules after import of package 'NeighborCache.region_local_threshold', but prior to execution of 'NeighborCache.region_local_threshold.cli'; this may result in unpredictable behaviour
[INFO] Using features key='emb' dim=1024
[INFO] Applied Hadamard preprocessing (strategy=centroid_nearest, use_delta_vec=False, use_abs_diff=False) to X_main

=== Region Threshold Benchmark ===
dataset_npz=NeighborCache/data/h1h0_final.npz
region_key=global_cluster (resolved=global_cluster, unique=1103)
features=emb+hadamard rows=200000 dim=1024
text_pairs=text+region_anchor[centroid_nearest]
alpha=0.05 tie_mode=ge trials=50 base_seed=45
tau_mode=global
hadamard_preprocess=True
abs_diff_only_preprocess=False
use_delta_vec=False
use_abs_diff=False
normalize_data=False
filter_policy=none
train_cosine_policy_active=False
caps: train=1270 calib=1240 eval=1270
mins: min_h0_eval=20 min_h1_eval=20
run_dir=/home/malmatal/Projects/Multi_Dim_Threshold/NeighborCache/outputs/region_local_threshold/run_20260503_135504

[trial=0 seed=45] GLOBAL mode — total_samples=200000
  total: h0=82063 h1=15019
  pooled_train:  n0=1270 n1=1270
  pooled_calib:  n0=1240 n1=1240
  pooled_eval:   n0=1270 n1=1270
  regions (for macro stats only): 1103
[INFO] Cosine baseline routed to direct Hadamard sum (PrecomputedCosine)
[INFO] WeightedEnsemble Cosine judge routed to direct Hadamard sum
  [Ensemble] Judges routed to 'alt' input: PrecomputedCosine
[WeightedEnsemble] Fitted weights (alpha=0.0500, external calib):
  tau=0.9133, Pooled external calib: TPR=0.6056, FPR=0.0500
  PrecomputedCosine   : +0.5316
  PCAWhitenedCosine   : +0.2031
  XGBoost             : +0.0553
  Tiny MLP            : +0.1785
  LDA                 : +0.0315

Method                   | TPR    | FPR    | TrTPR  | TrFPR  | MacroTPR | MacroFPR | Regions | TauMean | ms    | OK? 
---------------------------------------------------------------------------------------------------------------------
Cosine                   | 0.4748 | 0.0567 | 0.4734 | 0.0500 | 0.4373   | 0.0781   | 854     | 0.9592  | 106.3 | FAIL
AndBox-HC                | 0.3937 | 0.0583 | 0.3968 | 0.0500 | 0.3491   | 0.0795   | 854     | 0.0000  | 65.8  | FAIL
PCAWhitenedCosine        | 0.5661 | 0.0480 | 0.5500 | 0.0500 | 0.4658   | 0.0684   | 854     | 0.8374  | 101.3 | PASS
Vec (Wgt)                | 0.5260 | 0.0559 | 0.5194 | 0.0500 | 0.4777   | 0.0791   | 854     | 0.9381  | 101.9 | FAIL
Log Reg                  | 0.2441 | 0.0528 | 0.2282 | 0.0500 | 0.2219   | 0.0688   | 854     | 0.5120  | 117.0 | FAIL
LDA                      | 0.5472 | 0.0425 | 0.5032 | 0.0500 | 0.4362   | 0.0532   | 854     | 3.5701  | 107.0 | PASS
Tiny MLP                 | 0.5654 | 0.0496 | 0.5355 | 0.0500 | 0.4695   | 0.0651   | 854     | 0.8575  | 501.3 | PASS
MultiProtoCosine         | 0.1016 | 0.0512 | 0.0839 | 0.0500 | 0.0836   | 0.0602   | 854     | 0.9235  | 120.7 | FAIL
WeightedEnsemble         | 0.6055 | 0.0559 | 0.6056 | 0.0500 | 0.5131   | 0.0759   | 854     | 0.9133  | 554.1 | FAIL
XGBoost                  | 0.4984 | 0.0465 | 0.4903 | 0.0500 | 0.4418   | 0.0611   | 854     | 0.7007  | 86.2  | PASS
LDA1+LogReg              | 0.2504 | 0.0535 | 0.2323 | 0.0500 | 0.2247   | 0.0694   | 854     | 0.5120  | 109.7 | FAIL
PCA16+LogReg             | 0.2669 | 0.0528 | 0.2452 | 0.0484 | 0.2360   | 0.0680   | 854     | 0.5115  | 119.3 | FAIL
PCA32+LogReg             | 0.2811 | 0.0543 | 0.2524 | 0.0500 | 0.2447   | 0.0703   | 854     | 0.5112  | 122.3 | FAIL
PCA16+VecWeighted        | 0.2102 | 0.0575 | 0.2073 | 0.0500 | 0.1958   | 0.0757   | 854     | 0.0253  | 116.1 | FAIL
PCA32+VecWeighted        | 0.1496 | 0.0409 | 0.1556 | 0.0500 | 0.1333   | 0.0552   | 854     | 0.0321  | 119.2 | PASS
StabilizedWhitenedCosine | 0.5417 | 0.0465 | 0.5363 | 0.0500 | 0.4394   | 0.0629   | 854     | 0.8728  | 110.9 | PASS

[trial=1 seed=46] GLOBAL mode — total_samples=200000
  total: h0=82063 h1=15019
  pooled_train:  n0=1270 n1=1270
  pooled_calib:  n0=1240 n1=1240
  pooled_eval:   n0=1270 n1=1270
  regions (for macro stats only): 1103
[INFO] Cosine baseline routed to direct Hadamard sum (PrecomputedCosine)
[INFO] WeightedEnsemble Cosine judge routed to direct Hadamard sum
  [Ensemble] Judges routed to 'alt' input: PrecomputedCosine
[WeightedEnsemble] Fitted weights (alpha=0.0500, external calib):
  tau=0.8583, Pooled external calib: TPR=0.5669, FPR=0.0500
  PrecomputedCosine   : +0.0477
  PCAWhitenedCosine   : +0.4884
  XGBoost             : +0.3290
  Tiny MLP            : +0.0838
  LDA                 : +0.0511

Method                   | TPR    | FPR    | TrTPR  | TrFPR  | MacroTPR | MacroFPR | Regions | TauMean | ms    | OK? 
---------------------------------------------------------------------------------------------------------------------
Cosine                   | 0.4575 | 0.0449 | 0.4621 | 0.0500 | 0.4322   | 0.0667   | 871     | 0.9587  | 107.5 | PASS
AndBox-HC                | 0.4417 | 0.0472 | 0.4427 | 0.0492 | 0.4134   | 0.0668   | 871     | 0.0001  | 67.1  | PASS
PCAWhitenedCosine        | 0.5480 | 0.0551 | 0.5403 | 0.0500 | 0.4661   | 0.0763   | 871     | 0.9303  | 102.9 | FAIL
Vec (Wgt)                | 0.5126 | 0.0528 | 0.5056 | 0.0500 | 0.4797   | 0.0787   | 871     | 0.9314  | 103.8 | FAIL
Log Reg                  | 0.2417 | 0.0575 | 0.2403 | 0.0500 | 0.2236   | 0.0703   | 871     | 0.5114  | 118.8 | FAIL
LDA                      | 0.5228 | 0.0606 | 0.5234 | 0.0500 | 0.4336   | 0.0819   | 871     | 3.3961  | 110.1 | FAIL
Tiny MLP                 | 0.5299 | 0.0583 | 0.5145 | 0.0500 | 0.4363   | 0.0819   | 871     | 0.9057  | 503.1 | FAIL
MultiProtoCosine         | 0.1039 | 0.0614 | 0.1032 | 0.0500 | 0.0892   | 0.0623   | 871     | 0.9208  | 123.8 | FAIL
WeightedEnsemble         | 0.5764 | 0.0622 | 0.5669 | 0.0500 | 0.4910   | 0.0874   | 871     | 0.8583  | 556.3 | FAIL
XGBoost                  | 0.4976 | 0.0520 | 0.4831 | 0.0500 | 0.4534   | 0.0765   | 871     | 0.7068  | 85.4  | FAIL
LDA1+LogReg              | 0.2425 | 0.0567 | 0.2411 | 0.0500 | 0.2237   | 0.0697   | 871     | 0.5115  | 112.6 | FAIL
PCA16+LogReg             | 0.2441 | 0.0535 | 0.2363 | 0.0500 | 0.2193   | 0.0666   | 871     | 0.5113  | 122.2 | FAIL
PCA32+LogReg             | 0.2472 | 0.0559 | 0.2427 | 0.0500 | 0.2308   | 0.0693   | 871     | 0.5109  | 125.7 | FAIL
PCA16+VecWeighted        | 0.1079 | 0.0433 | 0.0984 | 0.0500 | 0.0933   | 0.0396   | 871     | 0.0301  | 119.2 | PASS
PCA32+VecWeighted        | 0.0606 | 0.0339 | 0.0460 | 0.0500 | 0.0526   | 0.0158   | 871     | 0.0416  | 122.3 | PASS
StabilizedWhitenedCosine | 0.5472 | 0.0583 | 0.5379 | 0.0500 | 0.4801   | 0.0817   | 871     | 0.9192  | 113.1 | FAIL

[trial=2 seed=47] GLOBAL mode — total_samples=200000
  total: h0=82063 h1=15019
  pooled_train:  n0=1270 n1=1270
  pooled_calib:  n0=1240 n1=1240
  pooled_eval:   n0=1270 n1=1270
  regions (for macro stats only): 1103
[INFO] Cosine baseline routed to direct Hadamard sum (PrecomputedCosine)
[INFO] WeightedEnsemble Cosine judge routed to direct Hadamard sum
  [Ensemble] Judges routed to 'alt' input: PrecomputedCosine
[WeightedEnsemble] Fitted weights (alpha=0.0500, external calib):
  tau=0.8523, Pooled external calib: TPR=0.5831, FPR=0.0500
  PrecomputedCosine   : +0.2610
  PCAWhitenedCosine   : +0.2348
  XGBoost             : +0.2127
  Tiny MLP            : +0.2846
  LDA                 : +0.0070

Method                   | TPR    | FPR    | TrTPR  | TrFPR  | MacroTPR | MacroFPR | Regions | TauMean | ms    | OK? 
---------------------------------------------------------------------------------------------------------------------
Cosine                   | 0.4496 | 0.0417 | 0.4685 | 0.0500 | 0.4011   | 0.0616   | 852     | 0.9626  | 107.3 | PASS
AndBox-HC                | 0.3906 | 0.0378 | 0.3887 | 0.0500 | 0.3576   | 0.0537   | 852     | 0.0001  | 67.3  | PASS
PCAWhitenedCosine        | 0.5425 | 0.0575 | 0.5637 | 0.0500 | 0.4461   | 0.0769   | 852     | 0.9413  | 103.2 | FAIL
Vec (Wgt)                | 0.4764 | 0.0402 | 0.5081 | 0.0500 | 0.4103   | 0.0602   | 852     | 0.9523  | 103.0 | PASS
Log Reg                  | 0.2016 | 0.0583 | 0.2258 | 0.0500 | 0.1962   | 0.0727   | 852     | 0.5128  | 118.6 | FAIL
LDA                      | 0.5055 | 0.0441 | 0.5387 | 0.0500 | 0.4092   | 0.0580   | 852     | 3.9998  | 109.2 | PASS
Tiny MLP                 | 0.5409 | 0.0512 | 0.5589 | 0.0500 | 0.4449   | 0.0692   | 852     | 0.8858  | 501.4 | FAIL
MultiProtoCosine         | 0.0866 | 0.0488 | 0.1000 | 0.0500 | 0.0692   | 0.0503   | 852     | 0.9241  | 123.8 | PASS
WeightedEnsemble         | 0.5535 | 0.0551 | 0.5831 | 0.0500 | 0.4584   | 0.0719   | 852     | 0.8523  | 556.1 | FAIL
XGBoost                  | 0.4882 | 0.0394 | 0.5016 | 0.0500 | 0.4230   | 0.0530   | 852     | 0.7071  | 86.6  | PASS
LDA1+LogReg              | 0.2087 | 0.0583 | 0.2323 | 0.0500 | 0.1986   | 0.0727   | 852     | 0.5127  | 112.2 | FAIL
PCA16+LogReg             | 0.2252 | 0.0575 | 0.2395 | 0.0500 | 0.2036   | 0.0730   | 852     | 0.5122  | 121.6 | FAIL
PCA32+LogReg             | 0.2244 | 0.0567 | 0.2444 | 0.0500 | 0.2035   | 0.0708   | 852     | 0.5122  | 124.5 | FAIL
PCA16+VecWeighted        | 0.0976 | 0.0543 | 0.0952 | 0.0500 | 0.0823   | 0.0613   | 852     | 0.0317  | 118.2 | FAIL
PCA32+VecWeighted        | 0.1189 | 0.0409 | 0.1210 | 0.0484 | 0.0931   | 0.0475   | 852     | 0.0341  | 122.7 | PASS
StabilizedWhitenedCosine | 0.5228 | 0.0543 | 0.5444 | 0.0500 | 0.4197   | 0.0733   | 852     | 0.9968  | 112.7 | FAIL

[trial=3 seed=48] GLOBAL mode — total_samples=200000
  total: h0=82063 h1=15019
  pooled_train:  n0=1270 n1=1270
  pooled_calib:  n0=1240 n1=1240
  pooled_eval:   n0=1270 n1=1270
  regions (for macro stats only): 1103
[INFO] Cosine baseline routed to direct Hadamard sum (PrecomputedCosine)
[INFO] WeightedEnsemble Cosine judge routed to direct Hadamard sum
  [Ensemble] Judges routed to 'alt' input: PrecomputedCosine
[WeightedEnsemble] Fitted weights (alpha=0.0500, external calib):
  tau=1.0713, Pooled external calib: TPR=0.5621, FPR=0.0500
  PrecomputedCosine   : +0.2042
  PCAWhitenedCosine   : +0.1982
  XGBoost             : +0.4393
  Tiny MLP            : +0.0111
  LDA                 : +0.1471

Method                   | TPR    | FPR    | TrTPR  | TrFPR  | MacroTPR | MacroFPR | Regions | TauMean | ms    | OK? 
---------------------------------------------------------------------------------------------------------------------
Cosine                   | 0.4472 | 0.0441 | 0.4621 | 0.0500 | 0.4402   | 0.0717   | 856     | 0.9582  | 107.5 | PASS
AndBox-HC                | 0.3339 | 0.0409 | 0.3484 | 0.0500 | 0.3061   | 0.0550   | 856     | 0.0001  | 66.2  | PASS
PCAWhitenedCosine        | 0.5339 | 0.0520 | 0.5444 | 0.0500 | 0.4566   | 0.0794   | 856     | 0.8970  | 102.0 | FAIL
Vec (Wgt)                | 0.5000 | 0.0488 | 0.5177 | 0.0500 | 0.4805   | 0.0736   | 856     | 0.9407  | 102.6 | PASS
Log Reg                  | 0.2661 | 0.0559 | 0.2855 | 0.0500 | 0.2363   | 0.0710   | 856     | 0.5098  | 118.3 | FAIL
LDA                      | 0.5315 | 0.0496 | 0.5250 | 0.0500 | 0.4645   | 0.0705   | 856     | 3.2991  | 108.1 | PASS
Tiny MLP                 | 0.5268 | 0.0449 | 0.5008 | 0.0500 | 0.4523   | 0.0650   | 856     | 0.8677  | 502.2 | PASS
MultiProtoCosine         | 0.1094 | 0.0677 | 0.1032 | 0.0500 | 0.0788   | 0.0675   | 856     | 0.9204  | 121.6 | FAIL
WeightedEnsemble         | 0.5638 | 0.0457 | 0.5621 | 0.0500 | 0.4953   | 0.0681   | 856     | 1.0713  | 556.0 | PASS
XGBoost                  | 0.4827 | 0.0441 | 0.4831 | 0.0500 | 0.4505   | 0.0656   | 856     | 0.7025  | 85.2  | PASS
LDA1+LogReg              | 0.2677 | 0.0559 | 0.2887 | 0.0500 | 0.2382   | 0.0710   | 856     | 0.5098  | 111.1 | FAIL
PCA16+LogReg             | 0.2756 | 0.0543 | 0.2976 | 0.0492 | 0.2443   | 0.0702   | 856     | 0.5094  | 120.9 | FAIL
PCA32+LogReg             | 0.2795 | 0.0567 | 0.2952 | 0.0500 | 0.2468   | 0.0723   | 856     | 0.5093  | 124.6 | FAIL
PCA16+VecWeighted        | 0.0961 | 0.0528 | 0.1089 | 0.0500 | 0.0752   | 0.0561   | 856     | 0.0283  | 117.6 | FAIL
PCA32+VecWeighted        | 0.0827 | 0.0543 | 0.1008 | 0.0500 | 0.0700   | 0.0628   | 856     | 0.0339  | 120.7 | FAIL
StabilizedWhitenedCosine | 0.5165 | 0.0535 | 0.5242 | 0.0500 | 0.4456   | 0.0763   | 856     | 0.9423  | 111.5 | FAIL

[trial=4 seed=49] GLOBAL mode — total_samples=200000
  total: h0=82063 h1=15019
  pooled_train:  n0=1270 n1=1270
  pooled_calib:  n0=1240 n1=1240
  pooled_eval:   n0=1270 n1=1270
  regions (for macro stats only): 1103
[INFO] Cosine baseline routed to direct Hadamard sum (PrecomputedCosine)
[INFO] WeightedEnsemble Cosine judge routed to direct Hadamard sum
  [Ensemble] Judges routed to 'alt' input: PrecomputedCosine
[WeightedEnsemble] Fitted weights (alpha=0.0500, external calib):
  tau=0.8028, Pooled external calib: TPR=0.6210, FPR=0.0500
  PrecomputedCosine   : +0.0656
  PCAWhitenedCosine   : +0.4602
  XGBoost             : +0.1200
  Tiny MLP            : +0.2889
  LDA                 : +0.0653

Method                   | TPR    | FPR    | TrTPR  | TrFPR  | MacroTPR | MacroFPR | Regions | TauMean | ms    | OK? 
---------------------------------------------------------------------------------------------------------------------
Cosine                   | 0.4906 | 0.0669 | 0.4895 | 0.0500 | 0.4534   | 0.0903   | 868     | 0.9446  | 107.5 | FAIL
AndBox-HC                | 0.4346 | 0.0661 | 0.4403 | 0.0500 | 0.4008   | 0.0822   | 868     | -0.0000 | 68.5  | FAIL
PCAWhitenedCosine        | 0.5748 | 0.0646 | 0.5839 | 0.0500 | 0.4632   | 0.0946   | 868     | 0.7223  | 104.2 | FAIL
Vec (Wgt)                | 0.5236 | 0.0701 | 0.5274 | 0.0500 | 0.4828   | 0.0961   | 868     | 0.9263  | 104.8 | FAIL
Log Reg                  | 0.3063 | 0.0598 | 0.2871 | 0.0500 | 0.2538   | 0.0893   | 868     | 0.5087  | 119.0 | FAIL
LDA                      | 0.5898 | 0.0709 | 0.5637 | 0.0500 | 0.4817   | 0.1008   | 868     | 3.0431  | 110.1 | FAIL
Tiny MLP                 | 0.6055 | 0.0669 | 0.5911 | 0.0500 | 0.4954   | 0.0973   | 868     | 0.8060  | 500.5 | FAIL
MultiProtoCosine         | 0.0929 | 0.0575 | 0.0960 | 0.0500 | 0.0707   | 0.0581   | 868     | 0.9232  | 123.4 | FAIL
WeightedEnsemble         | 0.6228 | 0.0677 | 0.6210 | 0.0500 | 0.5162   | 0.0977   | 868     | 0.8028  | 554.8 | FAIL
XGBoost                  | 0.5378 | 0.0567 | 0.5355 | 0.0500 | 0.4651   | 0.0808   | 868     | 0.6666  | 85.9  | FAIL
LDA1+LogReg              | 0.3063 | 0.0598 | 0.2871 | 0.0500 | 0.2538   | 0.0893   | 868     | 0.5087  | 112.1 | FAIL
PCA16+LogReg             | 0.3071 | 0.0598 | 0.2855 | 0.0500 | 0.2580   | 0.0887   | 868     | 0.5085  | 121.4 | FAIL
PCA32+LogReg             | 0.3118 | 0.0606 | 0.2927 | 0.0500 | 0.2622   | 0.0895   | 868     | 0.5082  | 124.3 | FAIL
PCA16+VecWeighted        | 0.2252 | 0.0465 | 0.2040 | 0.0500 | 0.1795   | 0.0530   | 868     | 0.0232  | 117.9 | PASS
PCA32+VecWeighted        | 0.2102 | 0.0504 | 0.1895 | 0.0500 | 0.1620   | 0.0683   | 868     | 0.0291  | 121.2 | FAIL
StabilizedWhitenedCosine | 0.5772 | 0.0598 | 0.5621 | 0.0500 | 0.4874   | 0.0949   | 868     | 0.7460  | 113.0 | FAIL

[trial=5 seed=50] GLOBAL mode — total_samples=200000
  total: h0=82063 h1=15019
  pooled_train:  n0=1270 n1=1270
  pooled_calib:  n0=1240 n1=1240
  pooled_eval:   n0=1270 n1=1270
  regions (for macro stats only): 1103
[INFO] Cosine baseline routed to direct Hadamard sum (PrecomputedCosine)
[INFO] WeightedEnsemble Cosine judge routed to direct Hadamard sum
  [Ensemble] Judges routed to 'alt' input: PrecomputedCosine
[WeightedEnsemble] Fitted weights (alpha=0.0500, external calib):
  tau=0.9650, Pooled external calib: TPR=0.5903, FPR=0.0500
  PrecomputedCosine   : +0.4352
  PCAWhitenedCosine   : +0.0957
  XGBoost             : +0.1866
  Tiny MLP            : +0.2341
  LDA                 : +0.0484

Method                   | TPR    | FPR    | TrTPR  | TrFPR  | MacroTPR | MacroFPR | Regions | TauMean | ms    | OK? 
---------------------------------------------------------------------------------------------------------------------
Cosine                   | 0.4890 | 0.0409 | 0.4702 | 0.0500 | 0.4473   | 0.0641   | 859     | 0.9611  | 104.0 | PASS
AndBox-HC                | 0.4047 | 0.0417 | 0.3847 | 0.0500 | 0.3847   | 0.0614   | 859     | 0.0000  | 65.7  | PASS
PCAWhitenedCosine        | 0.5346 | 0.0354 | 0.5121 | 0.0500 | 0.4357   | 0.0572   | 859     | 1.0617  | 101.3 | PASS
Vec (Wgt)                | 0.5173 | 0.0433 | 0.4952 | 0.0500 | 0.4596   | 0.0691   | 859     | 0.9460  | 102.4 | PASS
Log Reg                  | 0.3110 | 0.0370 | 0.3250 | 0.0500 | 0.2624   | 0.0576   | 859     | 0.5083  | 117.5 | PASS
LDA                      | 0.5717 | 0.0346 | 0.5476 | 0.0492 | 0.4505   | 0.0565   | 859     | 3.9068  | 107.1 | PASS
Tiny MLP                 | 0.5606 | 0.0386 | 0.5605 | 0.0500 | 0.4519   | 0.0648   | 859     | 0.9109  | 500.3 | PASS
MultiProtoCosine         | 0.0724 | 0.0496 | 0.0911 | 0.0500 | 0.0593   | 0.0661   | 859     | 0.9243  | 124.2 | PASS
WeightedEnsemble         | 0.6071 | 0.0386 | 0.5903 | 0.0500 | 0.4995   | 0.0658   | 859     | 0.9650  | 553.3 | PASS
XGBoost                  | 0.4961 | 0.0315 | 0.4734 | 0.0500 | 0.4211   | 0.0523   | 859     | 0.7198  | 85.0  | PASS
LDA1+LogReg              | 0.3126 | 0.0378 | 0.3258 | 0.0500 | 0.2637   | 0.0593   | 859     | 0.5082  | 112.4 | PASS
PCA16+LogReg             | 0.3008 | 0.0370 | 0.3129 | 0.0468 | 0.2430   | 0.0593   | 859     | 0.5084  | 121.8 | PASS
PCA32+LogReg             | 0.3213 | 0.0386 | 0.3395 | 0.0500 | 0.2692   | 0.0610   | 859     | 0.5079  | 125.2 | PASS
PCA16+VecWeighted        | 0.1142 | 0.0449 | 0.1298 | 0.0500 | 0.1083   | 0.0581   | 859     | 0.0323  | 118.7 | PASS
PCA32+VecWeighted        | 0.1346 | 0.0535 | 0.1476 | 0.0500 | 0.1224   | 0.0816   | 859     | 0.0340  | 121.6 | FAIL
StabilizedWhitenedCosine | 0.4898 | 0.0339 | 0.4734 | 0.0500 | 0.3922   | 0.0542   | 859     | 1.1103  | 111.0 | PASS

[trial=6 seed=51] GLOBAL mode — total_samples=200000
  total: h0=82063 h1=15019
  pooled_train:  n0=1270 n1=1270
  pooled_calib:  n0=1240 n1=1240
  pooled_eval:   n0=1270 n1=1270
  regions (for macro stats only): 1103
[INFO] Cosine baseline routed to direct Hadamard sum (PrecomputedCosine)
[INFO] WeightedEnsemble Cosine judge routed to direct Hadamard sum
  [Ensemble] Judges routed to 'alt' input: PrecomputedCosine
[WeightedEnsemble] Fitted weights (alpha=0.0500, external calib):
  tau=1.1576, Pooled external calib: TPR=0.5718, FPR=0.0500
  PrecomputedCosine   : +0.1287
  PCAWhitenedCosine   : +0.3555
  XGBoost             : +0.1143
  Tiny MLP            : +0.2967
  LDA                 : +0.1048

Method                   | TPR    | FPR    | TrTPR  | TrFPR  | MacroTPR | MacroFPR | Regions | TauMean | ms    | OK? 
---------------------------------------------------------------------------------------------------------------------
Cosine                   | 0.4756 | 0.0480 | 0.4613 | 0.0500 | 0.4321   | 0.0755   | 870     | 0.9596  | 107.7 | PASS
AndBox-HC                | 0.4024 | 0.0370 | 0.4040 | 0.0500 | 0.3686   | 0.0592   | 870     | 0.0001  | 67.4  | PASS
PCAWhitenedCosine        | 0.4858 | 0.0362 | 0.5056 | 0.0468 | 0.3844   | 0.0503   | 870     | 1.1088  | 103.8 | PASS
Vec (Wgt)                | 0.4953 | 0.0433 | 0.4887 | 0.0500 | 0.4353   | 0.0705   | 870     | 0.9552  | 104.2 | PASS
Log Reg                  | 0.2795 | 0.0465 | 0.2968 | 0.0500 | 0.2355   | 0.0714   | 870     | 0.5094  | 119.6 | PASS
LDA                      | 0.5535 | 0.0567 | 0.5637 | 0.0476 | 0.4268   | 0.0781   | 870     | 3.6984  | 109.4 | FAIL
Tiny MLP                 | 0.5276 | 0.0535 | 0.5250 | 0.0500 | 0.4158   | 0.0712   | 870     | 0.8979  | 587.3 | FAIL
MultiProtoCosine         | 0.0984 | 0.0535 | 0.1226 | 0.0500 | 0.0771   | 0.0761   | 870     | 0.9202  | 124.1 | FAIL
WeightedEnsemble         | 0.5661 | 0.0480 | 0.5718 | 0.0500 | 0.4477   | 0.0668   | 870     | 1.1576  | 640.5 | PASS
XGBoost                  | 0.5110 | 0.0520 | 0.4992 | 0.0500 | 0.4522   | 0.0790   | 870     | 0.7113  | 85.4  | FAIL
LDA1+LogReg              | 0.2795 | 0.0465 | 0.2968 | 0.0500 | 0.2355   | 0.0714   | 870     | 0.5094  | 113.5 | PASS
PCA16+LogReg             | 0.2732 | 0.0449 | 0.2944 | 0.0500 | 0.2278   | 0.0671   | 870     | 0.5093  | 122.8 | PASS
PCA32+LogReg             | 0.2740 | 0.0433 | 0.2944 | 0.0500 | 0.2320   | 0.0654   | 870     | 0.5092  | 126.1 | PASS
PCA16+VecWeighted        | 0.0961 | 0.0433 | 0.1137 | 0.0500 | 0.0867   | 0.0497   | 870     | 0.0305  | 120.0 | PASS
PCA32+VecWeighted        | 0.0961 | 0.0433 | 0.1032 | 0.0500 | 0.0870   | 0.0559   | 870     | 0.0341  | 122.4 | PASS
StabilizedWhitenedCosine | 0.5346 | 0.0441 | 0.5484 | 0.0500 | 0.4393   | 0.0637   | 870     | 0.9185  | 113.2 | PASS

[trial=7 seed=52] GLOBAL mode — total_samples=200000
  total: h0=82063 h1=15019
  pooled_train:  n0=1270 n1=1270
  pooled_calib:  n0=1240 n1=1240
  pooled_eval:   n0=1270 n1=1270
  regions (for macro stats only): 1103
[INFO] Cosine baseline routed to direct Hadamard sum (PrecomputedCosine)
[INFO] WeightedEnsemble Cosine judge routed to direct Hadamard sum
  [Ensemble] Judges routed to 'alt' input: PrecomputedCosine
[WeightedEnsemble] Fitted weights (alpha=0.0500, external calib):
  tau=0.8060, Pooled external calib: TPR=0.5411, FPR=0.0500
  PrecomputedCosine   : +0.2610
  PCAWhitenedCosine   : +0.2348
  XGBoost             : +0.2127
  Tiny MLP            : +0.2846
  LDA                 : +0.0070

Method                   | TPR    | FPR    | TrTPR  | TrFPR  | MacroTPR | MacroFPR | Regions | TauMean | ms    | OK? 
---------------------------------------------------------------------------------------------------------------------
Cosine                   | 0.4417 | 0.0512 | 0.4274 | 0.0500 | 0.4101   | 0.0681   | 861     | 0.9657  | 106.5 | FAIL
AndBox-HC                | 0.3906 | 0.0528 | 0.3540 | 0.0500 | 0.3661   | 0.0671   | 861     | 0.0000  | 66.9  | FAIL
PCAWhitenedCosine        | 0.5472 | 0.0496 | 0.5339 | 0.0500 | 0.4589   | 0.0791   | 861     | 0.8418  | 103.3 | PASS
Vec (Wgt)                | 0.4890 | 0.0520 | 0.4581 | 0.0500 | 0.4377   | 0.0733   | 861     | 0.9470  | 103.4 | FAIL
Log Reg                  | 0.2433 | 0.0535 | 0.2524 | 0.0500 | 0.2064   | 0.0699   | 861     | 0.5115  | 119.1 | FAIL
LDA                      | 0.5165 | 0.0386 | 0.4992 | 0.0500 | 0.4302   | 0.0607   | 861     | 3.7120  | 109.1 | PASS
Tiny MLP                 | 0.5244 | 0.0433 | 0.4887 | 0.0500 | 0.4444   | 0.0720   | 861     | 0.8654  | 588.8 | PASS
MultiProtoCosine         | 0.1055 | 0.0472 | 0.0952 | 0.0500 | 0.0753   | 0.0489   | 861     | 0.9229  | 125.3 | PASS
WeightedEnsemble         | 0.5614 | 0.0465 | 0.5411 | 0.0500 | 0.4757   | 0.0748   | 861     | 0.8060  | 642.1 | PASS
XGBoost                  | 0.4921 | 0.0520 | 0.4540 | 0.0500 | 0.4343   | 0.0707   | 861     | 0.7013  | 85.0  | FAIL
LDA1+LogReg              | 0.2504 | 0.0543 | 0.2581 | 0.0500 | 0.2114   | 0.0708   | 861     | 0.5115  | 113.9 | FAIL
PCA16+LogReg             | 0.2535 | 0.0504 | 0.2613 | 0.0500 | 0.2109   | 0.0649   | 861     | 0.5112  | 125.5 | FAIL
PCA32+LogReg             | 0.2591 | 0.0543 | 0.2653 | 0.0500 | 0.2184   | 0.0705   | 861     | 0.5109  | 128.2 | FAIL
PCA16+VecWeighted        | 0.0921 | 0.0433 | 0.0976 | 0.0500 | 0.1000   | 0.0526   | 861     | 0.0273  | 120.0 | PASS
PCA32+VecWeighted        | 0.1425 | 0.0567 | 0.1331 | 0.0500 | 0.1251   | 0.0539   | 861     | 0.0297  | 123.8 | FAIL
StabilizedWhitenedCosine | 0.5173 | 0.0433 | 0.5032 | 0.0500 | 0.4291   | 0.0695   | 861     | 0.8792  | 112.6 | PASS

[trial=8 seed=53] GLOBAL mode — total_samples=200000
  total: h0=82063 h1=15019
  pooled_train:  n0=1270 n1=1270
  pooled_calib:  n0=1240 n1=1240
  pooled_eval:   n0=1270 n1=1270
  regions (for macro stats only): 1103
[INFO] Cosine baseline routed to direct Hadamard sum (PrecomputedCosine)
[INFO] WeightedEnsemble Cosine judge routed to direct Hadamard sum
  [Ensemble] Judges routed to 'alt' input: PrecomputedCosine
[WeightedEnsemble] Fitted weights (alpha=0.0500, external calib):
  tau=1.0940, Pooled external calib: TPR=0.6056, FPR=0.0500
  PrecomputedCosine   : +0.1270
  PCAWhitenedCosine   : +0.4131
  XGBoost             : +0.2315
  Tiny MLP            : +0.0777
  LDA                 : +0.1507

Method                   | TPR    | FPR    | TrTPR  | TrFPR  | MacroTPR | MacroFPR | Regions | TauMean | ms    | OK? 
---------------------------------------------------------------------------------------------------------------------
Cosine                   | 0.4268 | 0.0339 | 0.4395 | 0.0500 | 0.3820   | 0.0509   | 861     | 0.9729  | 103.2 | PASS
AndBox-HC                | 0.3354 | 0.0378 | 0.3661 | 0.0500 | 0.3208   | 0.0539   | 861     | 0.0000  | 65.9  | PASS
PCAWhitenedCosine        | 0.5189 | 0.0535 | 0.5323 | 0.0500 | 0.4008   | 0.0791   | 861     | 0.9626  | 101.8 | FAIL
Vec (Wgt)                | 0.4764 | 0.0394 | 0.4935 | 0.0500 | 0.4176   | 0.0602   | 861     | 0.9566  | 102.5 | PASS
Log Reg                  | 0.2457 | 0.0543 | 0.2371 | 0.0500 | 0.2045   | 0.0669   | 861     | 0.5124  | 117.6 | FAIL
LDA                      | 0.5370 | 0.0559 | 0.5629 | 0.0500 | 0.4236   | 0.0770   | 861     | 3.2879  | 107.7 | FAIL
Tiny MLP                 | 0.4921 | 0.0559 | 0.5355 | 0.0500 | 0.3893   | 0.0775   | 861     | 0.9018  | 589.2 | FAIL
MultiProtoCosine         | 0.1055 | 0.0441 | 0.0911 | 0.0500 | 0.0834   | 0.0525   | 861     | 0.9251  | 124.0 | PASS
WeightedEnsemble         | 0.5693 | 0.0598 | 0.6056 | 0.0500 | 0.4502   | 0.0825   | 861     | 1.0940  | 641.8 | FAIL
XGBoost                  | 0.4465 | 0.0346 | 0.4556 | 0.0500 | 0.3783   | 0.0495   | 861     | 0.7449  | 85.0  | PASS
LDA1+LogReg              | 0.2457 | 0.0543 | 0.2379 | 0.0500 | 0.2045   | 0.0669   | 861     | 0.5124  | 111.9 | FAIL
PCA16+LogReg             | 0.2449 | 0.0543 | 0.2371 | 0.0500 | 0.2024   | 0.0677   | 861     | 0.5121  | 121.3 | FAIL
PCA32+LogReg             | 0.2520 | 0.0543 | 0.2419 | 0.0500 | 0.2078   | 0.0676   | 861     | 0.5119  | 125.0 | FAIL
PCA16+VecWeighted        | 0.0520 | 0.0528 | 0.0419 | 0.0500 | 0.0584   | 0.0484   | 861     | 0.0307  | 118.0 | FAIL
PCA32+VecWeighted        | 0.0394 | 0.0457 | 0.0315 | 0.0500 | 0.0509   | 0.0302   | 861     | 0.0396  | 121.4 | PASS
StabilizedWhitenedCosine | 0.5220 | 0.0488 | 0.5452 | 0.0500 | 0.4363   | 0.0772   | 861     | 0.9135  | 111.2 | PASS

[trial=9 seed=54] GLOBAL mode — total_samples=200000
  total: h0=82063 h1=15019
  pooled_train:  n0=1270 n1=1270
  pooled_calib:  n0=1240 n1=1240
  pooled_eval:   n0=1270 n1=1270
  regions (for macro stats only): 1103
[INFO] Cosine baseline routed to direct Hadamard sum (PrecomputedCosine)
[INFO] WeightedEnsemble Cosine judge routed to direct Hadamard sum
  [Ensemble] Judges routed to 'alt' input: PrecomputedCosine
[WeightedEnsemble] Fitted weights (alpha=0.0500, external calib):
  tau=0.9397, Pooled external calib: TPR=0.5718, FPR=0.0500
  PrecomputedCosine   : +0.5316
  PCAWhitenedCosine   : +0.2031
  XGBoost             : +0.0553
  Tiny MLP            : +0.1785
  LDA                 : +0.0315

Method                   | TPR    | FPR    | TrTPR  | TrFPR  | MacroTPR | MacroFPR | Regions | TauMean | ms    | OK? 
---------------------------------------------------------------------------------------------------------------------
Cosine                   | 0.4858 | 0.0559 | 0.4750 | 0.0500 | 0.4389   | 0.0894   | 850     | 0.9517  | 105.6 | FAIL
AndBox-HC                | 0.4567 | 0.0496 | 0.4282 | 0.0500 | 0.4098   | 0.0717   | 850     | 0.0000  | 66.2  | PASS
PCAWhitenedCosine        | 0.5449 | 0.0465 | 0.5435 | 0.0500 | 0.4399   | 0.0685   | 850     | 0.8867  | 102.0 | PASS
Vec (Wgt)                | 0.5189 | 0.0488 | 0.5065 | 0.0500 | 0.4609   | 0.0768   | 850     | 0.9403  | 102.6 | PASS
Log Reg                  | 0.2591 | 0.0331 | 0.2282 | 0.0500 | 0.2278   | 0.0511   | 850     | 0.5112  | 117.8 | PASS
LDA                      | 0.5031 | 0.0543 | 0.5210 | 0.0500 | 0.3919   | 0.0787   | 850     | 3.9184  | 107.8 | FAIL
Tiny MLP                 | 0.5228 | 0.0528 | 0.5347 | 0.0500 | 0.4023   | 0.0771   | 850     | 0.8845  | 500.3 | FAIL
MultiProtoCosine         | 0.1047 | 0.0520 | 0.0871 | 0.0500 | 0.0931   | 0.0639   | 850     | 0.9222  | 122.6 | FAIL
WeightedEnsemble         | 0.5693 | 0.0457 | 0.5718 | 0.0500 | 0.4588   | 0.0684   | 850     | 0.9397  | 554.7 | PASS
XGBoost                  | 0.5260 | 0.0480 | 0.5032 | 0.0500 | 0.4557   | 0.0713   | 850     | 0.6986  | 85.8  | PASS
LDA1+LogReg              | 0.2591 | 0.0331 | 0.2282 | 0.0500 | 0.2278   | 0.0511   | 850     | 0.5111  | 110.6 | PASS
PCA16+LogReg             | 0.2528 | 0.0299 | 0.2258 | 0.0500 | 0.2237   | 0.0453   | 850     | 0.5109  | 120.2 | PASS
PCA32+LogReg             | 0.2543 | 0.0291 | 0.2258 | 0.0500 | 0.2233   | 0.0436   | 850     | 0.5110  | 122.8 | PASS
PCA16+VecWeighted        | 0.1236 | 0.0504 | 0.1371 | 0.0500 | 0.1075   | 0.0531   | 850     | 0.0295  | 116.4 | FAIL
PCA32+VecWeighted        | 0.0858 | 0.0512 | 0.0911 | 0.0500 | 0.0784   | 0.0460   | 850     | 0.0380  | 120.5 | FAIL
StabilizedWhitenedCosine | 0.5425 | 0.0394 | 0.5597 | 0.0500 | 0.4392   | 0.0636   | 850     | 0.9165  | 110.7 | PASS

[trial=10 seed=55] GLOBAL mode — total_samples=200000
  total: h0=82063 h1=15019
  pooled_train:  n0=1270 n1=1270
  pooled_calib:  n0=1240 n1=1240
  pooled_eval:   n0=1270 n1=1270
  regions (for macro stats only): 1103
[INFO] Cosine baseline routed to direct Hadamard sum (PrecomputedCosine)
[INFO] WeightedEnsemble Cosine judge routed to direct Hadamard sum
  [Ensemble] Judges routed to 'alt' input: PrecomputedCosine
[WeightedEnsemble] Fitted weights (alpha=0.0500, external calib):
  tau=1.0240, Pooled external calib: TPR=0.5790, FPR=0.0500
  PrecomputedCosine   : +0.5781
  PCAWhitenedCosine   : +0.1050
  XGBoost             : +0.0043
  Tiny MLP            : +0.2326
  LDA                 : +0.0800

Method                   | TPR    | FPR    | TrTPR  | TrFPR  | MacroTPR | MacroFPR | Regions | TauMean | ms    | OK? 
---------------------------------------------------------------------------------------------------------------------
Cosine                   | 0.5102 | 0.0583 | 0.5065 | 0.0500 | 0.4745   | 0.0807   | 864     | 0.9457  | 105.5 | FAIL
AndBox-HC                | 0.4472 | 0.0543 | 0.4403 | 0.0500 | 0.4146   | 0.0728   | 864     | -0.0000 | 65.1  | FAIL
PCAWhitenedCosine        | 0.5465 | 0.0394 | 0.5347 | 0.0500 | 0.4598   | 0.0571   | 864     | 0.9696  | 100.9 | PASS
Vec (Wgt)                | 0.5339 | 0.0520 | 0.5226 | 0.0500 | 0.4887   | 0.0768   | 864     | 0.9412  | 101.8 | FAIL
Log Reg                  | 0.2047 | 0.0402 | 0.2258 | 0.0500 | 0.1894   | 0.0566   | 864     | 0.5112  | 117.1 | PASS
LDA                      | 0.5236 | 0.0378 | 0.5355 | 0.0500 | 0.4371   | 0.0602   | 864     | 3.4968  | 107.3 | PASS
Tiny MLP                 | 0.5417 | 0.0480 | 0.5355 | 0.0500 | 0.4633   | 0.0745   | 864     | 0.8752  | 501.1 | PASS
MultiProtoCosine         | 0.0638 | 0.0567 | 0.0782 | 0.0500 | 0.0622   | 0.0716   | 864     | 0.9239  | 123.4 | FAIL
WeightedEnsemble         | 0.5827 | 0.0472 | 0.5790 | 0.0500 | 0.4967   | 0.0691   | 864     | 1.0240  | 554.4 | PASS
XGBoost                  | 0.5567 | 0.0551 | 0.5460 | 0.0500 | 0.4915   | 0.0793   | 864     | 0.6744  | 84.5  | FAIL
LDA1+LogReg              | 0.2087 | 0.0402 | 0.2298 | 0.0500 | 0.1912   | 0.0566   | 864     | 0.5112  | 111.4 | PASS
PCA16+LogReg             | 0.2197 | 0.0402 | 0.2379 | 0.0500 | 0.1928   | 0.0564   | 864     | 0.5109  | 121.5 | PASS
PCA32+LogReg             | 0.2346 | 0.0394 | 0.2573 | 0.0500 | 0.2011   | 0.0558   | 864     | 0.5107  | 125.1 | PASS
PCA16+VecWeighted        | 0.0976 | 0.0551 | 0.1105 | 0.0500 | 0.0769   | 0.0606   | 864     | 0.0263  | 118.1 | FAIL
PCA32+VecWeighted        | 0.1213 | 0.0504 | 0.1306 | 0.0500 | 0.1019   | 0.0582   | 864     | 0.0319  | 121.1 | FAIL
StabilizedWhitenedCosine | 0.5717 | 0.0504 | 0.5452 | 0.0500 | 0.4853   | 0.0665   | 864     | 0.8991  | 110.6 | FAIL

[trial=11 seed=56] GLOBAL mode — total_samples=200000
  total: h0=82063 h1=15019
  pooled_train:  n0=1270 n1=1270
  pooled_calib:  n0=1240 n1=1240
  pooled_eval:   n0=1270 n1=1270
  regions (for macro stats only): 1103
[INFO] Cosine baseline routed to direct Hadamard sum (PrecomputedCosine)
[INFO] WeightedEnsemble Cosine judge routed to direct Hadamard sum
  [Ensemble] Judges routed to 'alt' input: PrecomputedCosine
[WeightedEnsemble] Fitted weights (alpha=0.0500, external calib):
  tau=0.9528, Pooled external calib: TPR=0.5919, FPR=0.0500
  PrecomputedCosine   : +0.3246
  PCAWhitenedCosine   : +0.1636
  XGBoost             : +0.2291
  Tiny MLP            : +0.2081
  LDA                 : +0.0747

Method                   | TPR    | FPR    | TrTPR  | TrFPR  | MacroTPR | MacroFPR | Regions | TauMean | ms    | OK? 
---------------------------------------------------------------------------------------------------------------------
Cosine                   | 0.4630 | 0.0488 | 0.4524 | 0.0500 | 0.4264   | 0.0783   | 860     | 0.9595  | 105.4 | PASS
AndBox-HC                | 0.3685 | 0.0402 | 0.3508 | 0.0500 | 0.3315   | 0.0637   | 860     | 0.0000  | 65.4  | PASS
PCAWhitenedCosine        | 0.5402 | 0.0598 | 0.5315 | 0.0500 | 0.4425   | 0.0813   | 860     | 0.9085  | 101.3 | FAIL
Vec (Wgt)                | 0.5063 | 0.0535 | 0.4976 | 0.0500 | 0.4552   | 0.0830   | 860     | 0.9436  | 101.6 | FAIL
Log Reg                  | 0.2591 | 0.0551 | 0.2694 | 0.0500 | 0.2123   | 0.0842   | 860     | 0.5100  | 116.5 | FAIL
LDA                      | 0.5181 | 0.0583 | 0.5065 | 0.0500 | 0.4291   | 0.0769   | 860     | 3.8469  | 106.9 | FAIL
Tiny MLP                 | 0.5551 | 0.0606 | 0.5613 | 0.0500 | 0.4558   | 0.0830   | 860     | 0.8224  | 498.9 | FAIL
MultiProtoCosine         | 0.0748 | 0.0551 | 0.0782 | 0.0500 | 0.0569   | 0.0615   | 860     | 0.9234  | 122.6 | FAIL
WeightedEnsemble         | 0.5945 | 0.0622 | 0.5919 | 0.0500 | 0.5026   | 0.0813   | 860     | 0.9528  | 552.4 | FAIL
XGBoost                  | 0.5197 | 0.0512 | 0.5032 | 0.0500 | 0.4522   | 0.0793   | 860     | 0.6884  | 84.5  | FAIL
LDA1+LogReg              | 0.2591 | 0.0551 | 0.2694 | 0.0500 | 0.2123   | 0.0842   | 860     | 0.5100  | 112.9 | FAIL
PCA16+LogReg             | 0.2780 | 0.0543 | 0.2855 | 0.0500 | 0.2231   | 0.0827   | 860     | 0.5095  | 121.5 | FAIL
PCA32+LogReg             | 0.2764 | 0.0543 | 0.2847 | 0.0500 | 0.2274   | 0.0838   | 860     | 0.5095  | 124.3 | FAIL
PCA16+VecWeighted        | 0.0543 | 0.0567 | 0.0637 | 0.0500 | 0.0408   | 0.0293   | 860     | 0.0360  | 117.8 | FAIL
PCA32+VecWeighted        | 0.0693 | 0.0559 | 0.0774 | 0.0500 | 0.0430   | 0.0259   | 860     | 0.0431  | 122.8 | FAIL
StabilizedWhitenedCosine | 0.5606 | 0.0598 | 0.5403 | 0.0500 | 0.4613   | 0.0839   | 860     | 0.8582  | 115.2 | FAIL

[trial=12 seed=57] GLOBAL mode — total_samples=200000
  total: h0=82063 h1=15019
  pooled_train:  n0=1270 n1=1270
  pooled_calib:  n0=1240 n1=1240
  pooled_eval:   n0=1270 n1=1270
  regions (for macro stats only): 1103
[INFO] Cosine baseline routed to direct Hadamard sum (PrecomputedCosine)
[INFO] WeightedEnsemble Cosine judge routed to direct Hadamard sum
  [Ensemble] Judges routed to 'alt' input: PrecomputedCosine
[WeightedEnsemble] Fitted weights (alpha=0.0500, external calib):
  tau=1.0515, Pooled external calib: TPR=0.6073, FPR=0.0500
  PrecomputedCosine   : +0.0786
  PCAWhitenedCosine   : +0.2785
  XGBoost             : +0.3243
  Tiny MLP            : +0.1558
  LDA                 : +0.1628

Method                   | TPR    | FPR    | TrTPR  | TrFPR  | MacroTPR | MacroFPR | Regions | TauMean | ms    | OK? 
---------------------------------------------------------------------------------------------------------------------
Cosine                   | 0.4693 | 0.0598 | 0.4750 | 0.0500 | 0.4236   | 0.0842   | 841     | 0.9552  | 103.5 | FAIL
AndBox-HC                | 0.4236 | 0.0583 | 0.4290 | 0.0500 | 0.3737   | 0.0814   | 841     | 0.0000  | 64.1  | FAIL
PCAWhitenedCosine        | 0.5559 | 0.0535 | 0.5476 | 0.0500 | 0.4479   | 0.0785   | 841     | 0.8908  | 100.0 | FAIL
Vec (Wgt)                | 0.4921 | 0.0543 | 0.5161 | 0.0492 | 0.4353   | 0.0802   | 841     | 0.9466  | 99.6  | FAIL
Log Reg                  | 0.2331 | 0.0433 | 0.2242 | 0.0500 | 0.1957   | 0.0458   | 841     | 0.5116  | 115.1 | PASS
LDA                      | 0.5260 | 0.0583 | 0.5250 | 0.0500 | 0.4153   | 0.0854   | 841     | 3.5557  | 105.2 | FAIL
Tiny MLP                 | 0.5268 | 0.0551 | 0.5194 | 0.0500 | 0.4247   | 0.0738   | 841     | 0.9000  | 586.9 | FAIL
MultiProtoCosine         | 0.1047 | 0.0535 | 0.0879 | 0.0500 | 0.0762   | 0.0480   | 841     | 0.9231  | 119.9 | FAIL
WeightedEnsemble         | 0.6228 | 0.0732 | 0.6073 | 0.0500 | 0.5221   | 0.1073   | 841     | 1.0515  | 639.8 | FAIL
XGBoost                  | 0.4819 | 0.0528 | 0.4919 | 0.0500 | 0.4061   | 0.0770   | 841     | 0.7071  | 85.0  | FAIL
LDA1+LogReg              | 0.2362 | 0.0433 | 0.2258 | 0.0500 | 0.1981   | 0.0458   | 841     | 0.5116  | 107.5 | PASS
PCA16+LogReg             | 0.2346 | 0.0433 | 0.2250 | 0.0500 | 0.1980   | 0.0453   | 841     | 0.5113  | 117.1 | PASS
PCA32+LogReg             | 0.2394 | 0.0433 | 0.2298 | 0.0500 | 0.2032   | 0.0456   | 841     | 0.5112  | 120.4 | PASS
PCA16+VecWeighted        | 0.0858 | 0.0528 | 0.1089 | 0.0500 | 0.0828   | 0.0519   | 841     | 0.0302  | 114.3 | FAIL
PCA32+VecWeighted        | 0.0937 | 0.0646 | 0.1105 | 0.0500 | 0.0885   | 0.0579   | 841     | 0.0335  | 117.3 | FAIL
StabilizedWhitenedCosine | 0.5323 | 0.0528 | 0.5460 | 0.0500 | 0.4434   | 0.0775   | 841     | 0.9069  | 109.2 | FAIL

[trial=13 seed=58] GLOBAL mode — total_samples=200000
  total: h0=82063 h1=15019
  pooled_train:  n0=1270 n1=1270
  pooled_calib:  n0=1240 n1=1240
  pooled_eval:   n0=1270 n1=1270
  regions (for macro stats only): 1103
[INFO] Cosine baseline routed to direct Hadamard sum (PrecomputedCosine)
[INFO] WeightedEnsemble Cosine judge routed to direct Hadamard sum
  [Ensemble] Judges routed to 'alt' input: PrecomputedCosine
[WeightedEnsemble] Fitted weights (alpha=0.0500, external calib):
  tau=0.9372, Pooled external calib: TPR=0.5427, FPR=0.0500
  PrecomputedCosine   : +0.1924
  PCAWhitenedCosine   : +0.3042
  XGBoost             : +0.0704
  Tiny MLP            : +0.4126
  LDA                 : +0.0204

Method                   | TPR    | FPR    | TrTPR  | TrFPR  | MacroTPR | MacroFPR | Regions | TauMean | ms    | OK? 
---------------------------------------------------------------------------------------------------------------------
Cosine                   | 0.4890 | 0.0433 | 0.4484 | 0.0500 | 0.4477   | 0.0652   | 869     | 0.9594  | 105.3 | PASS
AndBox-HC                | 0.3661 | 0.0339 | 0.3298 | 0.0500 | 0.3287   | 0.0432   | 869     | 0.0000  | 65.7  | PASS
PCAWhitenedCosine        | 0.5409 | 0.0354 | 0.5089 | 0.0500 | 0.4119   | 0.0482   | 869     | 1.0052  | 101.8 | PASS
Vec (Wgt)                | 0.5150 | 0.0425 | 0.4726 | 0.0500 | 0.4612   | 0.0617   | 869     | 0.9562  | 102.3 | PASS
Log Reg                  | 0.3031 | 0.0559 | 0.2758 | 0.0500 | 0.2322   | 0.0773   | 869     | 0.5095  | 117.8 | FAIL
LDA                      | 0.4858 | 0.0354 | 0.4613 | 0.0500 | 0.3698   | 0.0469   | 869     | 3.8790  | 107.8 | PASS
Tiny MLP                 | 0.5386 | 0.0346 | 0.5073 | 0.0500 | 0.4262   | 0.0472   | 869     | 0.8712  | 501.2 | PASS
MultiProtoCosine         | 0.0858 | 0.0402 | 0.0839 | 0.0500 | 0.0658   | 0.0457   | 869     | 0.9239  | 123.7 | PASS
WeightedEnsemble         | 0.5685 | 0.0386 | 0.5427 | 0.0500 | 0.4445   | 0.0537   | 869     | 0.9372  | 554.1 | PASS
XGBoost                  | 0.5402 | 0.0457 | 0.4895 | 0.0500 | 0.4627   | 0.0691   | 869     | 0.6994  | 84.7  | PASS
LDA1+LogReg              | 0.3031 | 0.0551 | 0.2758 | 0.0500 | 0.2322   | 0.0756   | 869     | 0.5095  | 112.4 | FAIL
PCA16+LogReg             | 0.3016 | 0.0504 | 0.2766 | 0.0500 | 0.2337   | 0.0682   | 869     | 0.5095  | 121.5 | FAIL
PCA32+LogReg             | 0.3031 | 0.0528 | 0.2798 | 0.0500 | 0.2348   | 0.0738   | 869     | 0.5091  | 125.2 | FAIL
PCA16+VecWeighted        | 0.0874 | 0.0331 | 0.0903 | 0.0500 | 0.0657   | 0.0346   | 869     | 0.0299  | 118.9 | PASS
PCA32+VecWeighted        | 0.0937 | 0.0512 | 0.0887 | 0.0500 | 0.0773   | 0.0537   | 869     | 0.0320  | 122.1 | FAIL
StabilizedWhitenedCosine | 0.5850 | 0.0465 | 0.5548 | 0.0500 | 0.4744   | 0.0667   | 869     | 0.8469  | 111.7 | PASS

[trial=14 seed=59] GLOBAL mode — total_samples=200000
  total: h0=82063 h1=15019
  pooled_train:  n0=1270 n1=1270
  pooled_calib:  n0=1240 n1=1240
  pooled_eval:   n0=1270 n1=1270
  regions (for macro stats only): 1103
[INFO] Cosine baseline routed to direct Hadamard sum (PrecomputedCosine)
[INFO] WeightedEnsemble Cosine judge routed to direct Hadamard sum
  [Ensemble] Judges routed to 'alt' input: PrecomputedCosine
[WeightedEnsemble] Fitted weights (alpha=0.0500, external calib):
  tau=0.8284, Pooled external calib: TPR=0.5476, FPR=0.0500
  PrecomputedCosine   : +0.2161
  PCAWhitenedCosine   : +0.5478
  XGBoost             : +0.0972
  Tiny MLP            : +0.1269
  LDA                 : +0.0120

Method                   | TPR    | FPR    | TrTPR  | TrFPR  | MacroTPR | MacroFPR | Regions | TauMean | ms    | OK? 
---------------------------------------------------------------------------------------------------------------------
Cosine                   | 0.4433 | 0.0504 | 0.4516 | 0.0500 | 0.4174   | 0.0839   | 862     | 0.9613  | 104.8 | FAIL
AndBox-HC                | 0.3732 | 0.0504 | 0.3702 | 0.0500 | 0.3586   | 0.0777   | 862     | 0.0000  | 64.7  | FAIL
PCAWhitenedCosine        | 0.5528 | 0.0488 | 0.5331 | 0.0500 | 0.4719   | 0.0743   | 862     | 0.8270  | 101.0 | PASS
Vec (Wgt)                | 0.4520 | 0.0465 | 0.4653 | 0.0500 | 0.4143   | 0.0756   | 862     | 0.9580  | 101.5 | PASS
Log Reg                  | 0.2126 | 0.0402 | 0.2347 | 0.0500 | 0.1910   | 0.0629   | 862     | 0.5109  | 116.6 | PASS
LDA                      | 0.5024 | 0.0535 | 0.4726 | 0.0500 | 0.4220   | 0.0775   | 862     | 3.5916  | 106.9 | FAIL
Tiny MLP                 | 0.5181 | 0.0535 | 0.4823 | 0.0500 | 0.4363   | 0.0809   | 862     | 0.8934  | 499.9 | FAIL
MultiProtoCosine         | 0.0835 | 0.0465 | 0.0968 | 0.0500 | 0.0772   | 0.0485   | 862     | 0.9224  | 121.5 | PASS
WeightedEnsemble         | 0.5646 | 0.0496 | 0.5476 | 0.0500 | 0.4821   | 0.0754   | 862     | 0.8284  | 553.0 | PASS
XGBoost                  | 0.4677 | 0.0472 | 0.4573 | 0.0500 | 0.4141   | 0.0794   | 862     | 0.7190  | 84.5  | PASS
LDA1+LogReg              | 0.2126 | 0.0402 | 0.2371 | 0.0500 | 0.1910   | 0.0629   | 862     | 0.5109  | 110.1 | PASS
PCA16+LogReg             | 0.2213 | 0.0402 | 0.2492 | 0.0500 | 0.1957   | 0.0629   | 862     | 0.5105  | 119.8 | PASS
PCA32+LogReg             | 0.2283 | 0.0402 | 0.2508 | 0.0500 | 0.2025   | 0.0629   | 862     | 0.5103  | 122.8 | PASS
PCA16+VecWeighted        | 0.0291 | 0.0535 | 0.0403 | 0.0500 | 0.0333   | 0.0304   | 862     | 0.0340  | 116.7 | FAIL
PCA32+VecWeighted        | 0.0181 | 0.0409 | 0.0315 | 0.0500 | 0.0195   | 0.0236   | 862     | 0.0426  | 119.5 | PASS
StabilizedWhitenedCosine | 0.5425 | 0.0472 | 0.5282 | 0.0500 | 0.4555   | 0.0711   | 862     | 0.8387  | 109.9 | PASS

[trial=15 seed=60] GLOBAL mode — total_samples=200000
  total: h0=82063 h1=15019
  pooled_train:  n0=1270 n1=1270
  pooled_calib:  n0=1240 n1=1240
  pooled_eval:   n0=1270 n1=1270
  regions (for macro stats only): 1103
[INFO] Cosine baseline routed to direct Hadamard sum (PrecomputedCosine)
[INFO] WeightedEnsemble Cosine judge routed to direct Hadamard sum
  [Ensemble] Judges routed to 'alt' input: PrecomputedCosine
[WeightedEnsemble] Fitted weights (alpha=0.0500, external calib):
  tau=0.9672, Pooled external calib: TPR=0.5653, FPR=0.0500
  PrecomputedCosine   : +0.3246
  PCAWhitenedCosine   : +0.1636
  XGBoost             : +0.2291
  Tiny MLP            : +0.2081
  LDA                 : +0.0747

Method                   | TPR    | FPR    | TrTPR  | TrFPR  | MacroTPR | MacroFPR | Regions | TauMean | ms    | OK? 
---------------------------------------------------------------------------------------------------------------------
Cosine                   | 0.4220 | 0.0417 | 0.4411 | 0.0500 | 0.4019   | 0.0711   | 837     | 0.9699  | 103.1 | PASS
AndBox-HC                | 0.3693 | 0.0409 | 0.3798 | 0.0492 | 0.3515   | 0.0621   | 837     | 0.0000  | 64.2  | PASS
PCAWhitenedCosine        | 0.5157 | 0.0378 | 0.4927 | 0.0500 | 0.4338   | 0.0609   | 837     | 0.9163  | 98.2  | PASS
Vec (Wgt)                | 0.4638 | 0.0354 | 0.4806 | 0.0500 | 0.4182   | 0.0632   | 837     | 0.9581  | 98.7  | PASS
Log Reg                  | 0.2591 | 0.0465 | 0.2452 | 0.0500 | 0.2217   | 0.0731   | 837     | 0.5104  | 113.4 | PASS
LDA                      | 0.5409 | 0.0402 | 0.5210 | 0.0500 | 0.4449   | 0.0672   | 837     | 3.1920  | 104.1 | PASS
Tiny MLP                 | 0.5402 | 0.0378 | 0.5315 | 0.0500 | 0.4506   | 0.0622   | 837     | 0.8570  | 494.3 | PASS
MultiProtoCosine         | 0.1165 | 0.0472 | 0.1073 | 0.0500 | 0.0792   | 0.0537   | 837     | 0.9220  | 121.4 | PASS
WeightedEnsemble         | 0.5748 | 0.0370 | 0.5653 | 0.0500 | 0.4780   | 0.0649   | 837     | 0.9672  | 548.8 | PASS
XGBoost                  | 0.4622 | 0.0425 | 0.4540 | 0.0500 | 0.4115   | 0.0689   | 837     | 0.7183  | 85.4  | PASS
LDA1+LogReg              | 0.2614 | 0.0465 | 0.2492 | 0.0500 | 0.2264   | 0.0731   | 837     | 0.5104  | 110.4 | PASS
PCA16+LogReg             | 0.2646 | 0.0465 | 0.2532 | 0.0500 | 0.2307   | 0.0723   | 837     | 0.5099  | 118.8 | PASS
PCA32+LogReg             | 0.2701 | 0.0488 | 0.2556 | 0.0500 | 0.2324   | 0.0744   | 837     | 0.5098  | 122.5 | PASS
PCA16+VecWeighted        | 0.0913 | 0.0559 | 0.0935 | 0.0500 | 0.0885   | 0.0619   | 837     | 0.0299  | 115.8 | FAIL
PCA32+VecWeighted        | 0.1315 | 0.0606 | 0.1339 | 0.0500 | 0.1145   | 0.0692   | 837     | 0.0327  | 121.7 | FAIL
StabilizedWhitenedCosine | 0.5134 | 0.0402 | 0.4887 | 0.0500 | 0.4268   | 0.0700   | 837     | 0.9041  | 109.7 | PASS

[trial=16 seed=61] GLOBAL mode — total_samples=200000
  total: h0=82063 h1=15019
  pooled_train:  n0=1270 n1=1270
  pooled_calib:  n0=1240 n1=1240
  pooled_eval:   n0=1270 n1=1270
  regions (for macro stats only): 1103
[INFO] Cosine baseline routed to direct Hadamard sum (PrecomputedCosine)
[INFO] WeightedEnsemble Cosine judge routed to direct Hadamard sum
  [Ensemble] Judges routed to 'alt' input: PrecomputedCosine
[WeightedEnsemble] Fitted weights (alpha=0.0500, external calib):
  tau=0.8018, Pooled external calib: TPR=0.6065, FPR=0.0500
  PrecomputedCosine   : +0.1195
  PCAWhitenedCosine   : +0.3770
  XGBoost             : +0.2691
  Tiny MLP            : +0.2045
  LDA                 : +0.0298

Method                   | TPR    | FPR    | TrTPR  | TrFPR  | MacroTPR | MacroFPR | Regions | TauMean | ms    | OK? 
---------------------------------------------------------------------------------------------------------------------
Cosine                   | 0.4646 | 0.0472 | 0.4532 | 0.0500 | 0.4245   | 0.0740   | 852     | 0.9607  | 103.1 | PASS
AndBox-HC                | 0.4299 | 0.0559 | 0.4379 | 0.0500 | 0.3820   | 0.0878   | 852     | 0.0000  | 68.0  | FAIL
PCAWhitenedCosine        | 0.5992 | 0.0638 | 0.5798 | 0.0500 | 0.5014   | 0.1000   | 852     | 0.7845  | 101.7 | FAIL
Vec (Wgt)                | 0.5071 | 0.0559 | 0.5065 | 0.0500 | 0.4603   | 0.0908   | 852     | 0.9340  | 102.0 | FAIL
Log Reg                  | 0.2961 | 0.0504 | 0.2750 | 0.0452 | 0.2473   | 0.0680   | 852     | 0.5094  | 116.6 | FAIL
LDA                      | 0.5575 | 0.0559 | 0.5484 | 0.0500 | 0.4525   | 0.0818   | 852     | 3.5678  | 107.6 | FAIL
Tiny MLP                 | 0.5559 | 0.0567 | 0.5435 | 0.0500 | 0.4646   | 0.0879   | 852     | 0.8612  | 497.9 | FAIL
MultiProtoCosine         | 0.0890 | 0.0417 | 0.0911 | 0.0500 | 0.0733   | 0.0536   | 852     | 0.9208  | 123.0 | PASS
WeightedEnsemble         | 0.6213 | 0.0685 | 0.6065 | 0.0500 | 0.5201   | 0.1081   | 852     | 0.8018  | 551.4 | FAIL
XGBoost                  | 0.5047 | 0.0528 | 0.4935 | 0.0500 | 0.4457   | 0.0845   | 852     | 0.6975  | 84.8  | FAIL
LDA1+LogReg              | 0.2961 | 0.0504 | 0.2758 | 0.0452 | 0.2473   | 0.0680   | 852     | 0.5094  | 111.0 | FAIL
PCA16+LogReg             | 0.2811 | 0.0535 | 0.2694 | 0.0500 | 0.2344   | 0.0703   | 852     | 0.5097  | 120.5 | FAIL
PCA32+LogReg             | 0.3079 | 0.0559 | 0.2863 | 0.0476 | 0.2606   | 0.0793   | 852     | 0.5088  | 123.3 | FAIL
PCA16+VecWeighted        | 0.0661 | 0.0480 | 0.0677 | 0.0500 | 0.0454   | 0.0431   | 852     | 0.0320  | 117.5 | PASS
PCA32+VecWeighted        | 0.0961 | 0.0512 | 0.0960 | 0.0500 | 0.0764   | 0.0566   | 852     | 0.0343  | 120.2 | FAIL
StabilizedWhitenedCosine | 0.5677 | 0.0606 | 0.5524 | 0.0500 | 0.4823   | 0.0945   | 852     | 0.8665  | 110.9 | FAIL

[trial=17 seed=62] GLOBAL mode — total_samples=200000
  total: h0=82063 h1=15019
  pooled_train:  n0=1270 n1=1270
  pooled_calib:  n0=1240 n1=1240
  pooled_eval:   n0=1270 n1=1270
  regions (for macro stats only): 1103
[INFO] Cosine baseline routed to direct Hadamard sum (PrecomputedCosine)
[INFO] WeightedEnsemble Cosine judge routed to direct Hadamard sum
  [Ensemble] Judges routed to 'alt' input: PrecomputedCosine
[WeightedEnsemble] Fitted weights (alpha=0.0500, external calib):
  tau=0.8001, Pooled external calib: TPR=0.5879, FPR=0.0500
  PrecomputedCosine   : +0.1369
  PCAWhitenedCosine   : +0.3322
  XGBoost             : +0.4468
  Tiny MLP            : +0.0732
  LDA                 : +0.0110

Method                   | TPR    | FPR    | TrTPR  | TrFPR  | MacroTPR | MacroFPR | Regions | TauMean | ms    | OK? 
---------------------------------------------------------------------------------------------------------------------
Cosine                   | 0.4906 | 0.0457 | 0.4661 | 0.0500 | 0.4493   | 0.0634   | 858     | 0.9595  | 104.6 | PASS
AndBox-HC                | 0.4614 | 0.0433 | 0.4218 | 0.0500 | 0.4154   | 0.0622   | 858     | 0.0001  | 71.0  | PASS
PCAWhitenedCosine        | 0.5953 | 0.0583 | 0.5661 | 0.0500 | 0.5084   | 0.0845   | 858     | 0.9191  | 101.7 | FAIL
Vec (Wgt)                | 0.5331 | 0.0472 | 0.5097 | 0.0500 | 0.4815   | 0.0708   | 858     | 0.9462  | 102.4 | PASS
Log Reg                  | 0.2567 | 0.0472 | 0.2395 | 0.0500 | 0.2005   | 0.0627   | 858     | 0.5121  | 116.1 | PASS
LDA                      | 0.5677 | 0.0606 | 0.5444 | 0.0500 | 0.4666   | 0.0875   | 858     | 3.6454  | 107.8 | FAIL
Tiny MLP                 | 0.5866 | 0.0598 | 0.5508 | 0.0500 | 0.4897   | 0.0853   | 858     | 0.8765  | 499.4 | FAIL
MultiProtoCosine         | 0.0976 | 0.0551 | 0.0871 | 0.0500 | 0.0684   | 0.0669   | 858     | 0.9250  | 122.2 | FAIL
WeightedEnsemble         | 0.6291 | 0.0598 | 0.5879 | 0.0500 | 0.5435   | 0.0891   | 858     | 0.8001  | 553.5 | FAIL
XGBoost                  | 0.5386 | 0.0520 | 0.5218 | 0.0500 | 0.4815   | 0.0721   | 858     | 0.7070  | 85.5  | FAIL
LDA1+LogReg              | 0.2567 | 0.0472 | 0.2395 | 0.0500 | 0.2005   | 0.0627   | 858     | 0.5121  | 111.5 | PASS
PCA16+LogReg             | 0.2614 | 0.0465 | 0.2468 | 0.0500 | 0.2046   | 0.0614   | 858     | 0.5116  | 120.0 | PASS
PCA32+LogReg             | 0.2685 | 0.0472 | 0.2500 | 0.0500 | 0.2086   | 0.0616   | 858     | 0.5115  | 123.5 | PASS
PCA16+VecWeighted        | 0.0213 | 0.0559 | 0.0226 | 0.0500 | 0.0296   | 0.0320   | 858     | 0.0347  | 117.7 | FAIL
PCA32+VecWeighted        | 0.0307 | 0.0535 | 0.0242 | 0.0500 | 0.0328   | 0.0291   | 858     | 0.0431  | 120.4 | FAIL
StabilizedWhitenedCosine | 0.5874 | 0.0606 | 0.5613 | 0.0500 | 0.5106   | 0.0875   | 858     | 0.9113  | 110.6 | FAIL

[trial=18 seed=63] GLOBAL mode — total_samples=200000
  total: h0=82063 h1=15019
  pooled_train:  n0=1270 n1=1270
  pooled_calib:  n0=1240 n1=1240
  pooled_eval:   n0=1270 n1=1270
  regions (for macro stats only): 1103
[INFO] Cosine baseline routed to direct Hadamard sum (PrecomputedCosine)
[INFO] WeightedEnsemble Cosine judge routed to direct Hadamard sum
  [Ensemble] Judges routed to 'alt' input: PrecomputedCosine
[WeightedEnsemble] Fitted weights (alpha=0.0500, external calib):
  tau=1.1014, Pooled external calib: TPR=0.5565, FPR=0.0500
  PrecomputedCosine   : +0.1287
  PCAWhitenedCosine   : +0.3555
  XGBoost             : +0.1143
  Tiny MLP            : +0.2967
  LDA                 : +0.1048

Method                   | TPR    | FPR    | TrTPR  | TrFPR  | MacroTPR | MacroFPR | Regions | TauMean | ms    | OK? 
---------------------------------------------------------------------------------------------------------------------
Cosine                   | 0.4756 | 0.0457 | 0.4790 | 0.0500 | 0.4468   | 0.0745   | 881     | 0.9611  | 107.3 | PASS
AndBox-HC                | 0.4071 | 0.0449 | 0.4000 | 0.0500 | 0.3713   | 0.0730   | 881     | 0.0000  | 67.1  | PASS
PCAWhitenedCosine        | 0.5457 | 0.0441 | 0.5266 | 0.0500 | 0.4411   | 0.0649   | 881     | 0.8985  | 103.5 | PASS
Vec (Wgt)                | 0.4866 | 0.0402 | 0.5024 | 0.0500 | 0.4394   | 0.0665   | 881     | 0.9519  | 104.3 | PASS
Log Reg                  | 0.2244 | 0.0551 | 0.2121 | 0.0500 | 0.2140   | 0.0681   | 881     | 0.5116  | 118.3 | FAIL
LDA                      | 0.4701 | 0.0425 | 0.4621 | 0.0500 | 0.3921   | 0.0626   | 881     | 3.9080  | 109.9 | PASS
Tiny MLP                 | 0.4772 | 0.0457 | 0.4581 | 0.0500 | 0.3928   | 0.0658   | 881     | 0.9089  | 501.9 | PASS
MultiProtoCosine         | 0.0843 | 0.0685 | 0.0871 | 0.0500 | 0.0740   | 0.0749   | 881     | 0.9232  | 125.6 | FAIL
WeightedEnsemble         | 0.5638 | 0.0449 | 0.5565 | 0.0500 | 0.4645   | 0.0635   | 881     | 1.1014  | 555.5 | PASS
XGBoost                  | 0.5000 | 0.0441 | 0.4839 | 0.0500 | 0.4467   | 0.0711   | 881     | 0.7055  | 85.6  | PASS
LDA1+LogReg              | 0.2339 | 0.0551 | 0.2202 | 0.0500 | 0.2165   | 0.0681   | 881     | 0.5116  | 113.8 | FAIL
PCA16+LogReg             | 0.2378 | 0.0567 | 0.2185 | 0.0500 | 0.2182   | 0.0684   | 881     | 0.5114  | 122.9 | FAIL
PCA32+LogReg             | 0.2370 | 0.0559 | 0.2226 | 0.0500 | 0.2184   | 0.0697   | 881     | 0.5113  | 126.1 | FAIL
PCA16+VecWeighted        | 0.0669 | 0.0543 | 0.0629 | 0.0500 | 0.0538   | 0.0363   | 881     | 0.0313  | 120.4 | FAIL
PCA32+VecWeighted        | 0.0630 | 0.0677 | 0.0661 | 0.0500 | 0.0493   | 0.0317   | 881     | 0.0383  | 123.3 | FAIL
StabilizedWhitenedCosine | 0.5323 | 0.0488 | 0.5056 | 0.0500 | 0.4311   | 0.0727   | 881     | 0.8873  | 112.9 | PASS

[trial=19 seed=64] GLOBAL mode — total_samples=200000
  total: h0=82063 h1=15019
  pooled_train:  n0=1270 n1=1270
  pooled_calib:  n0=1240 n1=1240
  pooled_eval:   n0=1270 n1=1270
  regions (for macro stats only): 1103
[INFO] Cosine baseline routed to direct Hadamard sum (PrecomputedCosine)
[INFO] WeightedEnsemble Cosine judge routed to direct Hadamard sum
  [Ensemble] Judges routed to 'alt' input: PrecomputedCosine
[WeightedEnsemble] Fitted weights (alpha=0.0500, external calib):
  tau=0.9072, Pooled external calib: TPR=0.5823, FPR=0.0500
  PrecomputedCosine   : +0.1924
  PCAWhitenedCosine   : +0.3042
  XGBoost             : +0.0704
  Tiny MLP            : +0.4126
  LDA                 : +0.0204

Method                   | TPR    | FPR    | TrTPR  | TrFPR  | MacroTPR | MacroFPR | Regions | TauMean | ms    | OK? 
---------------------------------------------------------------------------------------------------------------------
Cosine                   | 0.4929 | 0.0535 | 0.4685 | 0.0500 | 0.4574   | 0.0821   | 846     | 0.9530  | 103.2 | FAIL
AndBox-HC                | 0.4039 | 0.0528 | 0.3831 | 0.0500 | 0.3684   | 0.0783   | 846     | 0.0001  | 63.9  | FAIL
PCAWhitenedCosine        | 0.5551 | 0.0520 | 0.5347 | 0.0500 | 0.4442   | 0.0702   | 846     | 1.0040  | 99.0  | FAIL
Vec (Wgt)                | 0.5283 | 0.0504 | 0.5266 | 0.0500 | 0.4876   | 0.0786   | 846     | 0.9409  | 99.5  | FAIL
Log Reg                  | 0.2236 | 0.0362 | 0.2306 | 0.0500 | 0.1929   | 0.0550   | 846     | 0.5118  | 117.9 | PASS
LDA                      | 0.5441 | 0.0559 | 0.5427 | 0.0500 | 0.4459   | 0.0749   | 846     | 3.9832  | 104.5 | FAIL
Tiny MLP                 | 0.5795 | 0.0583 | 0.5653 | 0.0500 | 0.4714   | 0.0804   | 846     | 0.8639  | 491.8 | FAIL
MultiProtoCosine         | 0.0843 | 0.0551 | 0.0871 | 0.0500 | 0.0758   | 0.0680   | 846     | 0.9227  | 119.2 | FAIL
WeightedEnsemble         | 0.6008 | 0.0575 | 0.5823 | 0.0500 | 0.4943   | 0.0801   | 846     | 0.9072  | 546.0 | FAIL
XGBoost                  | 0.5087 | 0.0449 | 0.5032 | 0.0500 | 0.4530   | 0.0643   | 846     | 0.7110  | 85.2  | PASS
LDA1+LogReg              | 0.2236 | 0.0362 | 0.2306 | 0.0500 | 0.1929   | 0.0550   | 846     | 0.5118  | 109.4 | PASS
PCA16+LogReg             | 0.2315 | 0.0378 | 0.2403 | 0.0500 | 0.2027   | 0.0621   | 846     | 0.5118  | 118.4 | PASS
PCA32+LogReg             | 0.2283 | 0.0362 | 0.2363 | 0.0500 | 0.1977   | 0.0560   | 846     | 0.5114  | 121.0 | PASS
PCA16+VecWeighted        | 0.0850 | 0.0575 | 0.0750 | 0.0500 | 0.0805   | 0.0565   | 846     | 0.0284  | 114.8 | FAIL
PCA32+VecWeighted        | 0.0638 | 0.0591 | 0.0589 | 0.0500 | 0.0629   | 0.0468   | 846     | 0.0358  | 118.2 | FAIL
StabilizedWhitenedCosine | 0.5622 | 0.0575 | 0.5492 | 0.0500 | 0.4606   | 0.0836   | 846     | 0.9207  | 109.0 | FAIL

[trial=20 seed=65] GLOBAL mode — total_samples=200000
  total: h0=82063 h1=15019
  pooled_train:  n0=1270 n1=1270
  pooled_calib:  n0=1240 n1=1240
  pooled_eval:   n0=1270 n1=1270
  regions (for macro stats only): 1103
[INFO] Cosine baseline routed to direct Hadamard sum (PrecomputedCosine)
[INFO] WeightedEnsemble Cosine judge routed to direct Hadamard sum
  [Ensemble] Judges routed to 'alt' input: PrecomputedCosine
[WeightedEnsemble] Fitted weights (alpha=0.0500, external calib):
  tau=0.9293, Pooled external calib: TPR=0.5960, FPR=0.0500
  PrecomputedCosine   : +0.1298
  PCAWhitenedCosine   : +0.1391
  XGBoost             : +0.2872
  Tiny MLP            : +0.3596
  LDA                 : +0.0844

Method                   | TPR    | FPR    | TrTPR  | TrFPR  | MacroTPR | MacroFPR | Regions | TauMean | ms    | OK? 
---------------------------------------------------------------------------------------------------------------------
Cosine                   | 0.4882 | 0.0496 | 0.4710 | 0.0500 | 0.4338   | 0.0784   | 869     | 0.9527  | 101.1 | PASS
AndBox-HC                | 0.4079 | 0.0465 | 0.4113 | 0.0500 | 0.3788   | 0.0721   | 869     | 0.0000  | 59.6  | PASS
PCAWhitenedCosine        | 0.5543 | 0.0520 | 0.5565 | 0.0500 | 0.4498   | 0.0802   | 869     | 0.8640  | 96.1  | FAIL
Vec (Wgt)                | 0.5173 | 0.0488 | 0.5202 | 0.0500 | 0.4561   | 0.0770   | 869     | 0.9357  | 95.3  | PASS
Log Reg                  | 0.3299 | 0.0535 | 0.3290 | 0.0500 | 0.2535   | 0.0746   | 869     | 0.5079  | 106.6 | FAIL
LDA                      | 0.5323 | 0.0488 | 0.5371 | 0.0500 | 0.4377   | 0.0727   | 869     | 3.4436  | 101.3 | PASS
Tiny MLP                 | 0.5732 | 0.0551 | 0.5863 | 0.0500 | 0.4665   | 0.0817   | 869     | 0.8265  | 463.7 | FAIL
MultiProtoCosine         | 0.1071 | 0.0441 | 0.0710 | 0.0500 | 0.0838   | 0.0587   | 869     | 0.9218  | 111.8 | PASS
WeightedEnsemble         | 0.5953 | 0.0551 | 0.5960 | 0.0500 | 0.4898   | 0.0816   | 869     | 0.9293  | 510.9 | FAIL
XGBoost                  | 0.5118 | 0.0535 | 0.5202 | 0.0500 | 0.4439   | 0.0804   | 869     | 0.6845  | 79.4  | FAIL
LDA1+LogReg              | 0.3252 | 0.0512 | 0.3145 | 0.0500 | 0.2500   | 0.0707   | 869     | 0.5084  | 101.7 | FAIL
PCA16+LogReg             | 0.3173 | 0.0551 | 0.3185 | 0.0500 | 0.2436   | 0.0763   | 869     | 0.5081  | 109.4 | FAIL
PCA32+LogReg             | 0.3276 | 0.0520 | 0.3194 | 0.0500 | 0.2506   | 0.0740   | 869     | 0.5081  | 112.0 | FAIL
PCA16+VecWeighted        | 0.1276 | 0.0472 | 0.1073 | 0.0500 | 0.1020   | 0.0492   | 869     | 0.0290  | 107.2 | PASS
PCA32+VecWeighted        | 0.1496 | 0.0488 | 0.1258 | 0.0500 | 0.1235   | 0.0565   | 869     | 0.0308  | 111.6 | PASS
StabilizedWhitenedCosine | 0.5717 | 0.0606 | 0.5766 | 0.0500 | 0.4776   | 0.0900   | 869     | 0.7817  | 105.4 | FAIL

[trial=21 seed=66] GLOBAL mode — total_samples=200000
  total: h0=82063 h1=15019
  pooled_train:  n0=1270 n1=1270
  pooled_calib:  n0=1240 n1=1240
  pooled_eval:   n0=1270 n1=1270
  regions (for macro stats only): 1103
[INFO] Cosine baseline routed to direct Hadamard sum (PrecomputedCosine)
[INFO] WeightedEnsemble Cosine judge routed to direct Hadamard sum
  [Ensemble] Judges routed to 'alt' input: PrecomputedCosine
[WeightedEnsemble] Fitted weights (alpha=0.0500, external calib):
  tau=0.9619, Pooled external calib: TPR=0.5774, FPR=0.0500
  PrecomputedCosine   : +0.3246
  PCAWhitenedCosine   : +0.1636
  XGBoost             : +0.2291
  Tiny MLP            : +0.2081
  LDA                 : +0.0747

Method                   | TPR    | FPR    | TrTPR  | TrFPR  | MacroTPR | MacroFPR | Regions | TauMean | ms    | OK? 
---------------------------------------------------------------------------------------------------------------------
Cosine                   | 0.4638 | 0.0622 | 0.4621 | 0.0500 | 0.4323   | 0.0875   | 866     | 0.9566  | 103.4 | FAIL
AndBox-HC                | 0.3945 | 0.0520 | 0.3621 | 0.0500 | 0.3521   | 0.0760   | 866     | 0.0000  | 63.8  | FAIL
PCAWhitenedCosine        | 0.5299 | 0.0457 | 0.5250 | 0.0500 | 0.4255   | 0.0650   | 866     | 0.9472  | 100.8 | PASS
Vec (Wgt)                | 0.5126 | 0.0677 | 0.5113 | 0.0500 | 0.4704   | 0.0997   | 866     | 0.9336  | 101.2 | FAIL
Log Reg                  | 0.2252 | 0.0465 | 0.2323 | 0.0500 | 0.2041   | 0.0640   | 866     | 0.5109  | 114.0 | PASS
LDA                      | 0.5378 | 0.0528 | 0.5290 | 0.0500 | 0.4364   | 0.0734   | 866     | 3.3711  | 106.7 | FAIL
Tiny MLP                 | 0.5433 | 0.0488 | 0.5234 | 0.0500 | 0.4435   | 0.0735   | 866     | 0.8589  | 498.7 | PASS
MultiProtoCosine         | 0.0756 | 0.0386 | 0.0742 | 0.0500 | 0.0557   | 0.0453   | 866     | 0.9249  | 122.2 | PASS
WeightedEnsemble         | 0.5772 | 0.0488 | 0.5774 | 0.0500 | 0.4786   | 0.0713   | 866     | 0.9619  | 551.3 | PASS
XGBoost                  | 0.5220 | 0.0591 | 0.5056 | 0.0500 | 0.4621   | 0.0899   | 866     | 0.6880  | 83.2  | FAIL
LDA1+LogReg              | 0.2252 | 0.0457 | 0.2315 | 0.0500 | 0.2041   | 0.0631   | 866     | 0.5109  | 111.3 | PASS
PCA16+LogReg             | 0.2299 | 0.0457 | 0.2419 | 0.0500 | 0.2046   | 0.0653   | 866     | 0.5104  | 120.7 | PASS
PCA32+LogReg             | 0.2457 | 0.0488 | 0.2589 | 0.0500 | 0.2197   | 0.0677   | 866     | 0.5102  | 123.9 | PASS
PCA16+VecWeighted        | 0.0654 | 0.0575 | 0.0500 | 0.0500 | 0.0608   | 0.0483   | 866     | 0.0286  | 116.8 | FAIL
PCA32+VecWeighted        | 0.0874 | 0.0472 | 0.0847 | 0.0500 | 0.0750   | 0.0394   | 866     | 0.0329  | 118.9 | PASS
StabilizedWhitenedCosine | 0.5331 | 0.0535 | 0.5274 | 0.0500 | 0.4372   | 0.0785   | 866     | 0.9043  | 109.1 | FAIL

[trial=22 seed=67] GLOBAL mode — total_samples=200000
  total: h0=82063 h1=15019
  pooled_train:  n0=1270 n1=1270
  pooled_calib:  n0=1240 n1=1240
  pooled_eval:   n0=1270 n1=1270
  regions (for macro stats only): 1103
[INFO] Cosine baseline routed to direct Hadamard sum (PrecomputedCosine)
[INFO] WeightedEnsemble Cosine judge routed to direct Hadamard sum
  [Ensemble] Judges routed to 'alt' input: PrecomputedCosine
[WeightedEnsemble] Fitted weights (alpha=0.0500, external calib):
  tau=0.9556, Pooled external calib: TPR=0.5444, FPR=0.0500
  PrecomputedCosine   : +0.4352
  PCAWhitenedCosine   : +0.0957
  XGBoost             : +0.1866
  Tiny MLP            : +0.2341
  LDA                 : +0.0484

Method                   | TPR    | FPR    | TrTPR  | TrFPR  | MacroTPR | MacroFPR | Regions | TauMean | ms    | OK? 
---------------------------------------------------------------------------------------------------------------------
Cosine                   | 0.4929 | 0.0465 | 0.4573 | 0.0500 | 0.4388   | 0.0600   | 860     | 0.9583  | 103.4 | PASS
AndBox-HC                | 0.4472 | 0.0528 | 0.4065 | 0.0500 | 0.3996   | 0.0696   | 860     | 0.0000  | 62.8  | FAIL
PCAWhitenedCosine        | 0.5370 | 0.0480 | 0.5024 | 0.0500 | 0.4321   | 0.0576   | 860     | 1.0143  | 98.9  | PASS
Vec (Wgt)                | 0.5346 | 0.0433 | 0.4919 | 0.0500 | 0.4744   | 0.0575   | 860     | 0.9379  | 99.9  | PASS
Log Reg                  | 0.2795 | 0.0449 | 0.2484 | 0.0500 | 0.2279   | 0.0618   | 860     | 0.5097  | 114.4 | PASS
LDA                      | 0.5291 | 0.0472 | 0.4798 | 0.0500 | 0.4193   | 0.0566   | 860     | 3.5637  | 104.6 | PASS
Tiny MLP                 | 0.5535 | 0.0504 | 0.5210 | 0.0500 | 0.4451   | 0.0644   | 860     | 0.8535  | 499.6 | FAIL
MultiProtoCosine         | 0.0874 | 0.0535 | 0.0766 | 0.0500 | 0.0727   | 0.0610   | 860     | 0.9232  | 127.8 | FAIL
WeightedEnsemble         | 0.5795 | 0.0449 | 0.5444 | 0.0500 | 0.4793   | 0.0529   | 860     | 0.9556  | 556.1 | PASS
XGBoost                  | 0.5244 | 0.0441 | 0.4847 | 0.0500 | 0.4533   | 0.0543   | 860     | 0.7001  | 87.1  | PASS
LDA1+LogReg              | 0.2795 | 0.0449 | 0.2492 | 0.0500 | 0.2279   | 0.0618   | 860     | 0.5097  | 111.5 | PASS
PCA16+LogReg             | 0.2835 | 0.0457 | 0.2532 | 0.0500 | 0.2338   | 0.0627   | 860     | 0.5093  | 121.3 | PASS
PCA32+LogReg             | 0.2843 | 0.0472 | 0.2565 | 0.0500 | 0.2334   | 0.0654   | 860     | 0.5093  | 124.1 | PASS
PCA16+VecWeighted        | 0.1291 | 0.0488 | 0.1161 | 0.0500 | 0.1010   | 0.0455   | 860     | 0.0299  | 117.2 | PASS
PCA32+VecWeighted        | 0.1087 | 0.0591 | 0.0976 | 0.0500 | 0.0951   | 0.0445   | 860     | 0.0342  | 121.8 | FAIL
StabilizedWhitenedCosine | 0.5504 | 0.0488 | 0.5145 | 0.0500 | 0.4479   | 0.0584   | 860     | 0.9177  | 115.4 | PASS

[trial=23 seed=68] GLOBAL mode — total_samples=200000
  total: h0=82063 h1=15019
  pooled_train:  n0=1270 n1=1270
  pooled_calib:  n0=1240 n1=1240
  pooled_eval:   n0=1270 n1=1270
  regions (for macro stats only): 1103
[INFO] Cosine baseline routed to direct Hadamard sum (PrecomputedCosine)
[INFO] WeightedEnsemble Cosine judge routed to direct Hadamard sum
  [Ensemble] Judges routed to 'alt' input: PrecomputedCosine
[WeightedEnsemble] Fitted weights (alpha=0.0500, external calib):
  tau=0.9651, Pooled external calib: TPR=0.5653, FPR=0.0500
  PrecomputedCosine   : +0.0656
  PCAWhitenedCosine   : +0.4602
  XGBoost             : +0.1200
  Tiny MLP            : +0.2889
  LDA                 : +0.0653

Method                   | TPR    | FPR    | TrTPR  | TrFPR  | MacroTPR | MacroFPR | Regions | TauMean | ms    | OK? 
---------------------------------------------------------------------------------------------------------------------
Cosine                   | 0.4685 | 0.0299 | 0.4403 | 0.0500 | 0.4206   | 0.0468   | 849     | 0.9647  | 103.7 | PASS
AndBox-HC                | 0.3504 | 0.0307 | 0.3419 | 0.0500 | 0.3312   | 0.0365   | 849     | 0.0000  | 62.1  | PASS
PCAWhitenedCosine        | 0.5378 | 0.0331 | 0.5315 | 0.0500 | 0.4439   | 0.0511   | 849     | 0.9181  | 99.3  | PASS
Vec (Wgt)                | 0.4929 | 0.0323 | 0.4863 | 0.0500 | 0.4371   | 0.0518   | 849     | 0.9467  | 99.8  | PASS
Log Reg                  | 0.2024 | 0.0291 | 0.1863 | 0.0500 | 0.1628   | 0.0444   | 849     | 0.5129  | 112.8 | PASS
LDA                      | 0.5449 | 0.0433 | 0.5065 | 0.0500 | 0.4535   | 0.0628   | 849     | 3.7610  | 104.6 | PASS
Tiny MLP                 | 0.5268 | 0.0394 | 0.4887 | 0.0500 | 0.4300   | 0.0554   | 849     | 0.9021  | 492.1 | PASS
MultiProtoCosine         | 0.1110 | 0.0378 | 0.0992 | 0.0500 | 0.0898   | 0.0452   | 849     | 0.9209  | 118.4 | PASS
WeightedEnsemble         | 0.5764 | 0.0402 | 0.5653 | 0.0500 | 0.4785   | 0.0613   | 849     | 0.9651  | 547.1 | PASS
XGBoost                  | 0.5252 | 0.0378 | 0.4976 | 0.0500 | 0.4575   | 0.0556   | 849     | 0.6939  | 84.1  | PASS
LDA1+LogReg              | 0.2024 | 0.0299 | 0.1879 | 0.0500 | 0.1628   | 0.0461   | 849     | 0.5129  | 107.3 | PASS
PCA16+LogReg             | 0.2142 | 0.0283 | 0.1911 | 0.0500 | 0.1698   | 0.0422   | 849     | 0.5125  | 115.8 | PASS
PCA32+LogReg             | 0.2063 | 0.0276 | 0.1911 | 0.0500 | 0.1664   | 0.0433   | 849     | 0.5125  | 119.1 | PASS
PCA16+VecWeighted        | 0.0449 | 0.0291 | 0.0347 | 0.0500 | 0.0402   | 0.0323   | 849     | 0.0343  | 113.3 | PASS
PCA32+VecWeighted        | 0.0559 | 0.0496 | 0.0516 | 0.0500 | 0.0528   | 0.0505   | 849     | 0.0353  | 116.2 | PASS
StabilizedWhitenedCosine | 0.5488 | 0.0409 | 0.5202 | 0.0500 | 0.4418   | 0.0573   | 849     | 0.8964  | 107.1 | PASS

[trial=24 seed=69] GLOBAL mode — total_samples=200000
  total: h0=82063 h1=15019
  pooled_train:  n0=1270 n1=1270
  pooled_calib:  n0=1240 n1=1240
  pooled_eval:   n0=1270 n1=1270
  regions (for macro stats only): 1103
[INFO] Cosine baseline routed to direct Hadamard sum (PrecomputedCosine)
[INFO] WeightedEnsemble Cosine judge routed to direct Hadamard sum
  [Ensemble] Judges routed to 'alt' input: PrecomputedCosine
[WeightedEnsemble] Fitted weights (alpha=0.0500, external calib):
  tau=1.1012, Pooled external calib: TPR=0.5548, FPR=0.0500
  PrecomputedCosine   : +0.2403
  PCAWhitenedCosine   : +0.0431
  XGBoost             : +0.3540
  Tiny MLP            : +0.2364
  LDA                 : +0.1263

Method                   | TPR    | FPR    | TrTPR  | TrFPR  | MacroTPR | MacroFPR | Regions | TauMean | ms    | OK? 
---------------------------------------------------------------------------------------------------------------------
Cosine                   | 0.4614 | 0.0339 | 0.4185 | 0.0500 | 0.4131   | 0.0470   | 850     | 0.9706  | 101.3 | PASS
AndBox-HC                | 0.3937 | 0.0362 | 0.3565 | 0.0500 | 0.3498   | 0.0450   | 850     | 0.0000  | 62.0  | PASS
PCAWhitenedCosine        | 0.5150 | 0.0417 | 0.5129 | 0.0500 | 0.4044   | 0.0657   | 850     | 1.0365  | 99.9  | PASS
Vec (Wgt)                | 0.5031 | 0.0362 | 0.4629 | 0.0500 | 0.4297   | 0.0542   | 850     | 0.9504  | 100.9 | PASS
Log Reg                  | 0.1850 | 0.0339 | 0.1645 | 0.0500 | 0.1530   | 0.0486   | 850     | 0.5153  | 113.6 | PASS
LDA                      | 0.4882 | 0.0386 | 0.4702 | 0.0500 | 0.3745   | 0.0573   | 850     | 4.0930  | 105.7 | PASS
Tiny MLP                 | 0.5228 | 0.0386 | 0.5177 | 0.0500 | 0.4005   | 0.0566   | 850     | 0.8669  | 496.4 | PASS
MultiProtoCosine         | 0.0748 | 0.0402 | 0.0645 | 0.0500 | 0.0631   | 0.0471   | 850     | 0.9259  | 119.4 | PASS
WeightedEnsemble         | 0.5740 | 0.0480 | 0.5548 | 0.0500 | 0.4547   | 0.0679   | 850     | 1.1012  | 549.7 | PASS
XGBoost                  | 0.4843 | 0.0299 | 0.4476 | 0.0500 | 0.4027   | 0.0414   | 850     | 0.7194  | 81.3  | PASS
LDA1+LogReg              | 0.1850 | 0.0339 | 0.1661 | 0.0500 | 0.1530   | 0.0486   | 850     | 0.5153  | 106.3 | PASS
PCA16+LogReg             | 0.2039 | 0.0346 | 0.1806 | 0.0500 | 0.1636   | 0.0499   | 850     | 0.5146  | 116.4 | PASS
PCA32+LogReg             | 0.2063 | 0.0331 | 0.1815 | 0.0500 | 0.1670   | 0.0478   | 850     | 0.5145  | 121.6 | PASS
PCA16+VecWeighted        | 0.0079 | 0.0520 | 0.0048 | 0.0500 | 0.0092   | 0.0164   | 850     | 0.0370  | 113.0 | FAIL
PCA32+VecWeighted        | 0.0228 | 0.0559 | 0.0177 | 0.0500 | 0.0287   | 0.0276   | 850     | 0.0408  | 115.2 | FAIL
StabilizedWhitenedCosine | 0.5173 | 0.0378 | 0.4879 | 0.0500 | 0.4181   | 0.0555   | 850     | 0.9521  | 107.5 | PASS

[trial=25 seed=70] GLOBAL mode — total_samples=200000
  total: h0=82063 h1=15019
  pooled_train:  n0=1270 n1=1270
  pooled_calib:  n0=1240 n1=1240
  pooled_eval:   n0=1270 n1=1270
  regions (for macro stats only): 1103
[INFO] Cosine baseline routed to direct Hadamard sum (PrecomputedCosine)
[INFO] WeightedEnsemble Cosine judge routed to direct Hadamard sum
  [Ensemble] Judges routed to 'alt' input: PrecomputedCosine
[WeightedEnsemble] Fitted weights (alpha=0.0500, external calib):
  tau=0.9372, Pooled external calib: TPR=0.5831, FPR=0.0500
  PrecomputedCosine   : +0.3246
  PCAWhitenedCosine   : +0.1636
  XGBoost             : +0.2291
  Tiny MLP            : +0.2081
  LDA                 : +0.0747

Method                   | TPR    | FPR    | TrTPR  | TrFPR  | MacroTPR | MacroFPR | Regions | TauMean | ms    | OK? 
---------------------------------------------------------------------------------------------------------------------
Cosine                   | 0.5079 | 0.0638 | 0.5008 | 0.0500 | 0.4493   | 0.1009   | 864     | 0.9427  | 104.4 | FAIL
AndBox-HC                | 0.4740 | 0.0693 | 0.4694 | 0.0500 | 0.4230   | 0.1030   | 864     | 0.0000  | 62.5  | FAIL
PCAWhitenedCosine        | 0.5528 | 0.0614 | 0.5331 | 0.0500 | 0.4423   | 0.0913   | 864     | 0.9415  | 100.5 | FAIL
Vec (Wgt)                | 0.5362 | 0.0638 | 0.5419 | 0.0500 | 0.4672   | 0.1028   | 864     | 0.9298  | 101.4 | FAIL
Log Reg                  | 0.2331 | 0.0535 | 0.2395 | 0.0500 | 0.2167   | 0.0746   | 864     | 0.5117  | 114.0 | FAIL
LDA                      | 0.5354 | 0.0591 | 0.5250 | 0.0500 | 0.4234   | 0.0853   | 864     | 3.4278  | 106.4 | FAIL
Tiny MLP                 | 0.5205 | 0.0551 | 0.5202 | 0.0500 | 0.4125   | 0.0848   | 864     | 0.8934  | 497.0 | FAIL
MultiProtoCosine         | 0.0945 | 0.0409 | 0.1113 | 0.0500 | 0.0902   | 0.0456   | 864     | 0.9226  | 120.6 | PASS
WeightedEnsemble         | 0.5937 | 0.0575 | 0.5831 | 0.0500 | 0.4799   | 0.0869   | 864     | 0.9372  | 551.6 | FAIL
XGBoost                  | 0.5583 | 0.0661 | 0.5266 | 0.0500 | 0.4848   | 0.0970   | 864     | 0.6766  | 81.9  | FAIL
LDA1+LogReg              | 0.2370 | 0.0535 | 0.2411 | 0.0500 | 0.2204   | 0.0746   | 864     | 0.5117  | 110.0 | FAIL
PCA16+LogReg             | 0.2331 | 0.0559 | 0.2371 | 0.0500 | 0.2178   | 0.0776   | 864     | 0.5115  | 118.9 | FAIL
PCA32+LogReg             | 0.2394 | 0.0543 | 0.2411 | 0.0500 | 0.2234   | 0.0762   | 864     | 0.5114  | 121.9 | FAIL
PCA16+VecWeighted        | 0.0362 | 0.0543 | 0.0379 | 0.0500 | 0.0270   | 0.0422   | 864     | 0.0330  | 116.0 | FAIL
PCA32+VecWeighted        | 0.0252 | 0.0480 | 0.0194 | 0.0500 | 0.0230   | 0.0444   | 864     | 0.0389  | 118.7 | PASS
StabilizedWhitenedCosine | 0.5307 | 0.0504 | 0.5137 | 0.0500 | 0.4463   | 0.0829   | 864     | 0.8936  | 108.2 | FAIL

[trial=26 seed=71] GLOBAL mode — total_samples=200000
  total: h0=82063 h1=15019
  pooled_train:  n0=1270 n1=1270
  pooled_calib:  n0=1240 n1=1240
  pooled_eval:   n0=1270 n1=1270
  regions (for macro stats only): 1103
[INFO] Cosine baseline routed to direct Hadamard sum (PrecomputedCosine)
[INFO] WeightedEnsemble Cosine judge routed to direct Hadamard sum
  [Ensemble] Judges routed to 'alt' input: PrecomputedCosine
[WeightedEnsemble] Fitted weights (alpha=0.0500, external calib):
  tau=0.8819, Pooled external calib: TPR=0.5806, FPR=0.0500
  PrecomputedCosine   : +0.1195
  PCAWhitenedCosine   : +0.3770
  XGBoost             : +0.2691
  Tiny MLP            : +0.2045
  LDA                 : +0.0298

Method                   | TPR    | FPR    | TrTPR  | TrFPR  | MacroTPR | MacroFPR | Regions | TauMean | ms    | OK? 
---------------------------------------------------------------------------------------------------------------------
Cosine                   | 0.4520 | 0.0465 | 0.4573 | 0.0500 | 0.4087   | 0.0699   | 851     | 0.9645  | 103.5 | PASS
AndBox-HC                | 0.4299 | 0.0559 | 0.4089 | 0.0500 | 0.4072   | 0.0770   | 851     | 0.0000  | 62.2  | FAIL
PCAWhitenedCosine        | 0.5472 | 0.0496 | 0.5484 | 0.0500 | 0.4346   | 0.0755   | 851     | 0.9884  | 99.8  | PASS
Vec (Wgt)                | 0.4953 | 0.0567 | 0.4976 | 0.0500 | 0.4348   | 0.0855   | 851     | 0.9503  | 100.4 | FAIL
Log Reg                  | 0.2488 | 0.0528 | 0.2419 | 0.0500 | 0.2083   | 0.0730   | 851     | 0.5129  | 113.1 | FAIL
LDA                      | 0.5260 | 0.0646 | 0.5339 | 0.0500 | 0.4266   | 0.0862   | 851     | 4.0364  | 105.0 | FAIL
Tiny MLP                 | 0.5323 | 0.0591 | 0.5323 | 0.0500 | 0.4287   | 0.0805   | 851     | 0.8884  | 500.1 | FAIL
MultiProtoCosine         | 0.0913 | 0.0370 | 0.0935 | 0.0500 | 0.0654   | 0.0431   | 851     | 0.9239  | 120.8 | PASS
WeightedEnsemble         | 0.5764 | 0.0575 | 0.5806 | 0.0500 | 0.4639   | 0.0817   | 851     | 0.8819  | 549.8 | FAIL
XGBoost                  | 0.5244 | 0.0638 | 0.5323 | 0.0500 | 0.4577   | 0.0873   | 851     | 0.6928  | 81.4  | FAIL
LDA1+LogReg              | 0.2472 | 0.0520 | 0.2419 | 0.0500 | 0.2068   | 0.0721   | 851     | 0.5129  | 107.1 | FAIL
PCA16+LogReg             | 0.2567 | 0.0520 | 0.2419 | 0.0500 | 0.2130   | 0.0741   | 851     | 0.5125  | 117.0 | FAIL
PCA32+LogReg             | 0.2567 | 0.0504 | 0.2508 | 0.0500 | 0.2133   | 0.0716   | 851     | 0.5125  | 121.8 | FAIL
PCA16+VecWeighted        | 0.1283 | 0.0441 | 0.1282 | 0.0500 | 0.1011   | 0.0434   | 851     | 0.0325  | 114.7 | PASS
PCA32+VecWeighted        | 0.0976 | 0.0504 | 0.0927 | 0.0500 | 0.0763   | 0.0375   | 851     | 0.0391  | 117.3 | FAIL
StabilizedWhitenedCosine | 0.5630 | 0.0630 | 0.5855 | 0.0500 | 0.4589   | 0.0911   | 851     | 0.8313  | 109.9 | FAIL

[trial=27 seed=72] GLOBAL mode — total_samples=200000
  total: h0=82063 h1=15019
  pooled_train:  n0=1270 n1=1270
  pooled_calib:  n0=1240 n1=1240
  pooled_eval:   n0=1270 n1=1270
  regions (for macro stats only): 1103
[INFO] Cosine baseline routed to direct Hadamard sum (PrecomputedCosine)
[INFO] WeightedEnsemble Cosine judge routed to direct Hadamard sum
  [Ensemble] Judges routed to 'alt' input: PrecomputedCosine
[WeightedEnsemble] Fitted weights (alpha=0.0500, external calib):
  tau=0.9248, Pooled external calib: TPR=0.6210, FPR=0.0500
  PrecomputedCosine   : +0.2832
  PCAWhitenedCosine   : +0.0456
  XGBoost             : +0.2004
  Tiny MLP            : +0.4151
  LDA                 : +0.0558

Method                   | TPR    | FPR    | TrTPR  | TrFPR  | MacroTPR | MacroFPR | Regions | TauMean | ms    | OK? 
---------------------------------------------------------------------------------------------------------------------
Cosine                   | 0.4346 | 0.0457 | 0.4419 | 0.0500 | 0.4139   | 0.0748   | 838     | 0.9669  | 102.7 | PASS
AndBox-HC                | 0.4047 | 0.0425 | 0.3734 | 0.0500 | 0.3822   | 0.0635   | 838     | 0.0000  | 60.6  | PASS
PCAWhitenedCosine        | 0.5465 | 0.0504 | 0.5468 | 0.0500 | 0.4560   | 0.0813   | 838     | 0.8701  | 96.1  | FAIL
Vec (Wgt)                | 0.4748 | 0.0449 | 0.4742 | 0.0492 | 0.4407   | 0.0742   | 838     | 0.9505  | 96.1  | PASS
Log Reg                  | 0.2244 | 0.0551 | 0.2282 | 0.0500 | 0.1941   | 0.0748   | 838     | 0.5116  | 109.0 | FAIL
LDA                      | 0.5661 | 0.0559 | 0.5645 | 0.0500 | 0.4770   | 0.0813   | 838     | 3.3302  | 102.0 | FAIL
Tiny MLP                 | 0.5866 | 0.0661 | 0.5952 | 0.0500 | 0.4952   | 0.1015   | 838     | 0.8424  | 496.8 | FAIL
MultiProtoCosine         | 0.0780 | 0.0630 | 0.0726 | 0.0500 | 0.0565   | 0.0662   | 838     | 0.9242  | 114.5 | FAIL
WeightedEnsemble         | 0.5969 | 0.0567 | 0.6210 | 0.0500 | 0.5113   | 0.0836   | 838     | 0.9248  | 642.5 | FAIL
XGBoost                  | 0.4535 | 0.0402 | 0.4597 | 0.0500 | 0.4152   | 0.0637   | 838     | 0.7249  | 82.9  | PASS
LDA1+LogReg              | 0.2244 | 0.0543 | 0.2282 | 0.0500 | 0.1941   | 0.0742   | 838     | 0.5116  | 104.0 | FAIL
PCA16+LogReg             | 0.2409 | 0.0575 | 0.2484 | 0.0500 | 0.2071   | 0.0772   | 838     | 0.5107  | 111.7 | FAIL
PCA32+LogReg             | 0.2370 | 0.0551 | 0.2427 | 0.0500 | 0.2071   | 0.0754   | 838     | 0.5109  | 114.8 | FAIL
PCA16+VecWeighted        | 0.0819 | 0.0315 | 0.0790 | 0.0500 | 0.0617   | 0.0371   | 838     | 0.0300  | 109.4 | PASS
PCA32+VecWeighted        | 0.0685 | 0.0441 | 0.0677 | 0.0500 | 0.0583   | 0.0520   | 838     | 0.0359  | 112.4 | PASS
StabilizedWhitenedCosine | 0.5268 | 0.0520 | 0.5355 | 0.0500 | 0.4436   | 0.0830   | 838     | 0.9000  | 103.4 | FAIL

[trial=28 seed=73] GLOBAL mode — total_samples=200000
  total: h0=82063 h1=15019
  pooled_train:  n0=1270 n1=1270
  pooled_calib:  n0=1240 n1=1240
  pooled_eval:   n0=1270 n1=1270
  regions (for macro stats only): 1103
[INFO] Cosine baseline routed to direct Hadamard sum (PrecomputedCosine)
[INFO] WeightedEnsemble Cosine judge routed to direct Hadamard sum
  [Ensemble] Judges routed to 'alt' input: PrecomputedCosine
[WeightedEnsemble] Fitted weights (alpha=0.0500, external calib):
  tau=0.8406, Pooled external calib: TPR=0.5460, FPR=0.0500
  PrecomputedCosine   : +0.1369
  PCAWhitenedCosine   : +0.3322
  XGBoost             : +0.4468
  Tiny MLP            : +0.0732
  LDA                 : +0.0110

Method                   | TPR    | FPR    | TrTPR  | TrFPR  | MacroTPR | MacroFPR | Regions | TauMean | ms    | OK? 
---------------------------------------------------------------------------------------------------------------------
Cosine                   | 0.4425 | 0.0480 | 0.4573 | 0.0500 | 0.4043   | 0.0753   | 859     | 0.9653  | 101.4 | PASS
AndBox-HC                | 0.4008 | 0.0543 | 0.3879 | 0.0500 | 0.3766   | 0.0833   | 859     | 0.0001  | 70.2  | FAIL
PCAWhitenedCosine        | 0.5197 | 0.0457 | 0.5234 | 0.0500 | 0.4266   | 0.0710   | 859     | 1.0298  | 96.9  | PASS
Vec (Wgt)                | 0.4937 | 0.0591 | 0.5113 | 0.0500 | 0.4462   | 0.0935   | 859     | 0.9502  | 97.5  | FAIL
Log Reg                  | 0.2472 | 0.0606 | 0.2548 | 0.0500 | 0.2215   | 0.0785   | 859     | 0.5119  | 110.9 | FAIL
LDA                      | 0.4976 | 0.0520 | 0.5169 | 0.0500 | 0.4189   | 0.0778   | 859     | 3.8541  | 102.4 | FAIL
Tiny MLP                 | 0.4921 | 0.0488 | 0.5161 | 0.0500 | 0.4089   | 0.0735   | 859     | 0.8873  | 578.6 | PASS
MultiProtoCosine         | 0.0866 | 0.0441 | 0.0758 | 0.0500 | 0.0810   | 0.0452   | 859     | 0.9233  | 117.8 | PASS
WeightedEnsemble         | 0.5299 | 0.0441 | 0.5460 | 0.0500 | 0.4481   | 0.0687   | 859     | 0.8406  | 627.3 | PASS
XGBoost                  | 0.4929 | 0.0551 | 0.5056 | 0.0500 | 0.4385   | 0.0858   | 859     | 0.6983  | 81.0  | FAIL
LDA1+LogReg              | 0.2472 | 0.0598 | 0.2548 | 0.0500 | 0.2215   | 0.0776   | 859     | 0.5120  | 106.3 | FAIL
PCA16+LogReg             | 0.2433 | 0.0614 | 0.2500 | 0.0500 | 0.2213   | 0.0802   | 859     | 0.5116  | 114.4 | FAIL
PCA32+LogReg             | 0.2535 | 0.0630 | 0.2637 | 0.0500 | 0.2325   | 0.0837   | 859     | 0.5113  | 116.7 | FAIL
PCA16+VecWeighted        | 0.1795 | 0.0591 | 0.1984 | 0.0500 | 0.1624   | 0.0752   | 859     | 0.0281  | 111.3 | FAIL
PCA32+VecWeighted        | 0.1354 | 0.0480 | 0.1371 | 0.0500 | 0.1223   | 0.0618   | 859     | 0.0341  | 113.9 | PASS
StabilizedWhitenedCosine | 0.5173 | 0.0480 | 0.5065 | 0.0500 | 0.4355   | 0.0787   | 859     | 0.9898  | 104.5 | PASS

[trial=29 seed=74] GLOBAL mode — total_samples=200000
  total: h0=82063 h1=15019
  pooled_train:  n0=1270 n1=1270
  pooled_calib:  n0=1240 n1=1240
  pooled_eval:   n0=1270 n1=1270
  regions (for macro stats only): 1103
[INFO] Cosine baseline routed to direct Hadamard sum (PrecomputedCosine)
[INFO] WeightedEnsemble Cosine judge routed to direct Hadamard sum
  [Ensemble] Judges routed to 'alt' input: PrecomputedCosine
[WeightedEnsemble] Fitted weights (alpha=0.0500, external calib):
  tau=0.8749, Pooled external calib: TPR=0.5629, FPR=0.0500
  PrecomputedCosine   : +0.1195
  PCAWhitenedCosine   : +0.3770
  XGBoost             : +0.2691
  Tiny MLP            : +0.2045
  LDA                 : +0.0298

Method                   | TPR    | FPR    | TrTPR  | TrFPR  | MacroTPR | MacroFPR | Regions | TauMean | ms    | OK? 
---------------------------------------------------------------------------------------------------------------------
Cosine                   | 0.4740 | 0.0488 | 0.4847 | 0.0500 | 0.4426   | 0.0720   | 841     | 0.9582  | 102.1 | PASS
AndBox-HC                | 0.4535 | 0.0606 | 0.4645 | 0.0500 | 0.4272   | 0.0866   | 841     | 0.0000  | 62.2  | FAIL
PCAWhitenedCosine        | 0.5441 | 0.0543 | 0.5565 | 0.0500 | 0.4484   | 0.0824   | 841     | 0.9136  | 98.3  | FAIL
Vec (Wgt)                | 0.5008 | 0.0512 | 0.5137 | 0.0500 | 0.4579   | 0.0787   | 841     | 0.9458  | 98.1  | FAIL
Log Reg                  | 0.2504 | 0.0669 | 0.2597 | 0.0500 | 0.2209   | 0.0860   | 841     | 0.5118  | 110.5 | FAIL
LDA                      | 0.4992 | 0.0402 | 0.4992 | 0.0500 | 0.4058   | 0.0636   | 841     | 4.1377  | 104.6 | PASS
Tiny MLP                 | 0.5213 | 0.0480 | 0.5266 | 0.0500 | 0.4268   | 0.0754   | 841     | 0.8910  | 489.6 | PASS
MultiProtoCosine         | 0.1055 | 0.0669 | 0.1218 | 0.0500 | 0.0965   | 0.0763   | 841     | 0.9216  | 115.7 | FAIL
WeightedEnsemble         | 0.5598 | 0.0488 | 0.5629 | 0.0500 | 0.4691   | 0.0716   | 841     | 0.8749  | 537.8 | PASS
XGBoost                  | 0.5047 | 0.0457 | 0.5097 | 0.0500 | 0.4673   | 0.0725   | 841     | 0.6964  | 81.3  | PASS
LDA1+LogReg              | 0.2520 | 0.0661 | 0.2597 | 0.0500 | 0.2231   | 0.0858   | 841     | 0.5118  | 104.6 | FAIL
PCA16+LogReg             | 0.2378 | 0.0614 | 0.2500 | 0.0484 | 0.2077   | 0.0809   | 841     | 0.5121  | 113.9 | FAIL
PCA32+LogReg             | 0.2622 | 0.0638 | 0.2694 | 0.0500 | 0.2273   | 0.0843   | 841     | 0.5114  | 116.7 | FAIL
PCA16+VecWeighted        | 0.1780 | 0.0732 | 0.1742 | 0.0500 | 0.1505   | 0.0810   | 841     | 0.0248  | 111.4 | FAIL
PCA32+VecWeighted        | 0.1795 | 0.0654 | 0.1669 | 0.0500 | 0.1532   | 0.0781   | 841     | 0.0292  | 113.7 | FAIL
StabilizedWhitenedCosine | 0.5220 | 0.0528 | 0.5081 | 0.0500 | 0.4398   | 0.0806   | 841     | 0.8976  | 104.4 | FAIL

[trial=30 seed=75] GLOBAL mode — total_samples=200000
  total: h0=82063 h1=15019
  pooled_train:  n0=1270 n1=1270
  pooled_calib:  n0=1240 n1=1240
  pooled_eval:   n0=1270 n1=1270
  regions (for macro stats only): 1103
[INFO] Cosine baseline routed to direct Hadamard sum (PrecomputedCosine)
[INFO] WeightedEnsemble Cosine judge routed to direct Hadamard sum
  [Ensemble] Judges routed to 'alt' input: PrecomputedCosine
[WeightedEnsemble] Fitted weights (alpha=0.0500, external calib):
  tau=0.8949, Pooled external calib: TPR=0.6105, FPR=0.0500
  PrecomputedCosine   : +0.3246
  PCAWhitenedCosine   : +0.1636
  XGBoost             : +0.2291
  Tiny MLP            : +0.2081
  LDA                 : +0.0747

Method                   | TPR    | FPR    | TrTPR  | TrFPR  | MacroTPR | MacroFPR | Regions | TauMean | ms    | OK? 
---------------------------------------------------------------------------------------------------------------------
Cosine                   | 0.4709 | 0.0441 | 0.4661 | 0.0500 | 0.4231   | 0.0696   | 857     | 0.9595  | 104.1 | PASS
AndBox-HC                | 0.4701 | 0.0433 | 0.4629 | 0.0500 | 0.4185   | 0.0680   | 857     | 0.0000  | 64.0  | PASS
PCAWhitenedCosine        | 0.5378 | 0.0425 | 0.5484 | 0.0500 | 0.4281   | 0.0705   | 857     | 0.8674  | 101.0 | PASS
Vec (Wgt)                | 0.4898 | 0.0386 | 0.4927 | 0.0500 | 0.4329   | 0.0623   | 857     | 0.9506  | 101.5 | PASS
Log Reg                  | 0.2780 | 0.0370 | 0.2661 | 0.0500 | 0.2260   | 0.0506   | 857     | 0.5098  | 115.5 | PASS
LDA                      | 0.5433 | 0.0386 | 0.5524 | 0.0500 | 0.4288   | 0.0623   | 857     | 3.1943  | 106.0 | PASS
Tiny MLP                 | 0.5134 | 0.0346 | 0.5379 | 0.0500 | 0.4098   | 0.0544   | 857     | 0.8911  | 587.1 | PASS
MultiProtoCosine         | 0.1173 | 0.0370 | 0.1161 | 0.0500 | 0.0800   | 0.0455   | 857     | 0.9229  | 118.2 | PASS
WeightedEnsemble         | 0.6047 | 0.0449 | 0.6105 | 0.0500 | 0.4916   | 0.0717   | 857     | 0.8949  | 637.0 | PASS
XGBoost                  | 0.5252 | 0.0409 | 0.5250 | 0.0500 | 0.4510   | 0.0648   | 857     | 0.6748  | 82.4  | PASS
LDA1+LogReg              | 0.2787 | 0.0370 | 0.2669 | 0.0500 | 0.2266   | 0.0506   | 857     | 0.5098  | 106.3 | PASS
PCA16+LogReg             | 0.2614 | 0.0331 | 0.2589 | 0.0500 | 0.2086   | 0.0455   | 857     | 0.5099  | 115.1 | PASS
PCA32+LogReg             | 0.2858 | 0.0362 | 0.2742 | 0.0500 | 0.2348   | 0.0497   | 857     | 0.5093  | 118.5 | PASS
PCA16+VecWeighted        | 0.0220 | 0.0496 | 0.0129 | 0.0500 | 0.0267   | 0.0318   | 857     | 0.0345  | 112.9 | PASS
PCA32+VecWeighted        | 0.0370 | 0.0402 | 0.0331 | 0.0500 | 0.0318   | 0.0237   | 857     | 0.0400  | 116.0 | PASS
StabilizedWhitenedCosine | 0.5638 | 0.0394 | 0.5573 | 0.0500 | 0.4533   | 0.0632   | 857     | 0.8061  | 107.4 | PASS

[trial=31 seed=76] GLOBAL mode — total_samples=200000
  total: h0=82063 h1=15019
  pooled_train:  n0=1270 n1=1270
  pooled_calib:  n0=1240 n1=1240
  pooled_eval:   n0=1270 n1=1270
  regions (for macro stats only): 1103
[INFO] Cosine baseline routed to direct Hadamard sum (PrecomputedCosine)
[INFO] WeightedEnsemble Cosine judge routed to direct Hadamard sum
  [Ensemble] Judges routed to 'alt' input: PrecomputedCosine
[WeightedEnsemble] Fitted weights (alpha=0.0500, external calib):
  tau=0.8531, Pooled external calib: TPR=0.5831, FPR=0.0500
  PrecomputedCosine   : +0.2204
  PCAWhitenedCosine   : +0.3145
  XGBoost             : +0.1972
  Tiny MLP            : +0.2559
  LDA                 : +0.0120

Method                   | TPR    | FPR    | TrTPR  | TrFPR  | MacroTPR | MacroFPR | Regions | TauMean | ms    | OK? 
---------------------------------------------------------------------------------------------------------------------
Cosine                   | 0.4764 | 0.0496 | 0.4774 | 0.0500 | 0.4436   | 0.0738   | 865     | 0.9554  | 103.9 | PASS
AndBox-HC                | 0.4220 | 0.0535 | 0.4282 | 0.0500 | 0.3730   | 0.0761   | 865     | 0.0001  | 63.9  | FAIL
PCAWhitenedCosine        | 0.5559 | 0.0559 | 0.5645 | 0.0500 | 0.4607   | 0.0848   | 865     | 0.8816  | 101.5 | FAIL
Vec (Wgt)                | 0.5016 | 0.0504 | 0.4992 | 0.0500 | 0.4552   | 0.0759   | 865     | 0.9432  | 102.1 | FAIL
Log Reg                  | 0.2496 | 0.0512 | 0.2742 | 0.0500 | 0.2071   | 0.0729   | 865     | 0.5107  | 116.6 | FAIL
LDA                      | 0.5252 | 0.0528 | 0.5339 | 0.0500 | 0.4513   | 0.0819   | 865     | 3.6334  | 108.8 | FAIL
Tiny MLP                 | 0.5591 | 0.0551 | 0.5621 | 0.0500 | 0.4677   | 0.0840   | 865     | 0.8596  | 493.3 | FAIL
MultiProtoCosine         | 0.0953 | 0.0528 | 0.0968 | 0.0500 | 0.0668   | 0.0512   | 865     | 0.9234  | 121.9 | FAIL
WeightedEnsemble         | 0.5780 | 0.0543 | 0.5831 | 0.0500 | 0.4837   | 0.0837   | 865     | 0.8531  | 545.5 | FAIL
XGBoost                  | 0.5472 | 0.0559 | 0.5516 | 0.0500 | 0.4928   | 0.0824   | 865     | 0.6697  | 84.1  | FAIL
LDA1+LogReg              | 0.2528 | 0.0520 | 0.2758 | 0.0500 | 0.2098   | 0.0737   | 865     | 0.5107  | 110.5 | FAIL
PCA16+LogReg             | 0.2520 | 0.0520 | 0.2726 | 0.0500 | 0.2048   | 0.0715   | 865     | 0.5103  | 119.4 | FAIL
PCA32+LogReg             | 0.2559 | 0.0543 | 0.2815 | 0.0500 | 0.2108   | 0.0757   | 865     | 0.5101  | 121.5 | FAIL
PCA16+VecWeighted        | 0.0772 | 0.0425 | 0.0758 | 0.0500 | 0.0636   | 0.0409   | 865     | 0.0299  | 115.4 | PASS
PCA32+VecWeighted        | 0.0575 | 0.0433 | 0.0597 | 0.0500 | 0.0644   | 0.0411   | 865     | 0.0360  | 119.3 | PASS
StabilizedWhitenedCosine | 0.5795 | 0.0504 | 0.5718 | 0.0500 | 0.4827   | 0.0785   | 865     | 0.8561  | 109.2 | FAIL

[trial=32 seed=77] GLOBAL mode — total_samples=200000
  total: h0=82063 h1=15019
  pooled_train:  n0=1270 n1=1270
  pooled_calib:  n0=1240 n1=1240
  pooled_eval:   n0=1270 n1=1270
  regions (for macro stats only): 1103
[INFO] Cosine baseline routed to direct Hadamard sum (PrecomputedCosine)
[INFO] WeightedEnsemble Cosine judge routed to direct Hadamard sum
  [Ensemble] Judges routed to 'alt' input: PrecomputedCosine
[WeightedEnsemble] Fitted weights (alpha=0.0500, external calib):
  tau=0.7996, Pooled external calib: TPR=0.5823, FPR=0.0500
  PrecomputedCosine   : +0.2610
  PCAWhitenedCosine   : +0.2348
  XGBoost             : +0.2127
  Tiny MLP            : +0.2846
  LDA                 : +0.0070

Method                   | TPR    | FPR    | TrTPR  | TrFPR  | MacroTPR | MacroFPR | Regions | TauMean | ms    | OK? 
---------------------------------------------------------------------------------------------------------------------
Cosine                   | 0.4976 | 0.0567 | 0.4847 | 0.0500 | 0.4786   | 0.0887   | 862     | 0.9448  | 103.1 | FAIL
AndBox-HC                | 0.4646 | 0.0472 | 0.4589 | 0.0500 | 0.4372   | 0.0662   | 862     | 0.0000  | 61.9  | PASS
PCAWhitenedCosine        | 0.5213 | 0.0551 | 0.5371 | 0.0500 | 0.4318   | 0.0791   | 862     | 0.8730  | 98.8  | FAIL
Vec (Wgt)                | 0.5331 | 0.0606 | 0.5210 | 0.0500 | 0.5108   | 0.0932   | 862     | 0.9269  | 99.9  | FAIL
Log Reg                  | 0.2874 | 0.0638 | 0.2710 | 0.0500 | 0.2371   | 0.0867   | 862     | 0.5091  | 115.3 | FAIL
LDA                      | 0.5047 | 0.0520 | 0.4952 | 0.0500 | 0.4091   | 0.0736   | 862     | 3.4955  | 105.2 | FAIL
Tiny MLP                 | 0.5299 | 0.0654 | 0.5194 | 0.0500 | 0.4210   | 0.0951   | 862     | 0.8739  | 496.5 | FAIL
MultiProtoCosine         | 0.0961 | 0.0512 | 0.1032 | 0.0500 | 0.0653   | 0.0596   | 862     | 0.9250  | 119.2 | FAIL
WeightedEnsemble         | 0.5866 | 0.0535 | 0.5823 | 0.0500 | 0.4933   | 0.0773   | 862     | 0.7996  | 546.1 | FAIL
XGBoost                  | 0.5449 | 0.0583 | 0.5242 | 0.0500 | 0.5026   | 0.0840   | 862     | 0.6701  | 84.2  | FAIL
LDA1+LogReg              | 0.2874 | 0.0638 | 0.2718 | 0.0500 | 0.2371   | 0.0867   | 862     | 0.5091  | 108.2 | FAIL
PCA16+LogReg             | 0.2921 | 0.0622 | 0.2823 | 0.0500 | 0.2389   | 0.0851   | 862     | 0.5088  | 117.3 | FAIL
PCA32+LogReg             | 0.2890 | 0.0622 | 0.2734 | 0.0500 | 0.2383   | 0.0843   | 862     | 0.5088  | 120.3 | FAIL
PCA16+VecWeighted        | 0.1945 | 0.0646 | 0.1782 | 0.0500 | 0.1579   | 0.0745   | 862     | 0.0251  | 114.6 | FAIL
PCA32+VecWeighted        | 0.1866 | 0.0630 | 0.1976 | 0.0500 | 0.1593   | 0.0711   | 862     | 0.0285  | 116.7 | FAIL
StabilizedWhitenedCosine | 0.5331 | 0.0528 | 0.5419 | 0.0500 | 0.4496   | 0.0789   | 862     | 0.8214  | 105.3 | FAIL

[trial=33 seed=78] GLOBAL mode — total_samples=200000
  total: h0=82063 h1=15019
  pooled_train:  n0=1270 n1=1270
  pooled_calib:  n0=1240 n1=1240
  pooled_eval:   n0=1270 n1=1270
  regions (for macro stats only): 1103
[INFO] Cosine baseline routed to direct Hadamard sum (PrecomputedCosine)
[INFO] WeightedEnsemble Cosine judge routed to direct Hadamard sum
  [Ensemble] Judges routed to 'alt' input: PrecomputedCosine
[WeightedEnsemble] Fitted weights (alpha=0.0500, external calib):
  tau=1.0540, Pooled external calib: TPR=0.5597, FPR=0.0500
  PrecomputedCosine   : +0.1287
  PCAWhitenedCosine   : +0.3555
  XGBoost             : +0.1143
  Tiny MLP            : +0.2967
  LDA                 : +0.1048

Method                   | TPR    | FPR    | TrTPR  | TrFPR  | MacroTPR | MacroFPR | Regions | TauMean | ms    | OK? 
---------------------------------------------------------------------------------------------------------------------
Cosine                   | 0.4260 | 0.0409 | 0.4315 | 0.0500 | 0.3824   | 0.0574   | 861     | 0.9694  | 101.2 | PASS
AndBox-HC                | 0.3283 | 0.0425 | 0.3177 | 0.0500 | 0.2986   | 0.0536   | 861     | 0.0000  | 63.2  | PASS
PCAWhitenedCosine        | 0.4890 | 0.0362 | 0.4750 | 0.0500 | 0.3963   | 0.0517   | 861     | 1.0283  | 99.3  | PASS
Vec (Wgt)                | 0.4732 | 0.0480 | 0.4871 | 0.0500 | 0.4211   | 0.0718   | 861     | 0.9503  | 100.0 | PASS
Log Reg                  | 0.2346 | 0.0512 | 0.2347 | 0.0500 | 0.2095   | 0.0725   | 861     | 0.5108  | 114.2 | FAIL
LDA                      | 0.5559 | 0.0496 | 0.5331 | 0.0500 | 0.4425   | 0.0780   | 861     | 3.5092  | 105.2 | PASS
Tiny MLP                 | 0.5472 | 0.0496 | 0.5250 | 0.0500 | 0.4418   | 0.0771   | 861     | 0.8497  | 492.7 | PASS
MultiProtoCosine         | 0.0803 | 0.0504 | 0.0944 | 0.0500 | 0.0747   | 0.0652   | 861     | 0.9214  | 119.5 | FAIL
WeightedEnsemble         | 0.5795 | 0.0535 | 0.5597 | 0.0500 | 0.4692   | 0.0808   | 861     | 1.0540  | 548.6 | FAIL
XGBoost                  | 0.4535 | 0.0433 | 0.4548 | 0.0500 | 0.3884   | 0.0619   | 861     | 0.7261  | 86.0  | PASS
LDA1+LogReg              | 0.2362 | 0.0512 | 0.2355 | 0.0500 | 0.2108   | 0.0725   | 861     | 0.5107  | 112.1 | FAIL
PCA16+LogReg             | 0.2465 | 0.0551 | 0.2427 | 0.0500 | 0.2204   | 0.0776   | 861     | 0.5101  | 120.8 | FAIL
PCA32+LogReg             | 0.2425 | 0.0512 | 0.2444 | 0.0500 | 0.2164   | 0.0710   | 861     | 0.5103  | 123.8 | FAIL
PCA16+VecWeighted        | 0.1181 | 0.0425 | 0.1137 | 0.0500 | 0.0835   | 0.0518   | 861     | 0.0299  | 117.3 | PASS
PCA32+VecWeighted        | 0.0843 | 0.0457 | 0.0815 | 0.0500 | 0.0678   | 0.0554   | 861     | 0.0363  | 120.5 | PASS
StabilizedWhitenedCosine | 0.5244 | 0.0441 | 0.5218 | 0.0500 | 0.4420   | 0.0658   | 861     | 0.9146  | 110.6 | PASS

[trial=34 seed=79] GLOBAL mode — total_samples=200000
  total: h0=82063 h1=15019
  pooled_train:  n0=1270 n1=1270
  pooled_calib:  n0=1240 n1=1240
  pooled_eval:   n0=1270 n1=1270
  regions (for macro stats only): 1103
[INFO] Cosine baseline routed to direct Hadamard sum (PrecomputedCosine)
[INFO] WeightedEnsemble Cosine judge routed to direct Hadamard sum
  [Ensemble] Judges routed to 'alt' input: PrecomputedCosine
[WeightedEnsemble] Fitted weights (alpha=0.0500, external calib):
  tau=0.8672, Pooled external calib: TPR=0.5903, FPR=0.0500
  PrecomputedCosine   : +0.0477
  PCAWhitenedCosine   : +0.4884
  XGBoost             : +0.3290
  Tiny MLP            : +0.0838
  LDA                 : +0.0511

Method                   | TPR    | FPR    | TrTPR  | TrFPR  | MacroTPR | MacroFPR | Regions | TauMean | ms    | OK? 
---------------------------------------------------------------------------------------------------------------------
Cosine                   | 0.4496 | 0.0528 | 0.4379 | 0.0492 | 0.4214   | 0.0719   | 857     | 0.9642  | 103.1 | FAIL
AndBox-HC                | 0.4386 | 0.0575 | 0.4484 | 0.0500 | 0.4157   | 0.0786   | 857     | 0.0000  | 63.4  | FAIL
PCAWhitenedCosine        | 0.5488 | 0.0598 | 0.5589 | 0.0500 | 0.4622   | 0.0797   | 857     | 0.9264  | 100.7 | FAIL
Vec (Wgt)                | 0.5024 | 0.0559 | 0.4944 | 0.0500 | 0.4636   | 0.0767   | 857     | 0.9438  | 101.0 | FAIL
Log Reg                  | 0.2220 | 0.0480 | 0.2250 | 0.0500 | 0.2054   | 0.0603   | 857     | 0.5115  | 114.6 | PASS
LDA                      | 0.5583 | 0.0567 | 0.5371 | 0.0500 | 0.4658   | 0.0749   | 857     | 3.2746  | 105.8 | FAIL
Tiny MLP                 | 0.5559 | 0.0488 | 0.5347 | 0.0500 | 0.4683   | 0.0653   | 857     | 0.8604  | 500.4 | PASS
MultiProtoCosine         | 0.0638 | 0.0402 | 0.0806 | 0.0500 | 0.0628   | 0.0426   | 857     | 0.9246  | 120.4 | PASS
WeightedEnsemble         | 0.5969 | 0.0551 | 0.5903 | 0.0500 | 0.5031   | 0.0729   | 857     | 0.8672  | 553.2 | FAIL
XGBoost                  | 0.5315 | 0.0677 | 0.5024 | 0.0492 | 0.4809   | 0.0922   | 857     | 0.6890  | 81.7  | FAIL
LDA1+LogReg              | 0.2220 | 0.0480 | 0.2258 | 0.0500 | 0.2054   | 0.0603   | 857     | 0.5115  | 108.9 | PASS
PCA16+LogReg             | 0.2307 | 0.0520 | 0.2347 | 0.0500 | 0.2081   | 0.0657   | 857     | 0.5111  | 118.1 | FAIL
PCA32+LogReg             | 0.2307 | 0.0480 | 0.2331 | 0.0500 | 0.2091   | 0.0612   | 857     | 0.5111  | 120.1 | PASS
PCA16+VecWeighted        | 0.1772 | 0.0520 | 0.1855 | 0.0500 | 0.1601   | 0.0637   | 857     | 0.0269  | 114.8 | FAIL
PCA32+VecWeighted        | 0.1913 | 0.0606 | 0.1911 | 0.0500 | 0.1745   | 0.0677   | 857     | 0.0293  | 118.8 | FAIL
StabilizedWhitenedCosine | 0.5346 | 0.0465 | 0.5234 | 0.0500 | 0.4468   | 0.0667   | 857     | 1.0034  | 107.7 | PASS

[trial=35 seed=80] GLOBAL mode — total_samples=200000
  total: h0=82063 h1=15019
  pooled_train:  n0=1270 n1=1270
  pooled_calib:  n0=1240 n1=1240
  pooled_eval:   n0=1270 n1=1270
  regions (for macro stats only): 1103
[INFO] Cosine baseline routed to direct Hadamard sum (PrecomputedCosine)
[INFO] WeightedEnsemble Cosine judge routed to direct Hadamard sum
  [Ensemble] Judges routed to 'alt' input: PrecomputedCosine
[WeightedEnsemble] Fitted weights (alpha=0.0500, external calib):
  tau=1.4254, Pooled external calib: TPR=0.5387, FPR=0.0500
  PrecomputedCosine   : +0.3588
  PCAWhitenedCosine   : +0.3100
  XGBoost             : +0.1046
  Tiny MLP            : +0.0572
  LDA                 : +0.1694

Method                   | TPR    | FPR    | TrTPR  | TrFPR  | MacroTPR | MacroFPR | Regions | TauMean | ms    | OK? 
---------------------------------------------------------------------------------------------------------------------
Cosine                   | 0.4441 | 0.0417 | 0.4468 | 0.0500 | 0.3992   | 0.0618   | 871     | 0.9655  | 103.7 | PASS
AndBox-HC                | 0.4488 | 0.0528 | 0.4484 | 0.0500 | 0.4026   | 0.0768   | 871     | 0.0001  | 62.7  | FAIL
PCAWhitenedCosine        | 0.5008 | 0.0386 | 0.4968 | 0.0500 | 0.3969   | 0.0532   | 871     | 1.1242  | 99.9  | PASS
Vec (Wgt)                | 0.4724 | 0.0386 | 0.4629 | 0.0500 | 0.4116   | 0.0573   | 871     | 0.9559  | 100.6 | PASS
Log Reg                  | 0.2764 | 0.0457 | 0.2839 | 0.0500 | 0.2332   | 0.0627   | 871     | 0.5097  | 114.0 | PASS
LDA                      | 0.5307 | 0.0606 | 0.5089 | 0.0500 | 0.4337   | 0.0842   | 871     | 4.2039  | 106.0 | FAIL
Tiny MLP                 | 0.5094 | 0.0480 | 0.4895 | 0.0500 | 0.4150   | 0.0660   | 871     | 0.9214  | 496.9 | PASS
MultiProtoCosine         | 0.0748 | 0.0409 | 0.1008 | 0.0500 | 0.0589   | 0.0499   | 871     | 0.9227  | 120.0 | PASS
WeightedEnsemble         | 0.5543 | 0.0496 | 0.5387 | 0.0500 | 0.4558   | 0.0690   | 871     | 1.4254  | 550.5 | PASS
XGBoost                  | 0.4992 | 0.0441 | 0.4806 | 0.0492 | 0.4252   | 0.0676   | 871     | 0.7181  | 82.2  | PASS
LDA1+LogReg              | 0.2764 | 0.0441 | 0.2839 | 0.0500 | 0.2332   | 0.0606   | 871     | 0.5097  | 109.5 | PASS
PCA16+LogReg             | 0.2772 | 0.0433 | 0.2863 | 0.0500 | 0.2311   | 0.0604   | 871     | 0.5095  | 118.0 | PASS
PCA32+LogReg             | 0.2811 | 0.0457 | 0.2831 | 0.0500 | 0.2351   | 0.0641   | 871     | 0.5095  | 122.3 | PASS
PCA16+VecWeighted        | 0.0417 | 0.0559 | 0.0492 | 0.0500 | 0.0510   | 0.0597   | 871     | 0.0313  | 114.9 | FAIL
PCA32+VecWeighted        | 0.1047 | 0.0551 | 0.0871 | 0.0500 | 0.0977   | 0.0663   | 871     | 0.0342  | 117.9 | FAIL
StabilizedWhitenedCosine | 0.4717 | 0.0346 | 0.4476 | 0.0500 | 0.3685   | 0.0493   | 871     | 1.2057  | 107.5 | PASS

[trial=36 seed=81] GLOBAL mode — total_samples=200000
  total: h0=82063 h1=15019
  pooled_train:  n0=1270 n1=1270
  pooled_calib:  n0=1240 n1=1240
  pooled_eval:   n0=1270 n1=1270
  regions (for macro stats only): 1103
[INFO] Cosine baseline routed to direct Hadamard sum (PrecomputedCosine)
[INFO] WeightedEnsemble Cosine judge routed to direct Hadamard sum
  [Ensemble] Judges routed to 'alt' input: PrecomputedCosine
[WeightedEnsemble] Fitted weights (alpha=0.0500, external calib):
  tau=0.9355, Pooled external calib: TPR=0.5855, FPR=0.0500
  PrecomputedCosine   : +0.4323
  PCAWhitenedCosine   : +0.1110
  XGBoost             : +0.2003
  Tiny MLP            : +0.2025
  LDA                 : +0.0539

Method                   | TPR    | FPR    | TrTPR  | TrFPR  | MacroTPR | MacroFPR | Regions | TauMean | ms    | OK? 
---------------------------------------------------------------------------------------------------------------------
Cosine                   | 0.4969 | 0.0685 | 0.4734 | 0.0500 | 0.4525   | 0.0880   | 872     | 0.9454  | 103.0 | FAIL
AndBox-HC                | 0.4638 | 0.0638 | 0.4387 | 0.0500 | 0.4233   | 0.0804   | 872     | 0.0000  | 63.1  | FAIL
PCAWhitenedCosine        | 0.5764 | 0.0559 | 0.5565 | 0.0500 | 0.4542   | 0.0717   | 872     | 0.8820  | 99.5  | FAIL
Vec (Wgt)                | 0.5551 | 0.0709 | 0.5194 | 0.0500 | 0.5039   | 0.0946   | 872     | 0.9245  | 100.3 | FAIL
Log Reg                  | 0.2654 | 0.0528 | 0.2306 | 0.0500 | 0.2162   | 0.0678   | 872     | 0.5102  | 113.2 | FAIL
LDA                      | 0.5299 | 0.0441 | 0.5081 | 0.0500 | 0.4176   | 0.0614   | 872     | 3.5929  | 106.5 | PASS
Tiny MLP                 | 0.5551 | 0.0488 | 0.5339 | 0.0500 | 0.4388   | 0.0669   | 872     | 0.8725  | 588.1 | PASS
MultiProtoCosine         | 0.0984 | 0.0457 | 0.0927 | 0.0500 | 0.0780   | 0.0491   | 872     | 0.9240  | 118.2 | PASS
WeightedEnsemble         | 0.6047 | 0.0543 | 0.5855 | 0.0500 | 0.4904   | 0.0709   | 872     | 0.9355  | 636.2 | FAIL
XGBoost                  | 0.5354 | 0.0693 | 0.5048 | 0.0500 | 0.4548   | 0.0835   | 872     | 0.6921  | 83.1  | FAIL
LDA1+LogReg              | 0.2685 | 0.0535 | 0.2363 | 0.0500 | 0.2197   | 0.0683   | 872     | 0.5101  | 106.0 | FAIL
PCA16+LogReg             | 0.2756 | 0.0591 | 0.2403 | 0.0500 | 0.2263   | 0.0741   | 872     | 0.5098  | 115.2 | FAIL
PCA32+LogReg             | 0.2669 | 0.0551 | 0.2315 | 0.0500 | 0.2179   | 0.0694   | 872     | 0.5098  | 119.4 | FAIL
PCA16+VecWeighted        | 0.1268 | 0.0409 | 0.1194 | 0.0500 | 0.1206   | 0.0525   | 872     | 0.0310  | 113.3 | PASS
PCA32+VecWeighted        | 0.1693 | 0.0512 | 0.1347 | 0.0500 | 0.1424   | 0.0609   | 872     | 0.0328  | 116.4 | FAIL
StabilizedWhitenedCosine | 0.5906 | 0.0606 | 0.5637 | 0.0492 | 0.4811   | 0.0809   | 872     | 0.8404  | 107.3 | FAIL

[trial=37 seed=82] GLOBAL mode — total_samples=200000
  total: h0=82063 h1=15019
  pooled_train:  n0=1270 n1=1270
  pooled_calib:  n0=1240 n1=1240
  pooled_eval:   n0=1270 n1=1270
  regions (for macro stats only): 1103
[INFO] Cosine baseline routed to direct Hadamard sum (PrecomputedCosine)
[INFO] WeightedEnsemble Cosine judge routed to direct Hadamard sum
  [Ensemble] Judges routed to 'alt' input: PrecomputedCosine
[WeightedEnsemble] Fitted weights (alpha=0.0500, external calib):
  tau=0.8596, Pooled external calib: TPR=0.5823, FPR=0.0500
  PrecomputedCosine   : +0.4364
  PCAWhitenedCosine   : +0.0571
  XGBoost             : +0.1048
  Tiny MLP            : +0.3819
  LDA                 : +0.0199

Method                   | TPR    | FPR    | TrTPR  | TrFPR  | MacroTPR | MacroFPR | Regions | TauMean | ms    | OK? 
---------------------------------------------------------------------------------------------------------------------
Cosine                   | 0.4787 | 0.0520 | 0.4621 | 0.0500 | 0.4536   | 0.0735   | 866     | 0.9527  | 102.4 | FAIL
AndBox-HC                | 0.4276 | 0.0543 | 0.4194 | 0.0500 | 0.4169   | 0.0761   | 866     | 0.0000  | 60.9  | FAIL
PCAWhitenedCosine        | 0.5157 | 0.0378 | 0.4887 | 0.0500 | 0.4109   | 0.0611   | 866     | 0.9683  | 98.8  | PASS
Vec (Wgt)                | 0.5165 | 0.0567 | 0.5169 | 0.0500 | 0.4850   | 0.0872   | 866     | 0.9347  | 98.9  | FAIL
Log Reg                  | 0.2669 | 0.0630 | 0.2621 | 0.0500 | 0.2380   | 0.0864   | 866     | 0.5096  | 115.0 | FAIL
LDA                      | 0.5165 | 0.0409 | 0.5040 | 0.0500 | 0.4075   | 0.0580   | 866     | 3.4639  | 104.3 | PASS
Tiny MLP                 | 0.5559 | 0.0354 | 0.5419 | 0.0500 | 0.4349   | 0.0505   | 866     | 0.8316  | 488.5 | PASS
MultiProtoCosine         | 0.0669 | 0.0567 | 0.0726 | 0.0500 | 0.0632   | 0.0598   | 866     | 0.9238  | 114.9 | FAIL
WeightedEnsemble         | 0.5937 | 0.0457 | 0.5823 | 0.0500 | 0.4980   | 0.0672   | 866     | 0.8596  | 539.7 | PASS
XGBoost                  | 0.5213 | 0.0567 | 0.5121 | 0.0500 | 0.4779   | 0.0818   | 866     | 0.6702  | 80.5  | FAIL
LDA1+LogReg              | 0.2717 | 0.0630 | 0.2694 | 0.0500 | 0.2402   | 0.0864   | 866     | 0.5096  | 105.2 | FAIL
PCA16+LogReg             | 0.2685 | 0.0630 | 0.2597 | 0.0500 | 0.2430   | 0.0869   | 866     | 0.5092  | 113.2 | FAIL
PCA32+LogReg             | 0.2858 | 0.0654 | 0.2806 | 0.0500 | 0.2581   | 0.0895   | 866     | 0.5089  | 116.6 | FAIL
PCA16+VecWeighted        | 0.0661 | 0.0512 | 0.0484 | 0.0500 | 0.0667   | 0.0478   | 866     | 0.0290  | 111.6 | FAIL
PCA32+VecWeighted        | 0.0717 | 0.0528 | 0.0750 | 0.0500 | 0.0612   | 0.0484   | 866     | 0.0350  | 114.3 | FAIL
StabilizedWhitenedCosine | 0.5354 | 0.0386 | 0.5258 | 0.0500 | 0.4427   | 0.0608   | 866     | 0.8644  | 106.9 | PASS

[trial=38 seed=83] GLOBAL mode — total_samples=200000
  total: h0=82063 h1=15019
  pooled_train:  n0=1270 n1=1270
  pooled_calib:  n0=1240 n1=1240
  pooled_eval:   n0=1270 n1=1270
  regions (for macro stats only): 1103
[INFO] Cosine baseline routed to direct Hadamard sum (PrecomputedCosine)
[INFO] WeightedEnsemble Cosine judge routed to direct Hadamard sum
  [Ensemble] Judges routed to 'alt' input: PrecomputedCosine
[WeightedEnsemble] Fitted weights (alpha=0.0500, external calib):
  tau=0.8631, Pooled external calib: TPR=0.6073, FPR=0.0500
  PrecomputedCosine   : +0.4364
  PCAWhitenedCosine   : +0.0571
  XGBoost             : +0.1048
  Tiny MLP            : +0.3819
  LDA                 : +0.0199

Method                   | TPR    | FPR    | TrTPR  | TrFPR  | MacroTPR | MacroFPR | Regions | TauMean | ms    | OK? 
---------------------------------------------------------------------------------------------------------------------
Cosine                   | 0.4787 | 0.0449 | 0.4710 | 0.0500 | 0.4304   | 0.0678   | 859     | 0.9569  | 100.5 | PASS
AndBox-HC                | 0.3780 | 0.0488 | 0.3895 | 0.0500 | 0.3416   | 0.0689   | 859     | 0.0000  | 61.5  | PASS
PCAWhitenedCosine        | 0.5583 | 0.0583 | 0.5573 | 0.0500 | 0.4695   | 0.0807   | 859     | 0.8283  | 98.0  | FAIL
Vec (Wgt)                | 0.5071 | 0.0433 | 0.5065 | 0.0500 | 0.4520   | 0.0661   | 859     | 0.9390  | 98.3  | PASS
Log Reg                  | 0.2575 | 0.0378 | 0.2137 | 0.0500 | 0.2126   | 0.0591   | 859     | 0.5114  | 111.5 | PASS
LDA                      | 0.5630 | 0.0488 | 0.5613 | 0.0484 | 0.4738   | 0.0648   | 859     | 3.1087  | 104.2 | PASS
Tiny MLP                 | 0.5512 | 0.0567 | 0.5524 | 0.0492 | 0.4709   | 0.0815   | 859     | 0.8755  | 577.8 | FAIL
MultiProtoCosine         | 0.0937 | 0.0441 | 0.0863 | 0.0500 | 0.0729   | 0.0497   | 859     | 0.9251  | 115.4 | PASS
WeightedEnsemble         | 0.6024 | 0.0598 | 0.6073 | 0.0500 | 0.5222   | 0.0877   | 859     | 0.8631  | 633.4 | FAIL
XGBoost                  | 0.5024 | 0.0449 | 0.5137 | 0.0500 | 0.4409   | 0.0671   | 859     | 0.6916  | 81.2  | PASS
LDA1+LogReg              | 0.2583 | 0.0386 | 0.2153 | 0.0500 | 0.2129   | 0.0608   | 859     | 0.5114  | 104.5 | PASS
PCA16+LogReg             | 0.2472 | 0.0386 | 0.2137 | 0.0500 | 0.2055   | 0.0582   | 859     | 0.5113  | 113.8 | PASS
PCA32+LogReg             | 0.2583 | 0.0370 | 0.2177 | 0.0500 | 0.2138   | 0.0574   | 859     | 0.5110  | 116.5 | PASS
PCA16+VecWeighted        | 0.0843 | 0.0417 | 0.0774 | 0.0500 | 0.0678   | 0.0435   | 859     | 0.0273  | 110.9 | PASS
PCA32+VecWeighted        | 0.1087 | 0.0559 | 0.1024 | 0.0500 | 0.0895   | 0.0697   | 859     | 0.0316  | 114.2 | FAIL
StabilizedWhitenedCosine | 0.5921 | 0.0685 | 0.6137 | 0.0500 | 0.5092   | 0.0957   | 859     | 0.7001  | 106.9 | FAIL

[trial=39 seed=84] GLOBAL mode — total_samples=200000
  total: h0=82063 h1=15019
  pooled_train:  n0=1270 n1=1270
  pooled_calib:  n0=1240 n1=1240
  pooled_eval:   n0=1270 n1=1270
  regions (for macro stats only): 1103
[INFO] Cosine baseline routed to direct Hadamard sum (PrecomputedCosine)
[INFO] WeightedEnsemble Cosine judge routed to direct Hadamard sum
  [Ensemble] Judges routed to 'alt' input: PrecomputedCosine
[WeightedEnsemble] Fitted weights (alpha=0.0500, external calib):
  tau=0.7984, Pooled external calib: TPR=0.5387, FPR=0.0500
  PrecomputedCosine   : +0.1369
  PCAWhitenedCosine   : +0.3322
  XGBoost             : +0.4468
  Tiny MLP            : +0.0732
  LDA                 : +0.0110

Method                   | TPR    | FPR    | TrTPR  | TrFPR  | MacroTPR | MacroFPR | Regions | TauMean | ms    | OK? 
---------------------------------------------------------------------------------------------------------------------
Cosine                   | 0.5047 | 0.0535 | 0.4806 | 0.0500 | 0.4681   | 0.0729   | 866     | 0.9487  | 104.2 | FAIL
AndBox-HC                | 0.4087 | 0.0512 | 0.3758 | 0.0500 | 0.3847   | 0.0684   | 866     | 0.0000  | 63.8  | FAIL
PCAWhitenedCosine        | 0.5535 | 0.0433 | 0.5081 | 0.0500 | 0.4584   | 0.0608   | 866     | 0.9216  | 100.1 | PASS
Vec (Wgt)                | 0.5157 | 0.0465 | 0.5008 | 0.0500 | 0.4769   | 0.0677   | 866     | 0.9408  | 100.4 | PASS
Log Reg                  | 0.2480 | 0.0433 | 0.2540 | 0.0500 | 0.2098   | 0.0627   | 866     | 0.5105  | 113.2 | PASS
LDA                      | 0.5150 | 0.0528 | 0.4774 | 0.0500 | 0.4103   | 0.0716   | 866     | 3.8303  | 105.1 | FAIL
Tiny MLP                 | 0.4803 | 0.0543 | 0.4637 | 0.0500 | 0.4033   | 0.0729   | 866     | 0.9212  | 587.1 | FAIL
MultiProtoCosine         | 0.0638 | 0.0394 | 0.0653 | 0.0500 | 0.0489   | 0.0445   | 866     | 0.9242  | 120.0 | PASS
WeightedEnsemble         | 0.5764 | 0.0480 | 0.5387 | 0.0500 | 0.4851   | 0.0686   | 866     | 0.7984  | 639.2 | PASS
XGBoost                  | 0.5378 | 0.0551 | 0.5065 | 0.0500 | 0.4902   | 0.0761   | 866     | 0.6828  | 82.3  | FAIL
LDA1+LogReg              | 0.2488 | 0.0417 | 0.2556 | 0.0500 | 0.2107   | 0.0610   | 866     | 0.5106  | 107.5 | PASS
PCA16+LogReg             | 0.2614 | 0.0457 | 0.2710 | 0.0500 | 0.2216   | 0.0653   | 866     | 0.5100  | 117.1 | PASS
PCA32+LogReg             | 0.2654 | 0.0441 | 0.2694 | 0.0500 | 0.2271   | 0.0638   | 866     | 0.5100  | 120.1 | PASS
PCA16+VecWeighted        | 0.1346 | 0.0457 | 0.1218 | 0.0500 | 0.1186   | 0.0532   | 866     | 0.0283  | 115.0 | PASS
PCA32+VecWeighted        | 0.1276 | 0.0378 | 0.1153 | 0.0500 | 0.1030   | 0.0421   | 866     | 0.0331  | 118.0 | PASS
StabilizedWhitenedCosine | 0.5236 | 0.0441 | 0.5000 | 0.0500 | 0.4346   | 0.0614   | 866     | 0.9629  | 107.9 | PASS

[trial=40 seed=85] GLOBAL mode — total_samples=200000
  total: h0=82063 h1=15019
  pooled_train:  n0=1270 n1=1270
  pooled_calib:  n0=1240 n1=1240
  pooled_eval:   n0=1270 n1=1270
  regions (for macro stats only): 1103
[INFO] Cosine baseline routed to direct Hadamard sum (PrecomputedCosine)
[INFO] WeightedEnsemble Cosine judge routed to direct Hadamard sum
  [Ensemble] Judges routed to 'alt' input: PrecomputedCosine
[WeightedEnsemble] Fitted weights (alpha=0.0500, external calib):
  tau=0.7438, Pooled external calib: TPR=0.6113, FPR=0.0500
  PrecomputedCosine   : +0.1369
  PCAWhitenedCosine   : +0.3322
  XGBoost             : +0.4468
  Tiny MLP            : +0.0732
  LDA                 : +0.0110

Method                   | TPR    | FPR    | TrTPR  | TrFPR  | MacroTPR | MacroFPR | Regions | TauMean | ms    | OK? 
---------------------------------------------------------------------------------------------------------------------
Cosine                   | 0.4898 | 0.0543 | 0.4895 | 0.0500 | 0.4212   | 0.0768   | 849     | 0.9526  | 104.1 | FAIL
AndBox-HC                | 0.4150 | 0.0654 | 0.4371 | 0.0500 | 0.3771   | 0.0881   | 849     | -0.0000 | 70.7  | FAIL
PCAWhitenedCosine        | 0.5882 | 0.0654 | 0.5895 | 0.0500 | 0.4901   | 0.0895   | 849     | 0.8037  | 97.2  | FAIL
Vec (Wgt)                | 0.5087 | 0.0496 | 0.5202 | 0.0500 | 0.4351   | 0.0720   | 849     | 0.9413  | 98.5  | PASS
Log Reg                  | 0.2441 | 0.0417 | 0.2339 | 0.0500 | 0.1953   | 0.0585   | 849     | 0.5101  | 111.8 | PASS
LDA                      | 0.5575 | 0.0535 | 0.5605 | 0.0500 | 0.4490   | 0.0761   | 849     | 2.9649  | 103.0 | FAIL
Tiny MLP                 | 0.5827 | 0.0551 | 0.5895 | 0.0500 | 0.4682   | 0.0759   | 849     | 0.8149  | 491.0 | FAIL
MultiProtoCosine         | 0.0787 | 0.0512 | 0.1073 | 0.0500 | 0.0714   | 0.0620   | 849     | 0.9243  | 117.8 | FAIL
WeightedEnsemble         | 0.6252 | 0.0567 | 0.6113 | 0.0500 | 0.5236   | 0.0817   | 849     | 0.7438  | 538.0 | FAIL
XGBoost                  | 0.5315 | 0.0606 | 0.5371 | 0.0500 | 0.4511   | 0.0827   | 849     | 0.6790  | 81.8  | FAIL
LDA1+LogReg              | 0.2496 | 0.0417 | 0.2363 | 0.0500 | 0.1972   | 0.0585   | 849     | 0.5101  | 104.8 | PASS
PCA16+LogReg             | 0.2543 | 0.0409 | 0.2427 | 0.0500 | 0.1990   | 0.0576   | 849     | 0.5096  | 114.0 | PASS
PCA32+LogReg             | 0.2559 | 0.0402 | 0.2460 | 0.0500 | 0.2016   | 0.0558   | 849     | 0.5096  | 118.1 | PASS
PCA16+VecWeighted        | 0.0512 | 0.0472 | 0.0605 | 0.0500 | 0.0564   | 0.0588   | 849     | 0.0323  | 111.8 | PASS
PCA32+VecWeighted        | 0.0535 | 0.0543 | 0.0556 | 0.0500 | 0.0583   | 0.0575   | 849     | 0.0359  | 115.1 | FAIL
StabilizedWhitenedCosine | 0.5724 | 0.0591 | 0.5685 | 0.0500 | 0.4791   | 0.0843   | 849     | 0.7863  | 105.8 | FAIL

[trial=41 seed=86] GLOBAL mode — total_samples=200000
  total: h0=82063 h1=15019
  pooled_train:  n0=1270 n1=1270
  pooled_calib:  n0=1240 n1=1240
  pooled_eval:   n0=1270 n1=1270
  regions (for macro stats only): 1103
[INFO] Cosine baseline routed to direct Hadamard sum (PrecomputedCosine)
[INFO] WeightedEnsemble Cosine judge routed to direct Hadamard sum
  [Ensemble] Judges routed to 'alt' input: PrecomputedCosine
[WeightedEnsemble] Fitted weights (alpha=0.0500, external calib):
  tau=1.0297, Pooled external calib: TPR=0.5629, FPR=0.0500
  PrecomputedCosine   : +0.6579
  PCAWhitenedCosine   : +0.1446
  XGBoost             : +0.0673
  Tiny MLP            : +0.0713
  LDA                 : +0.0589

Method                   | TPR    | FPR    | TrTPR  | TrFPR  | MacroTPR | MacroFPR | Regions | TauMean | ms    | OK? 
---------------------------------------------------------------------------------------------------------------------
Cosine                   | 0.4528 | 0.0457 | 0.4935 | 0.0500 | 0.4109   | 0.0678   | 852     | 0.9604  | 103.2 | PASS
AndBox-HC                | 0.4031 | 0.0425 | 0.4185 | 0.0500 | 0.3619   | 0.0626   | 852     | 0.0001  | 68.1  | PASS
PCAWhitenedCosine        | 0.4992 | 0.0472 | 0.5185 | 0.0500 | 0.4270   | 0.0707   | 852     | 0.9554  | 99.3  | PASS
Vec (Wgt)                | 0.5063 | 0.0457 | 0.5226 | 0.0500 | 0.4604   | 0.0742   | 852     | 0.9428  | 99.1  | PASS
Log Reg                  | 0.2638 | 0.0480 | 0.2694 | 0.0500 | 0.2207   | 0.0640   | 852     | 0.5099  | 112.3 | PASS
LDA                      | 0.4717 | 0.0354 | 0.4758 | 0.0500 | 0.3828   | 0.0531   | 852     | 3.8946  | 104.2 | PASS
Tiny MLP                 | 0.4787 | 0.0433 | 0.4968 | 0.0500 | 0.3939   | 0.0629   | 852     | 0.8812  | 499.5 | PASS
MultiProtoCosine         | 0.0795 | 0.0441 | 0.0734 | 0.0500 | 0.0715   | 0.0534   | 852     | 0.9241  | 119.8 | PASS
WeightedEnsemble         | 0.5417 | 0.0433 | 0.5629 | 0.0500 | 0.4584   | 0.0650   | 852     | 1.0297  | 546.5 | PASS
XGBoost                  | 0.4850 | 0.0433 | 0.5177 | 0.0500 | 0.4284   | 0.0678   | 852     | 0.7099  | 81.7  | PASS
LDA1+LogReg              | 0.2654 | 0.0480 | 0.2702 | 0.0500 | 0.2231   | 0.0640   | 852     | 0.5099  | 108.4 | PASS
PCA16+LogReg             | 0.2472 | 0.0449 | 0.2629 | 0.0500 | 0.2080   | 0.0645   | 852     | 0.5101  | 116.7 | PASS
PCA32+LogReg             | 0.2654 | 0.0496 | 0.2702 | 0.0500 | 0.2219   | 0.0664   | 852     | 0.5095  | 120.5 | PASS
PCA16+VecWeighted        | 0.2126 | 0.0394 | 0.1960 | 0.0492 | 0.1723   | 0.0532   | 852     | 0.0261  | 115.0 | PASS
PCA32+VecWeighted        | 0.1866 | 0.0480 | 0.1935 | 0.0500 | 0.1395   | 0.0555   | 852     | 0.0311  | 118.2 | PASS
StabilizedWhitenedCosine | 0.5228 | 0.0559 | 0.5363 | 0.0500 | 0.4424   | 0.0824   | 852     | 0.8826  | 106.9 | FAIL

[trial=42 seed=87] GLOBAL mode — total_samples=200000
  total: h0=82063 h1=15019
  pooled_train:  n0=1270 n1=1270
  pooled_calib:  n0=1240 n1=1240
  pooled_eval:   n0=1270 n1=1270
  regions (for macro stats only): 1103
[INFO] Cosine baseline routed to direct Hadamard sum (PrecomputedCosine)
[INFO] WeightedEnsemble Cosine judge routed to direct Hadamard sum
  [Ensemble] Judges routed to 'alt' input: PrecomputedCosine
[WeightedEnsemble] Fitted weights (alpha=0.0500, external calib):
  tau=0.9563, Pooled external calib: TPR=0.6056, FPR=0.0500
  PrecomputedCosine   : +0.1298
  PCAWhitenedCosine   : +0.1391
  XGBoost             : +0.2872
  Tiny MLP            : +0.3596
  LDA                 : +0.0844

Method                   | TPR    | FPR    | TrTPR  | TrFPR  | MacroTPR | MacroFPR | Regions | TauMean | ms    | OK? 
---------------------------------------------------------------------------------------------------------------------
Cosine                   | 0.5039 | 0.0606 | 0.5177 | 0.0500 | 0.4715   | 0.0835   | 857     | 0.9388  | 103.5 | FAIL
AndBox-HC                | 0.4220 | 0.0504 | 0.4210 | 0.0500 | 0.3843   | 0.0701   | 857     | 0.0000  | 63.2  | FAIL
PCAWhitenedCosine        | 0.5409 | 0.0520 | 0.5637 | 0.0500 | 0.4422   | 0.0764   | 857     | 0.8891  | 100.7 | FAIL
Vec (Wgt)                | 0.5189 | 0.0567 | 0.5347 | 0.0500 | 0.4746   | 0.0859   | 857     | 0.9305  | 101.2 | FAIL
Log Reg                  | 0.2512 | 0.0535 | 0.2484 | 0.0500 | 0.2215   | 0.0744   | 857     | 0.5111  | 114.6 | FAIL
LDA                      | 0.5528 | 0.0543 | 0.5371 | 0.0500 | 0.4523   | 0.0822   | 857     | 3.4388  | 105.7 | FAIL
Tiny MLP                 | 0.5583 | 0.0606 | 0.5685 | 0.0500 | 0.4766   | 0.0929   | 857     | 0.8802  | 494.3 | FAIL
MultiProtoCosine         | 0.1110 | 0.0630 | 0.1073 | 0.0500 | 0.0857   | 0.0634   | 857     | 0.9204  | 120.0 | FAIL
WeightedEnsemble         | 0.5969 | 0.0598 | 0.6056 | 0.0500 | 0.5017   | 0.0875   | 857     | 0.9563  | 553.6 | FAIL
XGBoost                  | 0.5150 | 0.0504 | 0.5185 | 0.0500 | 0.4624   | 0.0744   | 857     | 0.6813  | 83.4  | FAIL
LDA1+LogReg              | 0.2575 | 0.0543 | 0.2565 | 0.0500 | 0.2270   | 0.0746   | 857     | 0.5111  | 110.1 | FAIL
PCA16+LogReg             | 0.2575 | 0.0551 | 0.2605 | 0.0500 | 0.2294   | 0.0753   | 857     | 0.5106  | 118.0 | FAIL
PCA32+LogReg             | 0.2677 | 0.0543 | 0.2718 | 0.0500 | 0.2355   | 0.0740   | 857     | 0.5106  | 121.9 | FAIL
PCA16+VecWeighted        | 0.0992 | 0.0614 | 0.0863 | 0.0500 | 0.0897   | 0.0657   | 857     | 0.0272  | 116.2 | FAIL
PCA32+VecWeighted        | 0.0929 | 0.0488 | 0.0863 | 0.0500 | 0.0830   | 0.0504   | 857     | 0.0338  | 118.8 | PASS
StabilizedWhitenedCosine | 0.5465 | 0.0543 | 0.5605 | 0.0500 | 0.4439   | 0.0776   | 857     | 0.8532  | 111.2 | FAIL

[trial=43 seed=88] GLOBAL mode — total_samples=200000
  total: h0=82063 h1=15019
  pooled_train:  n0=1270 n1=1270
  pooled_calib:  n0=1240 n1=1240
  pooled_eval:   n0=1270 n1=1270
  regions (for macro stats only): 1103
[INFO] Cosine baseline routed to direct Hadamard sum (PrecomputedCosine)
[INFO] WeightedEnsemble Cosine judge routed to direct Hadamard sum
  [Ensemble] Judges routed to 'alt' input: PrecomputedCosine
[WeightedEnsemble] Fitted weights (alpha=0.0500, external calib):
  tau=0.9674, Pooled external calib: TPR=0.5960, FPR=0.0500
  PrecomputedCosine   : +0.6579
  PCAWhitenedCosine   : +0.1446
  XGBoost             : +0.0673
  Tiny MLP            : +0.0713
  LDA                 : +0.0589

Method                   | TPR    | FPR    | TrTPR  | TrFPR  | MacroTPR | MacroFPR | Regions | TauMean | ms    | OK? 
---------------------------------------------------------------------------------------------------------------------
Cosine                   | 0.4969 | 0.0433 | 0.4887 | 0.0500 | 0.4547   | 0.0724   | 866     | 0.9477  | 104.0 | PASS
AndBox-HC                | 0.4693 | 0.0465 | 0.4573 | 0.0500 | 0.4232   | 0.0745   | 866     | 0.0000  | 67.7  | PASS