<frozen runpy>:128: RuntimeWarning: 'NeighborCache.region_local_threshold.cli' found in sys.modules after import of package 'NeighborCache.region_local_threshold', but prior to execution of 'NeighborCache.region_local_threshold.cli'; this may result in unpredictable behaviour
[INFO] Using features key='emb' dim=1024
[INFO] Applied Hadamard preprocessing (strategy=centroid_nearest, use_delta_vec=False, use_abs_diff=False) to X_main

=== Region Threshold Benchmark ===
dataset_npz=NeighborCache/data/h1h0_final.npz
region_key=global_cluster (resolved=global_cluster, unique=1103)
features=emb+hadamard rows=200000 dim=1024
text_pairs=text+region_anchor[centroid_nearest]
alpha=0.05 tie_mode=ge trials=50 base_seed=43
tau_mode=global
hadamard_preprocess=True
abs_diff_only_preprocess=False
use_delta_vec=False
use_abs_diff=False
normalize_data=False
filter_policy=none
train_cosine_policy_active=False
caps: train=1270 calib=250 eval=1270
mins: min_h0_eval=20 min_h1_eval=20
run_dir=/home/malmatal/Projects/Multi_Dim_Threshold/NeighborCache/outputs/region_local_threshold/run_20260508_000519

[trial=0 seed=43] GLOBAL mode — total_samples=200000
  total: h0=82063 h1=15019
  pooled_train:  n0=1270 n1=1270
  pooled_calib:  n0=250 n1=250
  pooled_eval:   n0=1270 n1=1270
  regions (for macro stats only): 1103
[INFO] Cosine baseline routed to direct Hadamard sum (PrecomputedCosine)
[INFO] WeightedEnsemble Cosine judge routed to direct Hadamard sum
  [Ensemble] Judges routed to 'alt' input: PrecomputedCosine
[WeightedEnsemble] Fitted weights (alpha=0.0500, external calib):
  tau=1.0428, Pooled external calib: TPR=0.5720, FPR=0.0480
  PrecomputedCosine   : +0.0652
  PCAWhitenedCosine   : +0.4878
  XGBoost             : +0.2661
  Tiny MLP            : +0.0535
  LDA                 : +0.1273

Method                   | TPR    | FPR    | TrTPR  | TrFPR  | MacroTPR | MacroFPR | Regions | TauMean | ms    | OK? 
---------------------------------------------------------------------------------------------------------------------
Cosine                   | 0.4811 | 0.0528 | 0.4400 | 0.0480 | 0.4301   | 0.0797   | 857     | 0.9576  | 284.3 | FAIL
AndBox-HC                | 0.3646 | 0.0394 | 0.3200 | 0.0480 | 0.3083   | 0.0548   | 857     | 0.0001  | 60.2  | PASS
PCAWhitenedCosine        | 0.4701 | 0.0386 | 0.5000 | 0.0480 | 0.3709   | 0.0576   | 857     | 1.1057  | 94.0  | PASS
Vec (Wgt)                | 0.5268 | 0.0575 | 0.5120 | 0.0480 | 0.4729   | 0.0887   | 857     | 0.9304  | 94.3  | FAIL
Log Reg                  | 0.1921 | 0.0409 | 0.2320 | 0.0480 | 0.1755   | 0.0591   | 857     | 0.5136  | 103.3 | PASS
LDA                      | 0.4961 | 0.0370 | 0.4560 | 0.0480 | 0.3872   | 0.0537   | 857     | 3.9108  | 98.1  | PASS
Tiny MLP                 | 0.5323 | 0.0457 | 0.5200 | 0.0480 | 0.4257   | 0.0630   | 857     | 0.8644  | 305.4 | PASS
MultiProtoCosine         | 0.0606 | 0.0268 | 0.0640 | 0.0480 | 0.0475   | 0.0282   | 857     | 0.9284  | 104.8 | PASS
WeightedEnsemble         | 0.5732 | 0.0535 | 0.5720 | 0.0480 | 0.4667   | 0.0770   | 857     | 1.0428  | 339.2 | FAIL
XGBoost                  | 0.5441 | 0.0520 | 0.5040 | 0.0480 | 0.4788   | 0.0779   | 857     | 0.6733  | 71.7  | FAIL
LDA1+LogReg              | 0.1921 | 0.0409 | 0.2320 | 0.0480 | 0.1755   | 0.0591   | 857     | 0.5135  | 99.6  | PASS
PCA16+LogReg             | 0.1772 | 0.0386 | 0.2120 | 0.0480 | 0.1614   | 0.0563   | 857     | 0.5135  | 104.5 | PASS
PCA32+LogReg             | 0.1898 | 0.0402 | 0.2240 | 0.0480 | 0.1743   | 0.0589   | 857     | 0.5131  | 106.2 | PASS
PCA16+VecWeighted        | 0.1008 | 0.0315 | 0.0960 | 0.0480 | 0.0986   | 0.0404   | 857     | 0.0279  | 102.5 | PASS
PCA32+VecWeighted        | 0.1496 | 0.0370 | 0.1480 | 0.0480 | 0.1400   | 0.0480   | 857     | 0.0268  | 104.4 | PASS
StabilizedWhitenedCosine | 0.4803 | 0.0339 | 0.4960 | 0.0480 | 0.3920   | 0.0523   | 857     | 1.0429  | 98.4  | PASS

[trial=1 seed=44] GLOBAL mode — total_samples=200000
  total: h0=82063 h1=15019
  pooled_train:  n0=1270 n1=1270
  pooled_calib:  n0=250 n1=250
  pooled_eval:   n0=1270 n1=1270
  regions (for macro stats only): 1103
[INFO] Cosine baseline routed to direct Hadamard sum (PrecomputedCosine)
[INFO] WeightedEnsemble Cosine judge routed to direct Hadamard sum
  [Ensemble] Judges routed to 'alt' input: PrecomputedCosine
[WeightedEnsemble] Fitted weights (alpha=0.0500, external calib):
  tau=1.5398, Pooled external calib: TPR=0.5160, FPR=0.0480
  PrecomputedCosine   : +0.1058
  PCAWhitenedCosine   : +0.0804
  XGBoost             : +0.3319
  Tiny MLP            : +0.2065
  LDA                 : +0.2754

Method                   | TPR    | FPR    | TrTPR  | TrFPR  | MacroTPR | MacroFPR | Regions | TauMean | ms    | OK? 
---------------------------------------------------------------------------------------------------------------------
Cosine                   | 0.4173 | 0.0402 | 0.4040 | 0.0480 | 0.3821   | 0.0598   | 864     | 0.9772  | 101.9 | PASS
AndBox-HC                | 0.3976 | 0.0386 | 0.4160 | 0.0480 | 0.3676   | 0.0593   | 864     | 0.0000  | 58.5  | PASS
PCAWhitenedCosine        | 0.4457 | 0.0331 | 0.3800 | 0.0480 | 0.3333   | 0.0520   | 864     | 1.1760  | 95.4  | PASS
Vec (Wgt)                | 0.4386 | 0.0323 | 0.4400 | 0.0480 | 0.3855   | 0.0514   | 864     | 0.9687  | 95.6  | PASS
Log Reg                  | 0.1984 | 0.0315 | 0.1480 | 0.0480 | 0.1813   | 0.0496   | 864     | 0.5132  | 104.5 | PASS
LDA                      | 0.4591 | 0.0362 | 0.4440 | 0.0480 | 0.3633   | 0.0532   | 864     | 3.9320  | 98.5  | PASS
Tiny MLP                 | 0.4039 | 0.0236 | 0.3760 | 0.0480 | 0.3059   | 0.0366   | 864     | 0.9047  | 306.0 | PASS
MultiProtoCosine         | 0.0669 | 0.0315 | 0.0440 | 0.0480 | 0.0501   | 0.0354   | 864     | 0.9257  | 107.2 | PASS
WeightedEnsemble         | 0.5181 | 0.0417 | 0.5160 | 0.0480 | 0.4083   | 0.0602   | 864     | 1.5398  | 339.0 | PASS
XGBoost                  | 0.4976 | 0.0496 | 0.4880 | 0.0480 | 0.4316   | 0.0772   | 864     | 0.7035  | 71.7  | PASS
LDA1+LogReg              | 0.1984 | 0.0307 | 0.1480 | 0.0480 | 0.1813   | 0.0487   | 864     | 0.5133  | 102.4 | PASS
PCA16+LogReg             | 0.2055 | 0.0315 | 0.1480 | 0.0480 | 0.1871   | 0.0491   | 864     | 0.5127  | 106.6 | PASS
PCA32+LogReg             | 0.2008 | 0.0291 | 0.1480 | 0.0480 | 0.1835   | 0.0462   | 864     | 0.5129  | 108.3 | PASS
PCA16+VecWeighted        | 0.0693 | 0.0220 | 0.0680 | 0.0480 | 0.0662   | 0.0315   | 864     | 0.0322  | 104.1 | PASS
PCA32+VecWeighted        | 0.0488 | 0.0276 | 0.0520 | 0.0480 | 0.0506   | 0.0322   | 864     | 0.0386  | 105.1 | PASS
StabilizedWhitenedCosine | 0.4559 | 0.0346 | 0.4240 | 0.0480 | 0.3499   | 0.0551   | 864     | 1.0501  | 100.2 | PASS

[trial=2 seed=45] GLOBAL mode — total_samples=200000
  total: h0=82063 h1=15019
  pooled_train:  n0=1270 n1=1270
  pooled_calib:  n0=250 n1=250
  pooled_eval:   n0=1270 n1=1270
  regions (for macro stats only): 1103
[INFO] Cosine baseline routed to direct Hadamard sum (PrecomputedCosine)
[INFO] WeightedEnsemble Cosine judge routed to direct Hadamard sum
  [Ensemble] Judges routed to 'alt' input: PrecomputedCosine
[WeightedEnsemble] Fitted weights (alpha=0.0500, external calib):
  tau=0.7757, Pooled external calib: TPR=0.6640, FPR=0.0480
  PrecomputedCosine   : +0.0656
  PCAWhitenedCosine   : +0.4602
  XGBoost             : +0.1200
  Tiny MLP            : +0.2889
  LDA                 : +0.0653

Method                   | TPR    | FPR    | TrTPR  | TrFPR  | MacroTPR | MacroFPR | Regions | TauMean | ms    | OK? 
---------------------------------------------------------------------------------------------------------------------
Cosine                   | 0.4559 | 0.0496 | 0.4840 | 0.0480 | 0.4073   | 0.0667   | 849     | 0.9635  | 100.3 | PASS
AndBox-HC                | 0.3835 | 0.0465 | 0.3880 | 0.0480 | 0.3383   | 0.0634   | 849     | 0.0000  | 57.6  | PASS
PCAWhitenedCosine        | 0.6134 | 0.0709 | 0.6360 | 0.0480 | 0.5122   | 0.0941   | 849     | 0.6902  | 94.1  | FAIL
Vec (Wgt)                | 0.5047 | 0.0535 | 0.5200 | 0.0480 | 0.4435   | 0.0777   | 849     | 0.9395  | 94.3  | FAIL
Log Reg                  | 0.2425 | 0.0488 | 0.2240 | 0.0480 | 0.2144   | 0.0628   | 849     | 0.5119  | 104.3 | PASS
LDA                      | 0.4937 | 0.0425 | 0.5240 | 0.0480 | 0.4072   | 0.0495   | 849     | 3.6654  | 97.8  | PASS
Tiny MLP                 | 0.5551 | 0.0567 | 0.5720 | 0.0480 | 0.4743   | 0.0773   | 849     | 0.8402  | 306.7 | FAIL
MultiProtoCosine         | 0.0803 | 0.0386 | 0.0880 | 0.0480 | 0.0583   | 0.0449   | 849     | 0.9255  | 106.2 | PASS
WeightedEnsemble         | 0.6551 | 0.0764 | 0.6640 | 0.0480 | 0.5530   | 0.1015   | 849     | 0.7757  | 342.0 | FAIL
XGBoost                  | 0.4748 | 0.0425 | 0.4920 | 0.0480 | 0.4090   | 0.0603   | 849     | 0.7106  | 72.1  | PASS
LDA1+LogReg              | 0.2425 | 0.0488 | 0.2240 | 0.0480 | 0.2144   | 0.0628   | 849     | 0.5119  | 101.9 | PASS
PCA16+LogReg             | 0.2780 | 0.0583 | 0.2720 | 0.0480 | 0.2372   | 0.0740   | 849     | 0.5110  | 106.5 | FAIL
PCA32+LogReg             | 0.2606 | 0.0480 | 0.2520 | 0.0480 | 0.2279   | 0.0611   | 849     | 0.5112  | 109.2 | PASS
PCA16+VecWeighted        | 0.2945 | 0.0945 | 0.3120 | 0.0480 | 0.2667   | 0.1187   | 849     | 0.0178  | 103.3 | FAIL
PCA32+VecWeighted        | 0.1913 | 0.0638 | 0.1800 | 0.0480 | 0.1761   | 0.0759   | 849     | 0.0274  | 105.1 | FAIL
StabilizedWhitenedCosine | 0.5976 | 0.0717 | 0.6360 | 0.0480 | 0.5107   | 0.0961   | 849     | 0.6908  | 99.7  | FAIL

[trial=3 seed=46] GLOBAL mode — total_samples=200000
  total: h0=82063 h1=15019
  pooled_train:  n0=1270 n1=1270
  pooled_calib:  n0=250 n1=250
  pooled_eval:   n0=1270 n1=1270
  regions (for macro stats only): 1103
[INFO] Cosine baseline routed to direct Hadamard sum (PrecomputedCosine)
[INFO] WeightedEnsemble Cosine judge routed to direct Hadamard sum
  [Ensemble] Judges routed to 'alt' input: PrecomputedCosine
[WeightedEnsemble] Fitted weights (alpha=0.0500, external calib):
  tau=0.7664, Pooled external calib: TPR=0.6560, FPR=0.0480
  PrecomputedCosine   : +0.2204
  PCAWhitenedCosine   : +0.3145
  XGBoost             : +0.1972
  Tiny MLP            : +0.2559
  LDA                 : +0.0120

Method                   | TPR    | FPR    | TrTPR  | TrFPR  | MacroTPR | MacroFPR | Regions | TauMean | ms    | OK? 
---------------------------------------------------------------------------------------------------------------------
Cosine                   | 0.4543 | 0.0402 | 0.4040 | 0.0480 | 0.4329   | 0.0670   | 865     | 0.9648  | 100.7 | PASS
AndBox-HC                | 0.3953 | 0.0449 | 0.3640 | 0.0480 | 0.3719   | 0.0688   | 865     | 0.0000  | 58.0  | PASS
PCAWhitenedCosine        | 0.5622 | 0.0614 | 0.5960 | 0.0480 | 0.4876   | 0.0984   | 865     | 0.8207  | 95.1  | FAIL
Vec (Wgt)                | 0.5213 | 0.0512 | 0.5120 | 0.0480 | 0.4848   | 0.0857   | 865     | 0.9243  | 94.7  | FAIL
Log Reg                  | 0.2488 | 0.0606 | 0.2600 | 0.0480 | 0.2337   | 0.0817   | 865     | 0.5109  | 104.3 | FAIL
LDA                      | 0.4811 | 0.0394 | 0.5080 | 0.0480 | 0.3930   | 0.0626   | 865     | 3.8062  | 99.2  | PASS
Tiny MLP                 | 0.4803 | 0.0386 | 0.5240 | 0.0480 | 0.3969   | 0.0607   | 865     | 0.9207  | 355.5 | PASS
MultiProtoCosine         | 0.0748 | 0.0291 | 0.0400 | 0.0480 | 0.0667   | 0.0347   | 865     | 0.9254  | 107.0 | PASS
WeightedEnsemble         | 0.6024 | 0.0661 | 0.6560 | 0.0480 | 0.5296   | 0.1051   | 865     | 0.7664  | 390.2 | FAIL
XGBoost                  | 0.5976 | 0.0772 | 0.6000 | 0.0480 | 0.5458   | 0.1192   | 865     | 0.6283  | 71.7  | FAIL
LDA1+LogReg              | 0.2496 | 0.0591 | 0.2640 | 0.0480 | 0.2343   | 0.0782   | 865     | 0.5109  | 103.1 | FAIL
PCA16+LogReg             | 0.2504 | 0.0567 | 0.2600 | 0.0480 | 0.2373   | 0.0747   | 865     | 0.5105  | 106.2 | FAIL
PCA32+LogReg             | 0.2535 | 0.0551 | 0.2640 | 0.0480 | 0.2387   | 0.0741   | 865     | 0.5104  | 108.5 | FAIL
PCA16+VecWeighted        | 0.1165 | 0.0638 | 0.0720 | 0.0480 | 0.1027   | 0.0610   | 865     | 0.0277  | 103.9 | FAIL
PCA32+VecWeighted        | 0.0402 | 0.0394 | 0.0320 | 0.0480 | 0.0369   | 0.0185   | 865     | 0.0448  | 105.4 | PASS
StabilizedWhitenedCosine | 0.6094 | 0.0724 | 0.6560 | 0.0480 | 0.5366   | 0.1133   | 865     | 0.6567  | 101.2 | FAIL

[trial=4 seed=47] GLOBAL mode — total_samples=200000
  total: h0=82063 h1=15019
  pooled_train:  n0=1270 n1=1270
  pooled_calib:  n0=250 n1=250
  pooled_eval:   n0=1270 n1=1270
  regions (for macro stats only): 1103
[INFO] Cosine baseline routed to direct Hadamard sum (PrecomputedCosine)
[INFO] WeightedEnsemble Cosine judge routed to direct Hadamard sum
  [Ensemble] Judges routed to 'alt' input: PrecomputedCosine
[WeightedEnsemble] Fitted weights (alpha=0.0500, external calib):
  tau=1.1241, Pooled external calib: TPR=0.6440, FPR=0.0480
  PrecomputedCosine   : +0.1270
  PCAWhitenedCosine   : +0.4131
  XGBoost             : +0.2315
  Tiny MLP            : +0.0777
  LDA                 : +0.1507

Method                   | TPR    | FPR    | TrTPR  | TrFPR  | MacroTPR | MacroFPR | Regions | TauMean | ms    | OK? 
---------------------------------------------------------------------------------------------------------------------
Cosine                   | 0.4031 | 0.0331 | 0.4640 | 0.0480 | 0.3579   | 0.0496   | 846     | 0.9791  | 100.5 | PASS
AndBox-HC                | 0.3819 | 0.0378 | 0.4400 | 0.0480 | 0.3285   | 0.0605   | 846     | 0.0001  | 57.7  | PASS
PCAWhitenedCosine        | 0.5606 | 0.0512 | 0.5880 | 0.0480 | 0.4523   | 0.0820   | 846     | 0.9445  | 94.1  | FAIL
Vec (Wgt)                | 0.4283 | 0.0323 | 0.4760 | 0.0480 | 0.3559   | 0.0501   | 846     | 0.9787  | 94.3  | PASS
Log Reg                  | 0.2709 | 0.0717 | 0.2880 | 0.0480 | 0.2254   | 0.0965   | 846     | 0.5118  | 103.0 | FAIL
LDA                      | 0.5606 | 0.0559 | 0.5640 | 0.0480 | 0.4567   | 0.0843   | 846     | 3.7774  | 97.4  | FAIL
Tiny MLP                 | 0.6236 | 0.0780 | 0.6200 | 0.0480 | 0.5185   | 0.1127   | 846     | 0.8360  | 305.9 | FAIL
MultiProtoCosine         | 0.0858 | 0.0409 | 0.0880 | 0.0480 | 0.0585   | 0.0413   | 846     | 0.9260  | 105.6 | PASS
WeightedEnsemble         | 0.6165 | 0.0654 | 0.6440 | 0.0480 | 0.5059   | 0.0958   | 846     | 1.1241  | 338.7 | FAIL
XGBoost                  | 0.4606 | 0.0386 | 0.5160 | 0.0480 | 0.3970   | 0.0584   | 846     | 0.7330  | 71.2  | PASS
LDA1+LogReg              | 0.2693 | 0.0717 | 0.2880 | 0.0480 | 0.2247   | 0.0965   | 846     | 0.5118  | 100.4 | FAIL
PCA16+LogReg             | 0.2591 | 0.0654 | 0.2800 | 0.0480 | 0.2219   | 0.0876   | 846     | 0.5119  | 104.6 | FAIL
PCA32+LogReg             | 0.2630 | 0.0661 | 0.2920 | 0.0480 | 0.2173   | 0.0894   | 846     | 0.5115  | 106.6 | FAIL
PCA16+VecWeighted        | 0.0827 | 0.0362 | 0.0720 | 0.0480 | 0.0668   | 0.0474   | 846     | 0.0348  | 102.5 | PASS
PCA32+VecWeighted        | 0.0764 | 0.0213 | 0.0760 | 0.0480 | 0.0541   | 0.0249   | 846     | 0.0409  | 105.2 | PASS
StabilizedWhitenedCosine | 0.5031 | 0.0354 | 0.5400 | 0.0480 | 0.3858   | 0.0594   | 846     | 1.1030  | 98.7  | PASS

[trial=5 seed=48] GLOBAL mode — total_samples=200000
  total: h0=82063 h1=15019
  pooled_train:  n0=1270 n1=1270
  pooled_calib:  n0=250 n1=250
  pooled_eval:   n0=1270 n1=1270
  regions (for macro stats only): 1103
[INFO] Cosine baseline routed to direct Hadamard sum (PrecomputedCosine)
[INFO] WeightedEnsemble Cosine judge routed to direct Hadamard sum
  [Ensemble] Judges routed to 'alt' input: PrecomputedCosine
[WeightedEnsemble] Fitted weights (alpha=0.0500, external calib):
  tau=0.9568, Pooled external calib: TPR=0.4720, FPR=0.0480
  PrecomputedCosine   : +0.1195
  PCAWhitenedCosine   : +0.3770
  XGBoost             : +0.2691
  Tiny MLP            : +0.2045
  LDA                 : +0.0298

Method                   | TPR    | FPR    | TrTPR  | TrFPR  | MacroTPR | MacroFPR | Regions | TauMean | ms    | OK? 
---------------------------------------------------------------------------------------------------------------------
Cosine                   | 0.4575 | 0.0425 | 0.4680 | 0.0480 | 0.4255   | 0.0586   | 868     | 0.9613  | 108.3 | PASS
AndBox-HC                | 0.3008 | 0.0315 | 0.3280 | 0.0480 | 0.2819   | 0.0456   | 868     | 0.0001  | 57.3  | PASS
PCAWhitenedCosine        | 0.4551 | 0.0339 | 0.3960 | 0.0480 | 0.3733   | 0.0476   | 868     | 1.1838  | 93.7  | PASS
Vec (Wgt)                | 0.4638 | 0.0268 | 0.4640 | 0.0480 | 0.4198   | 0.0415   | 868     | 0.9588  | 94.5  | PASS
Log Reg                  | 0.2764 | 0.0496 | 0.2400 | 0.0480 | 0.2398   | 0.0725   | 868     | 0.5100  | 102.7 | PASS
LDA                      | 0.4858 | 0.0378 | 0.4200 | 0.0480 | 0.3994   | 0.0557   | 868     | 3.7577  | 97.9  | PASS
Tiny MLP                 | 0.4346 | 0.0339 | 0.3880 | 0.0480 | 0.3569   | 0.0527   | 868     | 0.9088  | 305.9 | PASS
MultiProtoCosine         | 0.1142 | 0.0551 | 0.0600 | 0.0480 | 0.0966   | 0.0654   | 868     | 0.9204  | 105.3 | FAIL
WeightedEnsemble         | 0.5118 | 0.0362 | 0.4720 | 0.0480 | 0.4305   | 0.0546   | 868     | 0.9568  | 337.8 | PASS
XGBoost                  | 0.4504 | 0.0394 | 0.4360 | 0.0480 | 0.4089   | 0.0603   | 868     | 0.7303  | 70.4  | PASS
LDA1+LogReg              | 0.2756 | 0.0496 | 0.2400 | 0.0480 | 0.2379   | 0.0725   | 868     | 0.5101  | 100.8 | PASS
PCA16+LogReg             | 0.2992 | 0.0488 | 0.2640 | 0.0480 | 0.2526   | 0.0694   | 868     | 0.5096  | 104.8 | PASS
PCA32+LogReg             | 0.2969 | 0.0512 | 0.2560 | 0.0480 | 0.2555   | 0.0727   | 868     | 0.5095  | 106.3 | FAIL
PCA16+VecWeighted        | 0.0780 | 0.0323 | 0.0920 | 0.0480 | 0.0599   | 0.0351   | 868     | 0.0322  | 102.1 | PASS
PCA32+VecWeighted        | 0.0890 | 0.0472 | 0.1200 | 0.0480 | 0.0798   | 0.0530   | 868     | 0.0348  | 103.8 | PASS
StabilizedWhitenedCosine | 0.4661 | 0.0362 | 0.4200 | 0.0480 | 0.3878   | 0.0522   | 868     | 1.1229  | 98.7  | PASS

[trial=6 seed=49] GLOBAL mode — total_samples=200000
  total: h0=82063 h1=15019
  pooled_train:  n0=1270 n1=1270
  pooled_calib:  n0=250 n1=250
  pooled_eval:   n0=1270 n1=1270
  regions (for macro stats only): 1103
[INFO] Cosine baseline routed to direct Hadamard sum (PrecomputedCosine)
[INFO] WeightedEnsemble Cosine judge routed to direct Hadamard sum
  [Ensemble] Judges routed to 'alt' input: PrecomputedCosine
[WeightedEnsemble] Fitted weights (alpha=0.0500, external calib):
  tau=0.7890, Pooled external calib: TPR=0.6680, FPR=0.0480
  PrecomputedCosine   : +0.3246
  PCAWhitenedCosine   : +0.1636
  XGBoost             : +0.2291
  Tiny MLP            : +0.2081
  LDA                 : +0.0747

Method                   | TPR    | FPR    | TrTPR  | TrFPR  | MacroTPR | MacroFPR | Regions | TauMean | ms    | OK? 
---------------------------------------------------------------------------------------------------------------------
Cosine                   | 0.5031 | 0.0614 | 0.5240 | 0.0480 | 0.4689   | 0.0827   | 849     | 0.9348  | 99.7  | FAIL
AndBox-HC                | 0.4992 | 0.0622 | 0.4960 | 0.0480 | 0.4542   | 0.0837   | 849     | -0.0000 | 58.0  | FAIL
PCAWhitenedCosine        | 0.6087 | 0.0622 | 0.6080 | 0.0480 | 0.5217   | 0.0855   | 849     | 0.6480  | 94.6  | FAIL
Vec (Wgt)                | 0.5354 | 0.0638 | 0.5440 | 0.0480 | 0.4889   | 0.0890   | 849     | 0.9231  | 94.7  | FAIL
Log Reg                  | 0.2969 | 0.0598 | 0.3280 | 0.0480 | 0.2638   | 0.0802   | 849     | 0.5083  | 103.0 | FAIL
LDA                      | 0.5614 | 0.0583 | 0.5760 | 0.0480 | 0.4632   | 0.0806   | 849     | 3.1357  | 97.8  | FAIL
Tiny MLP                 | 0.5984 | 0.0551 | 0.6040 | 0.0480 | 0.5052   | 0.0790   | 849     | 0.8055  | 304.5 | FAIL
MultiProtoCosine         | 0.0882 | 0.0354 | 0.0840 | 0.0480 | 0.0603   | 0.0451   | 849     | 0.9248  | 106.4 | PASS
WeightedEnsemble         | 0.6701 | 0.0756 | 0.6680 | 0.0480 | 0.5746   | 0.1043   | 849     | 0.7890  | 335.6 | FAIL
XGBoost                  | 0.5055 | 0.0386 | 0.5280 | 0.0480 | 0.4476   | 0.0558   | 849     | 0.6855  | 70.7  | PASS
LDA1+LogReg              | 0.3008 | 0.0591 | 0.3360 | 0.0480 | 0.2664   | 0.0793   | 849     | 0.5083  | 99.4  | FAIL
PCA16+LogReg             | 0.2913 | 0.0559 | 0.3240 | 0.0480 | 0.2586   | 0.0747   | 849     | 0.5083  | 104.0 | FAIL
PCA32+LogReg             | 0.3094 | 0.0575 | 0.3400 | 0.0480 | 0.2742   | 0.0767   | 849     | 0.5080  | 105.7 | FAIL
PCA16+VecWeighted        | 0.2055 | 0.0441 | 0.2120 | 0.0480 | 0.1759   | 0.0529   | 849     | 0.0238  | 102.1 | PASS
PCA32+VecWeighted        | 0.1953 | 0.0449 | 0.1760 | 0.0480 | 0.1512   | 0.0532   | 849     | 0.0295  | 103.8 | PASS
StabilizedWhitenedCosine | 0.6000 | 0.0591 | 0.6040 | 0.0480 | 0.5175   | 0.0847   | 849     | 0.6570  | 99.2  | FAIL

[trial=7 seed=50] GLOBAL mode — total_samples=200000
  total: h0=82063 h1=15019
  pooled_train:  n0=1270 n1=1270
  pooled_calib:  n0=250 n1=250
  pooled_eval:   n0=1270 n1=1270
  regions (for macro stats only): 1103
[INFO] Cosine baseline routed to direct Hadamard sum (PrecomputedCosine)
[INFO] WeightedEnsemble Cosine judge routed to direct Hadamard sum
  [Ensemble] Judges routed to 'alt' input: PrecomputedCosine
[WeightedEnsemble] Fitted weights (alpha=0.0500, external calib):
  tau=0.8596, Pooled external calib: TPR=0.5880, FPR=0.0480
  PrecomputedCosine   : +0.3209
  PCAWhitenedCosine   : +0.3118
  XGBoost             : +0.3183
  Tiny MLP            : +0.0373
  LDA                 : +0.0115

Method                   | TPR    | FPR    | TrTPR  | TrFPR  | MacroTPR | MacroFPR | Regions | TauMean | ms    | OK? 
---------------------------------------------------------------------------------------------------------------------
Cosine                   | 0.4575 | 0.0504 | 0.4400 | 0.0480 | 0.4095   | 0.0772   | 850     | 0.9659  | 100.5 | FAIL
AndBox-HC                | 0.3472 | 0.0425 | 0.3080 | 0.0480 | 0.3088   | 0.0631   | 850     | 0.0001  | 58.3  | PASS
PCAWhitenedCosine        | 0.5205 | 0.0559 | 0.5560 | 0.0480 | 0.4318   | 0.0770   | 850     | 1.0181  | 94.1  | FAIL
Vec (Wgt)                | 0.5134 | 0.0598 | 0.5120 | 0.0480 | 0.4709   | 0.0890   | 850     | 0.9354  | 94.0  | FAIL
Log Reg                  | 0.2890 | 0.0417 | 0.2920 | 0.0480 | 0.2286   | 0.0610   | 850     | 0.5088  | 102.4 | PASS
LDA                      | 0.4756 | 0.0339 | 0.4520 | 0.0480 | 0.3741   | 0.0518   | 850     | 4.6829  | 97.7  | PASS
Tiny MLP                 | 0.5898 | 0.0606 | 0.5680 | 0.0480 | 0.4737   | 0.0884   | 850     | 0.8941  | 351.3 | FAIL
MultiProtoCosine         | 0.0882 | 0.0488 | 0.0960 | 0.0480 | 0.0671   | 0.0577   | 850     | 0.9241  | 106.4 | PASS
WeightedEnsemble         | 0.5654 | 0.0606 | 0.5880 | 0.0480 | 0.4770   | 0.0903   | 850     | 0.8596  | 383.9 | FAIL
XGBoost                  | 0.4449 | 0.0433 | 0.4400 | 0.0480 | 0.3820   | 0.0660   | 850     | 0.7375  | 71.6  | PASS
LDA1+LogReg              | 0.2945 | 0.0417 | 0.3040 | 0.0480 | 0.2325   | 0.0610   | 850     | 0.5087  | 99.3  | PASS
PCA16+LogReg             | 0.2858 | 0.0394 | 0.2880 | 0.0480 | 0.2254   | 0.0581   | 850     | 0.5089  | 104.2 | PASS
PCA32+LogReg             | 0.2953 | 0.0417 | 0.3120 | 0.0480 | 0.2349   | 0.0598   | 850     | 0.5085  | 105.7 | PASS
PCA16+VecWeighted        | 0.1283 | 0.0512 | 0.1120 | 0.0480 | 0.1057   | 0.0472   | 850     | 0.0321  | 101.7 | FAIL
PCA32+VecWeighted        | 0.1055 | 0.0323 | 0.0960 | 0.0480 | 0.0911   | 0.0446   | 850     | 0.0390  | 103.2 | PASS
StabilizedWhitenedCosine | 0.4583 | 0.0472 | 0.4720 | 0.0480 | 0.3831   | 0.0687   | 850     | 1.1192  | 99.0  | PASS

[trial=8 seed=51] GLOBAL mode — total_samples=200000
  total: h0=82063 h1=15019
  pooled_train:  n0=1270 n1=1270
  pooled_calib:  n0=250 n1=250
  pooled_eval:   n0=1270 n1=1270
  regions (for macro stats only): 1103
[INFO] Cosine baseline routed to direct Hadamard sum (PrecomputedCosine)
[INFO] WeightedEnsemble Cosine judge routed to direct Hadamard sum
  [Ensemble] Judges routed to 'alt' input: PrecomputedCosine
[WeightedEnsemble] Fitted weights (alpha=0.0500, external calib):
  tau=1.2121, Pooled external calib: TPR=0.6280, FPR=0.0480
  PrecomputedCosine   : +0.2384
  PCAWhitenedCosine   : +0.0694
  XGBoost             : +0.3911
  Tiny MLP            : +0.1122
  LDA                 : +0.1888

Method                   | TPR    | FPR    | TrTPR  | TrFPR  | MacroTPR | MacroFPR | Regions | TauMean | ms    | OK? 
---------------------------------------------------------------------------------------------------------------------
Cosine                   | 0.4780 | 0.0583 | 0.4440 | 0.0480 | 0.4452   | 0.0879   | 852     | 0.9566  | 98.7  | FAIL
AndBox-HC                | 0.4575 | 0.0567 | 0.4440 | 0.0480 | 0.4155   | 0.0831   | 852     | 0.0001  | 57.8  | FAIL
PCAWhitenedCosine        | 0.5811 | 0.0638 | 0.5680 | 0.0480 | 0.4782   | 0.0883   | 852     | 0.8915  | 94.6  | FAIL
Vec (Wgt)                | 0.5165 | 0.0622 | 0.4920 | 0.0480 | 0.4701   | 0.0917   | 852     | 0.9425  | 94.6  | FAIL
Log Reg                  | 0.3165 | 0.0551 | 0.3040 | 0.0480 | 0.2540   | 0.0862   | 852     | 0.5089  | 103.4 | FAIL
LDA                      | 0.6102 | 0.0772 | 0.6160 | 0.0480 | 0.4930   | 0.1019   | 852     | 3.1198  | 97.7  | FAIL
Tiny MLP                 | 0.5370 | 0.0614 | 0.5320 | 0.0480 | 0.4423   | 0.0864   | 852     | 0.8901  | 346.2 | FAIL
MultiProtoCosine         | 0.1197 | 0.0441 | 0.0880 | 0.0480 | 0.0949   | 0.0591   | 852     | 0.9211  | 105.9 | PASS
WeightedEnsemble         | 0.6118 | 0.0709 | 0.6280 | 0.0480 | 0.4989   | 0.0962   | 852     | 1.2121  | 377.4 | FAIL
XGBoost                  | 0.5126 | 0.0551 | 0.4840 | 0.0480 | 0.4570   | 0.0825   | 852     | 0.7055  | 71.1  | FAIL
LDA1+LogReg              | 0.3197 | 0.0567 | 0.3080 | 0.0480 | 0.2581   | 0.0888   | 852     | 0.5089  | 99.7  | FAIL
PCA16+LogReg             | 0.3016 | 0.0496 | 0.2760 | 0.0480 | 0.2423   | 0.0789   | 852     | 0.5094  | 104.3 | PASS
PCA32+LogReg             | 0.3197 | 0.0591 | 0.3080 | 0.0480 | 0.2591   | 0.0915   | 852     | 0.5087  | 106.5 | FAIL
PCA16+VecWeighted        | 0.1031 | 0.0307 | 0.0800 | 0.0480 | 0.0802   | 0.0347   | 852     | 0.0335  | 102.2 | PASS
PCA32+VecWeighted        | 0.1055 | 0.0386 | 0.0600 | 0.0480 | 0.0947   | 0.0465   | 852     | 0.0355  | 104.4 | PASS
StabilizedWhitenedCosine | 0.5866 | 0.0709 | 0.6000 | 0.0480 | 0.5013   | 0.0968   | 852     | 0.8149  | 98.8  | FAIL

[trial=9 seed=52] GLOBAL mode — total_samples=200000
  total: h0=82063 h1=15019
  pooled_train:  n0=1270 n1=1270
  pooled_calib:  n0=250 n1=250
  pooled_eval:   n0=1270 n1=1270
  regions (for macro stats only): 1103
[INFO] Cosine baseline routed to direct Hadamard sum (PrecomputedCosine)
[INFO] WeightedEnsemble Cosine judge routed to direct Hadamard sum
  [Ensemble] Judges routed to 'alt' input: PrecomputedCosine
[WeightedEnsemble] Fitted weights (alpha=0.0500, external calib):
  tau=0.8881, Pooled external calib: TPR=0.5400, FPR=0.0480
  PrecomputedCosine   : +0.3209
  PCAWhitenedCosine   : +0.3118
  XGBoost             : +0.3183
  Tiny MLP            : +0.0373
  LDA                 : +0.0115

Method                   | TPR    | FPR    | TrTPR  | TrFPR  | MacroTPR | MacroFPR | Regions | TauMean | ms    | OK? 
---------------------------------------------------------------------------------------------------------------------
Cosine                   | 0.3921 | 0.0394 | 0.3960 | 0.0480 | 0.3801   | 0.0524   | 869     | 0.9751  | 101.9 | PASS
AndBox-HC                | 0.3504 | 0.0386 | 0.3640 | 0.0480 | 0.3498   | 0.0540   | 869     | 0.0000  | 58.9  | PASS
PCAWhitenedCosine        | 0.4323 | 0.0331 | 0.5000 | 0.0480 | 0.3615   | 0.0512   | 869     | 1.1309  | 95.9  | PASS
Vec (Wgt)                | 0.4079 | 0.0378 | 0.4600 | 0.0480 | 0.3719   | 0.0561   | 869     | 0.9613  | 95.6  | PASS
Log Reg                  | 0.1811 | 0.0378 | 0.2200 | 0.0480 | 0.1755   | 0.0492   | 869     | 0.5131  | 103.6 | PASS
LDA                      | 0.4307 | 0.0339 | 0.4840 | 0.0480 | 0.3705   | 0.0490   | 869     | 4.1466  | 99.8  | PASS
Tiny MLP                 | 0.4323 | 0.0346 | 0.4560 | 0.0480 | 0.3744   | 0.0469   | 869     | 0.8984  | 354.1 | PASS
MultiProtoCosine         | 0.0890 | 0.0575 | 0.1400 | 0.0480 | 0.0733   | 0.0594   | 869     | 0.9218  | 107.7 | FAIL
WeightedEnsemble         | 0.4740 | 0.0378 | 0.5400 | 0.0480 | 0.4141   | 0.0576   | 869     | 0.8881  | 387.6 | PASS
XGBoost                  | 0.4331 | 0.0394 | 0.4720 | 0.0480 | 0.3979   | 0.0547   | 869     | 0.7112  | 71.5  | PASS
LDA1+LogReg              | 0.1819 | 0.0378 | 0.2200 | 0.0480 | 0.1760   | 0.0492   | 869     | 0.5131  | 102.3 | PASS
PCA16+LogReg             | 0.1748 | 0.0315 | 0.2240 | 0.0480 | 0.1683   | 0.0438   | 869     | 0.5130  | 106.6 | PASS
PCA32+LogReg             | 0.1787 | 0.0346 | 0.2200 | 0.0480 | 0.1737   | 0.0459   | 869     | 0.5128  | 108.1 | PASS
PCA16+VecWeighted        | 0.0890 | 0.0457 | 0.1040 | 0.0480 | 0.1011   | 0.0479   | 869     | 0.0276  | 104.4 | PASS
PCA32+VecWeighted        | 0.1409 | 0.0630 | 0.1200 | 0.0480 | 0.1466   | 0.0697   | 869     | 0.0291  | 106.4 | FAIL
StabilizedWhitenedCosine | 0.4701 | 0.0417 | 0.5440 | 0.0480 | 0.4112   | 0.0599   | 869     | 0.9293  | 100.4 | PASS

[trial=10 seed=53] GLOBAL mode — total_samples=200000
  total: h0=82063 h1=15019
  pooled_train:  n0=1270 n1=1270
  pooled_calib:  n0=250 n1=250
  pooled_eval:   n0=1270 n1=1270
  regions (for macro stats only): 1103
[INFO] Cosine baseline routed to direct Hadamard sum (PrecomputedCosine)
[INFO] WeightedEnsemble Cosine judge routed to direct Hadamard sum
  [Ensemble] Judges routed to 'alt' input: PrecomputedCosine
[WeightedEnsemble] Fitted weights (alpha=0.0500, external calib):
  tau=1.4763, Pooled external calib: TPR=0.5720, FPR=0.0480
  PrecomputedCosine   : +0.1354
  PCAWhitenedCosine   : +0.2494
  XGBoost             : +0.0591
  Tiny MLP            : +0.2810
  LDA                 : +0.2751

Method                   | TPR    | FPR    | TrTPR  | TrFPR  | MacroTPR | MacroFPR | Regions | TauMean | ms    | OK? 
---------------------------------------------------------------------------------------------------------------------
Cosine                   | 0.3953 | 0.0354 | 0.3440 | 0.0480 | 0.3515   | 0.0553   | 857     | 0.9867  | 101.5 | PASS
AndBox-HC                | 0.4575 | 0.0614 | 0.4120 | 0.0480 | 0.4158   | 0.0835   | 857     | 0.0000  | 59.4  | FAIL
PCAWhitenedCosine        | 0.4953 | 0.0409 | 0.4920 | 0.0480 | 0.3977   | 0.0576   | 857     | 1.0572  | 95.5  | PASS
Vec (Wgt)                | 0.4906 | 0.0457 | 0.4440 | 0.0480 | 0.4255   | 0.0722   | 857     | 0.9627  | 95.2  | PASS
Log Reg                  | 0.2606 | 0.0583 | 0.2280 | 0.0480 | 0.2171   | 0.0738   | 857     | 0.5119  | 104.4 | FAIL
LDA                      | 0.5276 | 0.0457 | 0.5200 | 0.0480 | 0.4236   | 0.0674   | 857     | 3.5335  | 99.1  | PASS
Tiny MLP                 | 0.4780 | 0.0354 | 0.4800 | 0.0480 | 0.3792   | 0.0520   | 857     | 0.9279  | 355.6 | PASS
MultiProtoCosine         | 0.0976 | 0.0504 | 0.1160 | 0.0480 | 0.0719   | 0.0609   | 857     | 0.9251  | 107.4 | FAIL
WeightedEnsemble         | 0.5811 | 0.0520 | 0.5720 | 0.0480 | 0.4725   | 0.0724   | 857     | 1.4763  | 387.5 | FAIL
XGBoost                  | 0.4520 | 0.0472 | 0.4560 | 0.0480 | 0.3896   | 0.0729   | 857     | 0.7495  | 72.1  | PASS
LDA1+LogReg              | 0.2606 | 0.0583 | 0.2280 | 0.0480 | 0.2171   | 0.0738   | 857     | 0.5119  | 101.6 | FAIL
PCA16+LogReg             | 0.2512 | 0.0559 | 0.2240 | 0.0480 | 0.2104   | 0.0709   | 857     | 0.5119  | 106.1 | FAIL
PCA32+LogReg             | 0.2551 | 0.0543 | 0.2240 | 0.0480 | 0.2133   | 0.0695   | 857     | 0.5118  | 108.2 | FAIL
PCA16+VecWeighted        | 0.0157 | 0.0173 | 0.0280 | 0.0480 | 0.0223   | 0.0152   | 857     | 0.0357  | 103.8 | PASS
PCA32+VecWeighted        | 0.0205 | 0.0228 | 0.0080 | 0.0480 | 0.0281   | 0.0228   | 857     | 0.0454  | 105.7 | PASS
StabilizedWhitenedCosine | 0.4717 | 0.0362 | 0.4360 | 0.0480 | 0.3907   | 0.0562   | 857     | 1.0795  | 100.0 | PASS

[trial=11 seed=54] GLOBAL mode — total_samples=200000
  total: h0=82063 h1=15019
  pooled_train:  n0=1270 n1=1270
  pooled_calib:  n0=250 n1=250
  pooled_eval:   n0=1270 n1=1270
  regions (for macro stats only): 1103
[INFO] Cosine baseline routed to direct Hadamard sum (PrecomputedCosine)
[INFO] WeightedEnsemble Cosine judge routed to direct Hadamard sum
  [Ensemble] Judges routed to 'alt' input: PrecomputedCosine
[WeightedEnsemble] Fitted weights (alpha=0.0500, external calib):
  tau=0.8147, Pooled external calib: TPR=0.6080, FPR=0.0480
  PrecomputedCosine   : +0.2204
  PCAWhitenedCosine   : +0.3145
  XGBoost             : +0.1972
  Tiny MLP            : +0.2559
  LDA                 : +0.0120

Method                   | TPR    | FPR    | TrTPR  | TrFPR  | MacroTPR | MacroFPR | Regions | TauMean | ms    | OK? 
---------------------------------------------------------------------------------------------------------------------
Cosine                   | 0.4890 | 0.0575 | 0.4880 | 0.0480 | 0.4654   | 0.0861   | 860     | 0.9458  | 97.0  | FAIL
AndBox-HC                | 0.4496 | 0.0638 | 0.4080 | 0.0480 | 0.4355   | 0.0933   | 860     | 0.0000  | 56.1  | FAIL
PCAWhitenedCosine        | 0.5417 | 0.0543 | 0.5400 | 0.0480 | 0.4636   | 0.0720   | 860     | 0.8634  | 94.1  | FAIL
Vec (Wgt)                | 0.5283 | 0.0654 | 0.5200 | 0.0480 | 0.5046   | 0.0979   | 860     | 0.9257  | 94.4  | FAIL
Log Reg                  | 0.2811 | 0.0614 | 0.2880 | 0.0480 | 0.2637   | 0.0845   | 860     | 0.5096  | 102.4 | FAIL
LDA                      | 0.5835 | 0.0780 | 0.5920 | 0.0480 | 0.4836   | 0.1091   | 860     | 2.9077  | 97.3  | FAIL
Tiny MLP                 | 0.5331 | 0.0543 | 0.5200 | 0.0480 | 0.4343   | 0.0777   | 860     | 0.8833  | 305.0 | FAIL
MultiProtoCosine         | 0.0961 | 0.0669 | 0.1160 | 0.0480 | 0.0940   | 0.0786   | 860     | 0.9199  | 104.4 | FAIL
WeightedEnsemble         | 0.5772 | 0.0598 | 0.6080 | 0.0480 | 0.4940   | 0.0874   | 860     | 0.8147  | 337.4 | FAIL
XGBoost                  | 0.5102 | 0.0551 | 0.4840 | 0.0480 | 0.4688   | 0.0812   | 860     | 0.6962  | 68.4  | FAIL
LDA1+LogReg              | 0.2858 | 0.0614 | 0.2960 | 0.0480 | 0.2666   | 0.0845   | 860     | 0.5096  | 101.1 | FAIL
PCA16+LogReg             | 0.2850 | 0.0614 | 0.3000 | 0.0480 | 0.2660   | 0.0841   | 860     | 0.5093  | 105.7 | FAIL
PCA32+LogReg             | 0.2882 | 0.0622 | 0.3120 | 0.0480 | 0.2700   | 0.0851   | 860     | 0.5092  | 106.8 | FAIL
PCA16+VecWeighted        | 0.1150 | 0.0449 | 0.1320 | 0.0480 | 0.0864   | 0.0474   | 860     | 0.0304  | 102.9 | PASS
PCA32+VecWeighted        | 0.1016 | 0.0559 | 0.0960 | 0.0480 | 0.0809   | 0.0550   | 860     | 0.0373  | 104.4 | FAIL
StabilizedWhitenedCosine | 0.5740 | 0.0622 | 0.5360 | 0.0480 | 0.4909   | 0.0876   | 860     | 0.8458  | 101.8 | FAIL

[trial=12 seed=55] GLOBAL mode — total_samples=200000
  total: h0=82063 h1=15019
  pooled_train:  n0=1270 n1=1270
  pooled_calib:  n0=250 n1=250
  pooled_eval:   n0=1270 n1=1270
  regions (for macro stats only): 1103
[INFO] Cosine baseline routed to direct Hadamard sum (PrecomputedCosine)
[INFO] WeightedEnsemble Cosine judge routed to direct Hadamard sum
  [Ensemble] Judges routed to 'alt' input: PrecomputedCosine
[WeightedEnsemble] Fitted weights (alpha=0.0500, external calib):
  tau=0.6461, Pooled external calib: TPR=0.5880, FPR=0.0480
  PrecomputedCosine   : +0.0000
  PCAWhitenedCosine   : +0.0000
  XGBoost             : +1.0000
  Tiny MLP            : +0.0000
  LDA                 : +0.0000

Method                   | TPR    | FPR    | TrTPR  | TrFPR  | MacroTPR | MacroFPR | Regions | TauMean | ms    | OK? 
---------------------------------------------------------------------------------------------------------------------
Cosine                   | 0.5425 | 0.0795 | 0.5440 | 0.0480 | 0.5087   | 0.1120   | 844     | 0.9248  | 98.5  | FAIL
AndBox-HC                | 0.5079 | 0.0772 | 0.5440 | 0.0480 | 0.4794   | 0.0996   | 844     | -0.0001 | 57.4  | FAIL
PCAWhitenedCosine        | 0.5228 | 0.0480 | 0.5520 | 0.0480 | 0.4188   | 0.0677   | 844     | 0.9805  | 93.6  | PASS
Vec (Wgt)                | 0.5512 | 0.0709 | 0.5880 | 0.0480 | 0.5138   | 0.1062   | 844     | 0.9191  | 93.7  | FAIL
Log Reg                  | 0.2614 | 0.0606 | 0.2520 | 0.0480 | 0.2087   | 0.0857   | 844     | 0.5106  | 101.2 | FAIL
LDA                      | 0.4504 | 0.0331 | 0.4920 | 0.0480 | 0.3551   | 0.0497   | 844     | 4.2358  | 97.0  | PASS
Tiny MLP                 | 0.4890 | 0.0417 | 0.5320 | 0.0480 | 0.3886   | 0.0585   | 844     | 0.9063  | 304.4 | PASS
MultiProtoCosine         | 0.1031 | 0.0780 | 0.0760 | 0.0480 | 0.0791   | 0.0922   | 844     | 0.9202  | 105.5 | FAIL
WeightedEnsemble         | 0.5787 | 0.0669 | 0.5880 | 0.0480 | 0.5153   | 0.0939   | 844     | 0.6461  | 336.8 | FAIL
XGBoost                  | 0.5787 | 0.0669 | 0.5880 | 0.0480 | 0.5153   | 0.0939   | 844     | 0.6461  | 69.9  | FAIL
LDA1+LogReg              | 0.2606 | 0.0606 | 0.2520 | 0.0480 | 0.2081   | 0.0857   | 844     | 0.5107  | 99.9  | FAIL
PCA16+LogReg             | 0.2535 | 0.0559 | 0.2560 | 0.0480 | 0.2068   | 0.0784   | 844     | 0.5105  | 103.9 | FAIL
PCA32+LogReg             | 0.2591 | 0.0559 | 0.2480 | 0.0480 | 0.2074   | 0.0811   | 844     | 0.5106  | 105.6 | FAIL
PCA16+VecWeighted        | 0.1465 | 0.1031 | 0.1440 | 0.0480 | 0.1239   | 0.1084   | 844     | 0.0222  | 101.5 | FAIL
PCA32+VecWeighted        | 0.1480 | 0.0748 | 0.1480 | 0.0480 | 0.1321   | 0.0854   | 844     | 0.0292  | 103.9 | FAIL
StabilizedWhitenedCosine | 0.5772 | 0.0583 | 0.5720 | 0.0480 | 0.4798   | 0.0779   | 844     | 0.7926  | 98.2  | FAIL

[trial=13 seed=56] GLOBAL mode — total_samples=200000
  total: h0=82063 h1=15019
  pooled_train:  n0=1270 n1=1270
  pooled_calib:  n0=250 n1=250
  pooled_eval:   n0=1270 n1=1270
  regions (for macro stats only): 1103
[INFO] Cosine baseline routed to direct Hadamard sum (PrecomputedCosine)
[INFO] WeightedEnsemble Cosine judge routed to direct Hadamard sum
  [Ensemble] Judges routed to 'alt' input: PrecomputedCosine
[WeightedEnsemble] Fitted weights (alpha=0.0500, external calib):
  tau=1.0988, Pooled external calib: TPR=0.5320, FPR=0.0480
  PrecomputedCosine   : +0.1817
  PCAWhitenedCosine   : +0.4603
  XGBoost             : +0.0868
  Tiny MLP            : +0.1854
  LDA                 : +0.0858

Method                   | TPR    | FPR    | TrTPR  | TrFPR  | MacroTPR | MacroFPR | Regions | TauMean | ms    | OK? 
---------------------------------------------------------------------------------------------------------------------
Cosine                   | 0.3921 | 0.0283 | 0.3480 | 0.0480 | 0.3547   | 0.0368   | 874     | 0.9819  | 100.9 | PASS
AndBox-HC                | 0.2882 | 0.0276 | 0.2600 | 0.0480 | 0.2513   | 0.0368   | 874     | 0.0000  | 58.5  | PASS
PCAWhitenedCosine        | 0.4488 | 0.0331 | 0.4400 | 0.0480 | 0.3692   | 0.0457   | 874     | 1.1704  | 96.3  | PASS
Vec (Wgt)                | 0.4480 | 0.0315 | 0.3960 | 0.0480 | 0.3910   | 0.0423   | 874     | 0.9660  | 96.7  | PASS
Log Reg                  | 0.2079 | 0.0346 | 0.2200 | 0.0480 | 0.1996   | 0.0478   | 874     | 0.5111  | 106.0 | PASS
LDA                      | 0.4724 | 0.0441 | 0.4640 | 0.0480 | 0.3647   | 0.0587   | 874     | 4.1162  | 100.0 | PASS
Tiny MLP                 | 0.5189 | 0.0433 | 0.5280 | 0.0480 | 0.4225   | 0.0596   | 874     | 0.8413  | 306.8 | PASS
MultiProtoCosine         | 0.0528 | 0.0252 | 0.0520 | 0.0480 | 0.0434   | 0.0281   | 874     | 0.9286  | 107.2 | PASS
WeightedEnsemble         | 0.5417 | 0.0433 | 0.5320 | 0.0480 | 0.4459   | 0.0565   | 874     | 1.0988  | 339.7 | PASS
XGBoost                  | 0.4126 | 0.0244 | 0.3880 | 0.0480 | 0.3551   | 0.0302   | 874     | 0.7423  | 71.6  | PASS
LDA1+LogReg              | 0.2079 | 0.0346 | 0.2200 | 0.0480 | 0.1996   | 0.0478   | 874     | 0.5112  | 102.7 | PASS
PCA16+LogReg             | 0.1969 | 0.0370 | 0.2200 | 0.0480 | 0.1870   | 0.0527   | 874     | 0.5109  | 107.3 | PASS
PCA32+LogReg             | 0.2031 | 0.0315 | 0.2240 | 0.0480 | 0.1944   | 0.0456   | 874     | 0.5110  | 109.1 | PASS
PCA16+VecWeighted        | 0.0512 | 0.0512 | 0.0400 | 0.0480 | 0.0430   | 0.0185   | 874     | 0.0380  | 104.9 | FAIL
PCA32+VecWeighted        | 0.0756 | 0.0535 | 0.0680 | 0.0480 | 0.0463   | 0.0140   | 874     | 0.0433  | 106.1 | FAIL
StabilizedWhitenedCosine | 0.4598 | 0.0307 | 0.4320 | 0.0480 | 0.3762   | 0.0418   | 874     | 1.0905  | 100.6 | PASS

[trial=14 seed=57] GLOBAL mode — total_samples=200000
  total: h0=82063 h1=15019
  pooled_train:  n0=1270 n1=1270
  pooled_calib:  n0=250 n1=250
  pooled_eval:   n0=1270 n1=1270
  regions (for macro stats only): 1103
[INFO] Cosine baseline routed to direct Hadamard sum (PrecomputedCosine)
[INFO] WeightedEnsemble Cosine judge routed to direct Hadamard sum
  [Ensemble] Judges routed to 'alt' input: PrecomputedCosine
[WeightedEnsemble] Fitted weights (alpha=0.0500, external calib):
  tau=0.8610, Pooled external calib: TPR=0.6520, FPR=0.0480
  PrecomputedCosine   : +0.4323
  PCAWhitenedCosine   : +0.1110
  XGBoost             : +0.2003
  Tiny MLP            : +0.2025
  LDA                 : +0.0539

Method                   | TPR    | FPR    | TrTPR  | TrFPR  | MacroTPR | MacroFPR | Regions | TauMean | ms    | OK? 
---------------------------------------------------------------------------------------------------------------------
Cosine                   | 0.4252 | 0.0339 | 0.4120 | 0.0480 | 0.3836   | 0.0573   | 851     | 0.9755  | 101.7 | PASS
AndBox-HC                | 0.3213 | 0.0252 | 0.2840 | 0.0480 | 0.2661   | 0.0433   | 851     | 0.0000  | 58.6  | PASS
PCAWhitenedCosine        | 0.5630 | 0.0520 | 0.5560 | 0.0480 | 0.4608   | 0.0848   | 851     | 0.8444  | 94.8  | FAIL
Vec (Wgt)                | 0.4394 | 0.0276 | 0.4280 | 0.0480 | 0.3653   | 0.0492   | 851     | 0.9775  | 94.6  | PASS
Log Reg                  | 0.1449 | 0.0260 | 0.1760 | 0.0480 | 0.1206   | 0.0402   | 851     | 0.5148  | 103.1 | PASS
LDA                      | 0.5094 | 0.0449 | 0.4960 | 0.0480 | 0.3974   | 0.0642   | 851     | 3.7275  | 98.5  | PASS
Tiny MLP                 | 0.5339 | 0.0535 | 0.4760 | 0.0480 | 0.4248   | 0.0786   | 851     | 0.8982  | 355.7 | FAIL
MultiProtoCosine         | 0.0937 | 0.0504 | 0.0840 | 0.0480 | 0.0677   | 0.0586   | 851     | 0.9232  | 106.3 | FAIL
WeightedEnsemble         | 0.6299 | 0.0630 | 0.6520 | 0.0480 | 0.5350   | 0.0960   | 851     | 0.8610  | 388.0 | FAIL
XGBoost                  | 0.4276 | 0.0291 | 0.4200 | 0.0480 | 0.3678   | 0.0501   | 851     | 0.7493  | 70.0  | PASS
LDA1+LogReg              | 0.1449 | 0.0260 | 0.1760 | 0.0480 | 0.1206   | 0.0402   | 851     | 0.5148  | 100.7 | PASS
PCA16+LogReg             | 0.1402 | 0.0228 | 0.1640 | 0.0480 | 0.1158   | 0.0357   | 851     | 0.5149  | 106.0 | PASS
PCA32+LogReg             | 0.1496 | 0.0252 | 0.1760 | 0.0480 | 0.1233   | 0.0396   | 851     | 0.5144  | 106.7 | PASS
PCA16+VecWeighted        | 0.1102 | 0.0543 | 0.0840 | 0.0480 | 0.1049   | 0.0568   | 851     | 0.0305  | 103.7 | FAIL
PCA32+VecWeighted        | 0.0937 | 0.0449 | 0.0600 | 0.0480 | 0.0884   | 0.0417   | 851     | 0.0361  | 105.6 | PASS
StabilizedWhitenedCosine | 0.5402 | 0.0472 | 0.5520 | 0.0480 | 0.4437   | 0.0781   | 851     | 0.9250  | 99.1  | PASS

[trial=15 seed=58] GLOBAL mode — total_samples=200000
  total: h0=82063 h1=15019
  pooled_train:  n0=1270 n1=1270
  pooled_calib:  n0=250 n1=250
  pooled_eval:   n0=1270 n1=1270
  regions (for macro stats only): 1103
[INFO] Cosine baseline routed to direct Hadamard sum (PrecomputedCosine)
[INFO] WeightedEnsemble Cosine judge routed to direct Hadamard sum
  [Ensemble] Judges routed to 'alt' input: PrecomputedCosine
[WeightedEnsemble] Fitted weights (alpha=0.0500, external calib):
  tau=0.8213, Pooled external calib: TPR=0.5600, FPR=0.0480
  PrecomputedCosine   : +0.2161
  PCAWhitenedCosine   : +0.5478
  XGBoost             : +0.0972
  Tiny MLP            : +0.1269
  LDA                 : +0.0120

Method                   | TPR    | FPR    | TrTPR  | TrFPR  | MacroTPR | MacroFPR | Regions | TauMean | ms    | OK? 
---------------------------------------------------------------------------------------------------------------------
Cosine                   | 0.4921 | 0.0646 | 0.4360 | 0.0480 | 0.4616   | 0.0927   | 843     | 0.9491  | 99.8  | FAIL
AndBox-HC                | 0.3693 | 0.0598 | 0.3120 | 0.0480 | 0.3573   | 0.0810   | 843     | 0.0000  | 58.5  | FAIL
PCAWhitenedCosine        | 0.5819 | 0.0701 | 0.5200 | 0.0480 | 0.4660   | 0.1004   | 843     | 0.8475  | 93.6  | FAIL
Vec (Wgt)                | 0.4984 | 0.0606 | 0.4440 | 0.0480 | 0.4552   | 0.0879   | 843     | 0.9465  | 93.8  | FAIL
Log Reg                  | 0.2630 | 0.0520 | 0.1920 | 0.0480 | 0.2189   | 0.0731   | 843     | 0.5101  | 101.3 | FAIL
LDA                      | 0.4598 | 0.0465 | 0.3800 | 0.0480 | 0.3634   | 0.0680   | 843     | 4.0876  | 96.8  | PASS
Tiny MLP                 | 0.5457 | 0.0575 | 0.4680 | 0.0480 | 0.4303   | 0.0895   | 843     | 0.8591  | 305.5 | FAIL
MultiProtoCosine         | 0.1063 | 0.0740 | 0.0640 | 0.0480 | 0.0766   | 0.0771   | 843     | 0.9214  | 104.4 | FAIL
WeightedEnsemble         | 0.6024 | 0.0717 | 0.5600 | 0.0480 | 0.4876   | 0.1020   | 843     | 0.8213  | 337.3 | FAIL
XGBoost                  | 0.4685 | 0.0504 | 0.4160 | 0.0480 | 0.4128   | 0.0720   | 843     | 0.7232  | 71.6  | FAIL
LDA1+LogReg              | 0.2685 | 0.0528 | 0.1960 | 0.0480 | 0.2211   | 0.0748   | 843     | 0.5101  | 99.6  | FAIL
PCA16+LogReg             | 0.2724 | 0.0528 | 0.1960 | 0.0480 | 0.2224   | 0.0733   | 843     | 0.5099  | 104.5 | FAIL
PCA32+LogReg             | 0.2693 | 0.0543 | 0.2040 | 0.0480 | 0.2221   | 0.0771   | 843     | 0.5098  | 105.6 | FAIL
PCA16+VecWeighted        | 0.0882 | 0.0528 | 0.1040 | 0.0480 | 0.0798   | 0.0641   | 843     | 0.0298  | 101.6 | FAIL
PCA32+VecWeighted        | 0.0890 | 0.0433 | 0.0960 | 0.0480 | 0.0779   | 0.0545   | 843     | 0.0332  | 103.5 | PASS
StabilizedWhitenedCosine | 0.6220 | 0.0803 | 0.5800 | 0.0480 | 0.5250   | 0.1101   | 843     | 0.6773  | 97.8  | FAIL

[trial=16 seed=59] GLOBAL mode — total_samples=200000
  total: h0=82063 h1=15019
  pooled_train:  n0=1270 n1=1270
  pooled_calib:  n0=250 n1=250
  pooled_eval:   n0=1270 n1=1270
  regions (for macro stats only): 1103
[INFO] Cosine baseline routed to direct Hadamard sum (PrecomputedCosine)
[INFO] WeightedEnsemble Cosine judge routed to direct Hadamard sum
  [Ensemble] Judges routed to 'alt' input: PrecomputedCosine
[WeightedEnsemble] Fitted weights (alpha=0.0500, external calib):
  tau=3.3837, Pooled external calib: TPR=0.5040, FPR=0.0480
  PrecomputedCosine   : +0.0000
  PCAWhitenedCosine   : +0.0000
  XGBoost             : +0.0000
  Tiny MLP            : +0.0000
  LDA                 : +1.0000

Method                   | TPR    | FPR    | TrTPR  | TrFPR  | MacroTPR | MacroFPR | Regions | TauMean | ms    | OK? 
---------------------------------------------------------------------------------------------------------------------
Cosine                   | 0.4630 | 0.0535 | 0.4560 | 0.0480 | 0.4110   | 0.0785   | 842     | 0.9547  | 100.1 | FAIL
AndBox-HC                | 0.4921 | 0.0724 | 0.5080 | 0.0480 | 0.4331   | 0.0976   | 842     | -0.0000 | 57.4  | FAIL
PCAWhitenedCosine        | 0.4598 | 0.0323 | 0.4120 | 0.0480 | 0.3725   | 0.0487   | 842     | 1.0848  | 93.6  | PASS
Vec (Wgt)                | 0.4748 | 0.0512 | 0.4560 | 0.0480 | 0.4092   | 0.0747   | 842     | 0.9496  | 93.5  | FAIL
Log Reg                  | 0.1661 | 0.0354 | 0.1840 | 0.0480 | 0.1437   | 0.0521   | 842     | 0.5133  | 101.8 | PASS
LDA                      | 0.5031 | 0.0583 | 0.5040 | 0.0480 | 0.4080   | 0.0800   | 842     | 3.3837  | 97.6  | FAIL
Tiny MLP                 | 0.4898 | 0.0528 | 0.4840 | 0.0480 | 0.3953   | 0.0733   | 842     | 0.8930  | 304.5 | FAIL
MultiProtoCosine         | 0.1016 | 0.0496 | 0.1000 | 0.0480 | 0.0821   | 0.0563   | 842     | 0.9214  | 104.9 | PASS
WeightedEnsemble         | 0.5031 | 0.0583 | 0.5040 | 0.0480 | 0.4080   | 0.0800   | 842     | 3.3837  | 336.1 | FAIL
XGBoost                  | 0.5079 | 0.0606 | 0.4880 | 0.0480 | 0.4268   | 0.0883   | 842     | 0.6840  | 70.9  | FAIL
LDA1+LogReg              | 0.1677 | 0.0362 | 0.1840 | 0.0480 | 0.1451   | 0.0539   | 842     | 0.5132  | 99.5  | PASS
PCA16+LogReg             | 0.1764 | 0.0378 | 0.1960 | 0.0480 | 0.1499   | 0.0547   | 842     | 0.5123  | 103.9 | PASS
PCA32+LogReg             | 0.1874 | 0.0386 | 0.1960 | 0.0480 | 0.1555   | 0.0565   | 842     | 0.5123  | 105.8 | PASS
PCA16+VecWeighted        | 0.0354 | 0.0449 | 0.0400 | 0.0480 | 0.0312   | 0.0203   | 842     | 0.0346  | 101.9 | PASS
PCA32+VecWeighted        | 0.0299 | 0.0402 | 0.0360 | 0.0480 | 0.0270   | 0.0234   | 842     | 0.0432  | 103.4 | PASS
StabilizedWhitenedCosine | 0.5079 | 0.0402 | 0.4760 | 0.0480 | 0.4157   | 0.0578   | 842     | 0.9194  | 97.3  | PASS

[trial=17 seed=60] GLOBAL mode — total_samples=200000
  total: h0=82063 h1=15019
  pooled_train:  n0=1270 n1=1270
  pooled_calib:  n0=250 n1=250
  pooled_eval:   n0=1270 n1=1270
  regions (for macro stats only): 1103
[INFO] Cosine baseline routed to direct Hadamard sum (PrecomputedCosine)
[INFO] WeightedEnsemble Cosine judge routed to direct Hadamard sum
  [Ensemble] Judges routed to 'alt' input: PrecomputedCosine
[WeightedEnsemble] Fitted weights (alpha=0.0500, external calib):
  tau=1.1559, Pooled external calib: TPR=0.5680, FPR=0.0480
  PrecomputedCosine   : +0.1270
  PCAWhitenedCosine   : +0.4131
  XGBoost             : +0.2315
  Tiny MLP            : +0.0777
  LDA                 : +0.1507

Method                   | TPR    | FPR    | TrTPR  | TrFPR  | MacroTPR | MacroFPR | Regions | TauMean | ms    | OK? 
---------------------------------------------------------------------------------------------------------------------
Cosine                   | 0.4480 | 0.0504 | 0.4640 | 0.0480 | 0.4154   | 0.0635   | 843     | 0.9680  | 100.4 | FAIL
AndBox-HC                | 0.2882 | 0.0378 | 0.3320 | 0.0480 | 0.2502   | 0.0424   | 843     | 0.0001  | 57.9  | PASS
PCAWhitenedCosine        | 0.4646 | 0.0378 | 0.4560 | 0.0480 | 0.3778   | 0.0551   | 843     | 1.0539  | 93.5  | PASS
Vec (Wgt)                | 0.4654 | 0.0480 | 0.4840 | 0.0480 | 0.4138   | 0.0612   | 843     | 0.9645  | 93.4  | PASS
Log Reg                  | 0.2709 | 0.0535 | 0.2360 | 0.0480 | 0.2399   | 0.0709   | 843     | 0.5099  | 101.8 | FAIL
LDA                      | 0.4866 | 0.0402 | 0.5200 | 0.0480 | 0.3881   | 0.0561   | 843     | 3.5213  | 96.6  | PASS
Tiny MLP                 | 0.5150 | 0.0394 | 0.5160 | 0.0480 | 0.4077   | 0.0575   | 843     | 0.8696  | 303.4 | PASS
MultiProtoCosine         | 0.1110 | 0.0504 | 0.1160 | 0.0480 | 0.0892   | 0.0554   | 843     | 0.9213  | 105.4 | FAIL
WeightedEnsemble         | 0.5299 | 0.0409 | 0.5680 | 0.0480 | 0.4293   | 0.0605   | 843     | 1.1559  | 334.3 | PASS
XGBoost                  | 0.4709 | 0.0535 | 0.4480 | 0.0480 | 0.4172   | 0.0705   | 843     | 0.7152  | 70.0  | FAIL
LDA1+LogReg              | 0.2709 | 0.0535 | 0.2360 | 0.0480 | 0.2399   | 0.0709   | 843     | 0.5100  | 100.4 | FAIL
PCA16+LogReg             | 0.2976 | 0.0630 | 0.2480 | 0.0480 | 0.2585   | 0.0798   | 843     | 0.5092  | 104.8 | FAIL
PCA32+LogReg             | 0.2835 | 0.0535 | 0.2480 | 0.0480 | 0.2522   | 0.0709   | 843     | 0.5093  | 106.7 | FAIL
PCA16+VecWeighted        | 0.1031 | 0.0543 | 0.1040 | 0.0480 | 0.0944   | 0.0522   | 843     | 0.0294  | 102.6 | FAIL
PCA32+VecWeighted        | 0.1425 | 0.0543 | 0.1320 | 0.0480 | 0.1107   | 0.0613   | 843     | 0.0317  | 104.0 | FAIL
StabilizedWhitenedCosine | 0.4189 | 0.0339 | 0.4080 | 0.0480 | 0.3368   | 0.0468   | 843     | 1.1011  | 98.6  | PASS

[trial=18 seed=61] GLOBAL mode — total_samples=200000
  total: h0=82063 h1=15019
  pooled_train:  n0=1270 n1=1270
  pooled_calib:  n0=250 n1=250
  pooled_eval:   n0=1270 n1=1270
  regions (for macro stats only): 1103
[INFO] Cosine baseline routed to direct Hadamard sum (PrecomputedCosine)
[INFO] WeightedEnsemble Cosine judge routed to direct Hadamard sum
  [Ensemble] Judges routed to 'alt' input: PrecomputedCosine
[WeightedEnsemble] Fitted weights (alpha=0.0500, external calib):
  tau=0.7261, Pooled external calib: TPR=0.6640, FPR=0.0480
  PrecomputedCosine   : +0.3209
  PCAWhitenedCosine   : +0.3118
  XGBoost             : +0.3183
  Tiny MLP            : +0.0373
  LDA                 : +0.0115

Method                   | TPR    | FPR    | TrTPR  | TrFPR  | MacroTPR | MacroFPR | Regions | TauMean | ms    | OK? 
---------------------------------------------------------------------------------------------------------------------
Cosine                   | 0.4047 | 0.0394 | 0.4200 | 0.0480 | 0.3554   | 0.0516   | 855     | 0.9748  | 101.3 | PASS
AndBox-HC                | 0.2937 | 0.0441 | 0.3320 | 0.0480 | 0.2653   | 0.0587   | 855     | 0.0000  | 58.7  | PASS
PCAWhitenedCosine        | 0.5906 | 0.0764 | 0.6160 | 0.0480 | 0.4866   | 0.1084   | 855     | 0.7127  | 95.1  | FAIL
Vec (Wgt)                | 0.4890 | 0.0528 | 0.5200 | 0.0480 | 0.4351   | 0.0732   | 855     | 0.9373  | 94.3  | FAIL
Log Reg                  | 0.2575 | 0.0480 | 0.2880 | 0.0480 | 0.2233   | 0.0673   | 855     | 0.5097  | 102.6 | PASS
LDA                      | 0.5441 | 0.0504 | 0.5720 | 0.0480 | 0.4397   | 0.0727   | 855     | 3.5678  | 98.2  | FAIL
Tiny MLP                 | 0.5961 | 0.0701 | 0.5960 | 0.0480 | 0.4897   | 0.1017   | 855     | 0.8263  | 305.6 | FAIL
MultiProtoCosine         | 0.0677 | 0.0417 | 0.1120 | 0.0480 | 0.0507   | 0.0486   | 855     | 0.9217  | 106.8 | PASS
WeightedEnsemble         | 0.6339 | 0.0740 | 0.6640 | 0.0480 | 0.5283   | 0.1036   | 855     | 0.7261  | 337.3 | FAIL
XGBoost                  | 0.4551 | 0.0417 | 0.4440 | 0.0480 | 0.3901   | 0.0591   | 855     | 0.7204  | 71.1  | PASS
LDA1+LogReg              | 0.2606 | 0.0480 | 0.2880 | 0.0480 | 0.2252   | 0.0673   | 855     | 0.5097  | 102.9 | PASS
PCA16+LogReg             | 0.2244 | 0.0386 | 0.2480 | 0.0480 | 0.1929   | 0.0530   | 855     | 0.5106  | 109.4 | PASS
PCA32+LogReg             | 0.2693 | 0.0520 | 0.2960 | 0.0480 | 0.2402   | 0.0725   | 855     | 0.5091  | 107.2 | FAIL
PCA16+VecWeighted        | 0.0496 | 0.0346 | 0.0680 | 0.0480 | 0.0429   | 0.0339   | 855     | 0.0348  | 103.2 | PASS
PCA32+VecWeighted        | 0.0890 | 0.0394 | 0.1000 | 0.0480 | 0.0700   | 0.0471   | 855     | 0.0363  | 104.9 | PASS
StabilizedWhitenedCosine | 0.5394 | 0.0583 | 0.5840 | 0.0440 | 0.4443   | 0.0808   | 855     | 0.8576  | 99.7  | FAIL

[trial=19 seed=62] GLOBAL mode — total_samples=200000
  total: h0=82063 h1=15019
  pooled_train:  n0=1270 n1=1270
  pooled_calib:  n0=250 n1=250
  pooled_eval:   n0=1270 n1=1270
  regions (for macro stats only): 1103
[INFO] Cosine baseline routed to direct Hadamard sum (PrecomputedCosine)
[INFO] WeightedEnsemble Cosine judge routed to direct Hadamard sum
  [Ensemble] Judges routed to 'alt' input: PrecomputedCosine
[WeightedEnsemble] Fitted weights (alpha=0.0500, external calib):
  tau=0.8441, Pooled external calib: TPR=0.5800, FPR=0.0480
  PrecomputedCosine   : +0.3209
  PCAWhitenedCosine   : +0.3118
  XGBoost             : +0.3183
  Tiny MLP            : +0.0373
  LDA                 : +0.0115

Method                   | TPR    | FPR    | TrTPR  | TrFPR  | MacroTPR | MacroFPR | Regions | TauMean | ms    | OK? 
---------------------------------------------------------------------------------------------------------------------
Cosine                   | 0.4811 | 0.0598 | 0.5240 | 0.0480 | 0.4417   | 0.0766   | 864     | 0.9451  | 99.9  | FAIL
AndBox-HC                | 0.5307 | 0.0811 | 0.5520 | 0.0480 | 0.4879   | 0.1046   | 864     | 0.0000  | 62.2  | FAIL
PCAWhitenedCosine        | 0.5693 | 0.0567 | 0.5680 | 0.0480 | 0.4663   | 0.0770   | 864     | 0.9141  | 95.3  | FAIL
Vec (Wgt)                | 0.5409 | 0.0748 | 0.5840 | 0.0480 | 0.4947   | 0.0982   | 864     | 0.9243  | 95.6  | FAIL
Log Reg                  | 0.2606 | 0.0567 | 0.2600 | 0.0480 | 0.2265   | 0.0665   | 864     | 0.5114  | 104.1 | FAIL
LDA                      | 0.5795 | 0.0630 | 0.5720 | 0.0480 | 0.4687   | 0.0830   | 864     | 3.2624  | 98.4  | FAIL
Tiny MLP                 | 0.5598 | 0.0520 | 0.5400 | 0.0480 | 0.4482   | 0.0732   | 864     | 0.8801  | 306.1 | FAIL
MultiProtoCosine         | 0.0929 | 0.0567 | 0.0880 | 0.0480 | 0.0798   | 0.0609   | 864     | 0.9237  | 107.1 | FAIL
WeightedEnsemble         | 0.5850 | 0.0551 | 0.5800 | 0.0480 | 0.4884   | 0.0770   | 864     | 0.8441  | 338.9 | FAIL
XGBoost                  | 0.5488 | 0.0567 | 0.5680 | 0.0480 | 0.4913   | 0.0799   | 864     | 0.6815  | 72.1  | FAIL
LDA1+LogReg              | 0.2709 | 0.0575 | 0.2600 | 0.0480 | 0.2335   | 0.0671   | 864     | 0.5113  | 102.2 | FAIL
PCA16+LogReg             | 0.2567 | 0.0559 | 0.2640 | 0.0480 | 0.2271   | 0.0673   | 864     | 0.5112  | 106.1 | FAIL
PCA32+LogReg             | 0.2803 | 0.0598 | 0.2800 | 0.0480 | 0.2455   | 0.0710   | 864     | 0.5106  | 107.7 | FAIL
PCA16+VecWeighted        | 0.0039 | 0.0244 | 0.0080 | 0.0480 | 0.0080   | 0.0084   | 864     | 0.0433  | 104.1 | PASS
PCA32+VecWeighted        | 0.0087 | 0.0323 | 0.0200 | 0.0480 | 0.0117   | 0.0127   | 864     | 0.0507  | 105.1 | PASS
StabilizedWhitenedCosine | 0.5504 | 0.0504 | 0.5520 | 0.0480 | 0.4588   | 0.0685   | 864     | 0.9514  | 101.0 | FAIL

[trial=20 seed=63] GLOBAL mode — total_samples=200000
  total: h0=82063 h1=15019
  pooled_train:  n0=1270 n1=1270
  pooled_calib:  n0=250 n1=250
  pooled_eval:   n0=1270 n1=1270
  regions (for macro stats only): 1103
[INFO] Cosine baseline routed to direct Hadamard sum (PrecomputedCosine)
[INFO] WeightedEnsemble Cosine judge routed to direct Hadamard sum
  [Ensemble] Judges routed to 'alt' input: PrecomputedCosine
[WeightedEnsemble] Fitted weights (alpha=0.0500, external calib):
  tau=0.8374, Pooled external calib: TPR=0.5720, FPR=0.0480
  PrecomputedCosine   : +0.2610
  PCAWhitenedCosine   : +0.2348
  XGBoost             : +0.2127
  Tiny MLP            : +0.2846
  LDA                 : +0.0070

Method                   | TPR    | FPR    | TrTPR  | TrFPR  | MacroTPR | MacroFPR | Regions | TauMean | ms    | OK? 
---------------------------------------------------------------------------------------------------------------------
Cosine                   | 0.4638 | 0.0465 | 0.4640 | 0.0480 | 0.4110   | 0.0623   | 866     | 0.9669  | 100.9 | PASS
AndBox-HC                | 0.3520 | 0.0402 | 0.3640 | 0.0480 | 0.2994   | 0.0541   | 866     | 0.0000  | 59.5  | PASS
PCAWhitenedCosine        | 0.5016 | 0.0394 | 0.4880 | 0.0480 | 0.4052   | 0.0606   | 866     | 0.9874  | 96.1  | PASS
Vec (Wgt)                | 0.5000 | 0.0496 | 0.4920 | 0.0480 | 0.4314   | 0.0711   | 866     | 0.9528  | 96.7  | PASS
Log Reg                  | 0.1898 | 0.0449 | 0.1880 | 0.0480 | 0.1811   | 0.0549   | 866     | 0.5121  | 105.7 | PASS
LDA                      | 0.3906 | 0.0299 | 0.4000 | 0.0480 | 0.3158   | 0.0430   | 866     | 4.4926  | 102.6 | PASS
Tiny MLP                 | 0.4480 | 0.0465 | 0.4600 | 0.0480 | 0.3754   | 0.0629   | 866     | 0.9113  | 306.6 | PASS
MultiProtoCosine         | 0.0874 | 0.0654 | 0.0880 | 0.0480 | 0.0744   | 0.0722   | 866     | 0.9228  | 107.8 | FAIL
WeightedEnsemble         | 0.5520 | 0.0465 | 0.5720 | 0.0480 | 0.4619   | 0.0731   | 866     | 0.8374  | 339.3 | PASS
XGBoost                  | 0.4945 | 0.0512 | 0.5000 | 0.0480 | 0.4212   | 0.0660   | 866     | 0.7013  | 73.4  | FAIL
LDA1+LogReg              | 0.1913 | 0.0449 | 0.1920 | 0.0480 | 0.1817   | 0.0549   | 866     | 0.5121  | 102.1 | PASS
PCA16+LogReg             | 0.1795 | 0.0433 | 0.1880 | 0.0480 | 0.1692   | 0.0538   | 866     | 0.5122  | 107.0 | PASS
PCA32+LogReg             | 0.2110 | 0.0457 | 0.2080 | 0.0480 | 0.1900   | 0.0565   | 866     | 0.5115  | 109.4 | PASS
PCA16+VecWeighted        | 0.0709 | 0.0685 | 0.0920 | 0.0480 | 0.0623   | 0.0622   | 866     | 0.0281  | 104.9 | FAIL
PCA32+VecWeighted        | 0.0638 | 0.0567 | 0.0680 | 0.0480 | 0.0512   | 0.0338   | 866     | 0.0368  | 106.8 | FAIL
StabilizedWhitenedCosine | 0.4874 | 0.0433 | 0.4800 | 0.0480 | 0.4085   | 0.0611   | 866     | 0.9647  | 100.8 | PASS

[trial=21 seed=64] GLOBAL mode — total_samples=200000
  total: h0=82063 h1=15019
  pooled_train:  n0=1270 n1=1270
  pooled_calib:  n0=250 n1=250
  pooled_eval:   n0=1270 n1=1270
  regions (for macro stats only): 1103
[INFO] Cosine baseline routed to direct Hadamard sum (PrecomputedCosine)
[INFO] WeightedEnsemble Cosine judge routed to direct Hadamard sum
  [Ensemble] Judges routed to 'alt' input: PrecomputedCosine
[WeightedEnsemble] Fitted weights (alpha=0.0500, external calib):
  tau=0.7652, Pooled external calib: TPR=0.6800, FPR=0.0480
  PrecomputedCosine   : +0.2204
  PCAWhitenedCosine   : +0.3145
  XGBoost             : +0.1972
  Tiny MLP            : +0.2559
  LDA                 : +0.0120

Method                   | TPR    | FPR    | TrTPR  | TrFPR  | MacroTPR | MacroFPR | Regions | TauMean | ms    | OK? 
---------------------------------------------------------------------------------------------------------------------
Cosine                   | 0.4874 | 0.0520 | 0.5040 | 0.0480 | 0.4256   | 0.0756   | 866     | 0.9491  | 97.8  | FAIL
AndBox-HC                | 0.4315 | 0.0496 | 0.4400 | 0.0480 | 0.3796   | 0.0705   | 866     | 0.0000  | 59.0  | PASS
PCAWhitenedCosine        | 0.6024 | 0.0622 | 0.6480 | 0.0480 | 0.4860   | 0.0799   | 866     | 0.7701  | 95.4  | FAIL
Vec (Wgt)                | 0.5354 | 0.0543 | 0.5600 | 0.0480 | 0.4608   | 0.0815   | 866     | 0.9314  | 95.0  | FAIL
Log Reg                  | 0.2685 | 0.0622 | 0.2880 | 0.0480 | 0.2148   | 0.0803   | 866     | 0.5108  | 102.2 | FAIL
LDA                      | 0.5898 | 0.0685 | 0.6200 | 0.0480 | 0.4886   | 0.0925   | 866     | 3.4068  | 98.5  | FAIL
Tiny MLP                 | 0.6465 | 0.0827 | 0.6800 | 0.0480 | 0.5297   | 0.1091   | 866     | 0.7933  | 302.8 | FAIL
MultiProtoCosine         | 0.0890 | 0.0370 | 0.0720 | 0.0480 | 0.0613   | 0.0395   | 866     | 0.9243  | 105.7 | PASS
WeightedEnsemble         | 0.6291 | 0.0693 | 0.6800 | 0.0480 | 0.5263   | 0.0912   | 866     | 0.7652  | 335.3 | FAIL
XGBoost                  | 0.5165 | 0.0535 | 0.4960 | 0.0480 | 0.4251   | 0.0748   | 866     | 0.7058  | 71.1  | FAIL
LDA1+LogReg              | 0.2685 | 0.0630 | 0.2880 | 0.0480 | 0.2148   | 0.0809   | 866     | 0.5108  | 101.2 | FAIL
PCA16+LogReg             | 0.2567 | 0.0583 | 0.2720 | 0.0480 | 0.2068   | 0.0763   | 866     | 0.5109  | 105.9 | FAIL
PCA32+LogReg             | 0.2843 | 0.0654 | 0.3000 | 0.0480 | 0.2334   | 0.0809   | 866     | 0.5098  | 107.3 | FAIL
PCA16+VecWeighted        | 0.0780 | 0.0409 | 0.0720 | 0.0480 | 0.0744   | 0.0442   | 866     | 0.0291  | 103.5 | PASS
PCA32+VecWeighted        | 0.0709 | 0.0598 | 0.0680 | 0.0480 | 0.0747   | 0.0438   | 866     | 0.0337  | 104.9 | FAIL
StabilizedWhitenedCosine | 0.5921 | 0.0685 | 0.6280 | 0.0480 | 0.4791   | 0.0918   | 866     | 0.7250  | 99.6  | FAIL

[trial=22 seed=65] GLOBAL mode — total_samples=200000
  total: h0=82063 h1=15019
  pooled_train:  n0=1270 n1=1270
  pooled_calib:  n0=250 n1=250
  pooled_eval:   n0=1270 n1=1270
  regions (for macro stats only): 1103
[INFO] Cosine baseline routed to direct Hadamard sum (PrecomputedCosine)
[INFO] WeightedEnsemble Cosine judge routed to direct Hadamard sum
  [Ensemble] Judges routed to 'alt' input: PrecomputedCosine
[WeightedEnsemble] Fitted weights (alpha=0.0500, external calib):
  tau=0.7190, Pooled external calib: TPR=0.6760, FPR=0.0480
  PrecomputedCosine   : +0.2610
  PCAWhitenedCosine   : +0.2348
  XGBoost             : +0.2127
  Tiny MLP            : +0.2846
  LDA                 : +0.0070

Method                   | TPR    | FPR    | TrTPR  | TrFPR  | MacroTPR | MacroFPR | Regions | TauMean | ms    | OK? 
---------------------------------------------------------------------------------------------------------------------
Cosine                   | 0.4740 | 0.0504 | 0.4920 | 0.0480 | 0.4517   | 0.0710   | 852     | 0.9521  | 100.6 | FAIL
AndBox-HC                | 0.4181 | 0.0504 | 0.4600 | 0.0480 | 0.4069   | 0.0711   | 852     | 0.0000  | 57.7  | FAIL
PCAWhitenedCosine        | 0.6126 | 0.0724 | 0.6280 | 0.0480 | 0.5168   | 0.1064   | 852     | 0.6788  | 93.9  | FAIL
Vec (Wgt)                | 0.5449 | 0.0622 | 0.5680 | 0.0480 | 0.5136   | 0.0908   | 852     | 0.9165  | 93.5  | FAIL
Log Reg                  | 0.3220 | 0.0457 | 0.3160 | 0.0480 | 0.2684   | 0.0657   | 852     | 0.5081  | 101.9 | PASS
LDA                      | 0.5339 | 0.0488 | 0.5800 | 0.0480 | 0.4366   | 0.0730   | 852     | 3.4555  | 97.1  | PASS
Tiny MLP                 | 0.6189 | 0.0654 | 0.6440 | 0.0480 | 0.5145   | 0.0970   | 852     | 0.7965  | 303.6 | FAIL
MultiProtoCosine         | 0.0874 | 0.0528 | 0.0600 | 0.0480 | 0.0730   | 0.0691   | 852     | 0.9209  | 104.2 | FAIL
WeightedEnsemble         | 0.6575 | 0.0717 | 0.6760 | 0.0480 | 0.5689   | 0.1084   | 852     | 0.7190  | 334.8 | FAIL
XGBoost                  | 0.5165 | 0.0480 | 0.5400 | 0.0480 | 0.4668   | 0.0689   | 852     | 0.6870  | 70.9  | PASS
LDA1+LogReg              | 0.3126 | 0.0449 | 0.3080 | 0.0480 | 0.2580   | 0.0639   | 852     | 0.5086  | 98.9  | PASS
PCA16+LogReg             | 0.3126 | 0.0465 | 0.3040 | 0.0480 | 0.2591   | 0.0658   | 852     | 0.5084  | 103.9 | PASS
PCA32+LogReg             | 0.3110 | 0.0457 | 0.3040 | 0.0480 | 0.2563   | 0.0652   | 852     | 0.5085  | 105.6 | PASS
PCA16+VecWeighted        | 0.0992 | 0.0346 | 0.0880 | 0.0480 | 0.0789   | 0.0412   | 852     | 0.0311  | 101.5 | PASS
PCA32+VecWeighted        | 0.1638 | 0.0693 | 0.1360 | 0.0480 | 0.1387   | 0.0738   | 852     | 0.0272  | 103.4 | FAIL
StabilizedWhitenedCosine | 0.6354 | 0.0835 | 0.6600 | 0.0480 | 0.5514   | 0.1188   | 852     | 0.5731  | 98.7  | FAIL

[trial=23 seed=66] GLOBAL mode — total_samples=200000
  total: h0=82063 h1=15019
  pooled_train:  n0=1270 n1=1270
  pooled_calib:  n0=250 n1=250
  pooled_eval:   n0=1270 n1=1270
  regions (for macro stats only): 1103
[INFO] Cosine baseline routed to direct Hadamard sum (PrecomputedCosine)
[INFO] WeightedEnsemble Cosine judge routed to direct Hadamard sum
  [Ensemble] Judges routed to 'alt' input: PrecomputedCosine
[WeightedEnsemble] Fitted weights (alpha=0.0500, external calib):
  tau=1.0323, Pooled external calib: TPR=0.5880, FPR=0.0480
  PrecomputedCosine   : +0.1287
  PCAWhitenedCosine   : +0.3555
  XGBoost             : +0.1143
  Tiny MLP            : +0.2967
  LDA                 : +0.1048

Method                   | TPR    | FPR    | TrTPR  | TrFPR  | MacroTPR | MacroFPR | Regions | TauMean | ms    | OK? 
---------------------------------------------------------------------------------------------------------------------
Cosine                   | 0.4220 | 0.0323 | 0.4360 | 0.0480 | 0.3768   | 0.0512   | 854     | 0.9729  | 95.5  | PASS
AndBox-HC                | 0.3315 | 0.0386 | 0.3360 | 0.0480 | 0.3011   | 0.0566   | 854     | 0.0000  | 58.4  | PASS
PCAWhitenedCosine        | 0.5268 | 0.0457 | 0.5520 | 0.0480 | 0.4221   | 0.0715   | 854     | 0.9649  | 94.5  | PASS
Vec (Wgt)                | 0.4189 | 0.0307 | 0.4520 | 0.0480 | 0.3623   | 0.0482   | 854     | 0.9729  | 94.2  | PASS
Log Reg                  | 0.1953 | 0.0291 | 0.1800 | 0.0480 | 0.1708   | 0.0442   | 854     | 0.5127  | 103.7 | PASS
LDA                      | 0.4874 | 0.0402 | 0.5120 | 0.0480 | 0.3805   | 0.0557   | 854     | 3.7049  | 98.8  | PASS
Tiny MLP                 | 0.5110 | 0.0441 | 0.5040 | 0.0480 | 0.4165   | 0.0615   | 854     | 0.8707  | 306.3 | PASS
MultiProtoCosine         | 0.0780 | 0.0472 | 0.0600 | 0.0480 | 0.0574   | 0.0556   | 854     | 0.9251  | 105.7 | PASS
WeightedEnsemble         | 0.5866 | 0.0504 | 0.5880 | 0.0480 | 0.4677   | 0.0738   | 854     | 1.0323  | 338.4 | FAIL
XGBoost                  | 0.5000 | 0.0449 | 0.5040 | 0.0480 | 0.4384   | 0.0700   | 854     | 0.6961  | 69.5  | PASS
LDA1+LogReg              | 0.1961 | 0.0291 | 0.1800 | 0.0480 | 0.1717   | 0.0442   | 854     | 0.5127  | 102.0 | PASS
PCA16+LogReg             | 0.2110 | 0.0331 | 0.2040 | 0.0480 | 0.1808   | 0.0483   | 854     | 0.5115  | 106.8 | PASS
PCA32+LogReg             | 0.2150 | 0.0339 | 0.2000 | 0.0480 | 0.1881   | 0.0500   | 854     | 0.5115  | 108.1 | PASS
PCA16+VecWeighted        | 0.0354 | 0.0394 | 0.0720 | 0.0480 | 0.0412   | 0.0340   | 854     | 0.0300  | 105.1 | PASS
PCA32+VecWeighted        | 0.0819 | 0.0496 | 0.0960 | 0.0480 | 0.0741   | 0.0468   | 854     | 0.0329  | 106.1 | PASS
StabilizedWhitenedCosine | 0.5220 | 0.0441 | 0.5480 | 0.0480 | 0.4193   | 0.0698   | 854     | 0.9278  | 99.9  | PASS

[trial=24 seed=67] GLOBAL mode — total_samples=200000
  total: h0=82063 h1=15019
  pooled_train:  n0=1270 n1=1270
  pooled_calib:  n0=250 n1=250
  pooled_eval:   n0=1270 n1=1270
  regions (for macro stats only): 1103
[INFO] Cosine baseline routed to direct Hadamard sum (PrecomputedCosine)
[INFO] WeightedEnsemble Cosine judge routed to direct Hadamard sum
  [Ensemble] Judges routed to 'alt' input: PrecomputedCosine
[WeightedEnsemble] Fitted weights (alpha=0.0500, external calib):
  tau=0.9004, Pooled external calib: TPR=0.5040, FPR=0.0480
  PrecomputedCosine   : +0.3209
  PCAWhitenedCosine   : +0.3118
  XGBoost             : +0.3183
  Tiny MLP            : +0.0373
  LDA                 : +0.0115

Method                   | TPR    | FPR    | TrTPR  | TrFPR  | MacroTPR | MacroFPR | Regions | TauMean | ms    | OK? 
---------------------------------------------------------------------------------------------------------------------
Cosine                   | 0.4654 | 0.0472 | 0.4440 | 0.0480 | 0.4315   | 0.0737   | 863     | 0.9597  | 99.5  | PASS
AndBox-HC                | 0.4079 | 0.0457 | 0.3840 | 0.0480 | 0.3958   | 0.0647   | 863     | 0.0000  | 58.9  | PASS
PCAWhitenedCosine        | 0.5000 | 0.0449 | 0.4760 | 0.0480 | 0.3982   | 0.0722   | 863     | 1.0546  | 96.0  | PASS
Vec (Wgt)                | 0.4976 | 0.0472 | 0.4760 | 0.0480 | 0.4506   | 0.0766   | 863     | 0.9370  | 94.9  | PASS
Log Reg                  | 0.2260 | 0.0354 | 0.1840 | 0.0480 | 0.1917   | 0.0562   | 863     | 0.5109  | 103.4 | PASS
LDA                      | 0.4331 | 0.0331 | 0.4440 | 0.0480 | 0.3472   | 0.0535   | 863     | 4.1606  | 99.0  | PASS
Tiny MLP                 | 0.4236 | 0.0299 | 0.4040 | 0.0480 | 0.3325   | 0.0517   | 863     | 0.9087  | 305.3 | PASS
MultiProtoCosine         | 0.0756 | 0.0362 | 0.0680 | 0.0480 | 0.0614   | 0.0427   | 863     | 0.9247  | 106.3 | PASS
WeightedEnsemble         | 0.5205 | 0.0394 | 0.5040 | 0.0480 | 0.4295   | 0.0622   | 863     | 0.9004  | 336.4 | PASS
XGBoost                  | 0.4339 | 0.0331 | 0.3840 | 0.0480 | 0.3680   | 0.0519   | 863     | 0.7404  | 71.6  | PASS
LDA1+LogReg              | 0.2260 | 0.0354 | 0.1960 | 0.0480 | 0.1917   | 0.0562   | 863     | 0.5109  | 101.5 | PASS
PCA16+LogReg             | 0.2425 | 0.0425 | 0.2040 | 0.0480 | 0.2033   | 0.0624   | 863     | 0.5100  | 105.7 | PASS
PCA32+LogReg             | 0.2386 | 0.0362 | 0.2040 | 0.0480 | 0.2014   | 0.0571   | 863     | 0.5103  | 106.7 | PASS
PCA16+VecWeighted        | 0.1449 | 0.0740 | 0.1400 | 0.0480 | 0.1101   | 0.0577   | 863     | 0.0273  | 102.7 | FAIL
PCA32+VecWeighted        | 0.1236 | 0.0819 | 0.1200 | 0.0480 | 0.1094   | 0.0554   | 863     | 0.0304  | 104.4 | FAIL
StabilizedWhitenedCosine | 0.4669 | 0.0402 | 0.4560 | 0.0480 | 0.3711   | 0.0637   | 863     | 1.0594  | 99.2  | PASS

[trial=25 seed=68] GLOBAL mode — total_samples=200000
  total: h0=82063 h1=15019
  pooled_train:  n0=1270 n1=1270
  pooled_calib:  n0=250 n1=250
  pooled_eval:   n0=1270 n1=1270
  regions (for macro stats only): 1103
[INFO] Cosine baseline routed to direct Hadamard sum (PrecomputedCosine)
[INFO] WeightedEnsemble Cosine judge routed to direct Hadamard sum
  [Ensemble] Judges routed to 'alt' input: PrecomputedCosine
[WeightedEnsemble] Fitted weights (alpha=0.0500, external calib):
  tau=0.8355, Pooled external calib: TPR=0.6440, FPR=0.0480
  PrecomputedCosine   : +0.0477
  PCAWhitenedCosine   : +0.4884
  XGBoost             : +0.3290
  Tiny MLP            : +0.0838
  LDA                 : +0.0511

Method                   | TPR    | FPR    | TrTPR  | TrFPR  | MacroTPR | MacroFPR | Regions | TauMean | ms    | OK? 
---------------------------------------------------------------------------------------------------------------------
Cosine                   | 0.4299 | 0.0433 | 0.5400 | 0.0480 | 0.4058   | 0.0637   | 866     | 0.9642  | 101.2 | PASS
AndBox-HC                | 0.4276 | 0.0480 | 0.4800 | 0.0480 | 0.3979   | 0.0674   | 866     | 0.0000  | 62.0  | PASS
PCAWhitenedCosine        | 0.5331 | 0.0488 | 0.5840 | 0.0480 | 0.4310   | 0.0753   | 866     | 0.8877  | 94.8  | PASS
Vec (Wgt)                | 0.4449 | 0.0354 | 0.5160 | 0.0480 | 0.3936   | 0.0582   | 866     | 0.9538  | 95.9  | PASS
Log Reg                  | 0.1457 | 0.0236 | 0.1320 | 0.0480 | 0.1264   | 0.0359   | 866     | 0.5150  | 103.4 | PASS
LDA                      | 0.5031 | 0.0409 | 0.5160 | 0.0480 | 0.4039   | 0.0610   | 866     | 3.8614  | 99.1  | PASS
Tiny MLP                 | 0.5024 | 0.0472 | 0.5160 | 0.0480 | 0.4073   | 0.0721   | 866     | 0.8946  | 304.6 | PASS
MultiProtoCosine         | 0.0937 | 0.0370 | 0.0840 | 0.0480 | 0.0693   | 0.0442   | 866     | 0.9232  | 107.0 | PASS
WeightedEnsemble         | 0.5913 | 0.0512 | 0.6440 | 0.0480 | 0.4969   | 0.0781   | 866     | 0.8355  | 335.8 | FAIL
XGBoost                  | 0.5016 | 0.0465 | 0.5560 | 0.0480 | 0.4397   | 0.0686   | 866     | 0.6870  | 71.1  | PASS
LDA1+LogReg              | 0.1472 | 0.0236 | 0.1360 | 0.0480 | 0.1276   | 0.0359   | 866     | 0.5150  | 101.4 | PASS
PCA16+LogReg             | 0.1465 | 0.0220 | 0.1360 | 0.0480 | 0.1204   | 0.0331   | 866     | 0.5148  | 106.0 | PASS
PCA32+LogReg             | 0.1394 | 0.0205 | 0.1320 | 0.0480 | 0.1188   | 0.0323   | 866     | 0.5150  | 107.9 | PASS
PCA16+VecWeighted        | 0.0299 | 0.0386 | 0.0440 | 0.0480 | 0.0285   | 0.0370   | 866     | 0.0350  | 104.5 | PASS
PCA32+VecWeighted        | 0.0276 | 0.0339 | 0.0520 | 0.0480 | 0.0258   | 0.0375   | 866     | 0.0383  | 105.4 | PASS
StabilizedWhitenedCosine | 0.5291 | 0.0496 | 0.5800 | 0.0480 | 0.4464   | 0.0773   | 866     | 0.8442  | 99.6  | PASS

[trial=26 seed=69] GLOBAL mode — total_samples=200000
  total: h0=82063 h1=15019
  pooled_train:  n0=1270 n1=1270
  pooled_calib:  n0=250 n1=250
  pooled_eval:   n0=1270 n1=1270
  regions (for macro stats only): 1103
[INFO] Cosine baseline routed to direct Hadamard sum (PrecomputedCosine)
[INFO] WeightedEnsemble Cosine judge routed to direct Hadamard sum
  [Ensemble] Judges routed to 'alt' input: PrecomputedCosine
[WeightedEnsemble] Fitted weights (alpha=0.0500, external calib):
  tau=1.1912, Pooled external calib: TPR=0.5960, FPR=0.0480
  PrecomputedCosine   : +0.2384
  PCAWhitenedCosine   : +0.0694
  XGBoost             : +0.3911
  Tiny MLP            : +0.1122
  LDA                 : +0.1888

Method                   | TPR    | FPR    | TrTPR  | TrFPR  | MacroTPR | MacroFPR | Regions | TauMean | ms    | OK? 
---------------------------------------------------------------------------------------------------------------------
Cosine                   | 0.3323 | 0.0283 | 0.3200 | 0.0480 | 0.2951   | 0.0395   | 850     | 0.9920  | 100.2 | PASS
AndBox-HC                | 0.2953 | 0.0362 | 0.2520 | 0.0480 | 0.2698   | 0.0457   | 850     | 0.0001  | 58.8  | PASS
PCAWhitenedCosine        | 0.4953 | 0.0417 | 0.4840 | 0.0480 | 0.3969   | 0.0617   | 850     | 1.0891  | 94.1  | PASS
Vec (Wgt)                | 0.3961 | 0.0291 | 0.3800 | 0.0480 | 0.3332   | 0.0412   | 850     | 0.9803  | 94.3  | PASS
Log Reg                  | 0.2323 | 0.0661 | 0.1920 | 0.0480 | 0.2134   | 0.0812   | 850     | 0.5131  | 102.6 | FAIL
LDA                      | 0.4732 | 0.0535 | 0.4800 | 0.0480 | 0.3718   | 0.0754   | 850     | 4.0851  | 98.1  | FAIL
Tiny MLP                 | 0.4654 | 0.0346 | 0.4560 | 0.0480 | 0.3625   | 0.0541   | 850     | 0.8967  | 303.5 | PASS
MultiProtoCosine         | 0.0984 | 0.0906 | 0.1000 | 0.0480 | 0.0943   | 0.0833   | 850     | 0.9215  | 106.2 | FAIL
WeightedEnsemble         | 0.5850 | 0.0661 | 0.5960 | 0.0480 | 0.4660   | 0.0953   | 850     | 1.1912  | 336.0 | FAIL
XGBoost                  | 0.4244 | 0.0331 | 0.3960 | 0.0480 | 0.3668   | 0.0471   | 850     | 0.7344  | 71.6  | PASS
LDA1+LogReg              | 0.2331 | 0.0669 | 0.1920 | 0.0480 | 0.2143   | 0.0829   | 850     | 0.5131  | 100.7 | FAIL
PCA16+LogReg             | 0.2504 | 0.0740 | 0.2080 | 0.0480 | 0.2265   | 0.0884   | 850     | 0.5123  | 105.3 | FAIL
PCA32+LogReg             | 0.2535 | 0.0724 | 0.2040 | 0.0480 | 0.2288   | 0.0878   | 850     | 0.5121  | 107.1 | FAIL
PCA16+VecWeighted        | 0.0016 | 0.0370 | 0.0080 | 0.0480 | 0.0022   | 0.0095   | 850     | 0.0386  | 103.0 | PASS
PCA32+VecWeighted        | 0.0118 | 0.0449 | 0.0160 | 0.0480 | 0.0197   | 0.0178   | 850     | 0.0417  | 104.5 | PASS
StabilizedWhitenedCosine | 0.4165 | 0.0244 | 0.3920 | 0.0480 | 0.3293   | 0.0349   | 850     | 1.2206  | 98.9  | PASS

[trial=27 seed=70] GLOBAL mode — total_samples=200000
  total: h0=82063 h1=15019
  pooled_train:  n0=1270 n1=1270
  pooled_calib:  n0=250 n1=250
  pooled_eval:   n0=1270 n1=1270
  regions (for macro stats only): 1103
[INFO] Cosine baseline routed to direct Hadamard sum (PrecomputedCosine)
[INFO] WeightedEnsemble Cosine judge routed to direct Hadamard sum
  [Ensemble] Judges routed to 'alt' input: PrecomputedCosine
[WeightedEnsemble] Fitted weights (alpha=0.0500, external calib):
  tau=1.6113, Pooled external calib: TPR=0.6040, FPR=0.0480
  PrecomputedCosine   : +0.3065
  PCAWhitenedCosine   : +0.0158
  XGBoost             : +0.1014
  Tiny MLP            : +0.1508
  LDA                 : +0.4254

Method                   | TPR    | FPR    | TrTPR  | TrFPR  | MacroTPR | MacroFPR | Regions | TauMean | ms    | OK? 
---------------------------------------------------------------------------------------------------------------------
Cosine                   | 0.4150 | 0.0339 | 0.3200 | 0.0480 | 0.3680   | 0.0539   | 862     | 0.9806  | 101.1 | PASS
AndBox-HC                | 0.4346 | 0.0520 | 0.3760 | 0.0480 | 0.4018   | 0.0780   | 862     | 0.0001  | 58.5  | FAIL
PCAWhitenedCosine        | 0.4740 | 0.0339 | 0.4240 | 0.0480 | 0.3659   | 0.0537   | 862     | 1.1310  | 95.0  | PASS
Vec (Wgt)                | 0.4465 | 0.0331 | 0.3760 | 0.0480 | 0.3744   | 0.0516   | 862     | 0.9700  | 94.9  | PASS
Log Reg                  | 0.2630 | 0.0575 | 0.2480 | 0.0480 | 0.2251   | 0.0712   | 862     | 0.5111  | 102.4 | FAIL
LDA                      | 0.5835 | 0.0685 | 0.5960 | 0.0480 | 0.4694   | 0.0928   | 862     | 2.7128  | 98.7  | FAIL
Tiny MLP                 | 0.5425 | 0.0567 | 0.5160 | 0.0480 | 0.4366   | 0.0834   | 862     | 0.8768  | 305.6 | FAIL
MultiProtoCosine         | 0.1047 | 0.0472 | 0.1120 | 0.0480 | 0.0845   | 0.0560   | 862     | 0.9229  | 105.2 | PASS
WeightedEnsemble         | 0.5835 | 0.0693 | 0.6040 | 0.0480 | 0.4674   | 0.0951   | 862     | 1.6113  | 457.2 | FAIL
XGBoost                  | 0.4677 | 0.0315 | 0.4000 | 0.0480 | 0.3916   | 0.0499   | 862     | 0.7283  | 70.4  | PASS
LDA1+LogReg              | 0.2638 | 0.0575 | 0.2480 | 0.0480 | 0.2269   | 0.0712   | 862     | 0.5111  | 101.7 | FAIL
PCA16+LogReg             | 0.2685 | 0.0575 | 0.2480 | 0.0480 | 0.2301   | 0.0720   | 862     | 0.5106  | 105.3 | FAIL
PCA32+LogReg             | 0.2795 | 0.0591 | 0.2520 | 0.0480 | 0.2368   | 0.0738   | 862     | 0.5105  | 107.1 | FAIL
PCA16+VecWeighted        | 0.0394 | 0.0693 | 0.0400 | 0.0480 | 0.0313   | 0.0592   | 862     | 0.0317  | 102.1 | FAIL
PCA32+VecWeighted        | 0.0189 | 0.0409 | 0.0120 | 0.0480 | 0.0138   | 0.0396   | 862     | 0.0396  | 104.3 | PASS
StabilizedWhitenedCosine | 0.4685 | 0.0283 | 0.4120 | 0.0480 | 0.3793   | 0.0450   | 862     | 1.0817  | 100.3 | PASS

[trial=28 seed=71] GLOBAL mode — total_samples=200000
  total: h0=82063 h1=15019
  pooled_train:  n0=1270 n1=1270
  pooled_calib:  n0=250 n1=250
  pooled_eval:   n0=1270 n1=1270
  regions (for macro stats only): 1103
[INFO] Cosine baseline routed to direct Hadamard sum (PrecomputedCosine)
[INFO] WeightedEnsemble Cosine judge routed to direct Hadamard sum
  [Ensemble] Judges routed to 'alt' input: PrecomputedCosine
[WeightedEnsemble] Fitted weights (alpha=0.0500, external calib):
  tau=0.8331, Pooled external calib: TPR=0.6440, FPR=0.0480
  PrecomputedCosine   : +0.0000
  PCAWhitenedCosine   : +0.0000
  XGBoost             : +0.0000
  Tiny MLP            : +1.0000
  LDA                 : +0.0000

Method                   | TPR    | FPR    | TrTPR  | TrFPR  | MacroTPR | MacroFPR | Regions | TauMean | ms    | OK? 
---------------------------------------------------------------------------------------------------------------------
Cosine                   | 0.4449 | 0.0449 | 0.4080 | 0.0480 | 0.4267   | 0.0718   | 860     | 0.9693  | 92.7  | PASS
AndBox-HC                | 0.3370 | 0.0299 | 0.2840 | 0.0480 | 0.3187   | 0.0428   | 860     | 0.0001  | 58.1  | PASS
PCAWhitenedCosine        | 0.5213 | 0.0465 | 0.5480 | 0.0480 | 0.4330   | 0.0723   | 860     | 1.0533  | 95.6  | PASS
Vec (Wgt)                | 0.4488 | 0.0394 | 0.4240 | 0.0480 | 0.3920   | 0.0640   | 860     | 0.9711  | 95.7  | PASS
Log Reg                  | 0.2898 | 0.0630 | 0.2840 | 0.0480 | 0.2384   | 0.0870   | 860     | 0.5115  | 103.7 | FAIL
LDA                      | 0.5606 | 0.0630 | 0.5680 | 0.0480 | 0.4646   | 0.0920   | 860     | 3.7251  | 99.2  | FAIL
Tiny MLP                 | 0.5976 | 0.0772 | 0.6440 | 0.0480 | 0.5100   | 0.1096   | 860     | 0.8331  | 306.0 | FAIL
MultiProtoCosine         | 0.1063 | 0.0583 | 0.1200 | 0.0480 | 0.0782   | 0.0710   | 860     | 0.9221  | 107.8 | FAIL
WeightedEnsemble         | 0.5976 | 0.0772 | 0.6440 | 0.0480 | 0.5100   | 0.1096   | 860     | 0.8331  | 337.8 | FAIL
XGBoost                  | 0.4969 | 0.0449 | 0.4960 | 0.0480 | 0.4462   | 0.0724   | 860     | 0.7113  | 70.7  | PASS
LDA1+LogReg              | 0.2906 | 0.0630 | 0.2840 | 0.0480 | 0.2406   | 0.0870   | 860     | 0.5115  | 101.4 | FAIL
PCA16+LogReg             | 0.2913 | 0.0638 | 0.2880 | 0.0480 | 0.2441   | 0.0875   | 860     | 0.5109  | 105.4 | FAIL
PCA32+LogReg             | 0.2913 | 0.0583 | 0.2800 | 0.0480 | 0.2396   | 0.0799   | 860     | 0.5114  | 107.4 | FAIL
PCA16+VecWeighted        | 0.1205 | 0.0425 | 0.1280 | 0.0480 | 0.1050   | 0.0427   | 860     | 0.0328  | 103.3 | PASS
PCA32+VecWeighted        | 0.0654 | 0.0323 | 0.0760 | 0.0480 | 0.0556   | 0.0278   | 860     | 0.0439  | 104.5 | PASS
StabilizedWhitenedCosine | 0.5827 | 0.0575 | 0.6080 | 0.0480 | 0.5051   | 0.0873   | 860     | 0.8211  | 99.6  | FAIL

[trial=29 seed=72] GLOBAL mode — total_samples=200000
  total: h0=82063 h1=15019
  pooled_train:  n0=1270 n1=1270
  pooled_calib:  n0=250 n1=250
  pooled_eval:   n0=1270 n1=1270
  regions (for macro stats only): 1103
[INFO] Cosine baseline routed to direct Hadamard sum (PrecomputedCosine)
[INFO] WeightedEnsemble Cosine judge routed to direct Hadamard sum
  [Ensemble] Judges routed to 'alt' input: PrecomputedCosine
[WeightedEnsemble] Fitted weights (alpha=0.0500, external calib):
  tau=0.9039, Pooled external calib: TPR=0.7040, FPR=0.0480
  PrecomputedCosine   : +0.0652
  PCAWhitenedCosine   : +0.4878
  XGBoost             : +0.2661
  Tiny MLP            : +0.0535
  LDA                 : +0.1273

Method                   | TPR    | FPR    | TrTPR  | TrFPR  | MacroTPR | MacroFPR | Regions | TauMean | ms    | OK? 
---------------------------------------------------------------------------------------------------------------------
Cosine                   | 0.4488 | 0.0504 | 0.4720 | 0.0480 | 0.4120   | 0.0767   | 846     | 0.9655  | 100.1 | FAIL
AndBox-HC                | 0.4024 | 0.0528 | 0.4040 | 0.0480 | 0.3620   | 0.0725   | 846     | 0.0000  | 57.7  | FAIL
PCAWhitenedCosine        | 0.5465 | 0.0488 | 0.6040 | 0.0480 | 0.4463   | 0.0750   | 846     | 0.8432  | 94.4  | PASS
Vec (Wgt)                | 0.4709 | 0.0465 | 0.4920 | 0.0480 | 0.4279   | 0.0691   | 846     | 0.9531  | 94.7  | PASS
Log Reg                  | 0.2031 | 0.0370 | 0.1720 | 0.0480 | 0.1721   | 0.0510   | 846     | 0.5128  | 102.2 | PASS
LDA                      | 0.5417 | 0.0449 | 0.5760 | 0.0480 | 0.4400   | 0.0645   | 846     | 3.5210  | 98.1  | PASS
Tiny MLP                 | 0.6071 | 0.0559 | 0.6720 | 0.0480 | 0.4986   | 0.0837   | 846     | 0.8306  | 305.1 | FAIL
MultiProtoCosine         | 0.0709 | 0.0520 | 0.0640 | 0.0480 | 0.0544   | 0.0611   | 846     | 0.9244  | 104.5 | FAIL
WeightedEnsemble         | 0.6362 | 0.0677 | 0.7040 | 0.0480 | 0.5305   | 0.0988   | 846     | 0.9039  | 338.2 | FAIL
XGBoost                  | 0.4992 | 0.0583 | 0.5440 | 0.0480 | 0.4416   | 0.0806   | 846     | 0.7026  | 70.9  | FAIL
LDA1+LogReg              | 0.2031 | 0.0362 | 0.1720 | 0.0480 | 0.1721   | 0.0501   | 846     | 0.5128  | 99.5  | PASS
PCA16+LogReg             | 0.2071 | 0.0339 | 0.1840 | 0.0480 | 0.1711   | 0.0478   | 846     | 0.5125  | 105.5 | PASS
PCA32+LogReg             | 0.2047 | 0.0362 | 0.1760 | 0.0480 | 0.1751   | 0.0501   | 846     | 0.5124  | 105.5 | PASS
PCA16+VecWeighted        | 0.0787 | 0.0449 | 0.1080 | 0.0480 | 0.0681   | 0.0459   | 846     | 0.0305  | 102.4 | PASS
PCA32+VecWeighted        | 0.0496 | 0.0315 | 0.0920 | 0.0480 | 0.0478   | 0.0337   | 846     | 0.0389  | 103.1 | PASS
StabilizedWhitenedCosine | 0.5299 | 0.0488 | 0.5720 | 0.0480 | 0.4328   | 0.0630   | 846     | 0.9000  | 98.0  | PASS

[trial=30 seed=73] GLOBAL mode — total_samples=200000
  total: h0=82063 h1=15019
  pooled_train:  n0=1270 n1=1270
  pooled_calib:  n0=250 n1=250
  pooled_eval:   n0=1270 n1=1270
  regions (for macro stats only): 1103
[INFO] Cosine baseline routed to direct Hadamard sum (PrecomputedCosine)
[INFO] WeightedEnsemble Cosine judge routed to direct Hadamard sum
  [Ensemble] Judges routed to 'alt' input: PrecomputedCosine
[WeightedEnsemble] Fitted weights (alpha=0.0500, external calib):
  tau=1.3721, Pooled external calib: TPR=0.5960, FPR=0.0480
  PrecomputedCosine   : +0.1058
  PCAWhitenedCosine   : +0.0804
  XGBoost             : +0.3319
  Tiny MLP            : +0.2065
  LDA                 : +0.2754

Method                   | TPR    | FPR    | TrTPR  | TrFPR  | MacroTPR | MacroFPR | Regions | TauMean | ms    | OK? 
---------------------------------------------------------------------------------------------------------------------
Cosine                   | 0.4882 | 0.0575 | 0.5000 | 0.0480 | 0.4398   | 0.0901   | 847     | 0.9521  | 95.5  | FAIL
AndBox-HC                | 0.4520 | 0.0654 | 0.4400 | 0.0480 | 0.4057   | 0.0973   | 847     | 0.0000  | 57.4  | FAIL
PCAWhitenedCosine        | 0.5031 | 0.0433 | 0.5200 | 0.0480 | 0.3986   | 0.0719   | 847     | 1.0893  | 92.7  | PASS
Vec (Wgt)                | 0.5213 | 0.0575 | 0.5400 | 0.0480 | 0.4639   | 0.0936   | 847     | 0.9420  | 93.0  | FAIL
Log Reg                  | 0.2709 | 0.0535 | 0.2720 | 0.0480 | 0.2299   | 0.0758   | 847     | 0.5114  | 101.0 | FAIL
LDA                      | 0.5433 | 0.0622 | 0.5560 | 0.0480 | 0.4379   | 0.0981   | 847     | 3.5398  | 96.4  | FAIL
Tiny MLP                 | 0.5165 | 0.0496 | 0.5040 | 0.0480 | 0.4237   | 0.0815   | 847     | 0.8871  | 349.6 | PASS
MultiProtoCosine         | 0.1000 | 0.0551 | 0.0800 | 0.0480 | 0.0902   | 0.0600   | 847     | 0.9211  | 103.3 | FAIL
WeightedEnsemble         | 0.5835 | 0.0685 | 0.5960 | 0.0480 | 0.4810   | 0.1093   | 847     | 1.3721  | 381.3 | FAIL
XGBoost                  | 0.5748 | 0.0724 | 0.5720 | 0.0480 | 0.5056   | 0.1124   | 847     | 0.6451  | 70.9  | FAIL
LDA1+LogReg              | 0.2709 | 0.0535 | 0.2720 | 0.0480 | 0.2299   | 0.0758   | 847     | 0.5114  | 97.8  | FAIL
PCA16+LogReg             | 0.2724 | 0.0520 | 0.2880 | 0.0480 | 0.2188   | 0.0752   | 847     | 0.5112  | 103.3 | FAIL
PCA32+LogReg             | 0.2693 | 0.0528 | 0.2720 | 0.0480 | 0.2271   | 0.0756   | 847     | 0.5111  | 104.9 | FAIL
PCA16+VecWeighted        | 0.2008 | 0.0480 | 0.1880 | 0.0480 | 0.1586   | 0.0672   | 847     | 0.0282  | 100.6 | PASS
PCA32+VecWeighted        | 0.1709 | 0.0622 | 0.1360 | 0.0480 | 0.1507   | 0.0826   | 847     | 0.0314  | 103.8 | FAIL
StabilizedWhitenedCosine | 0.5039 | 0.0512 | 0.5440 | 0.0480 | 0.4115   | 0.0844   | 847     | 0.9898  | 98.3  | FAIL

[trial=31 seed=74] GLOBAL mode — total_samples=200000
  total: h0=82063 h1=15019
  pooled_train:  n0=1270 n1=1270
  pooled_calib:  n0=250 n1=250
  pooled_eval:   n0=1270 n1=1270
  regions (for macro stats only): 1103
[INFO] Cosine baseline routed to direct Hadamard sum (PrecomputedCosine)
[INFO] WeightedEnsemble Cosine judge routed to direct Hadamard sum
  [Ensemble] Judges routed to 'alt' input: PrecomputedCosine
[WeightedEnsemble] Fitted weights (alpha=0.0500, external calib):
  tau=0.7618, Pooled external calib: TPR=0.6640, FPR=0.0480
  PrecomputedCosine   : +0.0477
  PCAWhitenedCosine   : +0.4884
  XGBoost             : +0.3290
  Tiny MLP            : +0.0838
  LDA                 : +0.0511

Method                   | TPR    | FPR    | TrTPR  | TrFPR  | MacroTPR | MacroFPR | Regions | TauMean | ms    | OK? 
---------------------------------------------------------------------------------------------------------------------
Cosine                   | 0.5102 | 0.0606 | 0.4920 | 0.0480 | 0.4740   | 0.0825   | 843     | 0.9452  | 94.6  | FAIL
AndBox-HC                | 0.4756 | 0.0520 | 0.4680 | 0.0480 | 0.4323   | 0.0713   | 843     | 0.0000  | 56.5  | FAIL
PCAWhitenedCosine        | 0.5953 | 0.0756 | 0.6280 | 0.0480 | 0.4947   | 0.1036   | 843     | 0.7117  | 92.1  | FAIL
Vec (Wgt)                | 0.5386 | 0.0685 | 0.5360 | 0.0480 | 0.4956   | 0.0923   | 843     | 0.9218  | 92.1  | FAIL
Log Reg                  | 0.2882 | 0.0701 | 0.3240 | 0.0480 | 0.2454   | 0.0882   | 843     | 0.5109  | 100.9 | FAIL
LDA                      | 0.5378 | 0.0638 | 0.5480 | 0.0480 | 0.4409   | 0.0866   | 843     | 3.7809  | 96.0  | FAIL
Tiny MLP                 | 0.5197 | 0.0551 | 0.5440 | 0.0480 | 0.4223   | 0.0790   | 843     | 0.8903  | 299.4 | FAIL
MultiProtoCosine         | 0.1417 | 0.0953 | 0.1640 | 0.0480 | 0.1121   | 0.0986   | 843     | 0.9166  | 103.5 | FAIL
WeightedEnsemble         | 0.6315 | 0.0811 | 0.6640 | 0.0480 | 0.5345   | 0.1086   | 843     | 0.7618  | 330.5 | FAIL
XGBoost                  | 0.5417 | 0.0614 | 0.5200 | 0.0480 | 0.4868   | 0.0790   | 843     | 0.6722  | 70.2  | FAIL
LDA1+LogReg              | 0.2976 | 0.0701 | 0.3360 | 0.0480 | 0.2495   | 0.0882   | 843     | 0.5109  | 99.0  | FAIL
PCA16+LogReg             | 0.3047 | 0.0701 | 0.3320 | 0.0480 | 0.2542   | 0.0837   | 843     | 0.5107  | 103.0 | FAIL
PCA32+LogReg             | 0.3024 | 0.0709 | 0.3360 | 0.0480 | 0.2542   | 0.0884   | 843     | 0.5106  | 104.6 | FAIL
PCA16+VecWeighted        | 0.1181 | 0.0362 | 0.1440 | 0.0480 | 0.1088   | 0.0415   | 843     | 0.0284  | 100.8 | PASS
PCA32+VecWeighted        | 0.1685 | 0.0583 | 0.1720 | 0.0480 | 0.1458   | 0.0663   | 843     | 0.0292  | 102.5 | FAIL
StabilizedWhitenedCosine | 0.5504 | 0.0638 | 0.5920 | 0.0480 | 0.4629   | 0.0880   | 843     | 0.7653  | 97.1  | FAIL

[trial=32 seed=75] GLOBAL mode — total_samples=200000
  total: h0=82063 h1=15019
  pooled_train:  n0=1270 n1=1270
  pooled_calib:  n0=250 n1=250
  pooled_eval:   n0=1270 n1=1270
  regions (for macro stats only): 1103
[INFO] Cosine baseline routed to direct Hadamard sum (PrecomputedCosine)
[INFO] WeightedEnsemble Cosine judge routed to direct Hadamard sum
  [Ensemble] Judges routed to 'alt' input: PrecomputedCosine
[WeightedEnsemble] Fitted weights (alpha=0.0500, external calib):
  tau=0.6939, Pooled external calib: TPR=0.6400, FPR=0.0480
  PrecomputedCosine   : +0.3209
  PCAWhitenedCosine   : +0.3118
  XGBoost             : +0.3183
  Tiny MLP            : +0.0373
  LDA                 : +0.0115

Method                   | TPR    | FPR    | TrTPR  | TrFPR  | MacroTPR | MacroFPR | Regions | TauMean | ms    | OK? 
---------------------------------------------------------------------------------------------------------------------
Cosine                   | 0.5039 | 0.0646 | 0.4920 | 0.0480 | 0.4743   | 0.0876   | 846     | 0.9458  | 96.9  | FAIL
AndBox-HC                | 0.4543 | 0.0598 | 0.4600 | 0.0480 | 0.4356   | 0.0804   | 846     | -0.0000 | 56.6  | FAIL
PCAWhitenedCosine        | 0.6638 | 0.0756 | 0.6320 | 0.0480 | 0.5715   | 0.1026   | 846     | 0.5525  | 92.1  | FAIL
Vec (Wgt)                | 0.5496 | 0.0669 | 0.5440 | 0.0480 | 0.5194   | 0.0936   | 846     | 0.9326  | 92.4  | FAIL
Log Reg                  | 0.3378 | 0.0709 | 0.3080 | 0.0480 | 0.2922   | 0.0880   | 846     | 0.5083  | 100.5 | FAIL
LDA                      | 0.5094 | 0.0362 | 0.5000 | 0.0480 | 0.4158   | 0.0538   | 846     | 3.5690  | 95.7  | PASS
Tiny MLP                 | 0.5370 | 0.0480 | 0.5320 | 0.0480 | 0.4407   | 0.0682   | 846     | 0.8871  | 345.3 | PASS
MultiProtoCosine         | 0.1339 | 0.0551 | 0.1360 | 0.0480 | 0.0986   | 0.0534   | 846     | 0.9214  | 103.6 | FAIL
WeightedEnsemble         | 0.6654 | 0.0724 | 0.6400 | 0.0480 | 0.5868   | 0.1007   | 846     | 0.6939  | 376.2 | FAIL
XGBoost                  | 0.5488 | 0.0551 | 0.5200 | 0.0480 | 0.4995   | 0.0752   | 846     | 0.6655  | 70.6  | FAIL
LDA1+LogReg              | 0.3378 | 0.0693 | 0.3080 | 0.0480 | 0.2922   | 0.0874   | 846     | 0.5083  | 98.3  | FAIL
PCA16+LogReg             | 0.3220 | 0.0669 | 0.3000 | 0.0480 | 0.2729   | 0.0835   | 846     | 0.5085  | 101.7 | FAIL
PCA32+LogReg             | 0.3417 | 0.0732 | 0.3040 | 0.0480 | 0.2983   | 0.0876   | 846     | 0.5078  | 103.8 | FAIL
PCA16+VecWeighted        | 0.0055 | 0.0378 | 0.0080 | 0.0480 | 0.0072   | 0.0201   | 846     | 0.0378  | 100.5 | PASS
PCA32+VecWeighted        | 0.0150 | 0.0291 | 0.0160 | 0.0480 | 0.0135   | 0.0138   | 846     | 0.0449  | 100.9 | PASS
StabilizedWhitenedCosine | 0.6465 | 0.0677 | 0.5960 | 0.0480 | 0.5607   | 0.0981   | 846     | 0.5599  | 96.7  | FAIL

[trial=33 seed=76] GLOBAL mode — total_samples=200000
  total: h0=82063 h1=15019
  pooled_train:  n0=1270 n1=1270
  pooled_calib:  n0=250 n1=250
  pooled_eval:   n0=1270 n1=1270
  regions (for macro stats only): 1103
[INFO] Cosine baseline routed to direct Hadamard sum (PrecomputedCosine)
[INFO] WeightedEnsemble Cosine judge routed to direct Hadamard sum
  [Ensemble] Judges routed to 'alt' input: PrecomputedCosine
[WeightedEnsemble] Fitted weights (alpha=0.0500, external calib):
  tau=0.8899, Pooled external calib: TPR=0.5720, FPR=0.0480
  PrecomputedCosine   : +0.2610
  PCAWhitenedCosine   : +0.2348
  XGBoost             : +0.2127
  Tiny MLP            : +0.2846
  LDA                 : +0.0070

Method                   | TPR    | FPR    | TrTPR  | TrFPR  | MacroTPR | MacroFPR | Regions | TauMean | ms    | OK? 
---------------------------------------------------------------------------------------------------------------------
Cosine                   | 0.4480 | 0.0457 | 0.5040 | 0.0480 | 0.4064   | 0.0613   | 868     | 0.9659  | 90.1  | PASS
AndBox-HC                | 0.3913 | 0.0378 | 0.4200 | 0.0480 | 0.3446   | 0.0464   | 868     | 0.0001  | 58.3  | PASS
PCAWhitenedCosine        | 0.4866 | 0.0315 | 0.5200 | 0.0480 | 0.3961   | 0.0486   | 868     | 1.1014  | 92.3  | PASS
Vec (Wgt)                | 0.4874 | 0.0480 | 0.5240 | 0.0480 | 0.4359   | 0.0690   | 868     | 0.9459  | 92.1  | PASS
Log Reg                  | 0.2118 | 0.0331 | 0.1920 | 0.0480 | 0.1714   | 0.0426   | 868     | 0.5131  | 100.8 | PASS
LDA                      | 0.4709 | 0.0362 | 0.4720 | 0.0480 | 0.3801   | 0.0561   | 868     | 4.2987  | 96.2  | PASS
Tiny MLP                 | 0.5362 | 0.0441 | 0.5680 | 0.0480 | 0.4441   | 0.0679   | 868     | 0.8733  | 298.1 | PASS
MultiProtoCosine         | 0.1142 | 0.0709 | 0.1160 | 0.0480 | 0.0892   | 0.0709   | 868     | 0.9211  | 104.1 | FAIL
WeightedEnsemble         | 0.5283 | 0.0386 | 0.5720 | 0.0480 | 0.4410   | 0.0588   | 868     | 0.8899  | 329.5 | PASS
XGBoost                  | 0.4717 | 0.0339 | 0.5200 | 0.0480 | 0.4138   | 0.0480   | 868     | 0.7228  | 70.6  | PASS
LDA1+LogReg              | 0.2118 | 0.0323 | 0.1920 | 0.0480 | 0.1714   | 0.0420   | 868     | 0.5131  | 98.9  | PASS
PCA16+LogReg             | 0.1890 | 0.0307 | 0.1800 | 0.0480 | 0.1526   | 0.0394   | 868     | 0.5133  | 103.0 | PASS
PCA32+LogReg             | 0.2055 | 0.0331 | 0.1880 | 0.0480 | 0.1659   | 0.0437   | 868     | 0.5129  | 104.8 | PASS
PCA16+VecWeighted        | 0.0654 | 0.0370 | 0.0720 | 0.0480 | 0.0548   | 0.0430   | 868     | 0.0313  | 100.6 | PASS
PCA32+VecWeighted        | 0.0488 | 0.0307 | 0.0360 | 0.0480 | 0.0491   | 0.0359   | 868     | 0.0393  | 102.3 | PASS
StabilizedWhitenedCosine | 0.5071 | 0.0291 | 0.5200 | 0.0480 | 0.4151   | 0.0415   | 868     | 1.0465  | 97.3  | PASS

[trial=34 seed=77] GLOBAL mode — total_samples=200000
  total: h0=82063 h1=15019
  pooled_train:  n0=1270 n1=1270
  pooled_calib:  n0=250 n1=250
  pooled_eval:   n0=1270 n1=1270
  regions (for macro stats only): 1103
[INFO] Cosine baseline routed to direct Hadamard sum (PrecomputedCosine)
[INFO] WeightedEnsemble Cosine judge routed to direct Hadamard sum
  [Ensemble] Judges routed to 'alt' input: PrecomputedCosine
[WeightedEnsemble] Fitted weights (alpha=0.0500, external calib):
  tau=0.8616, Pooled external calib: TPR=0.6080, FPR=0.0480
  PrecomputedCosine   : +0.4364
  PCAWhitenedCosine   : +0.0571
  XGBoost             : +0.1048
  Tiny MLP            : +0.3819
  LDA                 : +0.0199

Method                   | TPR    | FPR    | TrTPR  | TrFPR  | MacroTPR | MacroFPR | Regions | TauMean | ms    | OK? 
---------------------------------------------------------------------------------------------------------------------
Cosine                   | 0.4827 | 0.0472 | 0.4640 | 0.0480 | 0.4420   | 0.0692   | 845     | 0.9491  | 93.7  | PASS
AndBox-HC                | 0.2614 | 0.0197 | 0.2640 | 0.0480 | 0.2124   | 0.0287   | 845     | 0.0001  | 56.8  | PASS
PCAWhitenedCosine        | 0.5575 | 0.0512 | 0.5200 | 0.0480 | 0.4502   | 0.0701   | 845     | 0.8359  | 91.4  | FAIL
Vec (Wgt)                | 0.5315 | 0.0472 | 0.5040 | 0.0480 | 0.4866   | 0.0742   | 845     | 0.9305  | 91.6  | PASS
Log Reg                  | 0.2480 | 0.0386 | 0.2840 | 0.0480 | 0.2091   | 0.0531   | 845     | 0.5100  | 100.6 | PASS
LDA                      | 0.4874 | 0.0465 | 0.4760 | 0.0480 | 0.3814   | 0.0683   | 845     | 3.6325  | 95.5  | PASS
Tiny MLP                 | 0.5654 | 0.0606 | 0.5680 | 0.0480 | 0.4574   | 0.0861   | 845     | 0.8406  | 300.8 | FAIL
MultiProtoCosine         | 0.1047 | 0.0654 | 0.1440 | 0.0480 | 0.0803   | 0.0689   | 845     | 0.9233  | 103.2 | FAIL
WeightedEnsemble         | 0.5929 | 0.0559 | 0.6080 | 0.0480 | 0.4888   | 0.0828   | 845     | 0.8616  | 331.7 | FAIL
XGBoost                  | 0.5528 | 0.0528 | 0.5440 | 0.0480 | 0.4972   | 0.0746   | 845     | 0.6551  | 70.2  | FAIL
LDA1+LogReg              | 0.2488 | 0.0386 | 0.2840 | 0.0480 | 0.2092   | 0.0531   | 845     | 0.5100  | 97.7  | PASS
PCA16+LogReg             | 0.2339 | 0.0354 | 0.2720 | 0.0480 | 0.1988   | 0.0485   | 845     | 0.5101  | 102.5 | PASS
PCA32+LogReg             | 0.2583 | 0.0417 | 0.2880 | 0.0480 | 0.2226   | 0.0557   | 845     | 0.5094  | 103.9 | PASS
PCA16+VecWeighted        | 0.2063 | 0.0661 | 0.2080 | 0.0480 | 0.1775   | 0.0701   | 845     | 0.0235  | 100.1 | FAIL
PCA32+VecWeighted        | 0.2142 | 0.0685 | 0.2600 | 0.0480 | 0.1761   | 0.0666   | 845     | 0.0267  | 101.7 | FAIL
StabilizedWhitenedCosine | 0.5669 | 0.0528 | 0.5640 | 0.0480 | 0.4695   | 0.0759   | 845     | 0.7731  | 96.6  | FAIL

[trial=35 seed=78] GLOBAL mode — total_samples=200000
  total: h0=82063 h1=15019
  pooled_train:  n0=1270 n1=1270
  pooled_calib:  n0=250 n1=250
  pooled_eval:   n0=1270 n1=1270
  regions (for macro stats only): 1103
[INFO] Cosine baseline routed to direct Hadamard sum (PrecomputedCosine)
[INFO] WeightedEnsemble Cosine judge routed to direct Hadamard sum
  [Ensemble] Judges routed to 'alt' input: PrecomputedCosine
[WeightedEnsemble] Fitted weights (alpha=0.0500, external calib):
  tau=0.9558, Pooled external calib: TPR=0.5160, FPR=0.0480
  PrecomputedCosine   : +0.5316
  PCAWhitenedCosine   : +0.2031
  XGBoost             : +0.0553
  Tiny MLP            : +0.1785
  LDA                 : +0.0315

Method                   | TPR    | FPR    | TrTPR  | TrFPR  | MacroTPR | MacroFPR | Regions | TauMean | ms    | OK? 
---------------------------------------------------------------------------------------------------------------------
Cosine                   | 0.3906 | 0.0346 | 0.3520 | 0.0480 | 0.3607   | 0.0496   | 863     | 0.9824  | 98.4  | PASS
AndBox-HC                | 0.3055 | 0.0378 | 0.2720 | 0.0480 | 0.2952   | 0.0500   | 863     | 0.0000  | 56.6  | PASS
PCAWhitenedCosine        | 0.4693 | 0.0433 | 0.4600 | 0.0480 | 0.3735   | 0.0623   | 863     | 1.0436  | 94.0  | PASS
Vec (Wgt)                | 0.4646 | 0.0433 | 0.4480 | 0.0480 | 0.4192   | 0.0637   | 863     | 0.9557  | 93.7  | PASS
Log Reg                  | 0.2709 | 0.0622 | 0.2720 | 0.0480 | 0.2282   | 0.0817   | 863     | 0.5098  | 101.9 | FAIL
LDA                      | 0.4835 | 0.0362 | 0.4360 | 0.0480 | 0.3866   | 0.0556   | 863     | 4.0726  | 97.9  | PASS
Tiny MLP                 | 0.4654 | 0.0299 | 0.4240 | 0.0480 | 0.3641   | 0.0439   | 863     | 0.8979  | 302.7 | PASS
MultiProtoCosine         | 0.0717 | 0.0346 | 0.0800 | 0.0480 | 0.0606   | 0.0384   | 863     | 0.9250  | 105.5 | PASS
WeightedEnsemble         | 0.5370 | 0.0496 | 0.5160 | 0.0480 | 0.4472   | 0.0733   | 863     | 0.9558  | 329.5 | PASS
XGBoost                  | 0.3945 | 0.0283 | 0.3640 | 0.0440 | 0.3327   | 0.0391   | 863     | 0.7535  | 68.1  | PASS
LDA1+LogReg              | 0.2740 | 0.0630 | 0.2760 | 0.0480 | 0.2303   | 0.0820   | 863     | 0.5098  | 98.8  | FAIL
PCA16+LogReg             | 0.2685 | 0.0591 | 0.2720 | 0.0480 | 0.2275   | 0.0796   | 863     | 0.5096  | 103.1 | FAIL
PCA32+LogReg             | 0.2835 | 0.0622 | 0.2880 | 0.0480 | 0.2405   | 0.0818   | 863     | 0.5093  | 105.1 | FAIL
PCA16+VecWeighted        | 0.1047 | 0.0386 | 0.1280 | 0.0480 | 0.0759   | 0.0452   | 863     | 0.0314  | 101.4 | PASS
PCA32+VecWeighted        | 0.0693 | 0.0331 | 0.0520 | 0.0480 | 0.0434   | 0.0374   | 863     | 0.0402  | 102.8 | PASS
StabilizedWhitenedCosine | 0.5299 | 0.0567 | 0.5400 | 0.0480 | 0.4430   | 0.0784   | 863     | 0.8497  | 97.8  | FAIL

[trial=36 seed=79] GLOBAL mode — total_samples=200000
  total: h0=82063 h1=15019
  pooled_train:  n0=1270 n1=1270
  pooled_calib:  n0=250 n1=250
  pooled_eval:   n0=1270 n1=1270
  regions (for macro stats only): 1103
[INFO] Cosine baseline routed to direct Hadamard sum (PrecomputedCosine)
[INFO] WeightedEnsemble Cosine judge routed to direct Hadamard sum
  [Ensemble] Judges routed to 'alt' input: PrecomputedCosine
[WeightedEnsemble] Fitted weights (alpha=0.0500, external calib):
  tau=0.8233, Pooled external calib: TPR=0.5280, FPR=0.0480
  PrecomputedCosine   : +0.3209
  PCAWhitenedCosine   : +0.3118
  XGBoost             : +0.3183
  Tiny MLP            : +0.0373
  LDA                 : +0.0115

Method                   | TPR    | FPR    | TrTPR  | TrFPR  | MacroTPR | MacroFPR | Regions | TauMean | ms    | OK? 
---------------------------------------------------------------------------------------------------------------------
Cosine                   | 0.4630 | 0.0622 | 0.4400 | 0.0480 | 0.4281   | 0.0886   | 844     | 0.9539  | 98.1  | FAIL
AndBox-HC                | 0.4102 | 0.0551 | 0.3880 | 0.0480 | 0.3868   | 0.0770   | 844     | 0.0000  | 56.1  | FAIL
PCAWhitenedCosine        | 0.5961 | 0.0606 | 0.5240 | 0.0480 | 0.4807   | 0.0908   | 844     | 0.8622  | 91.9  | FAIL
Vec (Wgt)                | 0.4850 | 0.0528 | 0.4480 | 0.0480 | 0.4403   | 0.0798   | 844     | 0.9446  | 91.8  | FAIL
Log Reg                  | 0.1843 | 0.0386 | 0.1480 | 0.0480 | 0.1633   | 0.0603   | 844     | 0.5132  | 99.5  | PASS
LDA                      | 0.5260 | 0.0449 | 0.4400 | 0.0480 | 0.4112   | 0.0616   | 844     | 3.7643  | 95.4  | PASS
Tiny MLP                 | 0.5126 | 0.0417 | 0.4440 | 0.0480 | 0.4039   | 0.0654   | 844     | 0.8803  | 301.4 | PASS
MultiProtoCosine         | 0.0646 | 0.0409 | 0.0760 | 0.0480 | 0.0567   | 0.0470   | 844     | 0.9262  | 103.5 | PASS
WeightedEnsemble         | 0.5945 | 0.0614 | 0.5280 | 0.0480 | 0.4946   | 0.0929   | 844     | 0.8233  | 332.6 | FAIL
XGBoost                  | 0.5134 | 0.0591 | 0.4760 | 0.0480 | 0.4506   | 0.0855   | 844     | 0.6890  | 70.6  | FAIL
LDA1+LogReg              | 0.1850 | 0.0386 | 0.1480 | 0.0480 | 0.1636   | 0.0603   | 844     | 0.5132  | 97.8  | PASS
PCA16+LogReg             | 0.1866 | 0.0394 | 0.1520 | 0.0480 | 0.1640   | 0.0588   | 844     | 0.5129  | 101.9 | PASS
PCA32+LogReg             | 0.2000 | 0.0425 | 0.1560 | 0.0480 | 0.1750   | 0.0642   | 844     | 0.5123  | 103.7 | PASS
PCA16+VecWeighted        | 0.1732 | 0.0409 | 0.1440 | 0.0480 | 0.1487   | 0.0448   | 844     | 0.0297  | 99.8  | PASS
PCA32+VecWeighted        | 0.2102 | 0.0709 | 0.1600 | 0.0480 | 0.1881   | 0.0791   | 844     | 0.0271  | 101.2 | FAIL
StabilizedWhitenedCosine | 0.5457 | 0.0559 | 0.4720 | 0.0480 | 0.4479   | 0.0863   | 844     | 0.9690  | 95.7  | FAIL

[trial=37 seed=80] GLOBAL mode — total_samples=200000
  total: h0=82063 h1=15019
  pooled_train:  n0=1270 n1=1270
  pooled_calib:  n0=250 n1=250
  pooled_eval:   n0=1270 n1=1270
  regions (for macro stats only): 1103
[INFO] Cosine baseline routed to direct Hadamard sum (PrecomputedCosine)
[INFO] WeightedEnsemble Cosine judge routed to direct Hadamard sum
  [Ensemble] Judges routed to 'alt' input: PrecomputedCosine
[WeightedEnsemble] Fitted weights (alpha=0.0500, external calib):
  tau=1.0276, Pooled external calib: TPR=0.6920, FPR=0.0480
  PrecomputedCosine   : +0.0381
  PCAWhitenedCosine   : +0.2339
  XGBoost             : +0.2902
  Tiny MLP            : +0.1947
  LDA                 : +0.2431

Method                   | TPR    | FPR    | TrTPR  | TrFPR  | MacroTPR | MacroFPR | Regions | TauMean | ms    | OK? 
---------------------------------------------------------------------------------------------------------------------
Cosine                   | 0.5654 | 0.0984 | 0.5320 | 0.0480 | 0.5394   | 0.1312   | 873     | 0.9094  | 102.1 | FAIL
AndBox-HC                | 0.5433 | 0.0929 | 0.5160 | 0.0480 | 0.5082   | 0.1206   | 873     | -0.0000 | 60.7  | FAIL
PCAWhitenedCosine        | 0.5709 | 0.0756 | 0.5880 | 0.0480 | 0.4725   | 0.1133   | 873     | 0.8528  | 95.7  | FAIL
Vec (Wgt)                | 0.5598 | 0.0929 | 0.5440 | 0.0480 | 0.5270   | 0.1266   | 873     | 0.9081  | 95.4  | FAIL
Log Reg                  | 0.3370 | 0.0685 | 0.3320 | 0.0480 | 0.2964   | 0.0923   | 873     | 0.5086  | 104.0 | FAIL
LDA                      | 0.6386 | 0.1000 | 0.6440 | 0.0480 | 0.5502   | 0.1403   | 873     | 2.7495  | 98.9  | FAIL
Tiny MLP                 | 0.5685 | 0.0677 | 0.5600 | 0.0480 | 0.4732   | 0.0988   | 873     | 0.8849  | 305.2 | FAIL
MultiProtoCosine         | 0.1039 | 0.0606 | 0.1000 | 0.0480 | 0.0805   | 0.0578   | 873     | 0.9208  | 105.7 | FAIL
WeightedEnsemble         | 0.6732 | 0.1087 | 0.6920 | 0.0480 | 0.5793   | 0.1474   | 873     | 1.0276  | 335.2 | FAIL
XGBoost                  | 0.5567 | 0.0803 | 0.5560 | 0.0480 | 0.4895   | 0.1163   | 873     | 0.6667  | 70.2  | FAIL
LDA1+LogReg              | 0.3370 | 0.0685 | 0.3320 | 0.0480 | 0.2964   | 0.0923   | 873     | 0.5086  | 100.1 | FAIL
PCA16+LogReg             | 0.3433 | 0.0740 | 0.3440 | 0.0480 | 0.2973   | 0.0998   | 873     | 0.5081  | 104.6 | FAIL
PCA32+LogReg             | 0.3441 | 0.0701 | 0.3480 | 0.0480 | 0.2965   | 0.0956   | 873     | 0.5083  | 106.7 | FAIL
PCA16+VecWeighted        | 0.0283 | 0.0331 | 0.0360 | 0.0480 | 0.0450   | 0.0336   | 873     | 0.0342  | 103.0 | PASS
PCA32+VecWeighted        | 0.1244 | 0.0724 | 0.1080 | 0.0480 | 0.1218   | 0.0700   | 873     | 0.0317  | 104.5 | FAIL
StabilizedWhitenedCosine | 0.5142 | 0.0622 | 0.5120 | 0.0480 | 0.4110   | 0.0869   | 873     | 1.0207  | 100.1 | FAIL

[trial=38 seed=81] GLOBAL mode — total_samples=200000
  total: h0=82063 h1=15019
  pooled_train:  n0=1270 n1=1270
  pooled_calib:  n0=250 n1=250
  pooled_eval:   n0=1270 n1=1270
  regions (for macro stats only): 1103
[INFO] Cosine baseline routed to direct Hadamard sum (PrecomputedCosine)
[INFO] WeightedEnsemble Cosine judge routed to direct Hadamard sum
  [Ensemble] Judges routed to 'alt' input: PrecomputedCosine
[WeightedEnsemble] Fitted weights (alpha=0.0500, external calib):
  tau=1.0419, Pooled external calib: TPR=0.6680, FPR=0.0480
  PrecomputedCosine   : +0.0156
  PCAWhitenedCosine   : +0.2410
  XGBoost             : +0.1453
  Tiny MLP            : +0.4189
  LDA                 : +0.1793

Method                   | TPR    | FPR    | TrTPR  | TrFPR  | MacroTPR | MacroFPR | Regions | TauMean | ms    | OK? 
---------------------------------------------------------------------------------------------------------------------
Cosine                   | 0.4677 | 0.0535 | 0.5080 | 0.0480 | 0.4378   | 0.0751   | 856     | 0.9483  | 89.4  | FAIL
AndBox-HC                | 0.4417 | 0.0669 | 0.4880 | 0.0480 | 0.4187   | 0.0879   | 856     | 0.0000  | 58.1  | FAIL
PCAWhitenedCosine        | 0.5724 | 0.0591 | 0.6000 | 0.0480 | 0.4853   | 0.0817   | 856     | 0.8304  | 92.5  | FAIL
Vec (Wgt)                | 0.5228 | 0.0583 | 0.5600 | 0.0480 | 0.4928   | 0.0861   | 856     | 0.9245  | 92.4  | FAIL
Log Reg                  | 0.2685 | 0.0685 | 0.3240 | 0.0480 | 0.2311   | 0.0835   | 856     | 0.5092  | 100.4 | FAIL
LDA                      | 0.5528 | 0.0638 | 0.5880 | 0.0480 | 0.4687   | 0.0944   | 856     | 3.1000  | 95.8  | FAIL
Tiny MLP                 | 0.5772 | 0.0709 | 0.6080 | 0.0480 | 0.4953   | 0.1009   | 856     | 0.8361  | 348.9 | FAIL
MultiProtoCosine         | 0.0969 | 0.0465 | 0.0920 | 0.0480 | 0.0773   | 0.0515   | 856     | 0.9244  | 102.8 | PASS
WeightedEnsemble         | 0.6205 | 0.0819 | 0.6680 | 0.0480 | 0.5260   | 0.1190   | 856     | 1.0419  | 379.6 | FAIL
XGBoost                  | 0.4874 | 0.0512 | 0.5520 | 0.0480 | 0.4256   | 0.0758   | 856     | 0.6988  | 70.4  | FAIL
LDA1+LogReg              | 0.2701 | 0.0693 | 0.3240 | 0.0480 | 0.2321   | 0.0840   | 856     | 0.5092  | 97.4  | FAIL
PCA16+LogReg             | 0.2701 | 0.0661 | 0.3200 | 0.0440 | 0.2299   | 0.0811   | 856     | 0.5091  | 102.0 | FAIL
PCA32+LogReg             | 0.2890 | 0.0709 | 0.3360 | 0.0480 | 0.2493   | 0.0856   | 856     | 0.5087  | 104.1 | FAIL
PCA16+VecWeighted        | 0.1173 | 0.0535 | 0.1440 | 0.0480 | 0.1112   | 0.0609   | 856     | 0.0310  | 99.6  | FAIL
PCA32+VecWeighted        | 0.1126 | 0.0323 | 0.1440 | 0.0480 | 0.1019   | 0.0479   | 856     | 0.0360  | 101.2 | PASS
StabilizedWhitenedCosine | 0.5496 | 0.0504 | 0.5880 | 0.0440 | 0.4641   | 0.0680   | 856     | 0.8747  | 96.6  | FAIL

[trial=39 seed=82] GLOBAL mode — total_samples=200000
  total: h0=82063 h1=15019
  pooled_train:  n0=1270 n1=1270
  pooled_calib:  n0=250 n1=250
  pooled_eval:   n0=1270 n1=1270
  regions (for macro stats only): 1103
[INFO] Cosine baseline routed to direct Hadamard sum (PrecomputedCosine)
[INFO] WeightedEnsemble Cosine judge routed to direct Hadamard sum
  [Ensemble] Judges routed to 'alt' input: PrecomputedCosine
[WeightedEnsemble] Fitted weights (alpha=0.0500, external calib):
  tau=0.8380, Pooled external calib: TPR=0.6280, FPR=0.0480
  PrecomputedCosine   : +0.1298
  PCAWhitenedCosine   : +0.1391
  XGBoost             : +0.2872
  Tiny MLP            : +0.3596
  LDA                 : +0.0844

Method                   | TPR    | FPR    | TrTPR  | TrFPR  | MacroTPR | MacroFPR | Regions | TauMean | ms    | OK? 
---------------------------------------------------------------------------------------------------------------------
Cosine                   | 0.4567 | 0.0433 | 0.4440 | 0.0480 | 0.4295   | 0.0673   | 862     | 0.9601  | 114.0 | PASS
AndBox-HC                | 0.4819 | 0.0575 | 0.4920 | 0.0480 | 0.4592   | 0.0889   | 862     | -0.0000 | 56.4  | FAIL
PCAWhitenedCosine        | 0.5717 | 0.0591 | 0.5600 | 0.0480 | 0.4644   | 0.0791   | 862     | 0.7875  | 92.7  | FAIL
Vec (Wgt)                | 0.4953 | 0.0465 | 0.4920 | 0.0480 | 0.4681   | 0.0743   | 862     | 0.9384  | 92.5  | PASS
Log Reg                  | 0.2614 | 0.0528 | 0.2600 | 0.0480 | 0.2250   | 0.0770   | 862     | 0.5096  | 100.8 | FAIL
LDA                      | 0.5811 | 0.0709 | 0.6040 | 0.0480 | 0.4771   | 0.0900   | 862     | 2.7350  | 96.6  | FAIL
Tiny MLP                 | 0.6268 | 0.0740 | 0.6240 | 0.0480 | 0.5215   | 0.0916   | 862     | 0.7535  | 301.1 | FAIL
MultiProtoCosine         | 0.0591 | 0.0331 | 0.0640 | 0.0480 | 0.0442   | 0.0416   | 862     | 0.9262  | 103.2 | PASS
WeightedEnsemble         | 0.6268 | 0.0677 | 0.6280 | 0.0480 | 0.5303   | 0.0870   | 862     | 0.8380  | 331.4 | FAIL
XGBoost                  | 0.4772 | 0.0425 | 0.4640 | 0.0480 | 0.4224   | 0.0646   | 862     | 0.7032  | 69.8  | PASS
LDA1+LogReg              | 0.2693 | 0.0528 | 0.2680 | 0.0480 | 0.2283   | 0.0770   | 862     | 0.5096  | 98.5  | FAIL
PCA16+LogReg             | 0.2614 | 0.0528 | 0.2560 | 0.0480 | 0.2323   | 0.0766   | 862     | 0.5092  | 102.5 | FAIL
PCA32+LogReg             | 0.2709 | 0.0520 | 0.2720 | 0.0480 | 0.2320   | 0.0773   | 862     | 0.5091  | 104.7 | FAIL
PCA16+VecWeighted        | 0.0488 | 0.0504 | 0.0560 | 0.0480 | 0.0565   | 0.0513   | 862     | 0.0291  | 101.2 | FAIL
PCA32+VecWeighted        | 0.0827 | 0.0677 | 0.0920 | 0.0480 | 0.0729   | 0.0677   | 862     | 0.0330  | 102.5 | FAIL
StabilizedWhitenedCosine | 0.5551 | 0.0567 | 0.5520 | 0.0480 | 0.4538   | 0.0782   | 862     | 0.8088  | 97.6  | FAIL

[trial=40 seed=83] GLOBAL mode — total_samples=200000
  total: h0=82063 h1=15019
  pooled_train:  n0=1270 n1=1270
  pooled_calib:  n0=250 n1=250
  pooled_eval:   n0=1270 n1=1270
  regions (for macro stats only): 1103
[INFO] Cosine baseline routed to direct Hadamard sum (PrecomputedCosine)
[INFO] WeightedEnsemble Cosine judge routed to direct Hadamard sum
  [Ensemble] Judges routed to 'alt' input: PrecomputedCosine
[WeightedEnsemble] Fitted weights (alpha=0.0500, external calib):
  tau=0.9151, Pooled external calib: TPR=0.5160, FPR=0.0480
  PrecomputedCosine   : +0.5316
  PCAWhitenedCosine   : +0.2031
  XGBoost             : +0.0553
  Tiny MLP            : +0.1785
  LDA                 : +0.0315

Method                   | TPR    | FPR    | TrTPR  | TrFPR  | MacroTPR | MacroFPR | Regions | TauMean | ms    | OK? 
---------------------------------------------------------------------------------------------------------------------
Cosine                   | 0.5157 | 0.0638 | 0.4560 | 0.0480 | 0.4827   | 0.0867   | 876     | 0.9390  | 88.3  | FAIL
AndBox-HC                | 0.5055 | 0.0740 | 0.4640 | 0.0480 | 0.4845   | 0.0941   | 876     | -0.0000 | 59.1  | FAIL
PCAWhitenedCosine        | 0.4953 | 0.0394 | 0.4440 | 0.0480 | 0.3945   | 0.0602   | 876     | 1.0183  | 94.4  | PASS
Vec (Wgt)                | 0.5575 | 0.0677 | 0.5000 | 0.0480 | 0.5249   | 0.0951   | 876     | 0.9210  | 94.3  | FAIL
Log Reg                  | 0.1921 | 0.0417 | 0.1880 | 0.0480 | 0.1784   | 0.0569   | 876     | 0.5124  | 102.6 | PASS
LDA                      | 0.3992 | 0.0220 | 0.3440 | 0.0480 | 0.3044   | 0.0374   | 876     | 4.5637  | 98.2  | PASS
Tiny MLP                 | 0.4071 | 0.0197 | 0.3440 | 0.0480 | 0.3111   | 0.0362   | 876     | 0.9565  | 348.1 | PASS
MultiProtoCosine         | 0.0772 | 0.0457 | 0.0920 | 0.0480 | 0.0627   | 0.0519   | 876     | 0.9262  | 104.3 | PASS
WeightedEnsemble         | 0.5835 | 0.0457 | 0.5160 | 0.0480 | 0.4903   | 0.0716   | 876     | 0.9151  | 378.6 | PASS
XGBoost                  | 0.5780 | 0.0709 | 0.5040 | 0.0480 | 0.5266   | 0.0978   | 876     | 0.6465  | 70.2  | FAIL
LDA1+LogReg              | 0.1929 | 0.0417 | 0.1880 | 0.0480 | 0.1787   | 0.0569   | 876     | 0.5124  | 99.4  | PASS
PCA16+LogReg             | 0.2055 | 0.0472 | 0.1920 | 0.0480 | 0.1860   | 0.0647   | 876     | 0.5117  | 104.4 | PASS
PCA32+LogReg             | 0.2126 | 0.0441 | 0.1920 | 0.0480 | 0.1915   | 0.0597   | 876     | 0.5116  | 105.9 | PASS
PCA16+VecWeighted        | 0.0740 | 0.0409 | 0.0560 | 0.0480 | 0.0618   | 0.0379   | 876     | 0.0279  | 101.9 | PASS
PCA32+VecWeighted        | 0.0890 | 0.0315 | 0.0760 | 0.0480 | 0.0779   | 0.0331   | 876     | 0.0349  | 103.4 | PASS
StabilizedWhitenedCosine | 0.5000 | 0.0354 | 0.4520 | 0.0480 | 0.4167   | 0.0528   | 876     | 0.9598  | 99.4  | PASS

[trial=41 seed=84] GLOBAL mode — total_samples=200000
  total: h0=82063 h1=15019
  pooled_train:  n0=1270 n1=1270
  pooled_calib:  n0=250 n1=250
  pooled_eval:   n0=1270 n1=1270
  regions (for macro stats only): 1103
[INFO] Cosine baseline routed to direct Hadamard sum (PrecomputedCosine)
[INFO] WeightedEnsemble Cosine judge routed to direct Hadamard sum
  [Ensemble] Judges routed to 'alt' input: PrecomputedCosine
[WeightedEnsemble] Fitted weights (alpha=0.0500, external calib):
  tau=0.6562, Pooled external calib: TPR=0.5600, FPR=0.0480
  PrecomputedCosine   : +0.0000
  PCAWhitenedCosine   : +0.0000
  XGBoost             : +1.0000
  Tiny MLP            : +0.0000
  LDA                 : +0.0000

Method                   | TPR    | FPR    | TrTPR  | TrFPR  | MacroTPR | MacroFPR | Regions | TauMean | ms    | OK? 
---------------------------------------------------------------------------------------------------------------------
Cosine                   | 0.5228 | 0.0717 | 0.4960 | 0.0480 | 0.4872   | 0.1010   | 876     | 0.9258  | 114.3 | FAIL
AndBox-HC                | 0.4260 | 0.0677 | 0.4120 | 0.0480 | 0.4161   | 0.0846   | 876     | -0.0000 | 57.8  | FAIL
PCAWhitenedCosine        | 0.4984 | 0.0417 | 0.4880 | 0.0480 | 0.4207   | 0.0602   | 876     | 0.9490  | 95.1  | PASS
Vec (Wgt)                | 0.5354 | 0.0701 | 0.5320 | 0.0480 | 0.4950   | 0.0977   | 876     | 0.9197  | 95.1  | FAIL
Log Reg                  | 0.3039 | 0.0614 | 0.2720 | 0.0480 | 0.2533   | 0.0779   | 876     | 0.5095  | 103.4 | FAIL
LDA                      | 0.4386 | 0.0378 | 0.4520 | 0.0480 | 0.3567   | 0.0498   | 876     | 4.1790  | 98.8  | PASS
Tiny MLP                 | 0.3417 | 0.0283 | 0.3640 | 0.0480 | 0.2660   | 0.0383   | 876     | 0.9674  | 353.6 | PASS
MultiProtoCosine         | 0.0787 | 0.0559 | 0.0840 | 0.0480 | 0.0648   | 0.0591   | 876     | 0.9226  | 107.0 | FAIL
WeightedEnsemble         | 0.5402 | 0.0630 | 0.5600 | 0.0480 | 0.4862   | 0.0919   | 876     | 0.6562  | 384.0 | FAIL
XGBoost                  | 0.5402 | 0.0630 | 0.5600 | 0.0480 | 0.4862   | 0.0919   | 876     | 0.6562  | 70.0  | FAIL
LDA1+LogReg              | 0.3047 | 0.0606 | 0.2720 | 0.0480 | 0.2532   | 0.0770   | 876     | 0.5095  | 100.8 | FAIL
PCA16+LogReg             | 0.3157 | 0.0598 | 0.2760 | 0.0480 | 0.2578   | 0.0750   | 876     | 0.5092  | 106.5 | FAIL
PCA32+LogReg             | 0.2945 | 0.0575 | 0.2680 | 0.0480 | 0.2406   | 0.0735   | 876     | 0.5096  | 107.8 | FAIL
PCA16+VecWeighted        | 0.1417 | 0.0543 | 0.1480 | 0.0480 | 0.1256   | 0.0635   | 876     | 0.0267  | 103.4 | FAIL
PCA32+VecWeighted        | 0.1622 | 0.0724 | 0.1920 | 0.0480 | 0.1333   | 0.0794   | 876     | 0.0284  | 105.2 | FAIL
StabilizedWhitenedCosine | 0.5063 | 0.0449 | 0.5040 | 0.0480 | 0.4218   | 0.0639   | 876     | 0.9783  | 99.4  | PASS

[trial=42 seed=85] GLOBAL mode — total_samples=200000
  total: h0=82063 h1=15019
  pooled_train:  n0=1270 n1=1270
  pooled_calib:  n0=250 n1=250
  pooled_eval:   n0=1270 n1=1270
  regions (for macro stats only): 1103
[INFO] Cosine baseline routed to direct Hadamard sum (PrecomputedCosine)
[INFO] WeightedEnsemble Cosine judge routed to direct Hadamard sum
  [Ensemble] Judges routed to 'alt' input: PrecomputedCosine
[WeightedEnsemble] Fitted weights (alpha=0.0500, external calib):
  tau=0.8520, Pooled external calib: TPR=0.5960, FPR=0.0480
  PrecomputedCosine   : +0.2204
  PCAWhitenedCosine   : +0.3145
  XGBoost             : +0.1972
  Tiny MLP            : +0.2559
  LDA                 : +0.0120

Method                   | TPR    | FPR    | TrTPR  | TrFPR  | MacroTPR | MacroFPR | Regions | TauMean | ms    | OK? 
---------------------------------------------------------------------------------------------------------------------
Cosine                   | 0.4661 | 0.0433 | 0.5120 | 0.0480 | 0.4288   | 0.0685   | 861     | 0.9613  | 102.0 | PASS
AndBox-HC                | 0.4441 | 0.0496 | 0.4840 | 0.0480 | 0.4216   | 0.0757   | 861     | 0.0000  | 59.4  | PASS
PCAWhitenedCosine        | 0.5008 | 0.0370 | 0.5560 | 0.0480 | 0.4017   | 0.0582   | 861     | 0.9882  | 93.4  | PASS
Vec (Wgt)                | 0.5157 | 0.0567 | 0.5840 | 0.0480 | 0.4759   | 0.0871   | 861     | 0.9352  | 93.7  | FAIL
Log Reg                  | 0.1780 | 0.0291 | 0.2000 | 0.0480 | 0.1585   | 0.0409   | 861     | 0.5119  | 101.4 | PASS
LDA                      | 0.5283 | 0.0346 | 0.4640 | 0.0480 | 0.4256   | 0.0541   | 861     | 3.4797  | 96.3  | PASS
Tiny MLP                 | 0.5276 | 0.0299 | 0.5200 | 0.0480 | 0.4163   | 0.0489   | 861     | 0.8641  | 299.8 | PASS
MultiProtoCosine         | 0.0598 | 0.0339 | 0.0560 | 0.0480 | 0.0518   | 0.0340   | 861     | 0.9287  | 104.4 | PASS
WeightedEnsemble         | 0.5543 | 0.0378 | 0.5960 | 0.0480 | 0.4610   | 0.0589   | 861     | 0.8520  | 331.6 | PASS
XGBoost                  | 0.5173 | 0.0472 | 0.5520 | 0.0480 | 0.4612   | 0.0716   | 861     | 0.6872  | 68.9  | PASS
LDA1+LogReg              | 0.1787 | 0.0299 | 0.2000 | 0.0480 | 0.1595   | 0.0410   | 861     | 0.5119  | 98.4  | PASS
PCA16+LogReg             | 0.1819 | 0.0323 | 0.1960 | 0.0480 | 0.1646   | 0.0453   | 861     | 0.5111  | 103.1 | PASS
PCA32+LogReg             | 0.1819 | 0.0315 | 0.1960 | 0.0480 | 0.1653   | 0.0448   | 861     | 0.5111  | 104.5 | PASS
PCA16+VecWeighted        | 0.0488 | 0.0386 | 0.0520 | 0.0480 | 0.0464   | 0.0432   | 861     | 0.0340  | 100.8 | PASS
PCA32+VecWeighted        | 0.0441 | 0.0362 | 0.0480 | 0.0480 | 0.0395   | 0.0370   | 861     | 0.0390  | 102.7 | PASS
StabilizedWhitenedCosine | 0.5276 | 0.0457 | 0.5960 | 0.0480 | 0.4368   | 0.0721   | 861     | 0.8693  | 97.2  | PASS

[trial=43 seed=86] GLOBAL mode — total_samples=200000
  total: h0=82063 h1=15019
  pooled_train:  n0=1270 n1=1270
  pooled_calib:  n0=250 n1=250
  pooled_eval:   n0=1270 n1=1270
  regions (for macro stats only): 1103
[INFO] Cosine baseline routed to direct Hadamard sum (PrecomputedCosine)
[INFO] WeightedEnsemble Cosine judge routed to direct Hadamard sum
  [Ensemble] Judges routed to 'alt' input: PrecomputedCosine
[WeightedEnsemble] Fitted weights (alpha=0.0500, external calib):
  tau=1.3607, Pooled external calib: TPR=0.5400, FPR=0.0480
  PrecomputedCosine   : +0.1108
  PCAWhitenedCosine   : +0.3385
  XGBoost             : +0.2247
  Tiny MLP            : +0.1228
  LDA                 : +0.2032

Method                   | TPR    | FPR    | TrTPR  | TrFPR  | MacroTPR | MacroFPR | Regions | TauMean | ms    | OK? 
---------------------------------------------------------------------------------------------------------------------
Cosine                   | 0.4346 | 0.0315 | 0.4120 | 0.0480 | 0.3976   | 0.0423   | 848     | 0.9769  | 93.4  | PASS
AndBox-HC                | 0.2858 | 0.0346 | 0.2600 | 0.0480 | 0.2677   | 0.0453   | 848     | 0.0001  | 56.5  | PASS
PCAWhitenedCosine        | 0.5118 | 0.0449 | 0.4720 | 0.0480 | 0.4172   | 0.0629   | 848     | 1.0056  | 91.9  | PASS
Vec (Wgt)                | 0.5118 | 0.0496 | 0.5000 | 0.0480 | 0.4633   | 0.0728   | 848     | 0.9461  | 92.3  | PASS
Log Reg                  | 0.1992 | 0.0307 | 0.1760 | 0.0480 | 0.1784   | 0.0459   | 848     | 0.5122  | 100.8 | PASS
LDA                      | 0.4827 | 0.0504 | 0.4800 | 0.0480 | 0.3815   | 0.0721   | 848     | 3.7750  | 96.0  | FAIL
Tiny MLP                 | 0.4764 | 0.0425 | 0.4600 | 0.0480 | 0.3754   | 0.0623   | 848     | 0.8961  | 300.5 | PASS
MultiProtoCosine         | 0.0717 | 0.0433 | 0.0760 | 0.0480 | 0.0670   | 0.0567   | 848     | 0.9243  | 103.5 | PASS
WeightedEnsemble         | 0.5283 | 0.0504 | 0.5400 | 0.0480 | 0.4318   | 0.0707   | 848     | 1.3607  | 331.3 | FAIL
XGBoost                  | 0.4504 | 0.0378 | 0.4680 | 0.0480 | 0.3948   | 0.0572   | 848     | 0.7374  | 69.7  | PASS
LDA1+LogReg              | 0.2000 | 0.0307 | 0.1760 | 0.0480 | 0.1794   | 0.0459   | 848     | 0.5122  | 98.3  | PASS
PCA16+LogReg             | 0.2181 | 0.0307 | 0.1840 | 0.0480 | 0.1883   | 0.0444   | 848     | 0.5115  | 103.1 | PASS
PCA32+LogReg             | 0.2047 | 0.0283 | 0.1800 | 0.0480 | 0.1824   | 0.0407   | 848     | 0.5118  | 104.4 | PASS
PCA16+VecWeighted        | 0.1953 | 0.0457 | 0.1880 | 0.0480 | 0.1624   | 0.0492   | 848     | 0.0266  | 100.7 | PASS
PCA32+VecWeighted        | 0.1701 | 0.0457 | 0.1560 | 0.0480 | 0.1250   | 0.0472   | 848     | 0.0328  | 102.1 | PASS
StabilizedWhitenedCosine | 0.5575 | 0.0575 | 0.5160 | 0.0480 | 0.4620   | 0.0798   | 848     | 0.8772  | 96.9  | FAIL

[trial=44 seed=87] GLOBAL mode — total_samples=200000
  total: h0=82063 h1=15019
  pooled_train:  n0=1270 n1=1270
  pooled_calib:  n0=250 n1=250
  pooled_eval:   n0=1270 n1=1270
  regions (for macro stats only): 1103
[INFO] Cosine baseline routed to direct Hadamard sum (PrecomputedCosine)
[INFO] WeightedEnsemble Cosine judge routed to direct Hadamard sum
  [Ensemble] Judges routed to 'alt' input: PrecomputedCosine
[WeightedEnsemble] Fitted weights (alpha=0.0500, external calib):
  tau=0.8957, Pooled external calib: TPR=0.5240, FPR=0.0480
  PrecomputedCosine   : +0.0000
  PCAWhitenedCosine   : +0.0000
  XGBoost             : +0.0000
  Tiny MLP            : +1.0000
  LDA                 : +0.0000

Method                   | TPR    | FPR    | TrTPR  | TrFPR  | MacroTPR | MacroFPR | Regions | TauMean | ms    | OK? 
---------------------------------------------------------------------------------------------------------------------
Cosine                   | 0.5276 | 0.0559 | 0.4680 | 0.0480 | 0.4814   | 0.0811   | 861     | 0.9356  | 94.8  | FAIL
AndBox-HC                | 0.4795 | 0.0591 | 0.4360 | 0.0480 | 0.4536   | 0.0847   | 861     | -0.0000 | 58.5  | FAIL
PCAWhitenedCosine        | 0.5465 | 0.0457 | 0.4840 | 0.0480 | 0.4495   | 0.0640   | 861     | 0.9290  | 93.9  | PASS
Vec (Wgt)                | 0.5299 | 0.0449 | 0.4760 | 0.0480 | 0.4813   | 0.0696   | 861     | 0.9286  | 94.5  | PASS
Log Reg                  | 0.2339 | 0.0449 | 0.2080 | 0.0480 | 0.1935   | 0.0609   | 861     | 0.5120  | 102.1 | PASS
LDA                      | 0.5181 | 0.0457 | 0.4720 | 0.0480 | 0.4214   | 0.0647   | 861     | 3.5658  | 97.6  | PASS
Tiny MLP                 | 0.5417 | 0.0480 | 0.5240 | 0.0480 | 0.4574   | 0.0660   | 861     | 0.8957  | 303.0 | PASS
MultiProtoCosine         | 0.0929 | 0.0409 | 0.0800 | 0.0480 | 0.0723   | 0.0435   | 861     | 0.9227  | 105.0 | PASS
WeightedEnsemble         | 0.5417 | 0.0480 | 0.5240 | 0.0480 | 0.4574   | 0.0660   | 861     | 0.8957  | 334.8 | PASS
XGBoost                  | 0.5598 | 0.0622 | 0.5000 | 0.0480 | 0.4970   | 0.0890   | 861     | 0.6529  | 71.0  | FAIL
LDA1+LogReg              | 0.2339 | 0.0449 | 0.2080 | 0.0480 | 0.1935   | 0.0609   | 861     | 0.5120  | 99.8  | PASS
PCA16+LogReg             | 0.2268 | 0.0417 | 0.1840 | 0.0480 | 0.1854   | 0.0573   | 861     | 0.5121  | 104.0 | PASS
PCA32+LogReg             | 0.2362 | 0.0433 | 0.2160 | 0.0480 | 0.1947   | 0.0598   | 861     | 0.5115  | 107.0 | PASS
PCA16+VecWeighted        | 0.0953 | 0.0606 | 0.0680 | 0.0480 | 0.0881   | 0.0585   | 861     | 0.0265  | 102.0 | FAIL
PCA32+VecWeighted        | 0.0898 | 0.0433 | 0.0520 | 0.0480 | 0.0711   | 0.0447   | 861     | 0.0346  | 103.2 | PASS
StabilizedWhitenedCosine | 0.5504 | 0.0441 | 0.5040 | 0.0480 | 0.4534   | 0.0622   | 861     | 0.8958  | 101.3 | PASS

[trial=45 seed=88] GLOBAL mode — total_samples=200000
  total: h0=82063 h1=15019
  pooled_train:  n0=1270 n1=1270
  pooled_calib:  n0=250 n1=250
  pooled_eval:   n0=1270 n1=1270
  regions (for macro stats only): 1103
[INFO] Cosine baseline routed to direct Hadamard sum (PrecomputedCosine)
[INFO] WeightedEnsemble Cosine judge routed to direct Hadamard sum
  [Ensemble] Judges routed to 'alt' input: PrecomputedCosine
[WeightedEnsemble] Fitted weights (alpha=0.0500, external calib):
  tau=0.8927, Pooled external calib: TPR=0.5200, FPR=0.0480
  PrecomputedCosine   : +0.2610
  PCAWhitenedCosine   : +0.2348
  XGBoost             : +0.2127
  Tiny MLP            : +0.2846
  LDA                 : +0.0070

Method                   | TPR    | FPR    | TrTPR  | TrFPR  | MacroTPR | MacroFPR | Regions | TauMean | ms    | OK? 
---------------------------------------------------------------------------------------------------------------------
Cosine                   | 0.4575 | 0.0370 | 0.4760 | 0.0480 | 0.4075   | 0.0595   | 851     | 0.9621  | 102.7 | PASS
AndBox-HC                | 0.4102 | 0.0370 | 0.4240 | 0.0480 | 0.3626   | 0.0585   | 851     | 0.0000  | 56.3  | PASS
PCAWhitenedCosine        | 0.5110 | 0.0354 | 0.4840 | 0.0480 | 0.4001   | 0.0516   | 851     | 1.0634  | 92.2  | PASS
Vec (Wgt)                | 0.4906 | 0.0362 | 0.5040 | 0.0480 | 0.4233   | 0.0609   | 851     | 0.9495  | 92.1  | PASS
Log Reg                  | 0.1370 | 0.0244 | 0.1440 | 0.0480 | 0.1152   | 0.0382   | 851     | 0.5170  | 99.3  | PASS
LDA                      | 0.3827 | 0.0213 | 0.3560 | 0.0480 | 0.2956   | 0.0357   | 851     | 4.9907  | 95.4  | PASS
Tiny MLP                 | 0.4913 | 0.0339 | 0.4640 | 0.0480 | 0.3820   | 0.0543   | 851     | 0.8888  | 299.1 | PASS
MultiProtoCosine         | 0.0961 | 0.0480 | 0.0880 | 0.0480 | 0.0774   | 0.0608   | 851     | 0.9231  | 103.0 | PASS
WeightedEnsemble         | 0.5189 | 0.0260 | 0.5200 | 0.0480 | 0.4163   | 0.0422   | 851     | 0.8927  | 334.9 | PASS
XGBoost                  | 0.4441 | 0.0307 | 0.4800 | 0.0480 | 0.3719   | 0.0476   | 851     | 0.7259  | 71.2  | PASS
LDA1+LogReg              | 0.1370 | 0.0244 | 0.1440 | 0.0480 | 0.1152   | 0.0382   | 851     | 0.5170  | 98.2  | PASS
PCA16+LogReg             | 0.1307 | 0.0244 | 0.1360 | 0.0480 | 0.1074   | 0.0371   | 851     | 0.5167  | 101.9 | PASS
PCA32+LogReg             | 0.1354 | 0.0260 | 0.1440 | 0.0480 | 0.1131   | 0.0386   | 851     | 0.5164  | 103.5 | PASS
PCA16+VecWeighted        | 0.1748 | 0.0378 | 0.1840 | 0.0480 | 0.1384   | 0.0504   | 851     | 0.0264  | 99.9  | PASS
PCA32+VecWeighted        | 0.1677 | 0.0331 | 0.1720 | 0.0480 | 0.1353   | 0.0468   | 851     | 0.0293  | 101.3 | PASS
StabilizedWhitenedCosine | 0.5126 | 0.0362 | 0.4960 | 0.0480 | 0.4076   | 0.0562   | 851     | 0.9607  | 95.4  | PASS

[trial=46 seed=89] GLOBAL mode — total_samples=200000
  total: h0=82063 h1=15019
  pooled_train:  n0=1270 n1=1270
  pooled_calib:  n0=250 n1=250
  pooled_eval:   n0=1270 n1=1270
  regions (for macro stats only): 1103
[INFO] Cosine baseline routed to direct Hadamard sum (PrecomputedCosine)
[INFO] WeightedEnsemble Cosine judge routed to direct Hadamard sum
  [Ensemble] Judges routed to 'alt' input: PrecomputedCosine
[WeightedEnsemble] Fitted weights (alpha=0.0500, external calib):
  tau=0.8899, Pooled external calib: TPR=0.6560, FPR=0.0480
  PrecomputedCosine   : +0.4323
  PCAWhitenedCosine   : +0.1110
  XGBoost             : +0.2003
  Tiny MLP            : +0.2025
  LDA                 : +0.0539

Method                   | TPR    | FPR    | TrTPR  | TrFPR  | MacroTPR | MacroFPR | Regions | TauMean | ms    | OK? 
---------------------------------------------------------------------------------------------------------------------
Cosine                   | 0.5307 | 0.0709 | 0.5560 | 0.0480 | 0.4949   | 0.1081   | 861     | 0.9281  | 109.8 | FAIL
AndBox-HC                | 0.4961 | 0.0654 | 0.4960 | 0.0480 | 0.4589   | 0.0995   | 861     | -0.0000 | 57.0  | FAIL
PCAWhitenedCosine        | 0.5732 | 0.0535 | 0.5520 | 0.0480 | 0.4630   | 0.0756   | 861     | 0.8851  | 93.2  | FAIL
Vec (Wgt)                | 0.5803 | 0.0874 | 0.5960 | 0.0480 | 0.5372   | 0.1243   | 861     | 0.8919  | 93.3  | FAIL
Log Reg                  | 0.2551 | 0.0480 | 0.2520 | 0.0480 | 0.2194   | 0.0620   | 861     | 0.5114  | 101.5 | PASS
LDA                      | 0.5142 | 0.0433 | 0.5560 | 0.0480 | 0.4087   | 0.0674   | 861     | 4.0515  | 97.2  | PASS
Tiny MLP                 | 0.5685 | 0.0512 | 0.6040 | 0.0480 | 0.4739   | 0.0798   | 861     | 0.8309  | 300.9 | FAIL
MultiProtoCosine         | 0.0835 | 0.0268 | 0.0880 | 0.0480 | 0.0643   | 0.0280   | 861     | 0.9258  | 104.8 | PASS
WeightedEnsemble         | 0.6220 | 0.0583 | 0.6560 | 0.0480 | 0.5188   | 0.0844   | 861     | 0.8899  | 334.1 | FAIL
XGBoost                  | 0.5835 | 0.0748 | 0.5880 | 0.0480 | 0.5055   | 0.1093   | 861     | 0.6488  | 70.2  | FAIL
LDA1+LogReg              | 0.2551 | 0.0472 | 0.2520 | 0.0480 | 0.2194   | 0.0615   | 861     | 0.5114  | 98.7  | PASS
PCA16+LogReg             | 0.2598 | 0.0480 | 0.2560 | 0.0480 | 0.2231   | 0.0624   | 861     | 0.5108  | 103.0 | PASS
PCA32+LogReg             | 0.2614 | 0.0465 | 0.2560 | 0.0480 | 0.2243   | 0.0620   | 861     | 0.5109  | 104.9 | PASS
PCA16+VecWeighted        | 0.1008 | 0.0693 | 0.1160 | 0.0480 | 0.0909   | 0.0679   | 861     | 0.0252  | 101.3 | FAIL
PCA32+VecWeighted        | 0.0701 | 0.0496 | 0.1040 | 0.0480 | 0.0714   | 0.0612   | 861     | 0.0318  | 102.1 | PASS
StabilizedWhitenedCosine | 0.5827 | 0.0543 | 0.5440 | 0.0480 | 0.4881   | 0.0768   | 861     | 0.8194  | 98.1  | FAIL

[trial=47 seed=90] GLOBAL mode — total_samples=200000
  total: h0=82063 h1=15019
  pooled_train:  n0=1270 n1=1270
  pooled_calib:  n0=250 n1=250
  pooled_eval:   n0=1270 n1=1270
  regions (for macro stats only): 1103
[INFO] Cosine baseline routed to direct Hadamard sum (PrecomputedCosine)
[INFO] WeightedEnsemble Cosine judge routed to direct Hadamard sum
  [Ensemble] Judges routed to 'alt' input: PrecomputedCosine
[WeightedEnsemble] Fitted weights (alpha=0.0500, external calib):
  tau=0.7327, Pooled external calib: TPR=0.4560, FPR=0.0480
  PrecomputedCosine   : +0.0000
  PCAWhitenedCosine   : +0.0000
  XGBoost             : +1.0000
  Tiny MLP            : +0.0000
  LDA                 : +0.0000

Method                   | TPR    | FPR    | TrTPR  | TrFPR  | MacroTPR | MacroFPR | Regions | TauMean | ms    | OK? 
---------------------------------------------------------------------------------------------------------------------
Cosine                   | 0.4063 | 0.0362 | 0.4120 | 0.0480 | 0.3712   | 0.0554   | 857     | 0.9769  | 100.5 | PASS
AndBox-HC                | 0.3417 | 0.0417 | 0.3520 | 0.0480 | 0.3192   | 0.0698   | 857     | 0.0000  | 58.2  | PASS
PCAWhitenedCosine        | 0.3102 | 0.0165 | 0.3320 | 0.0480 | 0.2598   | 0.0282   | 857     | 1.4803  | 92.5  | PASS
Vec (Wgt)                | 0.3677 | 0.0244 | 0.3720 | 0.0480 | 0.3106   | 0.0390   | 857     | 0.9896  | 92.6  | PASS
Log Reg                  | 0.1843 | 0.0354 | 0.1560 | 0.0480 | 0.1740   | 0.0481   | 857     | 0.5127  | 100.7 | PASS
LDA                      | 0.3276 | 0.0244 | 0.3320 | 0.0480 | 0.2441   | 0.0371   | 857     | 5.5394  | 96.8  | PASS
Tiny MLP                 | 0.3866 | 0.0323 | 0.4160 | 0.0480 | 0.2943   | 0.0465   | 857     | 0.9518  | 301.7 | PASS
MultiProtoCosine         | 0.1150 | 0.0591 | 0.1120 | 0.0480 | 0.1025   | 0.0670   | 857     | 0.9208  | 104.0 | FAIL
WeightedEnsemble         | 0.4488 | 0.0394 | 0.4560 | 0.0480 | 0.3916   | 0.0623   | 857     | 0.7327  | 333.1 | PASS
XGBoost                  | 0.4488 | 0.0394 | 0.4560 | 0.0480 | 0.3916   | 0.0623   | 857     | 0.7327  | 69.2  | PASS
LDA1+LogReg              | 0.1843 | 0.0354 | 0.1560 | 0.0480 | 0.1740   | 0.0481   | 857     | 0.5127  | 98.7  | PASS
PCA16+LogReg             | 0.1740 | 0.0346 | 0.1480 | 0.0480 | 0.1641   | 0.0472   | 857     | 0.5124  | 103.4 | PASS
PCA32+LogReg             | 0.1874 | 0.0346 | 0.1560 | 0.0480 | 0.1739   | 0.0472   | 857     | 0.5124  | 104.7 | PASS
PCA16+VecWeighted        | 0.0945 | 0.0299 | 0.0600 | 0.0480 | 0.0899   | 0.0222   | 857     | 0.0347  | 100.8 | PASS
PCA32+VecWeighted        | 0.0858 | 0.0197 | 0.0680 | 0.0480 | 0.0818   | 0.0189   | 857     | 0.0409  | 102.7 | PASS
StabilizedWhitenedCosine | 0.4110 | 0.0283 | 0.4120 | 0.0480 | 0.3388   | 0.0464   | 857     | 1.2354  | 97.1  | PASS

[trial=48 seed=91] GLOBAL mode — total_samples=200000
  total: h0=82063 h1=15019
  pooled_train:  n0=1270 n1=1270
  pooled_calib:  n0=250 n1=250
  pooled_eval:   n0=1270 n1=1270
  regions (for macro stats only): 1103
[INFO] Cosine baseline routed to direct Hadamard sum (PrecomputedCosine)
[INFO] WeightedEnsemble Cosine judge routed to direct Hadamard sum
  [Ensemble] Judges routed to 'alt' input: PrecomputedCosine
[WeightedEnsemble] Fitted weights (alpha=0.0500, external calib):
  tau=1.0676, Pooled external calib: TPR=0.6320, FPR=0.0480
  PrecomputedCosine   : +0.7052
  PCAWhitenedCosine   : +0.1314
  XGBoost             : +0.0181
  Tiny MLP            : +0.0260
  LDA                 : +0.1193

Method                   | TPR    | FPR    | TrTPR  | TrFPR  | MacroTPR | MacroFPR | Regions | TauMean | ms    | OK? 
---------------------------------------------------------------------------------------------------------------------
Cosine                   | 0.5654 | 0.0827 | 0.5360 | 0.0480 | 0.5147   | 0.1195   | 868     | 0.9179  | 92.8  | FAIL
AndBox-HC                | 0.4465 | 0.0559 | 0.4360 | 0.0480 | 0.3959   | 0.0830   | 868     | 0.0000  | 56.2  | FAIL
PCAWhitenedCosine        | 0.5811 | 0.0559 | 0.5680 | 0.0480 | 0.4644   | 0.0845   | 868     | 0.8658  | 93.9  | FAIL
Vec (Wgt)                | 0.5732 | 0.0850 | 0.5640 | 0.0480 | 0.5113   | 0.1273   | 868     | 0.9098  | 93.2  | FAIL
Log Reg                  | 0.3409 | 0.0598 | 0.3400 | 0.0480 | 0.2794   | 0.0847   | 868     | 0.5073  | 101.8 | FAIL
LDA                      | 0.6102 | 0.0598 | 0.6160 | 0.0480 | 0.4957   | 0.0926   | 868     | 2.8914  | 97.5  | FAIL
Tiny MLP                 | 0.6228 | 0.0685 | 0.6040 | 0.0480 | 0.5090   | 0.1005   | 868     | 0.8106  | 302.7 | FAIL
MultiProtoCosine         | 0.0622 | 0.0425 | 0.0840 | 0.0480 | 0.0527   | 0.0478   | 868     | 0.9250  | 104.4 | PASS
WeightedEnsemble         | 0.6260 | 0.0646 | 0.6320 | 0.0480 | 0.5158   | 0.1013   | 868     | 1.0676  | 332.0 | FAIL
XGBoost                  | 0.5969 | 0.0677 | 0.5800 | 0.0480 | 0.5066   | 0.0994   | 868     | 0.6378  | 68.1  | FAIL
LDA1+LogReg              | 0.3433 | 0.0638 | 0.3440 | 0.0480 | 0.2835   | 0.0899   | 868     | 0.5072  | 95.5  | FAIL
PCA16+LogReg             | 0.3803 | 0.0701 | 0.3880 | 0.0480 | 0.3150   | 0.1001   | 868     | 0.5065  | 101.2 | FAIL
PCA32+LogReg             | 0.3827 | 0.0701 | 0.3920 | 0.0480 | 0.3176   | 0.1001   | 868     | 0.5066  | 106.9 | FAIL
PCA16+VecWeighted        | 0.1512 | 0.0417 | 0.1680 | 0.0480 | 0.1189   | 0.0574   | 868     | 0.0273  | 103.2 | PASS
PCA32+VecWeighted        | 0.1598 | 0.0488 | 0.1800 | 0.0480 | 0.1404   | 0.0645   | 868     | 0.0298  | 104.1 | PASS
StabilizedWhitenedCosine | 0.5874 | 0.0512 | 0.5520 | 0.0480 | 0.4739   | 0.0762   | 868     | 0.7703  | 98.6  | FAIL

[trial=49 seed=92] GLOBAL mode — total_samples=200000
  total: h0=82063 h1=15019
  pooled_train:  n0=1270 n1=1270
  pooled_calib:  n0=250 n1=250
  pooled_eval:   n0=1270 n1=1270
  regions (for macro stats only): 1103
[INFO] Cosine baseline routed to direct Hadamard sum (PrecomputedCosine)
[INFO] WeightedEnsemble Cosine judge routed to direct Hadamard sum
  [Ensemble] Judges routed to 'alt' input: PrecomputedCosine
[WeightedEnsemble] Fitted weights (alpha=0.0500, external calib):
  tau=1.3007, Pooled external calib: TPR=0.6120, FPR=0.0480
  PrecomputedCosine   : +0.1058
  PCAWhitenedCosine   : +0.0804
  XGBoost             : +0.3319
  Tiny MLP            : +0.2065
  LDA                 : +0.2754

Method                   | TPR    | FPR    | TrTPR  | TrFPR  | MacroTPR | MacroFPR | Regions | TauMean | ms    | OK? 
---------------------------------------------------------------------------------------------------------------------
Cosine                   | 0.3457 | 0.0323 | 0.3280 | 0.0480 | 0.3197   | 0.0484   | 862     | 0.9880  | 107.5 | PASS
AndBox-HC                | 0.3953 | 0.0535 | 0.4040 | 0.0480 | 0.3646   | 0.0744   | 862     | 0.0000  | 57.0  | FAIL
PCAWhitenedCosine        | 0.5496 | 0.0512 | 0.5160 | 0.0480 | 0.4569   | 0.0772   | 862     | 0.9384  | 94.1  | FAIL
Vec (Wgt)                | 0.4354 | 0.0307 | 0.4400 | 0.0480 | 0.3941   | 0.0469   | 862     | 0.9737  | 94.0  | PASS
Log Reg                  | 0.2134 | 0.0417 | 0.2360 | 0.0480 | 0.1890   | 0.0585   | 862     | 0.5124  | 102.5 | PASS
LDA                      | 0.6039 | 0.0654 | 0.5840 | 0.0480 | 0.4985   | 0.0925   | 862     | 2.9354  | 98.0  | FAIL
Tiny MLP                 | 0.5992 | 0.0661 | 0.5920 | 0.0480 | 0.4842   | 0.0986   | 862     | 0.8329  | 303.6 | FAIL
MultiProtoCosine         | 0.0795 | 0.0567 | 0.1000 | 0.0480 | 0.0697   | 0.0634   | 862     | 0.9211  | 105.6 | FAIL
WeightedEnsemble         | 0.6165 | 0.0654 | 0.6120 | 0.0480 | 0.5089   | 0.0974   | 862     | 1.3007  | 337.3 | FAIL
XGBoost                  | 0.4055 | 0.0315 | 0.3760 | 0.0440 | 0.3670   | 0.0451   | 862     | 0.7611  | 69.9  | PASS
LDA1+LogReg              | 0.2150 | 0.0417 | 0.2400 | 0.0480 | 0.1900   | 0.0585   | 862     | 0.5124  | 100.1 | PASS
PCA16+LogReg             | 0.2047 | 0.0362 | 0.2240 | 0.0480 | 0.1783   | 0.0505   | 862     | 0.5125  | 104.2 | PASS
PCA32+LogReg             | 0.2220 | 0.0386 | 0.2600 | 0.0480 | 0.1936   | 0.0539   | 862     | 0.5120  | 106.1 | PASS
PCA16+VecWeighted        | 0.2087 | 0.0528 | 0.2040 | 0.0480 | 0.1672   | 0.0621   | 862     | 0.0244  | 102.1 | FAIL
PCA32+VecWeighted        | 0.2268 | 0.0661 | 0.2280 | 0.0480 | 0.1841   | 0.0794   | 862     | 0.0232  | 103.9 | FAIL
StabilizedWhitenedCosine | 0.5559 | 0.0567 | 0.5240 | 0.0480 | 0.4820   | 0.0868   | 862     | 0.8905  | 98.5  | FAIL

=== Ranking by mean micro TPR (UNCONSTRAINED) ===
 1. WeightedEnsemble   TPR=0.5827±0.0507 FPR=0.0592±0.0151 [FAIL]
 2. StabilizedWhitenedCosine TPR=0.5296±0.0560 FPR=0.0498±0.0139 [PASS]
 3. PCAWhitenedCosine  TPR=0.5293±0.0607 FPR=0.0497±0.0138 [PASS]
 4. Tiny MLP           TPR=0.5240±0.0678 FPR=0.0498±0.0150 [PASS]
 5. LDA                TPR=0.5081±0.0632 FPR=0.0483±0.0157 [PASS]
 6. XGBoost            TPR=0.4970±0.0522 FPR=0.0494±0.0135 [PASS]
 7. Vec (Wgt)          TPR=0.4948±0.0478 FPR=0.0514±0.0161 [FAIL]
 8. Cosine             TPR=0.4593±0.0496 FPR=0.0498±0.0147 [PASS]
 9. AndBox-HC          TPR=0.4032±0.0718 FPR=0.0503±0.0151 [FAIL]
10. PCA32+LogReg       TPR=0.2505±0.0535 FPR=0.0487±0.0139 [PASS]
11. LDA1+LogReg        TPR=0.2440±0.0518 FPR=0.0485±0.0136 [PASS]
12. PCA16+LogReg       TPR=0.2439±0.0544 FPR=0.0481±0.0139 [PASS]
13. Log Reg            TPR=0.2428±0.0514 FPR=0.0485±0.0135 [PASS]
14. PCA32+VecWeighted  TPR=0.1020±0.0579 FPR=0.0470±0.0157 [PASS]
15. PCA16+VecWeighted  TPR=0.1008±0.0610 FPR=0.0467±0.0163 [PASS]
16. MultiProtoCosine   TPR=0.0898±0.0192 FPR=0.0497±0.0151 [PASS]

=== Ranking by mean micro TPR (CONSTRAINED: FPR <= alpha) ===
 1. StabilizedWhitenedCosine TPR=0.5296±0.0560 FPR=0.0498±0.0139
 2. PCAWhitenedCosine  TPR=0.5293±0.0607 FPR=0.0497±0.0138
 3. Tiny MLP           TPR=0.5240±0.0678 FPR=0.0498±0.0150
 4. LDA                TPR=0.5081±0.0632 FPR=0.0483±0.0157
 5. XGBoost            TPR=0.4970±0.0522 FPR=0.0494±0.0135
 6. Cosine             TPR=0.4593±0.0496 FPR=0.0498±0.0147
 7. PCA32+LogReg       TPR=0.2505±0.0535 FPR=0.0487±0.0139
 8. LDA1+LogReg        TPR=0.2440±0.0518 FPR=0.0485±0.0136
 9. PCA16+LogReg       TPR=0.2439±0.0544 FPR=0.0481±0.0139
10. Log Reg            TPR=0.2428±0.0514 FPR=0.0485±0.0135
11. PCA32+VecWeighted  TPR=0.1020±0.0579 FPR=0.0470±0.0157
12. PCA16+VecWeighted  TPR=0.1008±0.0610 FPR=0.0467±0.0163
13. MultiProtoCosine   TPR=0.0898±0.0192 FPR=0.0497±0.0151
[CSV] Saved: /home/malmatal/Projects/Multi_Dim_Threshold/NeighborCache/outputs/region_local_threshold/run_20260508_000519/trial_summary.csv
[JSON] Saved: /home/malmatal/Projects/Multi_Dim_Threshold/NeighborCache/outputs/region_local_threshold/run_20260508_000519/ranking.json
[CSV] Saved: /home/malmatal/Projects/Multi_Dim_Threshold/NeighborCache/outputs/region_local_threshold/run_20260508_000519/weighted_ensemble_meta_weights.csv
[JSON] Saved: /home/malmatal/Projects/Multi_Dim_Threshold/NeighborCache/outputs/region_local_threshold/run_20260508_000519/notes.json

Best (constrained FPR <= alpha): StabilizedWhitenedCosine
[Done] outputs at: /home/malmatal/Projects/Multi_Dim_Threshold/NeighborCache/outputs/region_local_threshold/run_20260508_000519
