<frozen runpy>:128: RuntimeWarning: 'NeighborCache.region_local_threshold.cli' found in sys.modules after import of package 'NeighborCache.region_local_threshold', but prior to execution of 'NeighborCache.region_local_threshold.cli'; this may result in unpredictable behaviour
[INFO] Using features key='emb' dim=1024
[INFO] Applied Hadamard preprocessing (strategy=centroid_nearest, use_delta_vec=False, use_abs_diff=False) to X_main

=== Region Threshold Benchmark ===
dataset_npz=NeighborCache/data/h1h0_final.npz
region_key=global_cluster (resolved=global_cluster, unique=1103)
features=emb+hadamard rows=200000 dim=1024
text_pairs=text+region_anchor[centroid_nearest]
alpha=0.05 tie_mode=ge trials=50 base_seed=46
tau_mode=global
hadamard_preprocess=True
abs_diff_only_preprocess=False
use_delta_vec=False
use_abs_diff=False
normalize_data=False
filter_policy=none
train_cosine_policy_active=False
caps: train=100 calib=1240 eval=1270
mins: min_h0_eval=20 min_h1_eval=20
run_dir=/home/malmatal/Projects/Multi_Dim_Threshold/NeighborCache/outputs/region_local_threshold/run_20260507_110235

[trial=0 seed=46] GLOBAL mode — total_samples=200000
  total: h0=82063 h1=15019
  pooled_train:  n0=100 n1=100
  pooled_calib:  n0=1240 n1=1240
  pooled_eval:   n0=1270 n1=1270
  regions (for macro stats only): 1103
[INFO] Cosine baseline routed to direct Hadamard sum (PrecomputedCosine)
[INFO] WeightedEnsemble Cosine judge routed to direct Hadamard sum
  [Ensemble] Judges routed to 'alt' input: PrecomputedCosine
[WeightedEnsemble] Fitted weights (alpha=0.0500, external calib):
  tau=0.9444, Pooled external calib: TPR=0.4863, FPR=0.0500
  PrecomputedCosine   : +1.0000
  PCAWhitenedCosine   : +0.0000
  XGBoost             : +0.0000
  Tiny MLP            : +0.0000
  LDA                 : +0.0000

Method                   | TPR    | FPR    | TrTPR  | TrFPR  | MacroTPR | MacroFPR | Regions | TauMean | ms    | OK? 
---------------------------------------------------------------------------------------------------------------------
Cosine                   | 0.4874 | 0.0567 | 0.4863 | 0.0500 | 0.4558   | 0.0848   | 865     | 0.9444  | 108.0 | FAIL
AndBox-HC                | 0.4827 | 0.0567 | 0.4782 | 0.0500 | 0.4510   | 0.0781   | 865     | -0.0000 | 64.6  | FAIL
PCAWhitenedCosine        | 0.3134 | 0.0559 | 0.3016 | 0.0500 | 0.2821   | 0.0655   | 865     | 1.1488  | 104.1 | FAIL
Vec (Wgt)                | 0.5299 | 0.0543 | 0.5331 | 0.0500 | 0.4954   | 0.0831   | 865     | 0.9160  | 104.6 | FAIL
Log Reg                  | 0.1913 | 0.0457 | 0.2032 | 0.0500 | 0.1803   | 0.0628   | 865     | 0.5012  | 120.0 | PASS
LDA                      | 0.3976 | 0.0512 | 0.4218 | 0.0500 | 0.3332   | 0.0657   | 865     | 10.0565 | 109.4 | FAIL
Tiny MLP                 | 0.4016 | 0.0488 | 0.4194 | 0.0500 | 0.3402   | 0.0690   | 865     | 0.6967  | 120.8 | PASS
MultiProtoCosine         | 0.0583 | 0.0307 | 0.0613 | 0.0500 | 0.0544   | 0.0375   | 865     | 0.9215  | 127.7 | PASS
WeightedEnsemble         | 0.4874 | 0.0567 | 0.4863 | 0.0500 | 0.4558   | 0.0848   | 865     | 0.9444  | 181.0 | FAIL
XGBoost                  | 0.3465 | 0.0669 | 0.3629 | 0.0500 | 0.3074   | 0.0713   | 865     | 0.7265  | 86.8  | FAIL
LDA1+LogReg              | 0.1945 | 0.0457 | 0.2048 | 0.0500 | 0.1845   | 0.0628   | 865     | 0.5012  | 113.8 | PASS
PCA16+LogReg             | 0.1866 | 0.0441 | 0.2032 | 0.0500 | 0.1781   | 0.0625   | 865     | 0.5012  | 126.2 | PASS
PCA32+LogReg             | 0.1866 | 0.0465 | 0.1968 | 0.0500 | 0.1784   | 0.0641   | 865     | 0.5012  | 126.3 | PASS
PCA16+VecWeighted        | 0.1346 | 0.0512 | 0.1589 | 0.0500 | 0.1314   | 0.0696   | 865     | 0.0327  | 120.5 | FAIL
PCA32+VecWeighted        | 0.1299 | 0.0551 | 0.1403 | 0.0492 | 0.1296   | 0.0574   | 865     | 0.0360  | 123.0 | FAIL
StabilizedWhitenedCosine | 0.3795 | 0.0504 | 0.4065 | 0.0500 | 0.3226   | 0.0708   | 865     | 0.8632  | 118.1 | FAIL

[trial=1 seed=47] GLOBAL mode — total_samples=200000
  total: h0=82063 h1=15019
  pooled_train:  n0=100 n1=100
  pooled_calib:  n0=1240 n1=1240
  pooled_eval:   n0=1270 n1=1270
  regions (for macro stats only): 1103
[INFO] Cosine baseline routed to direct Hadamard sum (PrecomputedCosine)
[INFO] WeightedEnsemble Cosine judge routed to direct Hadamard sum
  [Ensemble] Judges routed to 'alt' input: PrecomputedCosine
[WeightedEnsemble] Fitted weights (alpha=0.0500, external calib):
  tau=0.6519, Pooled external calib: TPR=0.4968, FPR=0.0500
  PrecomputedCosine   : +0.0000
  PCAWhitenedCosine   : +0.0000
  XGBoost             : +0.0000
  Tiny MLP            : +1.0000
  LDA                 : +0.0000

Method                   | TPR    | FPR    | TrTPR  | TrFPR  | MacroTPR | MacroFPR | Regions | TauMean | ms    | OK? 
---------------------------------------------------------------------------------------------------------------------
Cosine                   | 0.4748 | 0.0575 | 0.4621 | 0.0500 | 0.4283   | 0.0826   | 832     | 0.9556  | 106.8 | FAIL
AndBox-HC                | 0.4402 | 0.0646 | 0.4427 | 0.0500 | 0.3974   | 0.0842   | 832     | 0.0001  | 65.1  | FAIL
PCAWhitenedCosine        | 0.4110 | 0.0504 | 0.3911 | 0.0500 | 0.3226   | 0.0741   | 832     | 1.3269  | 101.8 | FAIL
Vec (Wgt)                | 0.5283 | 0.0614 | 0.5097 | 0.0500 | 0.4734   | 0.0896   | 832     | 0.9385  | 102.5 | FAIL
Log Reg                  | 0.2740 | 0.0661 | 0.2565 | 0.0500 | 0.2126   | 0.0879   | 832     | 0.5010  | 120.6 | FAIL
LDA                      | 0.4591 | 0.0559 | 0.4226 | 0.0500 | 0.3773   | 0.0841   | 832     | 15.5531 | 110.0 | FAIL
Tiny MLP                 | 0.5402 | 0.0717 | 0.4968 | 0.0500 | 0.4491   | 0.1030   | 832     | 0.6519  | 123.3 | FAIL
MultiProtoCosine         | 0.0945 | 0.0622 | 0.0855 | 0.0500 | 0.0756   | 0.0686   | 832     | 0.9143  | 122.4 | FAIL
WeightedEnsemble         | 0.5402 | 0.0717 | 0.4968 | 0.0500 | 0.4491   | 0.1030   | 832     | 0.6519  | 178.8 | FAIL
XGBoost                  | 0.4740 | 0.0598 | 0.4427 | 0.0500 | 0.4179   | 0.0804   | 832     | 0.7709  | 84.0  | FAIL
LDA1+LogReg              | 0.2748 | 0.0661 | 0.2565 | 0.0500 | 0.2129   | 0.0879   | 832     | 0.5010  | 110.5 | FAIL
PCA16+LogReg             | 0.2654 | 0.0661 | 0.2444 | 0.0500 | 0.2108   | 0.0864   | 832     | 0.5010  | 121.3 | FAIL
PCA32+LogReg             | 0.2614 | 0.0677 | 0.2492 | 0.0500 | 0.2083   | 0.0874   | 832     | 0.5010  | 126.1 | FAIL
PCA16+VecWeighted        | 0.1244 | 0.0488 | 0.1298 | 0.0500 | 0.1072   | 0.0668   | 832     | 0.0319  | 119.9 | PASS
PCA32+VecWeighted        | 0.0866 | 0.0417 | 0.1105 | 0.0500 | 0.0896   | 0.0564   | 832     | 0.0352  | 120.4 | PASS
StabilizedWhitenedCosine | 0.4307 | 0.0551 | 0.4113 | 0.0500 | 0.3426   | 0.0818   | 832     | 1.1976  | 110.4 | FAIL

[trial=2 seed=48] GLOBAL mode — total_samples=200000
  total: h0=82063 h1=15019
  pooled_train:  n0=100 n1=100
  pooled_calib:  n0=1240 n1=1240
  pooled_eval:   n0=1270 n1=1270
  regions (for macro stats only): 1103
[INFO] Cosine baseline routed to direct Hadamard sum (PrecomputedCosine)
[INFO] WeightedEnsemble Cosine judge routed to direct Hadamard sum
  [Ensemble] Judges routed to 'alt' input: PrecomputedCosine
[WeightedEnsemble] Fitted weights (alpha=0.0500, external calib):
  tau=0.9587, Pooled external calib: TPR=0.4742, FPR=0.0500
  PrecomputedCosine   : +1.0000
  PCAWhitenedCosine   : +0.0000
  XGBoost             : +0.0000
  Tiny MLP            : +0.0000
  LDA                 : +0.0000

Method                   | TPR    | FPR    | TrTPR  | TrFPR  | MacroTPR | MacroFPR | Regions | TauMean | ms    | OK? 
---------------------------------------------------------------------------------------------------------------------
Cosine                   | 0.4606 | 0.0472 | 0.4742 | 0.0500 | 0.4193   | 0.0594   | 858     | 0.9587  | 103.2 | PASS
AndBox-HC                | 0.4165 | 0.0496 | 0.4137 | 0.0500 | 0.3771   | 0.0679   | 858     | 0.0000  | 67.2  | PASS
PCAWhitenedCosine        | 0.2898 | 0.0480 | 0.3137 | 0.0500 | 0.2685   | 0.0614   | 858     | 1.4104  | 102.9 | PASS
Vec (Wgt)                | 0.5094 | 0.0441 | 0.5040 | 0.0500 | 0.4624   | 0.0620   | 858     | 0.9409  | 104.4 | PASS
Log Reg                  | 0.1976 | 0.0386 | 0.1960 | 0.0500 | 0.1795   | 0.0557   | 858     | 0.5012  | 121.2 | PASS
LDA                      | 0.3110 | 0.0551 | 0.3403 | 0.0500 | 0.2786   | 0.0713   | 858     | 11.6351 | 111.9 | FAIL
Tiny MLP                 | 0.3882 | 0.0480 | 0.4145 | 0.0500 | 0.3454   | 0.0671   | 858     | 0.6010  | 122.7 | PASS
MultiProtoCosine         | 0.0882 | 0.0417 | 0.0911 | 0.0500 | 0.0725   | 0.0503   | 858     | 0.9213  | 125.7 | PASS
WeightedEnsemble         | 0.4606 | 0.0472 | 0.4742 | 0.0500 | 0.4193   | 0.0594   | 858     | 0.9587  | 178.8 | PASS
XGBoost                  | 0.3134 | 0.0465 | 0.3081 | 0.0500 | 0.2686   | 0.0604   | 858     | 0.8021  | 87.0  | PASS
LDA1+LogReg              | 0.1976 | 0.0386 | 0.1944 | 0.0500 | 0.1795   | 0.0557   | 858     | 0.5012  | 113.8 | PASS
PCA16+LogReg             | 0.1929 | 0.0378 | 0.1887 | 0.0500 | 0.1749   | 0.0528   | 858     | 0.5012  | 125.4 | PASS
PCA32+LogReg             | 0.1921 | 0.0386 | 0.1871 | 0.0500 | 0.1763   | 0.0532   | 858     | 0.5012  | 127.7 | PASS
PCA16+VecWeighted        | 0.0433 | 0.0386 | 0.0363 | 0.0500 | 0.0362   | 0.0365   | 858     | 0.0289  | 120.0 | PASS
PCA32+VecWeighted        | 0.0575 | 0.0409 | 0.0581 | 0.0500 | 0.0440   | 0.0421   | 858     | 0.0320  | 123.8 | PASS
StabilizedWhitenedCosine | 0.3417 | 0.0583 | 0.3556 | 0.0500 | 0.3105   | 0.0724   | 858     | 0.9038  | 111.0 | FAIL

[trial=3 seed=49] GLOBAL mode — total_samples=200000
  total: h0=82063 h1=15019
  pooled_train:  n0=100 n1=100
  pooled_calib:  n0=1240 n1=1240
  pooled_eval:   n0=1270 n1=1270
  regions (for macro stats only): 1103
[INFO] Cosine baseline routed to direct Hadamard sum (PrecomputedCosine)
[INFO] WeightedEnsemble Cosine judge routed to direct Hadamard sum
  [Ensemble] Judges routed to 'alt' input: PrecomputedCosine
[WeightedEnsemble] Fitted weights (alpha=0.0500, external calib):
  tau=0.9627, Pooled external calib: TPR=0.4573, FPR=0.0500
  PrecomputedCosine   : +1.0000
  PCAWhitenedCosine   : +0.0000
  XGBoost             : +0.0000
  Tiny MLP            : +0.0000
  LDA                 : +0.0000

Method                   | TPR    | FPR    | TrTPR  | TrFPR  | MacroTPR | MacroFPR | Regions | TauMean | ms    | OK? 
---------------------------------------------------------------------------------------------------------------------
Cosine                   | 0.4457 | 0.0417 | 0.4573 | 0.0500 | 0.4043   | 0.0641   | 844     | 0.9627  | 106.4 | PASS
AndBox-HC                | 0.4110 | 0.0339 | 0.4306 | 0.0500 | 0.3713   | 0.0469   | 844     | -0.0000 | 64.8  | PASS
PCAWhitenedCosine        | 0.3709 | 0.0449 | 0.3492 | 0.0500 | 0.3011   | 0.0639   | 844     | 1.2248  | 103.1 | PASS
Vec (Wgt)                | 0.4906 | 0.0394 | 0.5081 | 0.0500 | 0.4352   | 0.0594   | 844     | 0.9466  | 103.6 | PASS
Log Reg                  | 0.1913 | 0.0457 | 0.2202 | 0.0500 | 0.1790   | 0.0640   | 844     | 0.5010  | 116.2 | PASS
LDA                      | 0.3992 | 0.0441 | 0.3992 | 0.0500 | 0.3324   | 0.0645   | 844     | 14.3533 | 111.0 | PASS
Tiny MLP                 | 0.4748 | 0.0457 | 0.4516 | 0.0500 | 0.3989   | 0.0697   | 844     | 0.6004  | 121.0 | PASS
MultiProtoCosine         | 0.0858 | 0.0441 | 0.0855 | 0.0500 | 0.0594   | 0.0512   | 844     | 0.9221  | 124.9 | PASS
WeightedEnsemble         | 0.4457 | 0.0417 | 0.4573 | 0.0500 | 0.4043   | 0.0641   | 844     | 0.9627  | 177.9 | PASS
XGBoost                  | 0.3661 | 0.0449 | 0.3718 | 0.0500 | 0.3017   | 0.0663   | 844     | 0.7497  | 86.3  | PASS
LDA1+LogReg              | 0.1913 | 0.0457 | 0.2210 | 0.0500 | 0.1790   | 0.0640   | 844     | 0.5010  | 108.9 | PASS
PCA16+LogReg             | 0.1866 | 0.0496 | 0.2073 | 0.0500 | 0.1755   | 0.0663   | 844     | 0.5010  | 121.7 | PASS
PCA32+LogReg             | 0.1937 | 0.0496 | 0.2218 | 0.0500 | 0.1802   | 0.0676   | 844     | 0.5010  | 126.0 | PASS
PCA16+VecWeighted        | 0.3102 | 0.0543 | 0.3274 | 0.0500 | 0.2577   | 0.0757   | 844     | 0.0156  | 115.5 | FAIL
PCA32+VecWeighted        | 0.3047 | 0.0496 | 0.3032 | 0.0500 | 0.2452   | 0.0688   | 844     | 0.0179  | 121.2 | PASS
StabilizedWhitenedCosine | 0.4252 | 0.0409 | 0.4145 | 0.0500 | 0.3460   | 0.0615   | 844     | 1.0342  | 111.1 | PASS

[trial=4 seed=50] GLOBAL mode — total_samples=200000
  total: h0=82063 h1=15019
  pooled_train:  n0=100 n1=100
  pooled_calib:  n0=1240 n1=1240
  pooled_eval:   n0=1270 n1=1270
  regions (for macro stats only): 1103
[INFO] Cosine baseline routed to direct Hadamard sum (PrecomputedCosine)
[INFO] WeightedEnsemble Cosine judge routed to direct Hadamard sum
  [Ensemble] Judges routed to 'alt' input: PrecomputedCosine
[WeightedEnsemble] Fitted weights (alpha=0.0500, external calib):
  tau=1.7430, Pooled external calib: TPR=0.4629, FPR=0.0492
  PrecomputedCosine   : +0.6579
  PCAWhitenedCosine   : +0.1446
  XGBoost             : +0.0673
  Tiny MLP            : +0.0713
  LDA                 : +0.0589

Method                   | TPR    | FPR    | TrTPR  | TrFPR  | MacroTPR | MacroFPR | Regions | TauMean | ms    | OK? 
---------------------------------------------------------------------------------------------------------------------
Cosine                   | 0.4937 | 0.0583 | 0.4573 | 0.0500 | 0.4420   | 0.0878   | 845     | 0.9530  | 105.1 | FAIL
AndBox-HC                | 0.4520 | 0.0606 | 0.4113 | 0.0500 | 0.4079   | 0.0906   | 845     | -0.0000 | 65.2  | FAIL
PCAWhitenedCosine        | 0.4024 | 0.0591 | 0.4185 | 0.0500 | 0.3284   | 0.0768   | 845     | 1.2371  | 102.6 | FAIL
Vec (Wgt)                | 0.5331 | 0.0677 | 0.5266 | 0.0500 | 0.4928   | 0.0995   | 845     | 0.9254  | 101.7 | FAIL
Log Reg                  | 0.4142 | 0.0567 | 0.3645 | 0.0500 | 0.3356   | 0.0700   | 845     | 0.5005  | 117.8 | FAIL
LDA                      | 0.4299 | 0.0567 | 0.4419 | 0.0500 | 0.3618   | 0.0768   | 845     | 15.6439 | 108.4 | FAIL
Tiny MLP                 | 0.4504 | 0.0598 | 0.4484 | 0.0500 | 0.3861   | 0.0821   | 845     | 0.7390  | 119.4 | FAIL
MultiProtoCosine         | 0.0685 | 0.0504 | 0.0589 | 0.0500 | 0.0627   | 0.0572   | 845     | 0.9136  | 122.5 | FAIL
WeightedEnsemble         | 0.4433 | 0.0551 | 0.4629 | 0.0492 | 0.3780   | 0.0739   | 845     | 1.7430  | 174.4 | FAIL
XGBoost                  | 0.4323 | 0.0646 | 0.4371 | 0.0500 | 0.3857   | 0.0877   | 845     | 0.7544  | 88.0  | FAIL
LDA1+LogReg              | 0.4142 | 0.0567 | 0.3669 | 0.0500 | 0.3356   | 0.0700   | 845     | 0.5005  | 112.5 | FAIL
PCA16+LogReg             | 0.3850 | 0.0638 | 0.3476 | 0.0500 | 0.3186   | 0.0798   | 845     | 0.5005  | 122.3 | FAIL
PCA32+LogReg             | 0.3992 | 0.0614 | 0.3597 | 0.0500 | 0.3262   | 0.0759   | 845     | 0.5005  | 124.0 | FAIL
PCA16+VecWeighted        | 0.1134 | 0.0504 | 0.1169 | 0.0500 | 0.0841   | 0.0375   | 845     | 0.0263  | 117.7 | FAIL
PCA32+VecWeighted        | 0.0772 | 0.0449 | 0.0879 | 0.0500 | 0.0629   | 0.0271   | 845     | 0.0319  | 121.1 | PASS
StabilizedWhitenedCosine | 0.4268 | 0.0520 | 0.4145 | 0.0500 | 0.3547   | 0.0727   | 845     | 1.1690  | 111.3 | FAIL

[trial=5 seed=51] GLOBAL mode — total_samples=200000
  total: h0=82063 h1=15019
  pooled_train:  n0=100 n1=100
  pooled_calib:  n0=1240 n1=1240
  pooled_eval:   n0=1270 n1=1270
  regions (for macro stats only): 1103
[INFO] Cosine baseline routed to direct Hadamard sum (PrecomputedCosine)
[INFO] WeightedEnsemble Cosine judge routed to direct Hadamard sum
  [Ensemble] Judges routed to 'alt' input: PrecomputedCosine
[WeightedEnsemble] Fitted weights (alpha=0.0500, external calib):
  tau=0.6788, Pooled external calib: TPR=0.4984, FPR=0.0476
  PrecomputedCosine   : +0.0000
  PCAWhitenedCosine   : +0.0000
  XGBoost             : +0.0000
  Tiny MLP            : +1.0000
  LDA                 : +0.0000

Method                   | TPR    | FPR    | TrTPR  | TrFPR  | MacroTPR | MacroFPR | Regions | TauMean | ms    | OK? 
---------------------------------------------------------------------------------------------------------------------
Cosine                   | 0.4898 | 0.0598 | 0.4613 | 0.0500 | 0.4526   | 0.0905   | 840     | 0.9488  | 99.4  | FAIL
AndBox-HC                | 0.4354 | 0.0575 | 0.4024 | 0.0500 | 0.3967   | 0.0873   | 840     | 0.0001  | 67.1  | FAIL
PCAWhitenedCosine        | 0.4244 | 0.0472 | 0.4177 | 0.0484 | 0.3519   | 0.0658   | 840     | 1.2975  | 103.2 | PASS
Vec (Wgt)                | 0.5323 | 0.0638 | 0.5024 | 0.0500 | 0.4847   | 0.0978   | 840     | 0.9292  | 103.5 | FAIL
Log Reg                  | 0.2685 | 0.0433 | 0.2347 | 0.0500 | 0.2327   | 0.0709   | 840     | 0.5008  | 118.8 | PASS
LDA                      | 0.4094 | 0.0512 | 0.4097 | 0.0500 | 0.3514   | 0.0695   | 840     | 12.4381 | 108.6 | FAIL
Tiny MLP                 | 0.5118 | 0.0449 | 0.4984 | 0.0476 | 0.4330   | 0.0711   | 840     | 0.6788  | 121.2 | PASS
MultiProtoCosine         | 0.1071 | 0.0465 | 0.0774 | 0.0500 | 0.0980   | 0.0617   | 840     | 0.9185  | 128.2 | PASS
WeightedEnsemble         | 0.5118 | 0.0449 | 0.4984 | 0.0476 | 0.4330   | 0.0711   | 840     | 0.6788  | 179.3 | PASS
XGBoost                  | 0.4528 | 0.0646 | 0.4355 | 0.0500 | 0.3993   | 0.0885   | 840     | 0.7692  | 84.4  | FAIL
LDA1+LogReg              | 0.2685 | 0.0433 | 0.2379 | 0.0500 | 0.2327   | 0.0698   | 840     | 0.5008  | 113.8 | PASS
PCA16+LogReg             | 0.2606 | 0.0441 | 0.2210 | 0.0500 | 0.2227   | 0.0708   | 840     | 0.5008  | 126.3 | PASS
PCA32+LogReg             | 0.2630 | 0.0441 | 0.2226 | 0.0500 | 0.2252   | 0.0708   | 840     | 0.5008  | 129.2 | PASS
PCA16+VecWeighted        | 0.1575 | 0.0449 | 0.1387 | 0.0500 | 0.1336   | 0.0606   | 840     | 0.0311  | 119.4 | PASS
PCA32+VecWeighted        | 0.1740 | 0.0488 | 0.1653 | 0.0500 | 0.1602   | 0.0716   | 840     | 0.0323  | 124.5 | PASS
StabilizedWhitenedCosine | 0.4866 | 0.0465 | 0.4718 | 0.0500 | 0.4055   | 0.0688   | 840     | 1.0302  | 116.6 | PASS

[trial=6 seed=52] GLOBAL mode — total_samples=200000
  total: h0=82063 h1=15019
  pooled_train:  n0=100 n1=100
  pooled_calib:  n0=1240 n1=1240
  pooled_eval:   n0=1270 n1=1270
  regions (for macro stats only): 1103
[INFO] Cosine baseline routed to direct Hadamard sum (PrecomputedCosine)
[INFO] WeightedEnsemble Cosine judge routed to direct Hadamard sum
  [Ensemble] Judges routed to 'alt' input: PrecomputedCosine
[WeightedEnsemble] Fitted weights (alpha=0.0500, external calib):
  tau=1.1117, Pooled external calib: TPR=0.4895, FPR=0.0500
  PrecomputedCosine   : +0.1924
  PCAWhitenedCosine   : +0.3042
  XGBoost             : +0.0704
  Tiny MLP            : +0.4126
  LDA                 : +0.0204

Method                   | TPR    | FPR    | TrTPR  | TrFPR  | MacroTPR | MacroFPR | Regions | TauMean | ms    | OK? 
---------------------------------------------------------------------------------------------------------------------
Cosine                   | 0.4323 | 0.0520 | 0.4637 | 0.0500 | 0.4134   | 0.0736   | 865     | 0.9634  | 109.6 | FAIL
AndBox-HC                | 0.3307 | 0.0520 | 0.3589 | 0.0500 | 0.3297   | 0.0654   | 865     | 0.0000  | 65.4  | FAIL
PCAWhitenedCosine        | 0.4063 | 0.0551 | 0.4387 | 0.0500 | 0.3598   | 0.0733   | 865     | 1.2609  | 104.2 | FAIL
Vec (Wgt)                | 0.4654 | 0.0551 | 0.5105 | 0.0500 | 0.4364   | 0.0851   | 865     | 0.9400  | 105.4 | FAIL
Log Reg                  | 0.2055 | 0.0354 | 0.2226 | 0.0500 | 0.1816   | 0.0481   | 865     | 0.5010  | 125.5 | PASS
LDA                      | 0.3898 | 0.0402 | 0.4161 | 0.0500 | 0.3554   | 0.0577   | 865     | 13.7776 | 114.5 | PASS
Tiny MLP                 | 0.4331 | 0.0480 | 0.4798 | 0.0500 | 0.3839   | 0.0666   | 865     | 0.7151  | 120.9 | PASS
MultiProtoCosine         | 0.0646 | 0.0512 | 0.0581 | 0.0500 | 0.0554   | 0.0498   | 865     | 0.9176  | 127.7 | FAIL
WeightedEnsemble         | 0.4472 | 0.0535 | 0.4895 | 0.0500 | 0.3966   | 0.0728   | 865     | 1.1117  | 179.4 | FAIL
XGBoost                  | 0.3157 | 0.0488 | 0.3694 | 0.0500 | 0.2977   | 0.0649   | 865     | 0.8098  | 88.3  | PASS
LDA1+LogReg              | 0.2055 | 0.0354 | 0.2218 | 0.0500 | 0.1816   | 0.0481   | 865     | 0.5010  | 121.1 | PASS
PCA16+LogReg             | 0.1921 | 0.0370 | 0.2129 | 0.0500 | 0.1733   | 0.0520   | 865     | 0.5010  | 124.9 | PASS
PCA32+LogReg             | 0.1913 | 0.0323 | 0.2056 | 0.0500 | 0.1734   | 0.0456   | 865     | 0.5010  | 132.0 | PASS
PCA16+VecWeighted        | 0.0669 | 0.0520 | 0.0879 | 0.0500 | 0.0647   | 0.0251   | 865     | 0.0272  | 123.8 | FAIL
PCA32+VecWeighted        | 0.0512 | 0.0512 | 0.0694 | 0.0500 | 0.0479   | 0.0272   | 865     | 0.0313  | 125.3 | FAIL
StabilizedWhitenedCosine | 0.4559 | 0.0512 | 0.4847 | 0.0500 | 0.4038   | 0.0703   | 865     | 1.0526  | 113.4 | FAIL

[trial=7 seed=53] GLOBAL mode — total_samples=200000
  total: h0=82063 h1=15019
  pooled_train:  n0=100 n1=100
  pooled_calib:  n0=1240 n1=1240
  pooled_eval:   n0=1270 n1=1270
  regions (for macro stats only): 1103
[INFO] Cosine baseline routed to direct Hadamard sum (PrecomputedCosine)
[INFO] WeightedEnsemble Cosine judge routed to direct Hadamard sum
  [Ensemble] Judges routed to 'alt' input: PrecomputedCosine
[WeightedEnsemble] Fitted weights (alpha=0.0500, external calib):
  tau=0.9595, Pooled external calib: TPR=0.4653, FPR=0.0500
  PrecomputedCosine   : +1.0000
  PCAWhitenedCosine   : +0.0000
  XGBoost             : +0.0000
  Tiny MLP            : +0.0000
  LDA                 : +0.0000

Method                   | TPR    | FPR    | TrTPR  | TrFPR  | MacroTPR | MacroFPR | Regions | TauMean | ms    | OK? 
---------------------------------------------------------------------------------------------------------------------
Cosine                   | 0.4843 | 0.0598 | 0.4653 | 0.0500 | 0.4222   | 0.0862   | 868     | 0.9595  | 99.6  | FAIL
AndBox-HC                | 0.3764 | 0.0622 | 0.3702 | 0.0500 | 0.3390   | 0.0798   | 868     | 0.0000  | 71.8  | FAIL
PCAWhitenedCosine        | 0.3622 | 0.0535 | 0.3645 | 0.0500 | 0.2966   | 0.0572   | 868     | 1.1358  | 103.4 | FAIL
Vec (Wgt)                | 0.5142 | 0.0583 | 0.5194 | 0.0500 | 0.4480   | 0.0905   | 868     | 0.9480  | 104.6 | FAIL
Log Reg                  | 0.2811 | 0.0685 | 0.3032 | 0.0500 | 0.2374   | 0.0827   | 868     | 0.5009  | 117.8 | FAIL
LDA                      | 0.4409 | 0.0575 | 0.4298 | 0.0500 | 0.3819   | 0.0729   | 868     | 10.4970 | 110.0 | FAIL
Tiny MLP                 | 0.4331 | 0.0567 | 0.4524 | 0.0500 | 0.3743   | 0.0725   | 868     | 0.6737  | 122.9 | FAIL
MultiProtoCosine         | 0.1031 | 0.0669 | 0.1097 | 0.0500 | 0.0849   | 0.0731   | 868     | 0.9190  | 123.3 | FAIL
WeightedEnsemble         | 0.4843 | 0.0598 | 0.4653 | 0.0500 | 0.4222   | 0.0862   | 868     | 0.9595  | 176.3 | FAIL
XGBoost                  | 0.4118 | 0.0551 | 0.4032 | 0.0500 | 0.3425   | 0.0752   | 868     | 0.7413  | 87.5  | FAIL
LDA1+LogReg              | 0.2827 | 0.0685 | 0.3040 | 0.0500 | 0.2396   | 0.0827   | 868     | 0.5009  | 117.0 | FAIL
PCA16+LogReg             | 0.2787 | 0.0693 | 0.3000 | 0.0500 | 0.2375   | 0.0826   | 868     | 0.5009  | 130.0 | FAIL
PCA32+LogReg             | 0.2709 | 0.0701 | 0.2952 | 0.0500 | 0.2319   | 0.0841   | 868     | 0.5009  | 129.7 | FAIL
PCA16+VecWeighted        | 0.0283 | 0.0512 | 0.0347 | 0.0500 | 0.0339   | 0.0533   | 868     | 0.0331  | 123.5 | FAIL
PCA32+VecWeighted        | 0.0591 | 0.0598 | 0.0492 | 0.0500 | 0.0558   | 0.0626   | 868     | 0.0422  | 123.2 | FAIL
StabilizedWhitenedCosine | 0.4236 | 0.0583 | 0.4411 | 0.0500 | 0.3584   | 0.0713   | 868     | 0.7579  | 113.4 | FAIL

[trial=8 seed=54] GLOBAL mode — total_samples=200000
  total: h0=82063 h1=15019
  pooled_train:  n0=100 n1=100
  pooled_calib:  n0=1240 n1=1240
  pooled_eval:   n0=1270 n1=1270
  regions (for macro stats only): 1103
[INFO] Cosine baseline routed to direct Hadamard sum (PrecomputedCosine)
[INFO] WeightedEnsemble Cosine judge routed to direct Hadamard sum
  [Ensemble] Judges routed to 'alt' input: PrecomputedCosine
[WeightedEnsemble] Fitted weights (alpha=0.0500, external calib):
  tau=0.6975, Pooled external calib: TPR=0.5008, FPR=0.0500
  PrecomputedCosine   : +0.0000
  PCAWhitenedCosine   : +0.0000
  XGBoost             : +0.0000
  Tiny MLP            : +1.0000
  LDA                 : +0.0000

Method                   | TPR    | FPR    | TrTPR  | TrFPR  | MacroTPR | MacroFPR | Regions | TauMean | ms    | OK? 
---------------------------------------------------------------------------------------------------------------------
Cosine                   | 0.4630 | 0.0496 | 0.4863 | 0.0500 | 0.4249   | 0.0771   | 863     | 0.9562  | 111.7 | PASS
AndBox-HC                | 0.3780 | 0.0535 | 0.4105 | 0.0500 | 0.3604   | 0.0810   | 863     | 0.0000  | 66.1  | FAIL
PCAWhitenedCosine        | 0.4031 | 0.0520 | 0.4008 | 0.0500 | 0.3279   | 0.0646   | 863     | 1.2004  | 105.4 | FAIL
Vec (Wgt)                | 0.5016 | 0.0520 | 0.5379 | 0.0500 | 0.4591   | 0.0812   | 863     | 0.9407  | 105.3 | FAIL
Log Reg                  | 0.4858 | 0.0669 | 0.4935 | 0.0500 | 0.3958   | 0.0833   | 863     | 0.5003  | 123.8 | FAIL
LDA                      | 0.4551 | 0.0520 | 0.4306 | 0.0500 | 0.3704   | 0.0639   | 863     | 13.2999 | 110.2 | FAIL
Tiny MLP                 | 0.5024 | 0.0528 | 0.5008 | 0.0500 | 0.4096   | 0.0673   | 863     | 0.6975  | 121.3 | FAIL
MultiProtoCosine         | 0.0677 | 0.0441 | 0.0935 | 0.0500 | 0.0672   | 0.0516   | 863     | 0.9183  | 125.5 | PASS
WeightedEnsemble         | 0.5024 | 0.0528 | 0.5008 | 0.0500 | 0.4096   | 0.0673   | 863     | 0.6975  | 175.8 | FAIL
XGBoost                  | 0.3535 | 0.0370 | 0.3347 | 0.0500 | 0.2910   | 0.0562   | 863     | 0.7732  | 84.6  | PASS
LDA1+LogReg              | 0.4866 | 0.0669 | 0.4944 | 0.0500 | 0.3961   | 0.0833   | 863     | 0.5003  | 111.9 | FAIL
PCA16+LogReg             | 0.4323 | 0.0622 | 0.4669 | 0.0500 | 0.3467   | 0.0773   | 863     | 0.5003  | 123.4 | FAIL
PCA32+LogReg             | 0.4827 | 0.0724 | 0.4960 | 0.0500 | 0.3896   | 0.0852   | 863     | 0.5003  | 131.1 | FAIL
PCA16+VecWeighted        | 0.0441 | 0.0551 | 0.0516 | 0.0500 | 0.0483   | 0.0366   | 863     | 0.0310  | 120.0 | FAIL
PCA32+VecWeighted        | 0.0480 | 0.0504 | 0.0427 | 0.0500 | 0.0459   | 0.0281   | 863     | 0.0394  | 122.3 | FAIL
StabilizedWhitenedCosine | 0.4945 | 0.0661 | 0.5032 | 0.0500 | 0.3917   | 0.0820   | 863     | 0.9475  | 116.1 | FAIL

[trial=9 seed=55] GLOBAL mode — total_samples=200000
  total: h0=82063 h1=15019
  pooled_train:  n0=100 n1=100
  pooled_calib:  n0=1240 n1=1240
  pooled_eval:   n0=1270 n1=1270
  regions (for macro stats only): 1103
[INFO] Cosine baseline routed to direct Hadamard sum (PrecomputedCosine)
[INFO] WeightedEnsemble Cosine judge routed to direct Hadamard sum
  [Ensemble] Judges routed to 'alt' input: PrecomputedCosine
[WeightedEnsemble] Fitted weights (alpha=0.0500, external calib):
  tau=1.3909, Pooled external calib: TPR=0.4460, FPR=0.0500
  PrecomputedCosine   : +0.2832
  PCAWhitenedCosine   : +0.0456
  XGBoost             : +0.2004
  Tiny MLP            : +0.4151
  LDA                 : +0.0558

Method                   | TPR    | FPR    | TrTPR  | TrFPR  | MacroTPR | MacroFPR | Regions | TauMean | ms    | OK? 
---------------------------------------------------------------------------------------------------------------------
Cosine                   | 0.4205 | 0.0394 | 0.4202 | 0.0500 | 0.3751   | 0.0588   | 851     | 0.9735  | 106.0 | PASS
AndBox-HC                | 0.3110 | 0.0315 | 0.3032 | 0.0500 | 0.2864   | 0.0468   | 851     | 0.0000  | 65.2  | PASS
PCAWhitenedCosine        | 0.3913 | 0.0457 | 0.3758 | 0.0500 | 0.3074   | 0.0583   | 851     | 1.5031  | 103.1 | PASS
Vec (Wgt)                | 0.5008 | 0.0472 | 0.4879 | 0.0500 | 0.4424   | 0.0702   | 851     | 0.9520  | 103.3 | PASS
Log Reg                  | 0.2614 | 0.0496 | 0.2371 | 0.0500 | 0.2106   | 0.0682   | 851     | 0.5007  | 121.4 | PASS
LDA                      | 0.4315 | 0.0488 | 0.4145 | 0.0500 | 0.3834   | 0.0674   | 851     | 12.4731 | 109.2 | PASS
Tiny MLP                 | 0.4528 | 0.0496 | 0.4202 | 0.0500 | 0.3695   | 0.0670   | 851     | 0.7073  | 120.8 | PASS
MultiProtoCosine         | 0.0835 | 0.0394 | 0.0734 | 0.0500 | 0.0566   | 0.0449   | 851     | 0.9173  | 123.6 | PASS
WeightedEnsemble         | 0.4677 | 0.0520 | 0.4460 | 0.0500 | 0.4100   | 0.0726   | 851     | 1.3909  | 176.3 | FAIL
XGBoost                  | 0.2583 | 0.0417 | 0.2855 | 0.0500 | 0.2308   | 0.0455   | 851     | 0.7899  | 84.5  | PASS
LDA1+LogReg              | 0.2701 | 0.0496 | 0.2468 | 0.0500 | 0.2205   | 0.0682   | 851     | 0.5007  | 111.8 | PASS
PCA16+LogReg             | 0.2488 | 0.0465 | 0.2331 | 0.0500 | 0.1888   | 0.0628   | 851     | 0.5007  | 121.6 | PASS
PCA32+LogReg             | 0.2567 | 0.0488 | 0.2411 | 0.0500 | 0.2076   | 0.0671   | 851     | 0.5006  | 128.9 | PASS
PCA16+VecWeighted        | 0.0244 | 0.0732 | 0.0258 | 0.0500 | 0.0197   | 0.0692   | 851     | 0.0259  | 123.4 | FAIL
PCA32+VecWeighted        | 0.0346 | 0.0685 | 0.0266 | 0.0500 | 0.0281   | 0.0679   | 851     | 0.0332  | 124.3 | FAIL
StabilizedWhitenedCosine | 0.4220 | 0.0496 | 0.3887 | 0.0500 | 0.3418   | 0.0608   | 851     | 1.0660  | 111.6 | PASS

[trial=10 seed=56] GLOBAL mode — total_samples=200000
  total: h0=82063 h1=15019
  pooled_train:  n0=100 n1=100
  pooled_calib:  n0=1240 n1=1240
  pooled_eval:   n0=1270 n1=1270
  regions (for macro stats only): 1103
[INFO] Cosine baseline routed to direct Hadamard sum (PrecomputedCosine)
[INFO] WeightedEnsemble Cosine judge routed to direct Hadamard sum
  [Ensemble] Judges routed to 'alt' input: PrecomputedCosine
[WeightedEnsemble] Fitted weights (alpha=0.0500, external calib):
  tau=0.8725, Pooled external calib: TPR=0.4718, FPR=0.0500
  PrecomputedCosine   : +0.2610
  PCAWhitenedCosine   : +0.2348
  XGBoost             : +0.2127
  Tiny MLP            : +0.2846
  LDA                 : +0.0070

Method                   | TPR    | FPR    | TrTPR  | TrFPR  | MacroTPR | MacroFPR | Regions | TauMean | ms    | OK? 
---------------------------------------------------------------------------------------------------------------------
Cosine                   | 0.4551 | 0.0472 | 0.4597 | 0.0500 | 0.4087   | 0.0668   | 881     | 0.9611  | 109.8 | PASS
AndBox-HC                | 0.3567 | 0.0465 | 0.3411 | 0.0500 | 0.3300   | 0.0652   | 881     | 0.0000  | 67.2  | PASS
PCAWhitenedCosine        | 0.4126 | 0.0386 | 0.4105 | 0.0500 | 0.3030   | 0.0516   | 881     | 1.2577  | 105.9 | PASS
Vec (Wgt)                | 0.4929 | 0.0457 | 0.4919 | 0.0500 | 0.4370   | 0.0670   | 881     | 0.9472  | 106.6 | PASS
Log Reg                  | 0.3205 | 0.0598 | 0.3395 | 0.0500 | 0.2923   | 0.0783   | 881     | 0.5007  | 121.8 | FAIL
LDA                      | 0.4630 | 0.0441 | 0.4605 | 0.0500 | 0.3603   | 0.0577   | 881     | 14.3006 | 112.5 | PASS
Tiny MLP                 | 0.4551 | 0.0535 | 0.4484 | 0.0500 | 0.3896   | 0.0700   | 881     | 0.5362  | 123.9 | FAIL
MultiProtoCosine         | 0.0693 | 0.0449 | 0.0589 | 0.0500 | 0.0685   | 0.0477   | 881     | 0.9128  | 124.7 | PASS
WeightedEnsemble         | 0.4780 | 0.0512 | 0.4718 | 0.0500 | 0.3677   | 0.0664   | 881     | 0.8725  | 180.2 | FAIL
XGBoost                  | 0.4228 | 0.0496 | 0.4145 | 0.0500 | 0.3677   | 0.0650   | 881     | 0.8144  | 83.8  | PASS
LDA1+LogReg              | 0.3236 | 0.0598 | 0.3435 | 0.0500 | 0.2946   | 0.0783   | 881     | 0.5006  | 113.1 | FAIL
PCA16+LogReg             | 0.3087 | 0.0583 | 0.3226 | 0.0500 | 0.2872   | 0.0783   | 881     | 0.5007  | 124.9 | FAIL
PCA32+LogReg             | 0.3228 | 0.0583 | 0.3355 | 0.0500 | 0.2899   | 0.0750   | 881     | 0.5007  | 127.5 | FAIL
PCA16+VecWeighted        | 0.0906 | 0.0480 | 0.0935 | 0.0500 | 0.0857   | 0.0606   | 881     | 0.0299  | 124.9 | PASS
PCA32+VecWeighted        | 0.0811 | 0.0465 | 0.0887 | 0.0500 | 0.0857   | 0.0563   | 881     | 0.0333  | 124.8 | PASS
StabilizedWhitenedCosine | 0.4283 | 0.0496 | 0.4355 | 0.0500 | 0.3489   | 0.0648   | 881     | 0.9732  | 115.3 | PASS

[trial=11 seed=57] GLOBAL mode — total_samples=200000
  total: h0=82063 h1=15019
  pooled_train:  n0=100 n1=100
  pooled_calib:  n0=1240 n1=1240
  pooled_eval:   n0=1270 n1=1270
  regions (for macro stats only): 1103
[INFO] Cosine baseline routed to direct Hadamard sum (PrecomputedCosine)
[INFO] WeightedEnsemble Cosine judge routed to direct Hadamard sum
  [Ensemble] Judges routed to 'alt' input: PrecomputedCosine
[WeightedEnsemble] Fitted weights (alpha=0.0500, external calib):
  tau=1.1145, Pooled external calib: TPR=0.4774, FPR=0.0500
  PrecomputedCosine   : +0.4364
  PCAWhitenedCosine   : +0.0571
  XGBoost             : +0.1048
  Tiny MLP            : +0.3819
  LDA                 : +0.0199

Method                   | TPR    | FPR    | TrTPR  | TrFPR  | MacroTPR | MacroFPR | Regions | TauMean | ms    | OK? 
---------------------------------------------------------------------------------------------------------------------
Cosine                   | 0.4732 | 0.0480 | 0.4750 | 0.0500 | 0.4295   | 0.0728   | 846     | 0.9581  | 106.6 | PASS
AndBox-HC                | 0.4118 | 0.0504 | 0.4258 | 0.0500 | 0.3853   | 0.0759   | 846     | 0.0000  | 68.6  | FAIL
PCAWhitenedCosine        | 0.4134 | 0.0504 | 0.4153 | 0.0500 | 0.3335   | 0.0689   | 846     | 1.2763  | 104.2 | FAIL
Vec (Wgt)                | 0.5134 | 0.0512 | 0.5073 | 0.0500 | 0.4641   | 0.0827   | 846     | 0.9492  | 104.6 | FAIL
Log Reg                  | 0.2283 | 0.0614 | 0.2444 | 0.0492 | 0.2076   | 0.0817   | 846     | 0.5011  | 122.1 | FAIL
LDA                      | 0.4583 | 0.0496 | 0.4492 | 0.0500 | 0.3807   | 0.0757   | 846     | 15.2744 | 108.6 | PASS
Tiny MLP                 | 0.4724 | 0.0480 | 0.4581 | 0.0500 | 0.3955   | 0.0732   | 846     | 0.7418  | 120.6 | PASS
MultiProtoCosine         | 0.0654 | 0.0496 | 0.0653 | 0.0500 | 0.0505   | 0.0606   | 846     | 0.9187  | 128.4 | PASS
WeightedEnsemble         | 0.4874 | 0.0504 | 0.4774 | 0.0500 | 0.4077   | 0.0775   | 846     | 1.1145  | 181.0 | FAIL
XGBoost                  | 0.3795 | 0.0488 | 0.3685 | 0.0500 | 0.3551   | 0.0725   | 846     | 0.7793  | 87.1  | PASS
LDA1+LogReg              | 0.2299 | 0.0614 | 0.2444 | 0.0500 | 0.2095   | 0.0817   | 846     | 0.5011  | 114.4 | FAIL
PCA16+LogReg             | 0.2244 | 0.0614 | 0.2427 | 0.0500 | 0.2025   | 0.0832   | 846     | 0.5011  | 127.6 | FAIL
PCA32+LogReg             | 0.2236 | 0.0606 | 0.2387 | 0.0500 | 0.2061   | 0.0815   | 846     | 0.5011  | 126.9 | FAIL
PCA16+VecWeighted        | 0.1213 | 0.0465 | 0.1105 | 0.0500 | 0.1152   | 0.0421   | 846     | 0.0277  | 122.6 | PASS
PCA32+VecWeighted        | 0.1323 | 0.0504 | 0.1185 | 0.0500 | 0.1149   | 0.0461   | 846     | 0.0301  | 127.5 | FAIL
StabilizedWhitenedCosine | 0.4488 | 0.0480 | 0.4371 | 0.0500 | 0.3693   | 0.0732   | 846     | 1.1017  | 115.7 | PASS

[trial=12 seed=58] GLOBAL mode — total_samples=200000
  total: h0=82063 h1=15019
  pooled_train:  n0=100 n1=100
  pooled_calib:  n0=1240 n1=1240
  pooled_eval:   n0=1270 n1=1270
  regions (for macro stats only): 1103
[INFO] Cosine baseline routed to direct Hadamard sum (PrecomputedCosine)
[INFO] WeightedEnsemble Cosine judge routed to direct Hadamard sum
  [Ensemble] Judges routed to 'alt' input: PrecomputedCosine
[WeightedEnsemble] Fitted weights (alpha=0.0500, external calib):
  tau=0.6811, Pooled external calib: TPR=0.4815, FPR=0.0500
  PrecomputedCosine   : +0.0000
  PCAWhitenedCosine   : +0.0000
  XGBoost             : +0.0000
  Tiny MLP            : +1.0000
  LDA                 : +0.0000

Method                   | TPR    | FPR    | TrTPR  | TrFPR  | MacroTPR | MacroFPR | Regions | TauMean | ms    | OK? 
---------------------------------------------------------------------------------------------------------------------
Cosine                   | 0.4843 | 0.0622 | 0.4726 | 0.0500 | 0.4637   | 0.0905   | 848     | 0.9509  | 88.8  | FAIL
AndBox-HC                | 0.4260 | 0.0598 | 0.4419 | 0.0500 | 0.4027   | 0.0885   | 848     | 0.0000  | 64.7  | FAIL
PCAWhitenedCosine        | 0.3567 | 0.0575 | 0.3702 | 0.0500 | 0.2795   | 0.0673   | 848     | 1.0800  | 61.9  | FAIL
Vec (Wgt)                | 0.5110 | 0.0622 | 0.5153 | 0.0500 | 0.4823   | 0.0935   | 848     | 0.9393  | 61.5  | FAIL
Log Reg                  | 0.4945 | 0.0559 | 0.4976 | 0.0500 | 0.4246   | 0.0778   | 848     | 0.5003  | 73.4  | FAIL
LDA                      | 0.3780 | 0.0496 | 0.3734 | 0.0500 | 0.3060   | 0.0613   | 848     | 12.7117 | 106.1 | PASS
Tiny MLP                 | 0.4772 | 0.0583 | 0.4815 | 0.0500 | 0.3976   | 0.0769   | 848     | 0.6811  | 118.9 | FAIL
MultiProtoCosine         | 0.0835 | 0.0614 | 0.0823 | 0.0500 | 0.0602   | 0.0666   | 848     | 0.9167  | 125.2 | FAIL
WeightedEnsemble         | 0.4772 | 0.0583 | 0.4815 | 0.0500 | 0.3976   | 0.0769   | 848     | 0.6811  | 174.8 | FAIL
XGBoost                  | 0.3591 | 0.0504 | 0.3645 | 0.0500 | 0.3072   | 0.0619   | 848     | 0.7831  | 86.2  | FAIL
LDA1+LogReg              | 0.4969 | 0.0559 | 0.4992 | 0.0500 | 0.4263   | 0.0778   | 848     | 0.5002  | 115.3 | FAIL
PCA16+LogReg             | 0.4205 | 0.0504 | 0.4355 | 0.0500 | 0.3485   | 0.0664   | 848     | 0.5003  | 120.8 | FAIL
PCA32+LogReg             | 0.4583 | 0.0583 | 0.4726 | 0.0500 | 0.3910   | 0.0838   | 848     | 0.5003  | 126.7 | FAIL
PCA16+VecWeighted        | 0.0835 | 0.0323 | 0.0694 | 0.0500 | 0.0811   | 0.0358   | 848     | 0.0283  | 118.3 | PASS
PCA32+VecWeighted        | 0.0898 | 0.0339 | 0.0927 | 0.0500 | 0.0905   | 0.0401   | 848     | 0.0348  | 123.5 | PASS
StabilizedWhitenedCosine | 0.4228 | 0.0465 | 0.4306 | 0.0500 | 0.3508   | 0.0505   | 848     | 0.8903  | 112.2 | PASS

[trial=13 seed=59] GLOBAL mode — total_samples=200000
  total: h0=82063 h1=15019
  pooled_train:  n0=100 n1=100
  pooled_calib:  n0=1240 n1=1240
  pooled_eval:   n0=1270 n1=1270
  regions (for macro stats only): 1103
[INFO] Cosine baseline routed to direct Hadamard sum (PrecomputedCosine)
[INFO] WeightedEnsemble Cosine judge routed to direct Hadamard sum
  [Ensemble] Judges routed to 'alt' input: PrecomputedCosine
[WeightedEnsemble] Fitted weights (alpha=0.0500, external calib):
  tau=0.9653, Pooled external calib: TPR=0.4677, FPR=0.0500
  PrecomputedCosine   : +1.0000
  PCAWhitenedCosine   : +0.0000
  XGBoost             : +0.0000
  Tiny MLP            : +0.0000
  LDA                 : +0.0000

Method                   | TPR    | FPR    | TrTPR  | TrFPR  | MacroTPR | MacroFPR | Regions | TauMean | ms    | OK? 
---------------------------------------------------------------------------------------------------------------------
Cosine                   | 0.4339 | 0.0457 | 0.4677 | 0.0500 | 0.3835   | 0.0690   | 855     | 0.9653  | 121.0 | PASS
AndBox-HC                | 0.3630 | 0.0496 | 0.3790 | 0.0500 | 0.3267   | 0.0700   | 855     | 0.0001  | 71.6  | PASS
PCAWhitenedCosine        | 0.3669 | 0.0488 | 0.3976 | 0.0500 | 0.3158   | 0.0656   | 855     | 1.3422  | 103.2 | PASS
Vec (Wgt)                | 0.4583 | 0.0472 | 0.4847 | 0.0500 | 0.3909   | 0.0712   | 855     | 0.9549  | 107.1 | PASS
Log Reg                  | 0.2228 | 0.0504 | 0.2161 | 0.0500 | 0.1703   | 0.0693   | 855     | 0.5014  | 118.9 | FAIL
LDA                      | 0.3646 | 0.0425 | 0.4169 | 0.0492 | 0.3112   | 0.0661   | 855     | 19.0062 | 109.2 | PASS
Tiny MLP                 | 0.4276 | 0.0433 | 0.4371 | 0.0500 | 0.3434   | 0.0630   | 855     | 0.7372  | 120.7 | PASS
MultiProtoCosine         | 0.0850 | 0.0417 | 0.0839 | 0.0500 | 0.0595   | 0.0517   | 855     | 0.9206  | 126.0 | PASS
WeightedEnsemble         | 0.4339 | 0.0457 | 0.4677 | 0.0500 | 0.3835   | 0.0690   | 855     | 0.9653  | 176.7 | PASS
XGBoost                  | 0.3465 | 0.0346 | 0.3548 | 0.0500 | 0.2955   | 0.0517   | 855     | 0.8185  | 86.4  | PASS
LDA1+LogReg              | 0.2236 | 0.0504 | 0.2161 | 0.0500 | 0.1713   | 0.0693   | 855     | 0.5014  | 112.7 | FAIL
PCA16+LogReg             | 0.2189 | 0.0504 | 0.2105 | 0.0500 | 0.1684   | 0.0693   | 855     | 0.5014  | 122.3 | FAIL
PCA32+LogReg             | 0.2244 | 0.0512 | 0.2153 | 0.0500 | 0.1722   | 0.0702   | 855     | 0.5014  | 128.8 | FAIL
PCA16+VecWeighted        | 0.0378 | 0.0394 | 0.0556 | 0.0500 | 0.0344   | 0.0398   | 855     | 0.0335  | 118.7 | PASS
PCA32+VecWeighted        | 0.0354 | 0.0409 | 0.0395 | 0.0500 | 0.0354   | 0.0429   | 855     | 0.0412  | 122.0 | PASS
StabilizedWhitenedCosine | 0.4370 | 0.0433 | 0.4427 | 0.0500 | 0.3422   | 0.0604   | 855     | 1.1864  | 113.0 | PASS

[trial=14 seed=60] GLOBAL mode — total_samples=200000
  total: h0=82063 h1=15019
  pooled_train:  n0=100 n1=100
  pooled_calib:  n0=1240 n1=1240
  pooled_eval:   n0=1270 n1=1270
  regions (for macro stats only): 1103
[INFO] Cosine baseline routed to direct Hadamard sum (PrecomputedCosine)
[INFO] WeightedEnsemble Cosine judge routed to direct Hadamard sum
  [Ensemble] Judges routed to 'alt' input: PrecomputedCosine
[WeightedEnsemble] Fitted weights (alpha=0.0500, external calib):
  tau=0.9604, Pooled external calib: TPR=0.4613, FPR=0.0500
  PrecomputedCosine   : +1.0000
  PCAWhitenedCosine   : +0.0000
  XGBoost             : +0.0000
  Tiny MLP            : +0.0000
  LDA                 : +0.0000

Method                   | TPR    | FPR    | TrTPR  | TrFPR  | MacroTPR | MacroFPR | Regions | TauMean | ms    | OK? 
---------------------------------------------------------------------------------------------------------------------
Cosine                   | 0.4748 | 0.0559 | 0.4613 | 0.0500 | 0.4460   | 0.0754   | 844     | 0.9604  | 107.6 | FAIL
AndBox-HC                | 0.4339 | 0.0543 | 0.4371 | 0.0500 | 0.4077   | 0.0723   | 844     | -0.0000 | 73.9  | FAIL
PCAWhitenedCosine        | 0.3740 | 0.0488 | 0.3895 | 0.0500 | 0.2935   | 0.0510   | 844     | 1.1734  | 102.2 | PASS
Vec (Wgt)                | 0.4961 | 0.0535 | 0.4871 | 0.0500 | 0.4484   | 0.0765   | 844     | 0.9481  | 104.5 | FAIL
Log Reg                  | 0.2441 | 0.0535 | 0.2629 | 0.0500 | 0.2195   | 0.0716   | 844     | 0.5007  | 116.3 | FAIL
LDA                      | 0.4244 | 0.0535 | 0.4153 | 0.0500 | 0.3447   | 0.0654   | 844     | 12.0317 | 108.3 | FAIL
Tiny MLP                 | 0.4252 | 0.0496 | 0.4161 | 0.0500 | 0.3607   | 0.0607   | 844     | 0.6451  | 119.7 | PASS
MultiProtoCosine         | 0.0724 | 0.0465 | 0.0790 | 0.0500 | 0.0619   | 0.0506   | 844     | 0.9175  | 123.3 | PASS
WeightedEnsemble         | 0.4748 | 0.0559 | 0.4613 | 0.0500 | 0.4460   | 0.0754   | 844     | 0.9604  | 176.5 | FAIL
XGBoost                  | 0.3709 | 0.0433 | 0.3694 | 0.0500 | 0.3250   | 0.0519   | 844     | 0.7468  | 84.3  | PASS
LDA1+LogReg              | 0.2441 | 0.0535 | 0.2621 | 0.0500 | 0.2195   | 0.0716   | 844     | 0.5007  | 112.7 | FAIL
PCA16+LogReg             | 0.2236 | 0.0504 | 0.2460 | 0.0500 | 0.2026   | 0.0707   | 844     | 0.5008  | 128.7 | FAIL
PCA32+LogReg             | 0.2291 | 0.0512 | 0.2500 | 0.0500 | 0.2083   | 0.0680   | 844     | 0.5007  | 131.3 | FAIL
PCA16+VecWeighted        | 0.1457 | 0.0472 | 0.1613 | 0.0500 | 0.1117   | 0.0622   | 844     | 0.0243  | 120.8 | PASS
PCA32+VecWeighted        | 0.1118 | 0.0433 | 0.1460 | 0.0500 | 0.1102   | 0.0596   | 844     | 0.0290  | 125.9 | PASS
StabilizedWhitenedCosine | 0.3756 | 0.0520 | 0.3839 | 0.0500 | 0.3082   | 0.0547   | 844     | 0.9744  | 115.6 | FAIL

[trial=15 seed=61] GLOBAL mode — total_samples=200000
  total: h0=82063 h1=15019
  pooled_train:  n0=100 n1=100
  pooled_calib:  n0=1240 n1=1240
  pooled_eval:   n0=1270 n1=1270
  regions (for macro stats only): 1103
[INFO] Cosine baseline routed to direct Hadamard sum (PrecomputedCosine)
[INFO] WeightedEnsemble Cosine judge routed to direct Hadamard sum
  [Ensemble] Judges routed to 'alt' input: PrecomputedCosine
[WeightedEnsemble] Fitted weights (alpha=0.0500, external calib):
  tau=1.2264, Pooled external calib: TPR=0.5097, FPR=0.0500
  PrecomputedCosine   : +0.2832
  PCAWhitenedCosine   : +0.0456
  XGBoost             : +0.2004
  Tiny MLP            : +0.4151
  LDA                 : +0.0558

Method                   | TPR    | FPR    | TrTPR  | TrFPR  | MacroTPR | MacroFPR | Regions | TauMean | ms    | OK? 
---------------------------------------------------------------------------------------------------------------------
Cosine                   | 0.4528 | 0.0504 | 0.4718 | 0.0500 | 0.4033   | 0.0658   | 863     | 0.9584  | 106.8 | FAIL
AndBox-HC                | 0.4315 | 0.0472 | 0.4371 | 0.0492 | 0.3798   | 0.0600   | 863     | -0.0000 | 64.9  | PASS
PCAWhitenedCosine        | 0.3874 | 0.0535 | 0.3798 | 0.0500 | 0.3307   | 0.0602   | 863     | 1.1054  | 106.8 | FAIL
Vec (Wgt)                | 0.5000 | 0.0504 | 0.5194 | 0.0500 | 0.4431   | 0.0673   | 863     | 0.9340  | 111.6 | FAIL
Log Reg                  | 0.2276 | 0.0449 | 0.2347 | 0.0500 | 0.1901   | 0.0538   | 863     | 0.5009  | 122.9 | PASS
LDA                      | 0.4630 | 0.0504 | 0.4895 | 0.0500 | 0.3976   | 0.0621   | 863     | 11.1429 | 111.0 | FAIL
Tiny MLP                 | 0.3480 | 0.0378 | 0.3347 | 0.0500 | 0.3040   | 0.0473   | 863     | 0.5092  | 120.1 | PASS
MultiProtoCosine         | 0.0638 | 0.0441 | 0.0734 | 0.0500 | 0.0465   | 0.0486   | 863     | 0.9206  | 125.8 | PASS
WeightedEnsemble         | 0.4795 | 0.0520 | 0.5097 | 0.0500 | 0.4109   | 0.0654   | 863     | 1.2264  | 180.2 | FAIL
XGBoost                  | 0.3677 | 0.0465 | 0.3935 | 0.0500 | 0.3088   | 0.0588   | 863     | 0.7293  | 87.6  | PASS
LDA1+LogReg              | 0.2276 | 0.0441 | 0.2347 | 0.0500 | 0.1901   | 0.0534   | 863     | 0.5009  | 112.5 | PASS
PCA16+LogReg             | 0.2362 | 0.0496 | 0.2419 | 0.0500 | 0.1943   | 0.0574   | 863     | 0.5009  | 122.1 | PASS
PCA32+LogReg             | 0.2331 | 0.0496 | 0.2395 | 0.0500 | 0.1951   | 0.0575   | 863     | 0.5009  | 128.0 | PASS
PCA16+VecWeighted        | 0.0559 | 0.0409 | 0.0661 | 0.0500 | 0.0616   | 0.0455   | 863     | 0.0273  | 118.2 | PASS
PCA32+VecWeighted        | 0.0543 | 0.0551 | 0.0694 | 0.0500 | 0.0496   | 0.0480   | 863     | 0.0328  | 124.3 | FAIL
StabilizedWhitenedCosine | 0.4165 | 0.0457 | 0.4089 | 0.0492 | 0.3377   | 0.0640   | 863     | 1.0712  | 113.3 | PASS

[trial=16 seed=62] GLOBAL mode — total_samples=200000
  total: h0=82063 h1=15019
  pooled_train:  n0=100 n1=100
  pooled_calib:  n0=1240 n1=1240
  pooled_eval:   n0=1270 n1=1270
  regions (for macro stats only): 1103
[INFO] Cosine baseline routed to direct Hadamard sum (PrecomputedCosine)
[INFO] WeightedEnsemble Cosine judge routed to direct Hadamard sum
  [Ensemble] Judges routed to 'alt' input: PrecomputedCosine
[WeightedEnsemble] Fitted weights (alpha=0.0500, external calib):
  tau=0.9297, Pooled external calib: TPR=0.5266, FPR=0.0500
  PrecomputedCosine   : +1.0000
  PCAWhitenedCosine   : +0.0000
  XGBoost             : +0.0000
  Tiny MLP            : +0.0000
  LDA                 : +0.0000

Method                   | TPR    | FPR    | TrTPR  | TrFPR  | MacroTPR | MacroFPR | Regions | TauMean | ms    | OK? 
---------------------------------------------------------------------------------------------------------------------
Cosine                   | 0.5339 | 0.0701 | 0.5266 | 0.0500 | 0.4850   | 0.0916   | 856     | 0.9297  | 125.1 | FAIL
AndBox-HC                | 0.5181 | 0.0654 | 0.5008 | 0.0500 | 0.4565   | 0.0892   | 856     | -0.0001 | 72.5  | FAIL
PCAWhitenedCosine        | 0.4669 | 0.0606 | 0.4371 | 0.0500 | 0.3902   | 0.0852   | 856     | 1.0032  | 104.8 | FAIL
Vec (Wgt)                | 0.5472 | 0.0748 | 0.5524 | 0.0500 | 0.4913   | 0.1001   | 856     | 0.9231  | 107.6 | FAIL
Log Reg                  | 0.2102 | 0.0567 | 0.2129 | 0.0500 | 0.1931   | 0.0651   | 856     | 0.5013  | 128.2 | FAIL
LDA                      | 0.5024 | 0.0646 | 0.4911 | 0.0500 | 0.4244   | 0.0960   | 856     | 11.7311 | 111.7 | FAIL
Tiny MLP                 | 0.5378 | 0.0669 | 0.5226 | 0.0500 | 0.4431   | 0.0936   | 856     | 0.6229  | 124.2 | FAIL
MultiProtoCosine         | 0.0709 | 0.0496 | 0.0702 | 0.0500 | 0.0629   | 0.0489   | 856     | 0.9213  | 126.2 | PASS
WeightedEnsemble         | 0.5339 | 0.0701 | 0.5266 | 0.0500 | 0.4850   | 0.0916   | 856     | 0.9297  | 180.1 | FAIL
XGBoost                  | 0.4591 | 0.0638 | 0.4387 | 0.0500 | 0.4053   | 0.0928   | 856     | 0.7463  | 86.4  | FAIL
LDA1+LogReg              | 0.2094 | 0.0567 | 0.2129 | 0.0500 | 0.1924   | 0.0651   | 856     | 0.5013  | 121.5 | FAIL
PCA16+LogReg             | 0.2039 | 0.0559 | 0.2073 | 0.0500 | 0.1842   | 0.0654   | 856     | 0.5014  | 130.0 | FAIL
PCA32+LogReg             | 0.2008 | 0.0567 | 0.2089 | 0.0500 | 0.1811   | 0.0648   | 856     | 0.5014  | 132.1 | FAIL
PCA16+VecWeighted        | 0.0236 | 0.0559 | 0.0355 | 0.0500 | 0.0230   | 0.0601   | 856     | 0.0321  | 125.2 | FAIL
PCA32+VecWeighted        | 0.0425 | 0.0551 | 0.0516 | 0.0500 | 0.0403   | 0.0627   | 856     | 0.0358  | 128.2 | FAIL
StabilizedWhitenedCosine | 0.5126 | 0.0661 | 0.4903 | 0.0500 | 0.4130   | 0.0908   | 856     | 0.7812  | 118.8 | FAIL

[trial=17 seed=63] GLOBAL mode — total_samples=200000
  total: h0=82063 h1=15019
  pooled_train:  n0=100 n1=100
  pooled_calib:  n0=1240 n1=1240
  pooled_eval:   n0=1270 n1=1270
  regions (for macro stats only): 1103
[INFO] Cosine baseline routed to direct Hadamard sum (PrecomputedCosine)
[INFO] WeightedEnsemble Cosine judge routed to direct Hadamard sum
  [Ensemble] Judges routed to 'alt' input: PrecomputedCosine
[WeightedEnsemble] Fitted weights (alpha=0.0500, external calib):
  tau=0.9709, Pooled external calib: TPR=0.4435, FPR=0.0500
  PrecomputedCosine   : +1.0000
  PCAWhitenedCosine   : +0.0000
  XGBoost             : +0.0000
  Tiny MLP            : +0.0000
  LDA                 : +0.0000

Method                   | TPR    | FPR    | TrTPR  | TrFPR  | MacroTPR | MacroFPR | Regions | TauMean | ms    | OK? 
---------------------------------------------------------------------------------------------------------------------
Cosine                   | 0.4402 | 0.0417 | 0.4435 | 0.0500 | 0.3864   | 0.0545   | 859     | 0.9709  | 125.2 | PASS
AndBox-HC                | 0.3551 | 0.0402 | 0.3677 | 0.0500 | 0.3207   | 0.0570   | 859     | 0.0000  | 67.4  | PASS
PCAWhitenedCosine        | 0.3496 | 0.0465 | 0.3581 | 0.0500 | 0.2566   | 0.0582   | 859     | 1.4772  | 112.8 | PASS
Vec (Wgt)                | 0.4528 | 0.0386 | 0.4573 | 0.0500 | 0.3848   | 0.0533   | 859     | 0.9663  | 107.0 | PASS
Log Reg                  | 0.1795 | 0.0441 | 0.2113 | 0.0500 | 0.1521   | 0.0590   | 859     | 0.5013  | 120.1 | PASS
LDA                      | 0.3827 | 0.0409 | 0.3984 | 0.0500 | 0.2875   | 0.0513   | 859     | 13.5919 | 114.4 | PASS
Tiny MLP                 | 0.3717 | 0.0315 | 0.3758 | 0.0500 | 0.2879   | 0.0428   | 859     | 0.7233  | 123.4 | PASS
MultiProtoCosine         | 0.0819 | 0.0457 | 0.0944 | 0.0500 | 0.0651   | 0.0515   | 859     | 0.9201  | 122.9 | PASS
WeightedEnsemble         | 0.4402 | 0.0417 | 0.4435 | 0.0500 | 0.3864   | 0.0545   | 859     | 0.9709  | 180.5 | PASS
XGBoost                  | 0.3866 | 0.0535 | 0.3927 | 0.0500 | 0.3288   | 0.0679   | 859     | 0.7448  | 85.6  | FAIL
LDA1+LogReg              | 0.1795 | 0.0433 | 0.2113 | 0.0500 | 0.1521   | 0.0582   | 859     | 0.5013  | 114.2 | PASS
PCA16+LogReg             | 0.1780 | 0.0425 | 0.2105 | 0.0500 | 0.1504   | 0.0560   | 859     | 0.5013  | 129.7 | PASS
PCA32+LogReg             | 0.1780 | 0.0441 | 0.2105 | 0.0500 | 0.1514   | 0.0581   | 859     | 0.5013  | 130.8 | PASS
PCA16+VecWeighted        | 0.0346 | 0.0606 | 0.0315 | 0.0500 | 0.0288   | 0.0546   | 859     | 0.0239  | 125.0 | FAIL
PCA32+VecWeighted        | 0.0441 | 0.0472 | 0.0371 | 0.0500 | 0.0330   | 0.0366   | 859     | 0.0312  | 126.7 | PASS
StabilizedWhitenedCosine | 0.3402 | 0.0386 | 0.3427 | 0.0500 | 0.2546   | 0.0500   | 859     | 1.5350  | 118.1 | PASS

[trial=18 seed=64] GLOBAL mode — total_samples=200000
  total: h0=82063 h1=15019
  pooled_train:  n0=100 n1=100
  pooled_calib:  n0=1240 n1=1240
  pooled_eval:   n0=1270 n1=1270
  regions (for macro stats only): 1103
[INFO] Cosine baseline routed to direct Hadamard sum (PrecomputedCosine)
[INFO] WeightedEnsemble Cosine judge routed to direct Hadamard sum
  [Ensemble] Judges routed to 'alt' input: PrecomputedCosine
[WeightedEnsemble] Fitted weights (alpha=0.0500, external calib):
  tau=0.9500, Pooled external calib: TPR=0.4815, FPR=0.0500
  PrecomputedCosine   : +1.0000
  PCAWhitenedCosine   : +0.0000
  XGBoost             : +0.0000
  Tiny MLP            : +0.0000
  LDA                 : +0.0000

Method                   | TPR    | FPR    | TrTPR  | TrFPR  | MacroTPR | MacroFPR | Regions | TauMean | ms    | OK? 
---------------------------------------------------------------------------------------------------------------------
Cosine                   | 0.4874 | 0.0520 | 0.4815 | 0.0500 | 0.4207   | 0.0774   | 858     | 0.9500  | 106.6 | FAIL
AndBox-HC                | 0.4559 | 0.0433 | 0.4282 | 0.0500 | 0.3917   | 0.0642   | 858     | 0.0001  | 72.1  | PASS
PCAWhitenedCosine        | 0.3433 | 0.0520 | 0.3548 | 0.0500 | 0.2705   | 0.0713   | 858     | 1.3626  | 103.8 | FAIL
Vec (Wgt)                | 0.5394 | 0.0567 | 0.5290 | 0.0500 | 0.4565   | 0.0877   | 858     | 0.9323  | 104.1 | FAIL
Log Reg                  | 0.2661 | 0.0669 | 0.2597 | 0.0500 | 0.2101   | 0.0822   | 858     | 0.5009  | 121.2 | FAIL
LDA                      | 0.4205 | 0.0512 | 0.3960 | 0.0500 | 0.3407   | 0.0700   | 858     | 14.2385 | 110.7 | FAIL
Tiny MLP                 | 0.4394 | 0.0512 | 0.4226 | 0.0500 | 0.3456   | 0.0713   | 858     | 0.6715  | 120.9 | FAIL
MultiProtoCosine         | 0.0811 | 0.0504 | 0.0798 | 0.0500 | 0.0697   | 0.0574   | 858     | 0.9222  | 127.6 | FAIL
WeightedEnsemble         | 0.4874 | 0.0520 | 0.4815 | 0.0500 | 0.4207   | 0.0774   | 858     | 0.9500  | 179.7 | FAIL
XGBoost                  | 0.3921 | 0.0551 | 0.3347 | 0.0500 | 0.3372   | 0.0733   | 858     | 0.8065  | 84.8  | FAIL
LDA1+LogReg              | 0.2685 | 0.0669 | 0.2613 | 0.0500 | 0.2136   | 0.0822   | 858     | 0.5009  | 115.1 | FAIL
PCA16+LogReg             | 0.2598 | 0.0677 | 0.2548 | 0.0500 | 0.2030   | 0.0839   | 858     | 0.5009  | 124.3 | FAIL
PCA32+LogReg             | 0.2528 | 0.0654 | 0.2540 | 0.0500 | 0.2008   | 0.0809   | 858     | 0.5009  | 130.9 | FAIL
PCA16+VecWeighted        | 0.2732 | 0.0677 | 0.3137 | 0.0500 | 0.2310   | 0.0897   | 858     | 0.0175  | 124.7 | FAIL
PCA32+VecWeighted        | 0.2465 | 0.0701 | 0.2677 | 0.0500 | 0.2207   | 0.0891   | 858     | 0.0209  | 124.8 | FAIL
StabilizedWhitenedCosine | 0.4386 | 0.0543 | 0.4347 | 0.0500 | 0.3404   | 0.0774   | 858     | 1.0349  | 118.7 | FAIL

[trial=19 seed=65] GLOBAL mode — total_samples=200000
  total: h0=82063 h1=15019
  pooled_train:  n0=100 n1=100
  pooled_calib:  n0=1240 n1=1240
  pooled_eval:   n0=1270 n1=1270
  regions (for macro stats only): 1103
[INFO] Cosine baseline routed to direct Hadamard sum (PrecomputedCosine)
[INFO] WeightedEnsemble Cosine judge routed to direct Hadamard sum
  [Ensemble] Judges routed to 'alt' input: PrecomputedCosine
[WeightedEnsemble] Fitted weights (alpha=0.0500, external calib):
  tau=0.6186, Pooled external calib: TPR=0.5048, FPR=0.0500
  PrecomputedCosine   : +0.0000
  PCAWhitenedCosine   : +0.0000
  XGBoost             : +0.0000
  Tiny MLP            : +1.0000
  LDA                 : +0.0000

Method                   | TPR    | FPR    | TrTPR  | TrFPR  | MacroTPR | MacroFPR | Regions | TauMean | ms    | OK? 
---------------------------------------------------------------------------------------------------------------------
Cosine                   | 0.4811 | 0.0551 | 0.4887 | 0.0500 | 0.4499   | 0.0779   | 861     | 0.9505  | 103.9 | FAIL
AndBox-HC                | 0.4630 | 0.0520 | 0.4677 | 0.0500 | 0.4277   | 0.0731   | 861     | -0.0000 | 71.3  | FAIL
PCAWhitenedCosine        | 0.3724 | 0.0575 | 0.3669 | 0.0500 | 0.2763   | 0.0799   | 861     | 1.3507  | 103.6 | FAIL
Vec (Wgt)                | 0.5157 | 0.0543 | 0.5218 | 0.0500 | 0.4750   | 0.0787   | 861     | 0.9345  | 104.2 | FAIL
Log Reg                  | 0.2913 | 0.0520 | 0.2677 | 0.0500 | 0.2312   | 0.0700   | 861     | 0.5007  | 122.2 | FAIL
LDA                      | 0.3929 | 0.0512 | 0.3952 | 0.0500 | 0.3198   | 0.0649   | 861     | 15.9055 | 111.1 | FAIL
Tiny MLP                 | 0.4764 | 0.0528 | 0.5048 | 0.0500 | 0.3922   | 0.0692   | 861     | 0.6186  | 121.1 | FAIL
MultiProtoCosine         | 0.0819 | 0.0575 | 0.0903 | 0.0500 | 0.0668   | 0.0732   | 861     | 0.9194  | 129.0 | FAIL
WeightedEnsemble         | 0.4764 | 0.0528 | 0.5048 | 0.0500 | 0.3922   | 0.0692   | 861     | 0.6186  | 178.4 | FAIL
XGBoost                  | 0.3929 | 0.0583 | 0.3782 | 0.0500 | 0.3560   | 0.0746   | 861     | 0.7655  | 87.5  | FAIL
LDA1+LogReg              | 0.2937 | 0.0512 | 0.2694 | 0.0500 | 0.2338   | 0.0682   | 861     | 0.5007  | 118.8 | FAIL
PCA16+LogReg             | 0.2929 | 0.0575 | 0.2750 | 0.0500 | 0.2335   | 0.0743   | 861     | 0.5007  | 128.4 | FAIL
PCA32+LogReg             | 0.2937 | 0.0528 | 0.2790 | 0.0492 | 0.2350   | 0.0712   | 861     | 0.5007  | 127.4 | FAIL
PCA16+VecWeighted        | 0.1441 | 0.0504 | 0.1121 | 0.0500 | 0.1184   | 0.0695   | 861     | 0.0272  | 123.7 | FAIL
PCA32+VecWeighted        | 0.1362 | 0.0472 | 0.1032 | 0.0468 | 0.1078   | 0.0639   | 861     | 0.0332  | 127.2 | PASS
StabilizedWhitenedCosine | 0.4142 | 0.0465 | 0.4129 | 0.0500 | 0.3221   | 0.0599   | 861     | 1.1925  | 111.8 | PASS

[trial=20 seed=66] GLOBAL mode — total_samples=200000
  total: h0=82063 h1=15019
  pooled_train:  n0=100 n1=100
  pooled_calib:  n0=1240 n1=1240
  pooled_eval:   n0=1270 n1=1270
  regions (for macro stats only): 1103
[INFO] Cosine baseline routed to direct Hadamard sum (PrecomputedCosine)
[INFO] WeightedEnsemble Cosine judge routed to direct Hadamard sum
  [Ensemble] Judges routed to 'alt' input: PrecomputedCosine
[WeightedEnsemble] Fitted weights (alpha=0.0500, external calib):
  tau=0.6631, Pooled external calib: TPR=0.4669, FPR=0.0500
  PrecomputedCosine   : +0.0000
  PCAWhitenedCosine   : +0.0000
  XGBoost             : +0.0000
  Tiny MLP            : +1.0000
  LDA                 : +0.0000

Method                   | TPR    | FPR    | TrTPR  | TrFPR  | MacroTPR | MacroFPR | Regions | TauMean | ms    | OK? 
---------------------------------------------------------------------------------------------------------------------
Cosine                   | 0.4567 | 0.0409 | 0.4500 | 0.0500 | 0.4176   | 0.0633   | 876     | 0.9624  | 110.2 | PASS
AndBox-HC                | 0.4063 | 0.0472 | 0.4008 | 0.0500 | 0.3747   | 0.0649   | 876     | 0.0000  | 75.3  | PASS
PCAWhitenedCosine        | 0.4094 | 0.0465 | 0.4226 | 0.0500 | 0.3133   | 0.0674   | 876     | 1.1823  | 104.9 | PASS
Vec (Wgt)                | 0.4882 | 0.0465 | 0.4960 | 0.0500 | 0.4421   | 0.0710   | 876     | 0.9437  | 105.4 | PASS
Log Reg                  | 0.3646 | 0.0583 | 0.3379 | 0.0500 | 0.3000   | 0.0806   | 876     | 0.5005  | 124.9 | FAIL
LDA                      | 0.4087 | 0.0354 | 0.4185 | 0.0500 | 0.3231   | 0.0557   | 876     | 14.5952 | 111.3 | PASS
Tiny MLP                 | 0.4693 | 0.0465 | 0.4669 | 0.0500 | 0.3828   | 0.0715   | 876     | 0.6631  | 125.7 | PASS
MultiProtoCosine         | 0.0992 | 0.0614 | 0.0806 | 0.0500 | 0.0729   | 0.0693   | 876     | 0.9212  | 127.6 | FAIL
WeightedEnsemble         | 0.4693 | 0.0465 | 0.4669 | 0.0500 | 0.3828   | 0.0715   | 876     | 0.6631  | 178.8 | PASS
XGBoost                  | 0.4039 | 0.0488 | 0.4016 | 0.0500 | 0.3519   | 0.0653   | 876     | 0.7613  | 84.3  | PASS
LDA1+LogReg              | 0.3630 | 0.0583 | 0.3379 | 0.0500 | 0.2975   | 0.0806   | 876     | 0.5005  | 115.0 | FAIL
PCA16+LogReg             | 0.3598 | 0.0575 | 0.3371 | 0.0500 | 0.2980   | 0.0809   | 876     | 0.5005  | 124.9 | FAIL
PCA32+LogReg             | 0.3669 | 0.0598 | 0.3363 | 0.0500 | 0.3018   | 0.0837   | 876     | 0.5005  | 127.5 | FAIL
PCA16+VecWeighted        | 0.0685 | 0.0535 | 0.0742 | 0.0500 | 0.0526   | 0.0608   | 876     | 0.0321  | 119.5 | FAIL
PCA32+VecWeighted        | 0.0496 | 0.0323 | 0.0452 | 0.0500 | 0.0407   | 0.0385   | 876     | 0.0398  | 123.9 | PASS
StabilizedWhitenedCosine | 0.4559 | 0.0449 | 0.4532 | 0.0500 | 0.3696   | 0.0671   | 876     | 0.8510  | 118.8 | PASS

[trial=21 seed=67] GLOBAL mode — total_samples=200000
  total: h0=82063 h1=15019
  pooled_train:  n0=100 n1=100
  pooled_calib:  n0=1240 n1=1240
  pooled_eval:   n0=1270 n1=1270
  regions (for macro stats only): 1103
[INFO] Cosine baseline routed to direct Hadamard sum (PrecomputedCosine)
[INFO] WeightedEnsemble Cosine judge routed to direct Hadamard sum
  [Ensemble] Judges routed to 'alt' input: PrecomputedCosine
[WeightedEnsemble] Fitted weights (alpha=0.0500, external calib):
  tau=0.5096, Pooled external calib: TPR=0.4597, FPR=0.0492
  PrecomputedCosine   : +0.0000
  PCAWhitenedCosine   : +0.0000
  XGBoost             : +0.0000
  Tiny MLP            : +1.0000
  LDA                 : +0.0000

Method                   | TPR    | FPR    | TrTPR  | TrFPR  | MacroTPR | MacroFPR | Regions | TauMean | ms    | OK? 
---------------------------------------------------------------------------------------------------------------------
Cosine                   | 0.4465 | 0.0433 | 0.4524 | 0.0500 | 0.4206   | 0.0683   | 858     | 0.9616  | 120.0 | PASS
AndBox-HC                | 0.3425 | 0.0449 | 0.3548 | 0.0500 | 0.3300   | 0.0694   | 858     | 0.0001  | 74.6  | PASS
PCAWhitenedCosine        | 0.3039 | 0.0433 | 0.3089 | 0.0500 | 0.2397   | 0.0611   | 858     | 1.4297  | 105.4 | PASS
Vec (Wgt)                | 0.4740 | 0.0441 | 0.4935 | 0.0500 | 0.4387   | 0.0740   | 858     | 0.9429  | 105.2 | PASS
Log Reg                  | 0.1929 | 0.0433 | 0.1960 | 0.0500 | 0.1726   | 0.0630   | 858     | 0.5009  | 125.0 | PASS
LDA                      | 0.4094 | 0.0465 | 0.4234 | 0.0500 | 0.3303   | 0.0721   | 858     | 12.7320 | 111.3 | PASS
Tiny MLP                 | 0.4520 | 0.0465 | 0.4597 | 0.0492 | 0.4089   | 0.0758   | 858     | 0.5096  | 121.8 | PASS
MultiProtoCosine         | 0.0661 | 0.0323 | 0.0718 | 0.0500 | 0.0574   | 0.0363   | 858     | 0.9236  | 127.8 | PASS
WeightedEnsemble         | 0.4520 | 0.0465 | 0.4597 | 0.0492 | 0.4089   | 0.0758   | 858     | 0.5096  | 181.1 | PASS
XGBoost                  | 0.3480 | 0.0402 | 0.3645 | 0.0500 | 0.2912   | 0.0593   | 858     | 0.7649  | 85.1  | PASS
LDA1+LogReg              | 0.1945 | 0.0441 | 0.1960 | 0.0500 | 0.1734   | 0.0633   | 858     | 0.5009  | 115.1 | PASS
PCA16+LogReg             | 0.1898 | 0.0433 | 0.1847 | 0.0500 | 0.1718   | 0.0607   | 858     | 0.5009  | 127.7 | PASS
PCA32+LogReg             | 0.1937 | 0.0457 | 0.1935 | 0.0500 | 0.1743   | 0.0638   | 858     | 0.5009  | 130.3 | PASS
PCA16+VecWeighted        | 0.0890 | 0.0535 | 0.0855 | 0.0500 | 0.0811   | 0.0638   | 858     | 0.0266  | 123.5 | FAIL
PCA32+VecWeighted        | 0.0827 | 0.0433 | 0.0782 | 0.0500 | 0.0836   | 0.0555   | 858     | 0.0328  | 130.4 | PASS
StabilizedWhitenedCosine | 0.4480 | 0.0591 | 0.4653 | 0.0500 | 0.3407   | 0.0819   | 858     | 1.0251  | 120.0 | FAIL

[trial=22 seed=68] GLOBAL mode — total_samples=200000
  total: h0=82063 h1=15019
  pooled_train:  n0=100 n1=100
  pooled_calib:  n0=1240 n1=1240
  pooled_eval:   n0=1270 n1=1270
  regions (for macro stats only): 1103
[INFO] Cosine baseline routed to direct Hadamard sum (PrecomputedCosine)
[INFO] WeightedEnsemble Cosine judge routed to direct Hadamard sum
  [Ensemble] Judges routed to 'alt' input: PrecomputedCosine
[WeightedEnsemble] Fitted weights (alpha=0.0500, external calib):
  tau=0.7043, Pooled external calib: TPR=0.4863, FPR=0.0500
  PrecomputedCosine   : +0.0000
  PCAWhitenedCosine   : +0.0000
  XGBoost             : +0.0000
  Tiny MLP            : +1.0000
  LDA                 : +0.0000

Method                   | TPR    | FPR    | TrTPR  | TrFPR  | MacroTPR | MacroFPR | Regions | TauMean | ms    | OK? 
---------------------------------------------------------------------------------------------------------------------
Cosine                   | 0.4276 | 0.0417 | 0.4435 | 0.0500 | 0.4080   | 0.0616   | 876     | 0.9680  | 108.8 | PASS
AndBox-HC                | 0.3874 | 0.0409 | 0.3960 | 0.0500 | 0.3642   | 0.0582   | 876     | 0.0000  | 70.4  | PASS
PCAWhitenedCosine        | 0.3622 | 0.0449 | 0.3621 | 0.0500 | 0.2795   | 0.0556   | 876     | 1.4298  | 104.9 | PASS
Vec (Wgt)                | 0.4748 | 0.0449 | 0.4839 | 0.0500 | 0.4344   | 0.0638   | 876     | 0.9439  | 106.1 | PASS
Log Reg                  | 0.1890 | 0.0551 | 0.2202 | 0.0500 | 0.1742   | 0.0702   | 876     | 0.5012  | 120.4 | FAIL
LDA                      | 0.4228 | 0.0512 | 0.4371 | 0.0500 | 0.3302   | 0.0610   | 876     | 17.1061 | 111.8 | FAIL
Tiny MLP                 | 0.4677 | 0.0457 | 0.4863 | 0.0500 | 0.3733   | 0.0615   | 876     | 0.7043  | 123.0 | PASS
MultiProtoCosine         | 0.0685 | 0.0598 | 0.0637 | 0.0500 | 0.0575   | 0.0655   | 876     | 0.9185  | 130.6 | FAIL
WeightedEnsemble         | 0.4677 | 0.0457 | 0.4863 | 0.0500 | 0.3733   | 0.0615   | 876     | 0.7043  | 183.6 | PASS
XGBoost                  | 0.3945 | 0.0394 | 0.4048 | 0.0500 | 0.3379   | 0.0484   | 876     | 0.8072  | 84.7  | PASS
LDA1+LogReg              | 0.1906 | 0.0551 | 0.2210 | 0.0500 | 0.1751   | 0.0702   | 876     | 0.5012  | 117.0 | FAIL
PCA16+LogReg             | 0.1882 | 0.0535 | 0.2153 | 0.0500 | 0.1724   | 0.0678   | 876     | 0.5012  | 126.9 | FAIL
PCA32+LogReg             | 0.1850 | 0.0535 | 0.2153 | 0.0500 | 0.1717   | 0.0678   | 876     | 0.5013  | 129.8 | FAIL
PCA16+VecWeighted        | 0.1835 | 0.0496 | 0.1798 | 0.0500 | 0.1392   | 0.0583   | 876     | 0.0202  | 124.5 | PASS
PCA32+VecWeighted        | 0.1598 | 0.0433 | 0.1677 | 0.0500 | 0.1210   | 0.0501   | 876     | 0.0249  | 127.8 | PASS
StabilizedWhitenedCosine | 0.4457 | 0.0567 | 0.4677 | 0.0500 | 0.3493   | 0.0808   | 876     | 0.9532  | 115.4 | FAIL

[trial=23 seed=69] GLOBAL mode — total_samples=200000
  total: h0=82063 h1=15019
  pooled_train:  n0=100 n1=100
  pooled_calib:  n0=1240 n1=1240
  pooled_eval:   n0=1270 n1=1270
  regions (for macro stats only): 1103
[INFO] Cosine baseline routed to direct Hadamard sum (PrecomputedCosine)
[INFO] WeightedEnsemble Cosine judge routed to direct Hadamard sum
  [Ensemble] Judges routed to 'alt' input: PrecomputedCosine
[WeightedEnsemble] Fitted weights (alpha=0.0500, external calib):
  tau=0.9684, Pooled external calib: TPR=0.4347, FPR=0.0500
  PrecomputedCosine   : +1.0000
  PCAWhitenedCosine   : +0.0000
  XGBoost             : +0.0000
  Tiny MLP            : +0.0000
  LDA                 : +0.0000

Method                   | TPR    | FPR    | TrTPR  | TrFPR  | MacroTPR | MacroFPR | Regions | TauMean | ms    | OK? 
---------------------------------------------------------------------------------------------------------------------
Cosine                   | 0.4323 | 0.0496 | 0.4347 | 0.0500 | 0.3960   | 0.0702   | 852     | 0.9684  | 82.8  | PASS
AndBox-HC                | 0.3953 | 0.0496 | 0.4032 | 0.0500 | 0.3681   | 0.0630   | 852     | 0.0001  | 71.0  | PASS
PCAWhitenedCosine        | 0.3654 | 0.0598 | 0.3468 | 0.0500 | 0.2765   | 0.0709   | 852     | 1.2665  | 62.3  | FAIL
Vec (Wgt)                | 0.4858 | 0.0543 | 0.4847 | 0.0500 | 0.4467   | 0.0755   | 852     | 0.9462  | 61.8  | FAIL
Log Reg                  | 0.2717 | 0.0646 | 0.2960 | 0.0500 | 0.2482   | 0.0779   | 852     | 0.5007  | 106.5 | FAIL
LDA                      | 0.4181 | 0.0551 | 0.4032 | 0.0500 | 0.3369   | 0.0694   | 852     | 12.5042 | 109.9 | FAIL
Tiny MLP                 | 0.4323 | 0.0559 | 0.4339 | 0.0500 | 0.3612   | 0.0732   | 852     | 0.5461  | 121.2 | FAIL
MultiProtoCosine         | 0.0630 | 0.0701 | 0.0718 | 0.0500 | 0.0594   | 0.0699   | 852     | 0.9202  | 126.0 | FAIL
WeightedEnsemble         | 0.4323 | 0.0496 | 0.4347 | 0.0500 | 0.3960   | 0.0702   | 852     | 0.9684  | 177.9 | PASS
XGBoost                  | 0.4039 | 0.0480 | 0.3976 | 0.0500 | 0.3622   | 0.0605   | 852     | 0.8040  | 83.3  | PASS
LDA1+LogReg              | 0.2717 | 0.0638 | 0.2968 | 0.0500 | 0.2482   | 0.0774   | 852     | 0.5007  | 112.5 | FAIL
PCA16+LogReg             | 0.2646 | 0.0646 | 0.2734 | 0.0500 | 0.2464   | 0.0828   | 852     | 0.5007  | 124.8 | FAIL
PCA32+LogReg             | 0.2724 | 0.0614 | 0.2839 | 0.0500 | 0.2506   | 0.0771   | 852     | 0.5007  | 132.9 | FAIL
PCA16+VecWeighted        | 0.0976 | 0.0709 | 0.1145 | 0.0500 | 0.0959   | 0.0723   | 852     | 0.0248  | 121.5 | FAIL
PCA32+VecWeighted        | 0.1331 | 0.0780 | 0.1500 | 0.0500 | 0.1303   | 0.0851   | 852     | 0.0281  | 126.8 | FAIL
StabilizedWhitenedCosine | 0.4472 | 0.0512 | 0.4371 | 0.0500 | 0.3692   | 0.0622   | 852     | 0.9284  | 113.5 | FAIL

[trial=24 seed=70] GLOBAL mode — total_samples=200000
  total: h0=82063 h1=15019
  pooled_train:  n0=100 n1=100
  pooled_calib:  n0=1240 n1=1240
  pooled_eval:   n0=1270 n1=1270
  regions (for macro stats only): 1103
[INFO] Cosine baseline routed to direct Hadamard sum (PrecomputedCosine)
[INFO] WeightedEnsemble Cosine judge routed to direct Hadamard sum
  [Ensemble] Judges routed to 'alt' input: PrecomputedCosine
[WeightedEnsemble] Fitted weights (alpha=0.0500, external calib):
  tau=0.9483, Pooled external calib: TPR=0.4895, FPR=0.0500
  PrecomputedCosine   : +1.0000
  PCAWhitenedCosine   : +0.0000
  XGBoost             : +0.0000
  Tiny MLP            : +0.0000
  LDA                 : +0.0000

Method                   | TPR    | FPR    | TrTPR  | TrFPR  | MacroTPR | MacroFPR | Regions | TauMean | ms    | OK? 
---------------------------------------------------------------------------------------------------------------------
Cosine                   | 0.4921 | 0.0472 | 0.4895 | 0.0500 | 0.4526   | 0.0702   | 856     | 0.9483  | 109.9 | PASS
AndBox-HC                | 0.4551 | 0.0575 | 0.4556 | 0.0500 | 0.4201   | 0.0759   | 856     | 0.0000  | 72.3  | FAIL
PCAWhitenedCosine        | 0.3457 | 0.0449 | 0.3468 | 0.0500 | 0.2703   | 0.0628   | 856     | 1.3942  | 102.8 | PASS
Vec (Wgt)                | 0.5244 | 0.0441 | 0.5218 | 0.0500 | 0.4781   | 0.0677   | 856     | 0.9322  | 103.0 | PASS
Log Reg                  | 0.2323 | 0.0465 | 0.2185 | 0.0500 | 0.1953   | 0.0587   | 856     | 0.5010  | 123.1 | PASS
LDA                      | 0.3669 | 0.0480 | 0.3750 | 0.0500 | 0.2984   | 0.0587   | 856     | 15.0179 | 109.6 | PASS
Tiny MLP                 | 0.4126 | 0.0417 | 0.4137 | 0.0500 | 0.3306   | 0.0533   | 856     | 0.7088  | 120.7 | PASS
MultiProtoCosine         | 0.1047 | 0.0457 | 0.0944 | 0.0500 | 0.0772   | 0.0540   | 856     | 0.9178  | 127.7 | PASS
WeightedEnsemble         | 0.4921 | 0.0472 | 0.4895 | 0.0500 | 0.4526   | 0.0702   | 856     | 0.9483  | 175.4 | PASS
XGBoost                  | 0.3638 | 0.0575 | 0.3742 | 0.0500 | 0.3010   | 0.0811   | 856     | 0.7838  | 86.6  | FAIL
LDA1+LogReg              | 0.2315 | 0.0465 | 0.2185 | 0.0500 | 0.1952   | 0.0587   | 856     | 0.5010  | 114.4 | PASS
PCA16+LogReg             | 0.2134 | 0.0472 | 0.2105 | 0.0500 | 0.1793   | 0.0590   | 856     | 0.5010  | 123.9 | PASS
PCA32+LogReg             | 0.2150 | 0.0472 | 0.2040 | 0.0492 | 0.1833   | 0.0590   | 856     | 0.5010  | 130.7 | PASS
PCA16+VecWeighted        | 0.1756 | 0.0559 | 0.1766 | 0.0500 | 0.1629   | 0.0702   | 856     | 0.0198  | 120.6 | FAIL
PCA32+VecWeighted        | 0.1709 | 0.0583 | 0.1863 | 0.0500 | 0.1566   | 0.0705   | 856     | 0.0244  | 123.8 | FAIL
StabilizedWhitenedCosine | 0.3835 | 0.0354 | 0.3492 | 0.0500 | 0.2814   | 0.0499   | 856     | 1.1298  | 110.7 | PASS

[trial=25 seed=71] GLOBAL mode — total_samples=200000
  total: h0=82063 h1=15019
  pooled_train:  n0=100 n1=100
  pooled_calib:  n0=1240 n1=1240
  pooled_eval:   n0=1270 n1=1270
  regions (for macro stats only): 1103
[INFO] Cosine baseline routed to direct Hadamard sum (PrecomputedCosine)
[INFO] WeightedEnsemble Cosine judge routed to direct Hadamard sum
  [Ensemble] Judges routed to 'alt' input: PrecomputedCosine
[WeightedEnsemble] Fitted weights (alpha=0.0500, external calib):
  tau=0.6336, Pooled external calib: TPR=0.4669, FPR=0.0500
  PrecomputedCosine   : +0.0000
  PCAWhitenedCosine   : +0.0000
  XGBoost             : +0.0000
  Tiny MLP            : +1.0000
  LDA                 : +0.0000

Method                   | TPR    | FPR    | TrTPR  | TrFPR  | MacroTPR | MacroFPR | Regions | TauMean | ms    | OK? 
---------------------------------------------------------------------------------------------------------------------
Cosine                   | 0.4866 | 0.0575 | 0.4597 | 0.0500 | 0.4568   | 0.0943   | 863     | 0.9537  | 84.5  | FAIL
AndBox-HC                | 0.4465 | 0.0543 | 0.4266 | 0.0500 | 0.4131   | 0.0830   | 863     | -0.0000 | 70.1  | FAIL
PCAWhitenedCosine        | 0.3276 | 0.0575 | 0.3685 | 0.0484 | 0.2800   | 0.0677   | 863     | 1.2647  | 63.4  | FAIL
Vec (Wgt)                | 0.5205 | 0.0567 | 0.5040 | 0.0500 | 0.4767   | 0.0904   | 863     | 0.9382  | 79.6  | FAIL
Log Reg                  | 0.2709 | 0.0646 | 0.2605 | 0.0500 | 0.2281   | 0.0828   | 863     | 0.5009  | 118.6 | FAIL
LDA                      | 0.3661 | 0.0425 | 0.3758 | 0.0500 | 0.3072   | 0.0633   | 863     | 13.8510 | 110.8 | PASS
Tiny MLP                 | 0.4646 | 0.0543 | 0.4669 | 0.0500 | 0.4042   | 0.0768   | 863     | 0.6336  | 119.6 | FAIL
MultiProtoCosine         | 0.1126 | 0.0669 | 0.0960 | 0.0500 | 0.0868   | 0.0750   | 863     | 0.9171  | 124.7 | FAIL
WeightedEnsemble         | 0.4646 | 0.0543 | 0.4669 | 0.0500 | 0.4042   | 0.0768   | 863     | 0.6336  | 176.5 | FAIL
XGBoost                  | 0.3307 | 0.0488 | 0.3218 | 0.0492 | 0.2934   | 0.0635   | 863     | 0.7283  | 85.9  | PASS
LDA1+LogReg              | 0.2740 | 0.0646 | 0.2621 | 0.0500 | 0.2304   | 0.0828   | 863     | 0.5009  | 115.1 | FAIL
PCA16+LogReg             | 0.2614 | 0.0638 | 0.2653 | 0.0500 | 0.2250   | 0.0804   | 863     | 0.5009  | 129.1 | FAIL
PCA32+LogReg             | 0.2921 | 0.0701 | 0.2879 | 0.0500 | 0.2486   | 0.0857   | 863     | 0.5009  | 131.2 | FAIL
PCA16+VecWeighted        | 0.2669 | 0.0740 | 0.2355 | 0.0500 | 0.2442   | 0.0978   | 863     | 0.0222  | 121.8 | FAIL
PCA32+VecWeighted        | 0.2425 | 0.0661 | 0.2395 | 0.0500 | 0.2177   | 0.0804   | 863     | 0.0240  | 129.3 | FAIL
StabilizedWhitenedCosine | 0.4638 | 0.0614 | 0.4718 | 0.0500 | 0.3724   | 0.0846   | 863     | 1.0296  | 115.0 | FAIL

[trial=26 seed=72] GLOBAL mode — total_samples=200000
  total: h0=82063 h1=15019
  pooled_train:  n0=100 n1=100
  pooled_calib:  n0=1240 n1=1240
  pooled_eval:   n0=1270 n1=1270
  regions (for macro stats only): 1103
[INFO] Cosine baseline routed to direct Hadamard sum (PrecomputedCosine)
[INFO] WeightedEnsemble Cosine judge routed to direct Hadamard sum
  [Ensemble] Judges routed to 'alt' input: PrecomputedCosine
[WeightedEnsemble] Fitted weights (alpha=0.0500, external calib):
  tau=0.9958, Pooled external calib: TPR=0.5274, FPR=0.0500
  PrecomputedCosine   : +0.4364
  PCAWhitenedCosine   : +0.0571
  XGBoost             : +0.1048
  Tiny MLP            : +0.3819
  LDA                 : +0.0199

Method                   | TPR    | FPR    | TrTPR  | TrFPR  | MacroTPR | MacroFPR | Regions | TauMean | ms    | OK? 
---------------------------------------------------------------------------------------------------------------------
Cosine                   | 0.4575 | 0.0583 | 0.4629 | 0.0500 | 0.4214   | 0.0857   | 854     | 0.9616  | 309.0 | FAIL
AndBox-HC                | 0.3992 | 0.0685 | 0.4113 | 0.0500 | 0.3778   | 0.0933   | 854     | 0.0000  | 75.7  | FAIL
PCAWhitenedCosine        | 0.4614 | 0.0598 | 0.4524 | 0.0500 | 0.3748   | 0.0805   | 854     | 1.0790  | 105.0 | FAIL
Vec (Wgt)                | 0.5031 | 0.0598 | 0.5177 | 0.0500 | 0.4632   | 0.0850   | 854     | 0.9387  | 104.8 | FAIL
Log Reg                  | 0.3150 | 0.0480 | 0.2976 | 0.0500 | 0.2603   | 0.0667   | 854     | 0.5007  | 123.4 | PASS
LDA                      | 0.4724 | 0.0535 | 0.4734 | 0.0500 | 0.3808   | 0.0751   | 854     | 13.3811 | 110.6 | FAIL
Tiny MLP                 | 0.4850 | 0.0551 | 0.4911 | 0.0500 | 0.4005   | 0.0762   | 854     | 0.6938  | 122.8 | FAIL
MultiProtoCosine         | 0.0898 | 0.0622 | 0.1073 | 0.0500 | 0.0792   | 0.0706   | 854     | 0.9152  | 133.3 | FAIL
WeightedEnsemble         | 0.5260 | 0.0614 | 0.5274 | 0.0500 | 0.4450   | 0.0869   | 854     | 0.9958  | 180.0 | FAIL
XGBoost                  | 0.4496 | 0.0543 | 0.4411 | 0.0500 | 0.3750   | 0.0758   | 854     | 0.7822  | 85.1  | FAIL
LDA1+LogReg              | 0.3181 | 0.0480 | 0.2976 | 0.0500 | 0.2624   | 0.0667   | 854     | 0.5007  | 114.7 | PASS
PCA16+LogReg             | 0.3150 | 0.0457 | 0.2984 | 0.0500 | 0.2570   | 0.0623   | 854     | 0.5007  | 129.7 | PASS
PCA32+LogReg             | 0.3094 | 0.0457 | 0.2960 | 0.0500 | 0.2554   | 0.0620   | 854     | 0.5007  | 128.0 | PASS
PCA16+VecWeighted        | 0.1858 | 0.0646 | 0.2089 | 0.0500 | 0.1339   | 0.0783   | 854     | 0.0193  | 122.6 | FAIL
PCA32+VecWeighted        | 0.2008 | 0.0732 | 0.2137 | 0.0500 | 0.1447   | 0.0769   | 854     | 0.0239  | 124.5 | FAIL
StabilizedWhitenedCosine | 0.5071 | 0.0567 | 0.5073 | 0.0500 | 0.4259   | 0.0819   | 854     | 0.8834  | 112.3 | FAIL

[trial=27 seed=73] GLOBAL mode — total_samples=200000
  total: h0=82063 h1=15019
  pooled_train:  n0=100 n1=100
  pooled_calib:  n0=1240 n1=1240
  pooled_eval:   n0=1270 n1=1270
  regions (for macro stats only): 1103
[INFO] Cosine baseline routed to direct Hadamard sum (PrecomputedCosine)
[INFO] WeightedEnsemble Cosine judge routed to direct Hadamard sum
  [Ensemble] Judges routed to 'alt' input: PrecomputedCosine
[WeightedEnsemble] Fitted weights (alpha=0.0500, external calib):
  tau=0.9425, Pooled external calib: TPR=0.5145, FPR=0.0500
  PrecomputedCosine   : +1.0000
  PCAWhitenedCosine   : +0.0000
  XGBoost             : +0.0000
  Tiny MLP            : +0.0000
  LDA                 : +0.0000

Method                   | TPR    | FPR    | TrTPR  | TrFPR  | MacroTPR | MacroFPR | Regions | TauMean | ms    | OK? 
---------------------------------------------------------------------------------------------------------------------
Cosine                   | 0.5102 | 0.0591 | 0.5145 | 0.0500 | 0.4672   | 0.0929   | 847     | 0.9425  | 101.6 | FAIL
AndBox-HC                | 0.4472 | 0.0504 | 0.4589 | 0.0500 | 0.4034   | 0.0746   | 847     | -0.0000 | 66.3  | FAIL
PCAWhitenedCosine        | 0.4063 | 0.0567 | 0.4226 | 0.0500 | 0.3401   | 0.0815   | 847     | 1.2016  | 102.4 | FAIL
Vec (Wgt)                | 0.5299 | 0.0575 | 0.5395 | 0.0500 | 0.4747   | 0.0907   | 847     | 0.9418  | 102.8 | FAIL
Log Reg                  | 0.2370 | 0.0520 | 0.2258 | 0.0500 | 0.2049   | 0.0725   | 847     | 0.5011  | 118.6 | FAIL
LDA                      | 0.4157 | 0.0472 | 0.4331 | 0.0500 | 0.3446   | 0.0719   | 847     | 11.9589 | 111.1 | PASS
Tiny MLP                 | 0.4858 | 0.0512 | 0.4855 | 0.0500 | 0.4043   | 0.0841   | 847     | 0.7058  | 131.7 | FAIL
MultiProtoCosine         | 0.0874 | 0.0606 | 0.0823 | 0.0500 | 0.0727   | 0.0637   | 847     | 0.9171  | 120.9 | FAIL
WeightedEnsemble         | 0.5102 | 0.0591 | 0.5145 | 0.0500 | 0.4672   | 0.0929   | 847     | 0.9425  | 333.3 | FAIL
XGBoost                  | 0.4213 | 0.0417 | 0.4194 | 0.0500 | 0.3623   | 0.0587   | 847     | 0.7597  | 86.2  | PASS
LDA1+LogReg              | 0.2402 | 0.0520 | 0.2274 | 0.0500 | 0.2079   | 0.0725   | 847     | 0.5011  | 112.9 | FAIL
PCA16+LogReg             | 0.2339 | 0.0480 | 0.2161 | 0.0500 | 0.1962   | 0.0640   | 847     | 0.5011  | 125.1 | PASS
PCA32+LogReg             | 0.2354 | 0.0520 | 0.2202 | 0.0500 | 0.2005   | 0.0708   | 847     | 0.5011  | 127.7 | FAIL
PCA16+VecWeighted        | 0.0268 | 0.0409 | 0.0258 | 0.0500 | 0.0324   | 0.0474   | 847     | 0.0352  | 118.0 | PASS
PCA32+VecWeighted        | 0.0402 | 0.0417 | 0.0371 | 0.0500 | 0.0476   | 0.0535   | 847     | 0.0397  | 122.7 | PASS
StabilizedWhitenedCosine | 0.4323 | 0.0504 | 0.4589 | 0.0500 | 0.3628   | 0.0788   | 847     | 0.9697  | 111.8 | FAIL

[trial=28 seed=74] GLOBAL mode — total_samples=200000
  total: h0=82063 h1=15019
  pooled_train:  n0=100 n1=100
  pooled_calib:  n0=1240 n1=1240
  pooled_eval:   n0=1270 n1=1270
  regions (for macro stats only): 1103
[INFO] Cosine baseline routed to direct Hadamard sum (PrecomputedCosine)
[INFO] WeightedEnsemble Cosine judge routed to direct Hadamard sum
  [Ensemble] Judges routed to 'alt' input: PrecomputedCosine
[WeightedEnsemble] Fitted weights (alpha=0.0500, external calib):
  tau=0.6398, Pooled external calib: TPR=0.5347, FPR=0.0500
  PrecomputedCosine   : +0.0000
  PCAWhitenedCosine   : +0.0000
  XGBoost             : +0.0000
  Tiny MLP            : +1.0000
  LDA                 : +0.0000

Method                   | TPR    | FPR    | TrTPR  | TrFPR  | MacroTPR | MacroFPR | Regions | TauMean | ms    | OK? 
---------------------------------------------------------------------------------------------------------------------
Cosine                   | 0.4835 | 0.0520 | 0.4863 | 0.0500 | 0.4400   | 0.0747   | 838     | 0.9562  | 104.7 | FAIL
AndBox-HC                | 0.4378 | 0.0543 | 0.4379 | 0.0500 | 0.4019   | 0.0758   | 838     | -0.0000 | 64.1  | FAIL
PCAWhitenedCosine        | 0.4449 | 0.0535 | 0.4589 | 0.0500 | 0.3387   | 0.0688   | 838     | 1.1975  | 102.2 | FAIL
Vec (Wgt)                | 0.5079 | 0.0551 | 0.5153 | 0.0500 | 0.4567   | 0.0782   | 838     | 0.9370  | 102.8 | FAIL
Log Reg                  | 0.2740 | 0.0504 | 0.2798 | 0.0500 | 0.2258   | 0.0681   | 838     | 0.5009  | 119.3 | FAIL
LDA                      | 0.4606 | 0.0591 | 0.4903 | 0.0500 | 0.3730   | 0.0749   | 838     | 12.2102 | 107.3 | FAIL
Tiny MLP                 | 0.5220 | 0.0583 | 0.5347 | 0.0500 | 0.4359   | 0.0806   | 838     | 0.6398  | 117.5 | FAIL
MultiProtoCosine         | 0.1047 | 0.0449 | 0.1032 | 0.0500 | 0.0809   | 0.0559   | 838     | 0.9205  | 124.3 | PASS
WeightedEnsemble         | 0.5220 | 0.0583 | 0.5347 | 0.0500 | 0.4359   | 0.0806   | 838     | 0.6398  | 172.8 | FAIL
XGBoost                  | 0.3543 | 0.0543 | 0.3435 | 0.0500 | 0.2880   | 0.0741   | 838     | 0.7827  | 85.3  | FAIL
LDA1+LogReg              | 0.2756 | 0.0512 | 0.2806 | 0.0500 | 0.2266   | 0.0689   | 838     | 0.5008  | 112.3 | FAIL
PCA16+LogReg             | 0.2551 | 0.0433 | 0.2694 | 0.0500 | 0.2157   | 0.0586   | 838     | 0.5009  | 122.9 | PASS
PCA32+LogReg             | 0.2654 | 0.0465 | 0.2694 | 0.0500 | 0.2198   | 0.0620   | 838     | 0.5009  | 125.9 | PASS
PCA16+VecWeighted        | 0.1339 | 0.0551 | 0.1323 | 0.0500 | 0.1169   | 0.0507   | 838     | 0.0245  | 119.2 | FAIL
PCA32+VecWeighted        | 0.1378 | 0.0606 | 0.1250 | 0.0500 | 0.1113   | 0.0534   | 838     | 0.0304  | 122.1 | FAIL
StabilizedWhitenedCosine | 0.4638 | 0.0528 | 0.4629 | 0.0500 | 0.3718   | 0.0684   | 838     | 0.9696  | 111.0 | FAIL

[trial=29 seed=75] GLOBAL mode — total_samples=200000
  total: h0=82063 h1=15019
  pooled_train:  n0=100 n1=100
  pooled_calib:  n0=1240 n1=1240
  pooled_eval:   n0=1270 n1=1270
  regions (for macro stats only): 1103
[INFO] Cosine baseline routed to direct Hadamard sum (PrecomputedCosine)
[INFO] WeightedEnsemble Cosine judge routed to direct Hadamard sum
  [Ensemble] Judges routed to 'alt' input: PrecomputedCosine
[WeightedEnsemble] Fitted weights (alpha=0.0500, external calib):
  tau=0.9575, Pooled external calib: TPR=0.4677, FPR=0.0500
  PrecomputedCosine   : +1.0000
  PCAWhitenedCosine   : +0.0000
  XGBoost             : +0.0000
  Tiny MLP            : +0.0000
  LDA                 : +0.0000

Method                   | TPR    | FPR    | TrTPR  | TrFPR  | MacroTPR | MacroFPR | Regions | TauMean | ms    | OK? 
---------------------------------------------------------------------------------------------------------------------
Cosine                   | 0.4811 | 0.0535 | 0.4677 | 0.0500 | 0.4581   | 0.0755   | 837     | 0.9575  | 100.7 | FAIL
AndBox-HC                | 0.4661 | 0.0543 | 0.4500 | 0.0500 | 0.4469   | 0.0727   | 837     | -0.0000 | 64.5  | FAIL
PCAWhitenedCosine        | 0.3079 | 0.0496 | 0.3008 | 0.0500 | 0.2463   | 0.0656   | 837     | 1.2798  | 103.6 | PASS
Vec (Wgt)                | 0.5197 | 0.0567 | 0.5081 | 0.0500 | 0.4954   | 0.0785   | 837     | 0.9435  | 103.8 | FAIL
Log Reg                  | 0.2787 | 0.0402 | 0.2855 | 0.0500 | 0.2289   | 0.0549   | 837     | 0.5006  | 120.6 | PASS
LDA                      | 0.3339 | 0.0480 | 0.3137 | 0.0500 | 0.2762   | 0.0620   | 837     | 11.5264 | 108.3 | PASS
Tiny MLP                 | 0.4205 | 0.0480 | 0.4105 | 0.0500 | 0.3531   | 0.0596   | 837     | 0.6820  | 119.6 | PASS
MultiProtoCosine         | 0.0535 | 0.0551 | 0.0806 | 0.0500 | 0.0487   | 0.0517   | 837     | 0.9142  | 123.4 | FAIL
WeightedEnsemble         | 0.4811 | 0.0535 | 0.4677 | 0.0500 | 0.4581   | 0.0755   | 837     | 0.9575  | 176.5 | FAIL
XGBoost                  | 0.3787 | 0.0567 | 0.3677 | 0.0500 | 0.3265   | 0.0730   | 837     | 0.7097  | 84.4  | FAIL
LDA1+LogReg              | 0.2906 | 0.0433 | 0.2944 | 0.0500 | 0.2389   | 0.0591   | 837     | 0.5005  | 111.1 | PASS
PCA16+LogReg             | 0.2764 | 0.0457 | 0.2774 | 0.0500 | 0.2217   | 0.0580   | 837     | 0.5006  | 121.8 | PASS
PCA32+LogReg             | 0.2835 | 0.0472 | 0.2839 | 0.0500 | 0.2295   | 0.0622   | 837     | 0.5006  | 128.5 | PASS
PCA16+VecWeighted        | 0.0535 | 0.0496 | 0.0540 | 0.0500 | 0.0420   | 0.0521   | 837     | 0.0287  | 122.7 | PASS
PCA32+VecWeighted        | 0.0598 | 0.0480 | 0.0653 | 0.0500 | 0.0457   | 0.0484   | 837     | 0.0346  | 123.8 | PASS
StabilizedWhitenedCosine | 0.4291 | 0.0496 | 0.3992 | 0.0500 | 0.3597   | 0.0639   | 837     | 0.8842  | 113.8 | PASS

[trial=30 seed=76] GLOBAL mode — total_samples=200000
  total: h0=82063 h1=15019
  pooled_train:  n0=100 n1=100
  pooled_calib:  n0=1240 n1=1240
  pooled_eval:   n0=1270 n1=1270
  regions (for macro stats only): 1103
[INFO] Cosine baseline routed to direct Hadamard sum (PrecomputedCosine)
[INFO] WeightedEnsemble Cosine judge routed to direct Hadamard sum
  [Ensemble] Judges routed to 'alt' input: PrecomputedCosine
[WeightedEnsemble] Fitted weights (alpha=0.0500, external calib):
  tau=0.9420, Pooled external calib: TPR=0.5073, FPR=0.0500
  PrecomputedCosine   : +1.0000
  PCAWhitenedCosine   : +0.0000
  XGBoost             : +0.0000
  Tiny MLP            : +0.0000
  LDA                 : +0.0000

Method                   | TPR    | FPR    | TrTPR  | TrFPR  | MacroTPR | MacroFPR | Regions | TauMean | ms    | OK? 
---------------------------------------------------------------------------------------------------------------------
Cosine                   | 0.4984 | 0.0606 | 0.5073 | 0.0500 | 0.4741   | 0.0758   | 871     | 0.9420  | 103.8 | FAIL
AndBox-HC                | 0.4339 | 0.0567 | 0.4371 | 0.0500 | 0.4008   | 0.0688   | 871     | 0.0001  | 71.9  | FAIL
PCAWhitenedCosine        | 0.3740 | 0.0370 | 0.3710 | 0.0500 | 0.3158   | 0.0543   | 871     | 1.3711  | 106.0 | PASS
Vec (Wgt)                | 0.5228 | 0.0598 | 0.5290 | 0.0500 | 0.4890   | 0.0798   | 871     | 0.9260  | 106.1 | FAIL
Log Reg                  | 0.1724 | 0.0433 | 0.1621 | 0.0500 | 0.1529   | 0.0560   | 871     | 0.5018  | 122.7 | PASS
LDA                      | 0.3535 | 0.0339 | 0.3419 | 0.0500 | 0.2908   | 0.0490   | 871     | 16.9946 | 113.0 | PASS
Tiny MLP                 | 0.4157 | 0.0425 | 0.4250 | 0.0500 | 0.3538   | 0.0636   | 871     | 0.5946  | 121.9 | PASS
MultiProtoCosine         | 0.0732 | 0.0362 | 0.0653 | 0.0500 | 0.0646   | 0.0404   | 871     | 0.9210  | 126.3 | PASS
WeightedEnsemble         | 0.4984 | 0.0606 | 0.5073 | 0.0500 | 0.4741   | 0.0758   | 871     | 0.9420  | 178.8 | FAIL
XGBoost                  | 0.3992 | 0.0528 | 0.3944 | 0.0500 | 0.3526   | 0.0691   | 871     | 0.7921  | 85.6  | FAIL
LDA1+LogReg              | 0.1795 | 0.0433 | 0.1702 | 0.0500 | 0.1567   | 0.0560   | 871     | 0.5018  | 115.3 | PASS
PCA16+LogReg             | 0.1638 | 0.0417 | 0.1548 | 0.0500 | 0.1454   | 0.0513   | 871     | 0.5018  | 127.6 | PASS
PCA32+LogReg             | 0.1787 | 0.0425 | 0.1694 | 0.0500 | 0.1562   | 0.0543   | 871     | 0.5018  | 127.9 | PASS
PCA16+VecWeighted        | 0.0268 | 0.0417 | 0.0274 | 0.0500 | 0.0319   | 0.0450   | 871     | 0.0331  | 122.7 | PASS
PCA32+VecWeighted        | 0.0323 | 0.0409 | 0.0395 | 0.0500 | 0.0419   | 0.0434   | 871     | 0.0389  | 125.2 | PASS
StabilizedWhitenedCosine | 0.4205 | 0.0417 | 0.4242 | 0.0500 | 0.3451   | 0.0611   | 871     | 1.0801  | 116.0 | PASS

[trial=31 seed=77] GLOBAL mode — total_samples=200000
  total: h0=82063 h1=15019
  pooled_train:  n0=100 n1=100
  pooled_calib:  n0=1240 n1=1240
  pooled_eval:   n0=1270 n1=1270
  regions (for macro stats only): 1103
[INFO] Cosine baseline routed to direct Hadamard sum (PrecomputedCosine)
[INFO] WeightedEnsemble Cosine judge routed to direct Hadamard sum
  [Ensemble] Judges routed to 'alt' input: PrecomputedCosine
[WeightedEnsemble] Fitted weights (alpha=0.0500, external calib):
  tau=1.3491, Pooled external calib: TPR=0.4871, FPR=0.0500
  PrecomputedCosine   : +0.4352
  PCAWhitenedCosine   : +0.0957
  XGBoost             : +0.1866
  Tiny MLP            : +0.2341
  LDA                 : +0.0484

Method                   | TPR    | FPR    | TrTPR  | TrFPR  | MacroTPR | MacroFPR | Regions | TauMean | ms    | OK? 
---------------------------------------------------------------------------------------------------------------------
Cosine                   | 0.4378 | 0.0346 | 0.4524 | 0.0500 | 0.3989   | 0.0517   | 851     | 0.9642  | 105.9 | PASS
AndBox-HC                | 0.3488 | 0.0386 | 0.3573 | 0.0500 | 0.3284   | 0.0542   | 851     | 0.0000  | 68.2  | PASS
PCAWhitenedCosine        | 0.4165 | 0.0543 | 0.4524 | 0.0500 | 0.3341   | 0.0731   | 851     | 1.2182  | 105.8 | FAIL
Vec (Wgt)                | 0.4787 | 0.0339 | 0.4984 | 0.0500 | 0.4354   | 0.0486   | 851     | 0.9453  | 104.4 | PASS
Log Reg                  | 0.1921 | 0.0409 | 0.1774 | 0.0500 | 0.1806   | 0.0531   | 851     | 0.5012  | 124.6 | PASS
LDA                      | 0.4197 | 0.0480 | 0.4355 | 0.0500 | 0.3616   | 0.0710   | 851     | 12.7050 | 109.2 | PASS
Tiny MLP                 | 0.4858 | 0.0465 | 0.4806 | 0.0500 | 0.4095   | 0.0631   | 851     | 0.6758  | 120.5 | PASS
MultiProtoCosine         | 0.0827 | 0.0488 | 0.0661 | 0.0500 | 0.0692   | 0.0485   | 851     | 0.9247  | 126.9 | PASS
WeightedEnsemble         | 0.4622 | 0.0480 | 0.4871 | 0.0500 | 0.3895   | 0.0733   | 851     | 1.3491  | 179.9 | PASS
XGBoost                  | 0.4299 | 0.0386 | 0.4258 | 0.0500 | 0.3556   | 0.0507   | 851     | 0.7697  | 89.2  | PASS
LDA1+LogReg              | 0.1929 | 0.0409 | 0.1774 | 0.0500 | 0.1809   | 0.0531   | 851     | 0.5012  | 112.8 | PASS
PCA16+LogReg             | 0.1890 | 0.0425 | 0.1710 | 0.0500 | 0.1765   | 0.0541   | 851     | 0.5013  | 127.4 | PASS
PCA32+LogReg             | 0.1906 | 0.0417 | 0.1718 | 0.0500 | 0.1793   | 0.0533   | 851     | 0.5013  | 129.8 | PASS
PCA16+VecWeighted        | 0.0449 | 0.0512 | 0.0395 | 0.0500 | 0.0428   | 0.0544   | 851     | 0.0312  | 122.3 | FAIL
PCA32+VecWeighted        | 0.0465 | 0.0457 | 0.0355 | 0.0500 | 0.0403   | 0.0477   | 851     | 0.0378  | 124.8 | PASS
StabilizedWhitenedCosine | 0.4244 | 0.0488 | 0.4363 | 0.0500 | 0.3426   | 0.0652   | 851     | 1.0049  | 115.3 | PASS

[trial=32 seed=78] GLOBAL mode — total_samples=200000
  total: h0=82063 h1=15019
  pooled_train:  n0=100 n1=100
  pooled_calib:  n0=1240 n1=1240
  pooled_eval:   n0=1270 n1=1270
  regions (for macro stats only): 1103
[INFO] Cosine baseline routed to direct Hadamard sum (PrecomputedCosine)
[INFO] WeightedEnsemble Cosine judge routed to direct Hadamard sum
  [Ensemble] Judges routed to 'alt' input: PrecomputedCosine
[WeightedEnsemble] Fitted weights (alpha=0.0500, external calib):
  tau=0.4949, Pooled external calib: TPR=0.4589, FPR=0.0500
  PrecomputedCosine   : +0.0000
  PCAWhitenedCosine   : +0.0000
  XGBoost             : +0.0000
  Tiny MLP            : +1.0000
  LDA                 : +0.0000

Method                   | TPR    | FPR    | TrTPR  | TrFPR  | MacroTPR | MacroFPR | Regions | TauMean | ms    | OK? 
---------------------------------------------------------------------------------------------------------------------
Cosine                   | 0.4465 | 0.0559 | 0.4323 | 0.0500 | 0.4185   | 0.0747   | 859     | 0.9650  | 102.4 | FAIL
AndBox-HC                | 0.3756 | 0.0551 | 0.3710 | 0.0500 | 0.3518   | 0.0739   | 859     | 0.0001  | 66.9  | FAIL
PCAWhitenedCosine        | 0.3764 | 0.0496 | 0.3879 | 0.0500 | 0.3044   | 0.0601   | 859     | 1.1182  | 105.5 | PASS
Vec (Wgt)                | 0.4693 | 0.0488 | 0.4653 | 0.0500 | 0.4245   | 0.0697   | 859     | 0.9557  | 106.0 | PASS
Log Reg                  | 0.2567 | 0.0528 | 0.2573 | 0.0500 | 0.2196   | 0.0653   | 859     | 0.5007  | 122.8 | FAIL
LDA                      | 0.4165 | 0.0528 | 0.4290 | 0.0500 | 0.3447   | 0.0703   | 859     | 10.4793 | 110.1 | FAIL
Tiny MLP                 | 0.4646 | 0.0520 | 0.4589 | 0.0500 | 0.4240   | 0.0699   | 859     | 0.4949  | 121.1 | FAIL
MultiProtoCosine         | 0.0913 | 0.0575 | 0.1032 | 0.0500 | 0.0786   | 0.0607   | 859     | 0.9205  | 123.8 | FAIL
WeightedEnsemble         | 0.4646 | 0.0520 | 0.4589 | 0.0500 | 0.4240   | 0.0699   | 859     | 0.4949  | 176.9 | FAIL
XGBoost                  | 0.4220 | 0.0583 | 0.4008 | 0.0500 | 0.3833   | 0.0727   | 859     | 0.7735  | 89.9  | FAIL
LDA1+LogReg              | 0.2591 | 0.0535 | 0.2605 | 0.0500 | 0.2224   | 0.0659   | 859     | 0.5007  | 111.6 | FAIL
PCA16+LogReg             | 0.2370 | 0.0504 | 0.2339 | 0.0500 | 0.1956   | 0.0632   | 859     | 0.5007  | 124.0 | FAIL
PCA32+LogReg             | 0.2520 | 0.0512 | 0.2532 | 0.0500 | 0.2138   | 0.0631   | 859     | 0.5007  | 126.2 | FAIL
PCA16+VecWeighted        | 0.1071 | 0.0417 | 0.1089 | 0.0500 | 0.0977   | 0.0356   | 859     | 0.0259  | 119.2 | PASS
PCA32+VecWeighted        | 0.0858 | 0.0449 | 0.0984 | 0.0500 | 0.0935   | 0.0501   | 859     | 0.0240  | 122.8 | PASS
StabilizedWhitenedCosine | 0.4323 | 0.0520 | 0.4395 | 0.0500 | 0.3777   | 0.0677   | 859     | 0.8975  | 114.6 | FAIL

[trial=33 seed=79] GLOBAL mode — total_samples=200000
  total: h0=82063 h1=15019
  pooled_train:  n0=100 n1=100
  pooled_calib:  n0=1240 n1=1240
  pooled_eval:   n0=1270 n1=1270
  regions (for macro stats only): 1103
[INFO] Cosine baseline routed to direct Hadamard sum (PrecomputedCosine)
[INFO] WeightedEnsemble Cosine judge routed to direct Hadamard sum
  [Ensemble] Judges routed to 'alt' input: PrecomputedCosine
[WeightedEnsemble] Fitted weights (alpha=0.0500, external calib):
  tau=0.9510, Pooled external calib: TPR=0.4798, FPR=0.0500
  PrecomputedCosine   : +1.0000
  PCAWhitenedCosine   : +0.0000
  XGBoost             : +0.0000
  Tiny MLP            : +0.0000
  LDA                 : +0.0000

Method                   | TPR    | FPR    | TrTPR  | TrFPR  | MacroTPR | MacroFPR | Regions | TauMean | ms    | OK? 
---------------------------------------------------------------------------------------------------------------------
Cosine                   | 0.4717 | 0.0591 | 0.4798 | 0.0500 | 0.4447   | 0.0874   | 848     | 0.9510  | 109.3 | FAIL
AndBox-HC                | 0.3921 | 0.0575 | 0.3734 | 0.0500 | 0.3742   | 0.0833   | 848     | -0.0000 | 65.8  | FAIL
PCAWhitenedCosine        | 0.3606 | 0.0512 | 0.3758 | 0.0500 | 0.2865   | 0.0702   | 848     | 1.3314  | 103.5 | FAIL
Vec (Wgt)                | 0.5157 | 0.0614 | 0.5218 | 0.0500 | 0.4841   | 0.0946   | 848     | 0.9308  | 103.9 | FAIL
Log Reg                  | 0.2126 | 0.0535 | 0.2137 | 0.0500 | 0.1856   | 0.0756   | 848     | 0.5011  | 121.2 | FAIL
LDA                      | 0.4047 | 0.0551 | 0.3960 | 0.0500 | 0.3409   | 0.0692   | 848     | 13.5634 | 109.4 | FAIL
Tiny MLP                 | 0.4504 | 0.0551 | 0.4468 | 0.0500 | 0.3679   | 0.0849   | 848     | 0.6727  | 120.0 | FAIL
MultiProtoCosine         | 0.0764 | 0.0449 | 0.0758 | 0.0500 | 0.0585   | 0.0502   | 848     | 0.9186  | 125.7 | PASS
WeightedEnsemble         | 0.4717 | 0.0591 | 0.4798 | 0.0500 | 0.4447   | 0.0874   | 848     | 0.9510  | 174.8 | FAIL
XGBoost                  | 0.4142 | 0.0551 | 0.3903 | 0.0500 | 0.3607   | 0.0820   | 848     | 0.7514  | 85.4  | FAIL
LDA1+LogReg              | 0.2134 | 0.0528 | 0.2137 | 0.0500 | 0.1859   | 0.0755   | 848     | 0.5011  | 114.4 | FAIL
PCA16+LogReg             | 0.2189 | 0.0598 | 0.2218 | 0.0500 | 0.1936   | 0.0839   | 848     | 0.5010  | 126.3 | FAIL
PCA32+LogReg             | 0.2173 | 0.0551 | 0.2210 | 0.0500 | 0.1926   | 0.0785   | 848     | 0.5011  | 127.0 | FAIL
PCA16+VecWeighted        | 0.1339 | 0.0449 | 0.1315 | 0.0500 | 0.1011   | 0.0573   | 848     | 0.0217  | 119.0 | PASS
PCA32+VecWeighted        | 0.1142 | 0.0457 | 0.1016 | 0.0500 | 0.0887   | 0.0647   | 848     | 0.0232  | 123.7 | PASS
StabilizedWhitenedCosine | 0.3969 | 0.0551 | 0.3976 | 0.0500 | 0.3181   | 0.0779   | 848     | 1.0077  | 112.5 | FAIL

[trial=34 seed=80] GLOBAL mode — total_samples=200000
  total: h0=82063 h1=15019
  pooled_train:  n0=100 n1=100
  pooled_calib:  n0=1240 n1=1240
  pooled_eval:   n0=1270 n1=1270
  regions (for macro stats only): 1103
[INFO] Cosine baseline routed to direct Hadamard sum (PrecomputedCosine)
[INFO] WeightedEnsemble Cosine judge routed to direct Hadamard sum
  [Ensemble] Judges routed to 'alt' input: PrecomputedCosine
[WeightedEnsemble] Fitted weights (alpha=0.0500, external calib):
  tau=0.9395, Pooled external calib: TPR=0.5145, FPR=0.0500
  PrecomputedCosine   : +1.0000
  PCAWhitenedCosine   : +0.0000
  XGBoost             : +0.0000
  Tiny MLP            : +0.0000
  LDA                 : +0.0000

Method                   | TPR    | FPR    | TrTPR  | TrFPR  | MacroTPR | MacroFPR | Regions | TauMean | ms    | OK? 
---------------------------------------------------------------------------------------------------------------------
Cosine                   | 0.5079 | 0.0701 | 0.5145 | 0.0500 | 0.4752   | 0.1064   | 873     | 0.9395  | 125.8 | FAIL
AndBox-HC                | 0.4945 | 0.0709 | 0.4927 | 0.0500 | 0.4602   | 0.1009   | 873     | -0.0000 | 74.4  | FAIL
PCAWhitenedCosine        | 0.4189 | 0.0559 | 0.3903 | 0.0500 | 0.3478   | 0.0730   | 873     | 1.1277  | 106.8 | FAIL
Vec (Wgt)                | 0.5465 | 0.0748 | 0.5540 | 0.0500 | 0.5078   | 0.1133   | 873     | 0.9189  | 106.2 | FAIL
Log Reg                  | 0.3929 | 0.0780 | 0.3653 | 0.0500 | 0.3230   | 0.0882   | 873     | 0.5003  | 120.9 | FAIL
LDA                      | 0.4551 | 0.0701 | 0.4532 | 0.0500 | 0.3912   | 0.0893   | 873     | 9.4596  | 111.3 | FAIL
Tiny MLP                 | 0.5079 | 0.0795 | 0.5000 | 0.0500 | 0.4299   | 0.1108   | 873     | 0.6498  | 122.0 | FAIL
MultiProtoCosine         | 0.0724 | 0.0559 | 0.0589 | 0.0500 | 0.0699   | 0.0576   | 873     | 0.9187  | 127.7 | FAIL
WeightedEnsemble         | 0.5079 | 0.0701 | 0.5145 | 0.0500 | 0.4752   | 0.1064   | 873     | 0.9395  | 177.0 | FAIL
XGBoost                  | 0.4000 | 0.0512 | 0.3927 | 0.0500 | 0.3301   | 0.0774   | 873     | 0.7330  | 89.3  | FAIL
LDA1+LogReg              | 0.3913 | 0.0772 | 0.3637 | 0.0500 | 0.3206   | 0.0879   | 873     | 0.5003  | 114.7 | FAIL
PCA16+LogReg             | 0.2961 | 0.0685 | 0.2855 | 0.0500 | 0.2330   | 0.0787   | 873     | 0.5003  | 125.6 | FAIL
PCA32+LogReg             | 0.3528 | 0.0724 | 0.3492 | 0.0500 | 0.2790   | 0.0822   | 873     | 0.5003  | 130.5 | FAIL
PCA16+VecWeighted        | 0.1063 | 0.0535 | 0.0911 | 0.0500 | 0.0645   | 0.0596   | 873     | 0.0226  | 123.8 | FAIL
PCA32+VecWeighted        | 0.0811 | 0.0567 | 0.0694 | 0.0500 | 0.0542   | 0.0588   | 873     | 0.0294  | 124.9 | FAIL
StabilizedWhitenedCosine | 0.5102 | 0.0756 | 0.4919 | 0.0500 | 0.4373   | 0.1024   | 873     | 0.7052  | 117.2 | FAIL

[trial=35 seed=81] GLOBAL mode — total_samples=200000
  total: h0=82063 h1=15019
  pooled_train:  n0=100 n1=100
  pooled_calib:  n0=1240 n1=1240
  pooled_eval:   n0=1270 n1=1270
  regions (for macro stats only): 1103
[INFO] Cosine baseline routed to direct Hadamard sum (PrecomputedCosine)
[INFO] WeightedEnsemble Cosine judge routed to direct Hadamard sum
  [Ensemble] Judges routed to 'alt' input: PrecomputedCosine
[WeightedEnsemble] Fitted weights (alpha=0.0500, external calib):
  tau=0.6651, Pooled external calib: TPR=0.4774, FPR=0.0500
  PrecomputedCosine   : +0.0000
  PCAWhitenedCosine   : +0.0000
  XGBoost             : +0.0000
  Tiny MLP            : +1.0000
  LDA                 : +0.0000

Method                   | TPR    | FPR    | TrTPR  | TrFPR  | MacroTPR | MacroFPR | Regions | TauMean | ms    | OK? 
---------------------------------------------------------------------------------------------------------------------
Cosine                   | 0.4394 | 0.0386 | 0.4476 | 0.0492 | 0.4128   | 0.0578   | 860     | 0.9632  | 122.7 | PASS
AndBox-HC                | 0.4165 | 0.0535 | 0.4234 | 0.0500 | 0.3862   | 0.0748   | 860     | -0.0000 | 64.5  | FAIL
PCAWhitenedCosine        | 0.4110 | 0.0504 | 0.4185 | 0.0500 | 0.3429   | 0.0615   | 860     | 1.0793  | 104.6 | FAIL
Vec (Wgt)                | 0.4827 | 0.0409 | 0.4847 | 0.0500 | 0.4443   | 0.0611   | 860     | 0.9524  | 104.8 | PASS
Log Reg                  | 0.2063 | 0.0402 | 0.2032 | 0.0500 | 0.1805   | 0.0527   | 860     | 0.5010  | 121.5 | PASS
LDA                      | 0.3976 | 0.0378 | 0.4161 | 0.0500 | 0.3278   | 0.0469   | 860     | 12.5602 | 110.8 | PASS
Tiny MLP                 | 0.4575 | 0.0417 | 0.4774 | 0.0500 | 0.3957   | 0.0606   | 860     | 0.6651  | 120.5 | PASS
MultiProtoCosine         | 0.0906 | 0.0685 | 0.1097 | 0.0500 | 0.0804   | 0.0750   | 860     | 0.9184  | 124.5 | FAIL
WeightedEnsemble         | 0.4575 | 0.0417 | 0.4774 | 0.0500 | 0.3957   | 0.0606   | 860     | 0.6651  | 177.7 | PASS
XGBoost                  | 0.3732 | 0.0378 | 0.3919 | 0.0500 | 0.3354   | 0.0515   | 860     | 0.7605  | 89.0  | PASS
LDA1+LogReg              | 0.2063 | 0.0402 | 0.2032 | 0.0500 | 0.1805   | 0.0527   | 860     | 0.5009  | 112.9 | PASS
PCA16+LogReg             | 0.2165 | 0.0441 | 0.2266 | 0.0500 | 0.1888   | 0.0579   | 860     | 0.5009  | 122.1 | PASS
PCA32+LogReg             | 0.2126 | 0.0433 | 0.2169 | 0.0500 | 0.1856   | 0.0567   | 860     | 0.5009  | 126.4 | PASS
PCA16+VecWeighted        | 0.0858 | 0.0638 | 0.0806 | 0.0500 | 0.0736   | 0.0765   | 860     | 0.0302  | 121.0 | FAIL
PCA32+VecWeighted        | 0.0866 | 0.0677 | 0.0823 | 0.0500 | 0.0753   | 0.0804   | 860     | 0.0354  | 121.8 | FAIL
StabilizedWhitenedCosine | 0.4417 | 0.0512 | 0.4476 | 0.0500 | 0.3653   | 0.0647   | 860     | 0.8964  | 113.7 | FAIL

[trial=36 seed=82] GLOBAL mode — total_samples=200000
  total: h0=82063 h1=15019
  pooled_train:  n0=100 n1=100
  pooled_calib:  n0=1240 n1=1240
  pooled_eval:   n0=1270 n1=1270
  regions (for macro stats only): 1103
[INFO] Cosine baseline routed to direct Hadamard sum (PrecomputedCosine)
[INFO] WeightedEnsemble Cosine judge routed to direct Hadamard sum
  [Ensemble] Judges routed to 'alt' input: PrecomputedCosine
[WeightedEnsemble] Fitted weights (alpha=0.0500, external calib):
  tau=0.9615, Pooled external calib: TPR=0.4750, FPR=0.0500
  PrecomputedCosine   : +1.0000
  PCAWhitenedCosine   : +0.0000
  XGBoost             : +0.0000
  Tiny MLP            : +0.0000
  LDA                 : +0.0000

Method                   | TPR    | FPR    | TrTPR  | TrFPR  | MacroTPR | MacroFPR | Regions | TauMean | ms    | OK? 
---------------------------------------------------------------------------------------------------------------------
Cosine                   | 0.4520 | 0.0433 | 0.4750 | 0.0500 | 0.4233   | 0.0635   | 858     | 0.9615  | 125.5 | PASS
AndBox-HC                | 0.3921 | 0.0465 | 0.4113 | 0.0500 | 0.3510   | 0.0689   | 858     | 0.0001  | 78.4  | PASS
PCAWhitenedCosine        | 0.3598 | 0.0441 | 0.3669 | 0.0500 | 0.2891   | 0.0546   | 858     | 1.3343  | 107.0 | PASS
Vec (Wgt)                | 0.4945 | 0.0433 | 0.5153 | 0.0500 | 0.4665   | 0.0666   | 858     | 0.9405  | 107.3 | PASS
Log Reg                  | 0.4165 | 0.0504 | 0.4177 | 0.0500 | 0.3493   | 0.0681   | 858     | 0.5004  | 124.4 | FAIL
LDA                      | 0.3701 | 0.0465 | 0.4016 | 0.0500 | 0.3070   | 0.0554   | 858     | 15.3930 | 113.5 | PASS
Tiny MLP                 | 0.3906 | 0.0386 | 0.4185 | 0.0500 | 0.3450   | 0.0541   | 858     | 0.6773  | 123.6 | PASS
MultiProtoCosine         | 0.0937 | 0.0575 | 0.0960 | 0.0500 | 0.0650   | 0.0661   | 858     | 0.9151  | 129.9 | FAIL
WeightedEnsemble         | 0.4520 | 0.0433 | 0.4750 | 0.0500 | 0.4233   | 0.0635   | 858     | 0.9615  | 180.7 | PASS
XGBoost                  | 0.3669 | 0.0394 | 0.3798 | 0.0500 | 0.3187   | 0.0489   | 858     | 0.7588  | 88.2  | PASS
LDA1+LogReg              | 0.4157 | 0.0496 | 0.4161 | 0.0500 | 0.3488   | 0.0664   | 858     | 0.5004  | 115.9 | PASS
PCA16+LogReg             | 0.4094 | 0.0512 | 0.4097 | 0.0500 | 0.3393   | 0.0709   | 858     | 0.5004  | 129.2 | FAIL
PCA32+LogReg             | 0.4331 | 0.0543 | 0.4258 | 0.0484 | 0.3656   | 0.0736   | 858     | 0.5004  | 135.0 | FAIL
PCA16+VecWeighted        | 0.0803 | 0.0457 | 0.1000 | 0.0500 | 0.0725   | 0.0456   | 858     | 0.0250  | 126.2 | PASS
PCA32+VecWeighted        | 0.0654 | 0.0354 | 0.0815 | 0.0500 | 0.0613   | 0.0318   | 858     | 0.0313  | 127.0 | PASS
StabilizedWhitenedCosine | 0.4071 | 0.0449 | 0.4137 | 0.0500 | 0.3349   | 0.0575   | 858     | 1.1627  | 114.7 | PASS

[trial=37 seed=83] GLOBAL mode — total_samples=200000
  total: h0=82063 h1=15019
  pooled_train:  n0=100 n1=100
  pooled_calib:  n0=1240 n1=1240
  pooled_eval:   n0=1270 n1=1270
  regions (for macro stats only): 1103
[INFO] Cosine baseline routed to direct Hadamard sum (PrecomputedCosine)
[INFO] WeightedEnsemble Cosine judge routed to direct Hadamard sum
  [Ensemble] Judges routed to 'alt' input: PrecomputedCosine
[WeightedEnsemble] Fitted weights (alpha=0.0500, external calib):
  tau=0.7287, Pooled external calib: TPR=0.4621, FPR=0.0500
  PrecomputedCosine   : +0.0000
  PCAWhitenedCosine   : +0.0000
  XGBoost             : +0.0000
  Tiny MLP            : +1.0000
  LDA                 : +0.0000

Method                   | TPR    | FPR    | TrTPR  | TrFPR  | MacroTPR | MacroFPR | Regions | TauMean | ms    | OK? 
---------------------------------------------------------------------------------------------------------------------
Cosine                   | 0.4717 | 0.0504 | 0.4444 | 0.0500 | 0.4295   | 0.0724   | 870     | 0.9597  | 221.5 | FAIL
AndBox-HC                | 0.4079 | 0.0551 | 0.3895 | 0.0500 | 0.3771   | 0.0741   | 870     | 0.0000  | 67.6  | FAIL
PCAWhitenedCosine        | 0.3315 | 0.0425 | 0.3218 | 0.0500 | 0.2704   | 0.0579   | 870     | 1.4704  | 107.8 | PASS
Vec (Wgt)                | 0.4937 | 0.0488 | 0.4823 | 0.0500 | 0.4476   | 0.0771   | 870     | 0.9490  | 105.9 | PASS
Log Reg                  | 0.2472 | 0.0559 | 0.2395 | 0.0500 | 0.2101   | 0.0775   | 870     | 0.5008  | 122.5 | FAIL
LDA                      | 0.4157 | 0.0472 | 0.4177 | 0.0500 | 0.3425   | 0.0671   | 870     | 14.9194 | 111.4 | PASS
Tiny MLP                 | 0.4591 | 0.0433 | 0.4621 | 0.0500 | 0.3835   | 0.0654   | 870     | 0.7287  | 127.5 | PASS
MultiProtoCosine         | 0.0551 | 0.0433 | 0.0605 | 0.0500 | 0.0450   | 0.0478   | 870     | 0.9225  | 136.5 | PASS
WeightedEnsemble         | 0.4591 | 0.0433 | 0.4621 | 0.0500 | 0.3835   | 0.0654   | 870     | 0.7287  | 180.2 | PASS
XGBoost                  | 0.4205 | 0.0543 | 0.3734 | 0.0500 | 0.3699   | 0.0676   | 870     | 0.7805  | 84.2  | FAIL
LDA1+LogReg              | 0.2512 | 0.0575 | 0.2403 | 0.0500 | 0.2121   | 0.0810   | 870     | 0.5008  | 112.4 | FAIL
PCA16+LogReg             | 0.2134 | 0.0520 | 0.2258 | 0.0500 | 0.1793   | 0.0731   | 870     | 0.5009  | 127.5 | FAIL
PCA32+LogReg             | 0.2354 | 0.0535 | 0.2379 | 0.0500 | 0.1986   | 0.0744   | 870     | 0.5009  | 128.0 | FAIL
PCA16+VecWeighted        | 0.0142 | 0.0441 | 0.0169 | 0.0500 | 0.0248   | 0.0376   | 870     | 0.0356  | 121.8 | PASS
PCA32+VecWeighted        | 0.0165 | 0.0496 | 0.0274 | 0.0500 | 0.0315   | 0.0326   | 870     | 0.0380  | 128.4 | PASS
StabilizedWhitenedCosine | 0.3906 | 0.0433 | 0.3855 | 0.0500 | 0.3148   | 0.0617   | 870     | 1.1376  | 114.6 | PASS

[trial=38 seed=84] GLOBAL mode — total_samples=200000
  total: h0=82063 h1=15019
  pooled_train:  n0=100 n1=100
  pooled_calib:  n0=1240 n1=1240
  pooled_eval:   n0=1270 n1=1270
  regions (for macro stats only): 1103
[INFO] Cosine baseline routed to direct Hadamard sum (PrecomputedCosine)
[INFO] WeightedEnsemble Cosine judge routed to direct Hadamard sum
  [Ensemble] Judges routed to 'alt' input: PrecomputedCosine
[WeightedEnsemble] Fitted weights (alpha=0.0500, external calib):
  tau=0.9607, Pooled external calib: TPR=0.4637, FPR=0.0500
  PrecomputedCosine   : +1.0000
  PCAWhitenedCosine   : +0.0000
  XGBoost             : +0.0000
  Tiny MLP            : +0.0000
  LDA                 : +0.0000

Method                   | TPR    | FPR    | TrTPR  | TrFPR  | MacroTPR | MacroFPR | Regions | TauMean | ms    | OK? 
---------------------------------------------------------------------------------------------------------------------
Cosine                   | 0.4480 | 0.0402 | 0.4637 | 0.0500 | 0.4082   | 0.0609   | 874     | 0.9607  | 123.5 | PASS
AndBox-HC                | 0.4354 | 0.0480 | 0.4411 | 0.0500 | 0.3927   | 0.0689   | 874     | 0.0000  | 66.8  | PASS
PCAWhitenedCosine        | 0.2717 | 0.0339 | 0.2742 | 0.0500 | 0.2404   | 0.0456   | 874     | 1.4979  | 152.9 | PASS
Vec (Wgt)                | 0.4772 | 0.0409 | 0.4863 | 0.0500 | 0.4293   | 0.0618   | 874     | 0.9475  | 116.3 | PASS
Log Reg                  | 0.2157 | 0.0504 | 0.2274 | 0.0500 | 0.1941   | 0.0604   | 874     | 0.5012  | 124.1 | FAIL
LDA                      | 0.3717 | 0.0362 | 0.3645 | 0.0500 | 0.3030   | 0.0506   | 874     | 14.7294 | 112.4 | PASS
Tiny MLP                 | 0.3992 | 0.0331 | 0.3944 | 0.0500 | 0.3322   | 0.0457   | 874     | 0.7472  | 125.3 | PASS
MultiProtoCosine         | 0.0709 | 0.0551 | 0.0766 | 0.0500 | 0.0576   | 0.0555   | 874     | 0.9190  | 127.3 | FAIL
WeightedEnsemble         | 0.4480 | 0.0402 | 0.4637 | 0.0500 | 0.4082   | 0.0609   | 874     | 0.9607  | 178.6 | PASS
XGBoost                  | 0.3268 | 0.0425 | 0.3492 | 0.0500 | 0.2859   | 0.0502   | 874     | 0.7646  | 83.5  | PASS
LDA1+LogReg              | 0.2157 | 0.0504 | 0.2282 | 0.0500 | 0.1941   | 0.0604   | 874     | 0.5012  | 116.5 | FAIL
PCA16+LogReg             | 0.2000 | 0.0488 | 0.2105 | 0.0500 | 0.1768   | 0.0611   | 874     | 0.5012  | 130.1 | PASS
PCA32+LogReg             | 0.2110 | 0.0496 | 0.2210 | 0.0500 | 0.1877   | 0.0619   | 874     | 0.5012  | 132.0 | PASS
PCA16+VecWeighted        | 0.0850 | 0.0457 | 0.0823 | 0.0500 | 0.0684   | 0.0422   | 874     | 0.0235  | 125.7 | PASS
PCA32+VecWeighted        | 0.0772 | 0.0370 | 0.0710 | 0.0500 | 0.0587   | 0.0297   | 874     | 0.0311  | 130.4 | PASS
StabilizedWhitenedCosine | 0.3386 | 0.0402 | 0.3427 | 0.0500 | 0.2831   | 0.0631   | 874     | 1.1514  | 115.6 | PASS

[trial=39 seed=85] GLOBAL mode — total_samples=200000
  total: h0=82063 h1=15019
  pooled_train:  n0=100 n1=100
  pooled_calib:  n0=1240 n1=1240
  pooled_eval:   n0=1270 n1=1270
  regions (for macro stats only): 1103
[INFO] Cosine baseline routed to direct Hadamard sum (PrecomputedCosine)
[INFO] WeightedEnsemble Cosine judge routed to direct Hadamard sum
  [Ensemble] Judges routed to 'alt' input: PrecomputedCosine
[WeightedEnsemble] Fitted weights (alpha=0.0500, external calib):
  tau=0.9660, Pooled external calib: TPR=0.4403, FPR=0.0500
  PrecomputedCosine   : +1.0000
  PCAWhitenedCosine   : +0.0000
  XGBoost             : +0.0000
  Tiny MLP            : +0.0000
  LDA                 : +0.0000

Method                   | TPR    | FPR    | TrTPR  | TrFPR  | MacroTPR | MacroFPR | Regions | TauMean | ms    | OK? 
---------------------------------------------------------------------------------------------------------------------
Cosine                   | 0.4614 | 0.0425 | 0.4403 | 0.0500 | 0.4224   | 0.0675   | 861     | 0.9660  | 120.4 | PASS
AndBox-HC                | 0.4543 | 0.0504 | 0.4468 | 0.0500 | 0.4140   | 0.0750   | 861     | -0.0000 | 72.5  | FAIL
PCAWhitenedCosine        | 0.3449 | 0.0543 | 0.3597 | 0.0500 | 0.2850   | 0.0729   | 861     | 1.4778  | 114.5 | FAIL
Vec (Wgt)                | 0.5063 | 0.0441 | 0.4935 | 0.0500 | 0.4595   | 0.0695   | 861     | 0.9465  | 105.8 | PASS
Log Reg                  | 0.2181 | 0.0480 | 0.2266 | 0.0500 | 0.2086   | 0.0618   | 861     | 0.5007  | 143.8 | PASS
LDA                      | 0.3748 | 0.0425 | 0.3742 | 0.0500 | 0.3133   | 0.0645   | 861     | 14.0060 | 122.2 | PASS
Tiny MLP                 | 0.4213 | 0.0354 | 0.4298 | 0.0500 | 0.3590   | 0.0556   | 861     | 0.6490  | 157.4 | PASS
MultiProtoCosine         | 0.0819 | 0.0433 | 0.0855 | 0.0500 | 0.0729   | 0.0461   | 861     | 0.9217  | 126.8 | PASS
WeightedEnsemble         | 0.4614 | 0.0425 | 0.4403 | 0.0500 | 0.4224   | 0.0675   | 861     | 0.9660  | 181.1 | PASS
XGBoost                  | 0.3827 | 0.0496 | 0.3927 | 0.0500 | 0.3407   | 0.0707   | 861     | 0.7348  | 86.7  | PASS
LDA1+LogReg              | 0.2189 | 0.0480 | 0.2266 | 0.0500 | 0.2096   | 0.0618   | 861     | 0.5007  | 116.7 | PASS
PCA16+LogReg             | 0.2228 | 0.0535 | 0.2274 | 0.0500 | 0.2145   | 0.0653   | 861     | 0.5007  | 129.6 | FAIL
PCA32+LogReg             | 0.2213 | 0.0543 | 0.2266 | 0.0500 | 0.2108   | 0.0685   | 861     | 0.5007  | 148.2 | FAIL
PCA16+VecWeighted        | 0.1898 | 0.0488 | 0.1742 | 0.0500 | 0.1787   | 0.0573   | 861     | 0.0234  | 121.8 | PASS
PCA32+VecWeighted        | 0.1795 | 0.0433 | 0.1839 | 0.0500 | 0.1623   | 0.0527   | 861     | 0.0266  | 125.3 | PASS
StabilizedWhitenedCosine | 0.4197 | 0.0496 | 0.4323 | 0.0500 | 0.3515   | 0.0702   | 861     | 1.0113  | 112.3 | PASS

[trial=40 seed=86] GLOBAL mode — total_samples=200000
  total: h0=82063 h1=15019
  pooled_train:  n0=100 n1=100
  pooled_calib:  n0=1240 n1=1240
  pooled_eval:   n0=1270 n1=1270
  regions (for macro stats only): 1103
[INFO] Cosine baseline routed to direct Hadamard sum (PrecomputedCosine)
[INFO] WeightedEnsemble Cosine judge routed to direct Hadamard sum
  [Ensemble] Judges routed to 'alt' input: PrecomputedCosine
[WeightedEnsemble] Fitted weights (alpha=0.0500, external calib):
  tau=0.9550, Pooled external calib: TPR=0.4798, FPR=0.0500
  PrecomputedCosine   : +1.0000
  PCAWhitenedCosine   : +0.0000
  XGBoost             : +0.0000
  Tiny MLP            : +0.0000
  LDA                 : +0.0000

Method                   | TPR    | FPR    | TrTPR  | TrFPR  | MacroTPR | MacroFPR | Regions | TauMean | ms    | OK? 
---------------------------------------------------------------------------------------------------------------------
Cosine                   | 0.5039 | 0.0528 | 0.4798 | 0.0500 | 0.4716   | 0.0793   | 832     | 0.9550  | 126.4 | FAIL
AndBox-HC                | 0.4559 | 0.0488 | 0.4226 | 0.0500 | 0.4265   | 0.0712   | 832     | 0.0000  | 63.5  | PASS
PCAWhitenedCosine        | 0.3220 | 0.0559 | 0.3177 | 0.0500 | 0.2703   | 0.0763   | 832     | 1.3138  | 101.1 | FAIL
Vec (Wgt)                | 0.5425 | 0.0575 | 0.5210 | 0.0492 | 0.5034   | 0.0881   | 832     | 0.9325  | 103.0 | FAIL
Log Reg                  | 0.3008 | 0.0496 | 0.3105 | 0.0500 | 0.2692   | 0.0691   | 832     | 0.5006  | 117.1 | PASS
LDA                      | 0.3622 | 0.0496 | 0.3863 | 0.0500 | 0.2997   | 0.0719   | 832     | 16.1154 | 109.3 | PASS
Tiny MLP                 | 0.3630 | 0.0535 | 0.3613 | 0.0500 | 0.3163   | 0.0747   | 832     | 0.7506  | 120.1 | FAIL
MultiProtoCosine         | 0.0787 | 0.0346 | 0.1056 | 0.0500 | 0.0675   | 0.0461   | 832     | 0.9186  | 120.1 | PASS
WeightedEnsemble         | 0.5039 | 0.0528 | 0.4798 | 0.0500 | 0.4716   | 0.0793   | 832     | 0.9550  | 174.3 | FAIL
XGBoost                  | 0.3732 | 0.0433 | 0.3419 | 0.0500 | 0.3365   | 0.0633   | 832     | 0.7893  | 87.0  | PASS
LDA1+LogReg              | 0.3055 | 0.0496 | 0.3129 | 0.0500 | 0.2711   | 0.0691   | 832     | 0.5005  | 110.8 | PASS
PCA16+LogReg             | 0.3000 | 0.0543 | 0.3105 | 0.0500 | 0.2664   | 0.0709   | 832     | 0.5005  | 117.9 | FAIL
PCA32+LogReg             | 0.3039 | 0.0512 | 0.3097 | 0.0500 | 0.2747   | 0.0706   | 832     | 0.5006  | 121.3 | FAIL
PCA16+VecWeighted        | 0.1591 | 0.0496 | 0.1677 | 0.0500 | 0.1353   | 0.0480   | 832     | 0.0217  | 117.0 | PASS
PCA32+VecWeighted        | 0.1402 | 0.0512 | 0.1500 | 0.0500 | 0.1279   | 0.0402   | 832     | 0.0276  | 122.0 | FAIL
StabilizedWhitenedCosine | 0.3835 | 0.0543 | 0.3750 | 0.0500 | 0.3178   | 0.0761   | 832     | 1.2159  | 112.4 | FAIL

[trial=41 seed=87] GLOBAL mode — total_samples=200000
  total: h0=82063 h1=15019
  pooled_train:  n0=100 n1=100
  pooled_calib:  n0=1240 n1=1240
  pooled_eval:   n0=1270 n1=1270
  regions (for macro stats only): 1103
[INFO] Cosine baseline routed to direct Hadamard sum (PrecomputedCosine)
[INFO] WeightedEnsemble Cosine judge routed to direct Hadamard sum
  [Ensemble] Judges routed to 'alt' input: PrecomputedCosine
[WeightedEnsemble] Fitted weights (alpha=0.0500, external calib):
  tau=0.6836, Pooled external calib: TPR=0.4742, FPR=0.0500
  PrecomputedCosine   : +0.0000
  PCAWhitenedCosine   : +0.0000
  XGBoost             : +0.0000
  Tiny MLP            : +1.0000
  LDA                 : +0.0000

Method                   | TPR    | FPR    | TrTPR  | TrFPR  | MacroTPR | MacroFPR | Regions | TauMean | ms    | OK? 
---------------------------------------------------------------------------------------------------------------------
Cosine                   | 0.4772 | 0.0354 | 0.4621 | 0.0500 | 0.4371   | 0.0525   | 865     | 0.9595  | 108.8 | PASS
AndBox-HC                | 0.4079 | 0.0417 | 0.4065 | 0.0500 | 0.3800   | 0.0592   | 865     | 0.0000  | 67.6  | PASS
PCAWhitenedCosine        | 0.4354 | 0.0409 | 0.4048 | 0.0500 | 0.3616   | 0.0558   | 865     | 1.1750  | 105.9 | PASS
Vec (Wgt)                | 0.5126 | 0.0378 | 0.4911 | 0.0500 | 0.4663   | 0.0561   | 865     | 0.9379  | 113.1 | PASS
Log Reg                  | 0.2614 | 0.0543 | 0.2460 | 0.0500 | 0.2117   | 0.0737   | 865     | 0.5011  | 123.5 | FAIL
LDA                      | 0.4669 | 0.0449 | 0.4331 | 0.0500 | 0.3917   | 0.0674   | 865     | 14.4610 | 112.1 | PASS
Tiny MLP                 | 0.5110 | 0.0394 | 0.4742 | 0.0500 | 0.4368   | 0.0584   | 865     | 0.6836  | 123.4 | PASS
MultiProtoCosine         | 0.1063 | 0.0583 | 0.0992 | 0.0500 | 0.0842   | 0.0633   | 865     | 0.9167  | 123.0 | FAIL
WeightedEnsemble         | 0.5110 | 0.0394 | 0.4742 | 0.0500 | 0.4368   | 0.0584   | 865     | 0.6836  | 177.9 | PASS
XGBoost                  | 0.4472 | 0.0441 | 0.4306 | 0.0500 | 0.4080   | 0.0607   | 865     | 0.7719  | 87.5  | PASS
LDA1+LogReg              | 0.2614 | 0.0543 | 0.2468 | 0.0500 | 0.2117   | 0.0737   | 865     | 0.5011  | 114.9 | FAIL
PCA16+LogReg             | 0.2512 | 0.0528 | 0.2387 | 0.0500 | 0.2039   | 0.0703   | 865     | 0.5011  | 123.5 | FAIL
PCA32+LogReg             | 0.2559 | 0.0543 | 0.2452 | 0.0500 | 0.2058   | 0.0725   | 865     | 0.5011  | 129.8 | FAIL
PCA16+VecWeighted        | 0.0764 | 0.0417 | 0.0758 | 0.0500 | 0.0661   | 0.0538   | 865     | 0.0235  | 121.7 | PASS
PCA32+VecWeighted        | 0.1047 | 0.0386 | 0.1089 | 0.0500 | 0.0761   | 0.0467   | 865     | 0.0241  | 125.2 | PASS
StabilizedWhitenedCosine | 0.4772 | 0.0394 | 0.4500 | 0.0500 | 0.3842   | 0.0601   | 865     | 0.9394  | 112.9 | PASS

[trial=42 seed=88] GLOBAL mode — total_samples=200000
  total: h0=82063 h1=15019
  pooled_train:  n0=100 n1=100
  pooled_calib:  n0=1240 n1=1240
  pooled_eval:   n0=1270 n1=1270
  regions (for macro stats only): 1103
[INFO] Cosine baseline routed to direct Hadamard sum (PrecomputedCosine)
[INFO] WeightedEnsemble Cosine judge routed to direct Hadamard sum
  [Ensemble] Judges routed to 'alt' input: PrecomputedCosine
[WeightedEnsemble] Fitted weights (alpha=0.0500, external calib):
  tau=0.9594, Pooled external calib: TPR=0.4694, FPR=0.0500
  PrecomputedCosine   : +1.0000
  PCAWhitenedCosine   : +0.0000
  XGBoost             : +0.0000
  Tiny MLP            : +0.0000
  LDA                 : +0.0000

Method                   | TPR    | FPR    | TrTPR  | TrFPR  | MacroTPR | MacroFPR | Regions | TauMean | ms    | OK? 
---------------------------------------------------------------------------------------------------------------------
Cosine                   | 0.4669 | 0.0417 | 0.4694 | 0.0500 | 0.4205   | 0.0603   | 848     | 0.9594  | 106.6 | PASS
AndBox-HC                | 0.3370 | 0.0425 | 0.3339 | 0.0500 | 0.3127   | 0.0595   | 848     | 0.0000  | 74.7  | PASS
PCAWhitenedCosine        | 0.3685 | 0.0488 | 0.3927 | 0.0500 | 0.2962   | 0.0595   | 848     | 1.2944  | 105.2 | PASS
Vec (Wgt)                | 0.4937 | 0.0402 | 0.4960 | 0.0500 | 0.4308   | 0.0580   | 848     | 0.9493  | 104.5 | PASS
Log Reg                  | 0.2165 | 0.0512 | 0.2097 | 0.0500 | 0.1943   | 0.0725   | 848     | 0.5012  | 118.1 | FAIL
LDA                      | 0.3858 | 0.0402 | 0.3847 | 0.0500 | 0.3183   | 0.0496   | 848     | 14.0746 | 109.7 | PASS
Tiny MLP                 | 0.4087 | 0.0394 | 0.4081 | 0.0500 | 0.3505   | 0.0537   | 848     | 0.6421  | 118.8 | PASS
MultiProtoCosine         | 0.0756 | 0.0535 | 0.0952 | 0.0500 | 0.0677   | 0.0659   | 848     | 0.9202  | 125.3 | FAIL
WeightedEnsemble         | 0.4669 | 0.0417 | 0.4694 | 0.0500 | 0.4205   | 0.0603   | 848     | 0.9594  | 181.6 | PASS
XGBoost                  | 0.4008 | 0.0402 | 0.3879 | 0.0500 | 0.3467   | 0.0513   | 848     | 0.8073  | 86.3  | PASS
LDA1+LogReg              | 0.2165 | 0.0512 | 0.2121 | 0.0500 | 0.1943   | 0.0725   | 848     | 0.5012  | 111.1 | FAIL
PCA16+LogReg             | 0.1976 | 0.0488 | 0.1960 | 0.0500 | 0.1784   | 0.0682   | 848     | 0.5013  | 123.0 | PASS
PCA32+LogReg             | 0.2134 | 0.0496 | 0.2048 | 0.0500 | 0.1923   | 0.0699   | 848     | 0.5012  | 128.7 | PASS
PCA16+VecWeighted        | 0.0220 | 0.0535 | 0.0250 | 0.0500 | 0.0329   | 0.0316   | 848     | 0.0331  | 120.2 | FAIL
PCA32+VecWeighted        | 0.0173 | 0.0559 | 0.0210 | 0.0500 | 0.0205   | 0.0268   | 848     | 0.0472  | 120.7 | FAIL
StabilizedWhitenedCosine | 0.3724 | 0.0370 | 0.3919 | 0.0500 | 0.3063   | 0.0520   | 848     | 1.1632  | 112.3 | PASS

[trial=43 seed=89] GLOBAL mode — total_samples=200000
  total: h0=82063 h1=15019
  pooled_train:  n0=100 n1=100
  pooled_calib:  n0=1240 n1=1240
  pooled_eval:   n0=1270 n1=1270
  regions (for macro stats only): 1103
[INFO] Cosine baseline routed to direct Hadamard sum (PrecomputedCosine)
[INFO] WeightedEnsemble Cosine judge routed to direct Hadamard sum
  [Ensemble] Judges routed to 'alt' input: PrecomputedCosine
[WeightedEnsemble] Fitted weights (alpha=0.0500, external calib):
  tau=0.6223, Pooled external calib: TPR=0.5379, FPR=0.0500
  PrecomputedCosine   : +0.0000
  PCAWhitenedCosine   : +0.0000
  XGBoost             : +0.0000
  Tiny MLP            : +1.0000
  LDA                 : +0.0000

Method                   | TPR    | FPR    | TrTPR  | TrFPR  | MacroTPR | MacroFPR | Regions | TauMean | ms    | OK? 
---------------------------------------------------------------------------------------------------------------------
Cosine                   | 0.4496 | 0.0425 | 0.4694 | 0.0500 | 0.4106   | 0.0624   | 873     | 0.9622  | 114.6 | PASS
AndBox-HC                | 0.3976 | 0.0535 | 0.4145 | 0.0500 | 0.3606   | 0.0753   | 873     | 0.0000  | 63.9  | FAIL
PCAWhitenedCosine        | 0.4559 | 0.0638 | 0.4726 | 0.0500 | 0.3641   | 0.0822   | 873     | 1.1079  | 104.0 | FAIL
Vec (Wgt)                | 0.5008 | 0.0472 | 0.5121 | 0.0500 | 0.4526   | 0.0722   | 873     | 0.9301  | 106.3 | PASS
Log Reg                  | 0.2409 | 0.0465 | 0.2476 | 0.0500 | 0.2173   | 0.0564   | 873     | 0.5009  | 120.2 | PASS
LDA                      | 0.4441 | 0.0535 | 0.4919 | 0.0500 | 0.3577   | 0.0682   | 873     | 16.1357 | 113.0 | FAIL
Tiny MLP                 | 0.5276 | 0.0669 | 0.5379 | 0.0500 | 0.4558   | 0.0925   | 873     | 0.6223  | 124.4 | FAIL
MultiProtoCosine         | 0.0906 | 0.0449 | 0.0839 | 0.0500 | 0.0673   | 0.0436   | 873     | 0.9182  | 134.6 | PASS
WeightedEnsemble         | 0.5276 | 0.0669 | 0.5379 | 0.0500 | 0.4558   | 0.0925   | 873     | 0.6223  | 179.6 | FAIL
XGBoost                  | 0.4173 | 0.0441 | 0.4315 | 0.0500 | 0.3658   | 0.0572   | 873     | 0.7929  | 86.5  | PASS
LDA1+LogReg              | 0.2480 | 0.0465 | 0.2556 | 0.0500 | 0.2221   | 0.0564   | 873     | 0.5009  | 115.7 | PASS
PCA16+LogReg             | 0.2362 | 0.0457 | 0.2427 | 0.0500 | 0.2125   | 0.0558   | 873     | 0.5009  | 128.7 | PASS
PCA32+LogReg             | 0.2331 | 0.0449 | 0.2379 | 0.0500 | 0.2098   | 0.0552   | 873     | 0.5009  | 132.7 | PASS
PCA16+VecWeighted        | 0.0386 | 0.0457 | 0.0395 | 0.0500 | 0.0460   | 0.0404   | 873     | 0.0256  | 124.6 | PASS
PCA32+VecWeighted        | 0.0472 | 0.0528 | 0.0565 | 0.0500 | 0.0532   | 0.0477   | 873     | 0.0305  | 129.0 | FAIL
StabilizedWhitenedCosine | 0.5189 | 0.0638 | 0.5258 | 0.0500 | 0.4200   | 0.0824   | 873     | 0.9051  | 117.8 | FAIL

[trial=44 seed=90] GLOBAL mode — total_samples=200000
  total: h0=82063 h1=15019
  pooled_train:  n0=100 n1=100
  pooled_calib:  n0=1240 n1=1240
  pooled_eval:   n0=1270 n1=1270
  regions (for macro stats only): 1103
[INFO] Cosine baseline routed to direct Hadamard sum (PrecomputedCosine)
[INFO] WeightedEnsemble Cosine judge routed to direct Hadamard sum
  [Ensemble] Judges routed to 'alt' input: PrecomputedCosine
[WeightedEnsemble] Fitted weights (alpha=0.0500, external calib):
  tau=1.2477, Pooled external calib: TPR=0.4847, FPR=0.0500
  PrecomputedCosine   : +0.0119
  PCAWhitenedCosine   : +0.6928
  XGBoost             : +0.0859
  Tiny MLP            : +0.1783
  LDA                 : +0.0311

Method                   | TPR    | FPR    | TrTPR  | TrFPR  | MacroTPR | MacroFPR | Regions | TauMean | ms    | OK? 
---------------------------------------------------------------------------------------------------------------------
Cosine                   | 0.4528 | 0.0512 | 0.4444 | 0.0500 | 0.4157   | 0.0816   | 840     | 0.9629  | 110.9 | FAIL
AndBox-HC                | 0.4087 | 0.0559 | 0.4121 | 0.0500 | 0.3735   | 0.0887   | 840     | 0.0000  | 63.2  | FAIL
PCAWhitenedCosine        | 0.4630 | 0.0567 | 0.4702 | 0.0500 | 0.3919   | 0.0878   | 840     | 0.9733  | 146.7 | FAIL
Vec (Wgt)                | 0.4906 | 0.0622 | 0.4944 | 0.0500 | 0.4468   | 0.1003   | 840     | 0.9475  | 102.9 | FAIL
Log Reg                  | 0.2378 | 0.0520 | 0.2403 | 0.0500 | 0.2153   | 0.0782   | 840     | 0.5009  | 121.0 | FAIL
LDA                      | 0.4417 | 0.0567 | 0.4524 | 0.0500 | 0.3770   | 0.0828   | 840     | 14.2325 | 107.9 | FAIL
Tiny MLP                 | 0.4827 | 0.0543 | 0.4685 | 0.0500 | 0.4245   | 0.0917   | 840     | 0.6955  | 118.7 | FAIL
MultiProtoCosine         | 0.1047 | 0.0504 | 0.0976 | 0.0500 | 0.0898   | 0.0645   | 840     | 0.9170  | 125.0 | FAIL
WeightedEnsemble         | 0.4756 | 0.0551 | 0.4847 | 0.0500 | 0.3981   | 0.0867   | 840     | 1.2477  | 178.4 | FAIL
XGBoost                  | 0.4000 | 0.0528 | 0.3903 | 0.0500 | 0.3522   | 0.0751   | 840     | 0.8042  | 85.0  | FAIL
LDA1+LogReg              | 0.2378 | 0.0512 | 0.2435 | 0.0500 | 0.2153   | 0.0776   | 840     | 0.5008  | 114.8 | FAIL
PCA16+LogReg             | 0.2307 | 0.0535 | 0.2371 | 0.0500 | 0.2127   | 0.0780   | 840     | 0.5009  | 125.8 | FAIL
PCA32+LogReg             | 0.2331 | 0.0512 | 0.2403 | 0.0500 | 0.2147   | 0.0763   | 840     | 0.5009  | 131.1 | FAIL
PCA16+VecWeighted        | 0.0693 | 0.0551 | 0.0815 | 0.0500 | 0.0641   | 0.0227   | 840     | 0.0384  | 120.7 | FAIL
PCA32+VecWeighted        | 0.0701 | 0.0535 | 0.0774 | 0.0500 | 0.0646   | 0.0319   | 840     | 0.0429  | 126.3 | FAIL
StabilizedWhitenedCosine | 0.5142 | 0.0677 | 0.5032 | 0.0500 | 0.4262   | 0.1052   | 840     | 0.8420  | 114.2 | FAIL

[trial=45 seed=91] GLOBAL mode — total_samples=200000
  total: h0=82063 h1=15019
  pooled_train:  n0=100 n1=100
  pooled_calib:  n0=1240 n1=1240
  pooled_eval:   n0=1270 n1=1270
  regions (for macro stats only): 1103
[INFO] Cosine baseline routed to direct Hadamard sum (PrecomputedCosine)
[INFO] WeightedEnsemble Cosine judge routed to direct Hadamard sum
  [Ensemble] Judges routed to 'alt' input: PrecomputedCosine
[WeightedEnsemble] Fitted weights (alpha=0.0500, external calib):
  tau=0.6682, Pooled external calib: TPR=0.5097, FPR=0.0500
  PrecomputedCosine   : +0.0000
  PCAWhitenedCosine   : +0.0000
  XGBoost             : +0.0000
  Tiny MLP            : +1.0000
  LDA                 : +0.0000

Method                   | TPR    | FPR    | TrTPR  | TrFPR  | MacroTPR | MacroFPR | Regions | TauMean | ms    | OK? 
---------------------------------------------------------------------------------------------------------------------
Cosine                   | 0.4575 | 0.0425 | 0.4460 | 0.0500 | 0.3994   | 0.0682   | 863     | 0.9665  | 103.9 | PASS
AndBox-HC                | 0.3811 | 0.0425 | 0.3927 | 0.0492 | 0.3478   | 0.0611   | 863     | 0.0000  | 66.5  | PASS
PCAWhitenedCosine        | 0.4315 | 0.0449 | 0.4081 | 0.0500 | 0.3341   | 0.0637   | 863     | 1.1235  | 104.8 | PASS
Vec (Wgt)                | 0.5102 | 0.0441 | 0.5008 | 0.0500 | 0.4358   | 0.0737   | 863     | 0.9503  | 106.0 | PASS
Log Reg                  | 0.2362 | 0.0472 | 0.2395 | 0.0500 | 0.2016   | 0.0718   | 863     | 0.5010  | 118.7 | PASS
LDA                      | 0.4748 | 0.0472 | 0.4540 | 0.0500 | 0.3818   | 0.0687   | 863     | 14.6649 | 111.4 | PASS
Tiny MLP                 | 0.5173 | 0.0472 | 0.5097 | 0.0500 | 0.4263   | 0.0726   | 863     | 0.6682  | 120.3 | PASS
MultiProtoCosine         | 0.0850 | 0.0520 | 0.0911 | 0.0500 | 0.0686   | 0.0591   | 863     | 0.9205  | 127.8 | FAIL
WeightedEnsemble         | 0.5173 | 0.0472 | 0.5097 | 0.0500 | 0.4263   | 0.0726   | 863     | 0.6682  | 177.9 | PASS
XGBoost                  | 0.4150 | 0.0583 | 0.4073 | 0.0500 | 0.3445   | 0.0828   | 863     | 0.7788  | 83.6  | FAIL
LDA1+LogReg              | 0.2370 | 0.0472 | 0.2395 | 0.0500 | 0.2020   | 0.0718   | 863     | 0.5010  | 115.9 | PASS
PCA16+LogReg             | 0.2213 | 0.0488 | 0.2226 | 0.0500 | 0.1925   | 0.0712   | 863     | 0.5010  | 125.5 | PASS
PCA32+LogReg             | 0.2331 | 0.0488 | 0.2395 | 0.0500 | 0.2022   | 0.0737   | 863     | 0.5010  | 130.6 | PASS
PCA16+VecWeighted        | 0.1331 | 0.0472 | 0.1274 | 0.0500 | 0.1126   | 0.0595   | 863     | 0.0296  | 123.5 | PASS
PCA32+VecWeighted        | 0.1323 | 0.0559 | 0.1234 | 0.0500 | 0.1178   | 0.0643   | 863     | 0.0348  | 126.2 | FAIL
StabilizedWhitenedCosine | 0.4858 | 0.0425 | 0.4750 | 0.0500 | 0.3897   | 0.0679   | 863     | 1.0475  | 118.9 | PASS

[trial=46 seed=92] GLOBAL mode — total_samples=200000
  total: h0=82063 h1=15019
  pooled_train:  n0=100 n1=100
  pooled_calib:  n0=1240 n1=1240
  pooled_eval:   n0=1270 n1=1270
  regions (for macro stats only): 1103
[INFO] Cosine baseline routed to direct Hadamard sum (PrecomputedCosine)
[INFO] WeightedEnsemble Cosine judge routed to direct Hadamard sum
  [Ensemble] Judges routed to 'alt' input: PrecomputedCosine
[WeightedEnsemble] Fitted weights (alpha=0.0500, external calib):
  tau=0.9601, Pooled external calib: TPR=0.4452, FPR=0.0500
  PrecomputedCosine   : +1.0000
  PCAWhitenedCosine   : +0.0000
  XGBoost             : +0.0000
  Tiny MLP            : +0.0000
  LDA                 : +0.0000

Method                   | TPR    | FPR    | TrTPR  | TrFPR  | MacroTPR | MacroFPR | Regions | TauMean | ms    | OK? 
---------------------------------------------------------------------------------------------------------------------
Cosine                   | 0.4496 | 0.0551 | 0.4452 | 0.0500 | 0.4203   | 0.0815   | 862     | 0.9601  | 102.0 | FAIL
AndBox-HC                | 0.4480 | 0.0598 | 0.4621 | 0.0500 | 0.4288   | 0.0814   | 862     | 0.0000  | 64.9  | FAIL
PCAWhitenedCosine        | 0.3677 | 0.0433 | 0.3266 | 0.0500 | 0.2901   | 0.0511   | 862     | 1.2912  | 104.3 | PASS
Vec (Wgt)                | 0.4969 | 0.0535 | 0.5024 | 0.0500 | 0.4540   | 0.0809   | 862     | 0.9449  | 105.4 | FAIL
Log Reg                  | 0.2732 | 0.0661 | 0.2887 | 0.0500 | 0.2388   | 0.0916   | 862     | 0.5008  | 124.9 | FAIL
LDA                      | 0.3685 | 0.0449 | 0.3621 | 0.0500 | 0.3061   | 0.0509   | 862     | 14.8733 | 109.8 | PASS
Tiny MLP                 | 0.4449 | 0.0457 | 0.4444 | 0.0500 | 0.3689   | 0.0584   | 862     | 0.6940  | 121.8 | PASS
MultiProtoCosine         | 0.0945 | 0.0496 | 0.1121 | 0.0500 | 0.0792   | 0.0610   | 862     | 0.9192  | 121.8 | PASS
WeightedEnsemble         | 0.4496 | 0.0551 | 0.4452 | 0.0500 | 0.4203   | 0.0815   | 862     | 0.9601  | 179.2 | FAIL
XGBoost                  | 0.4260 | 0.0504 | 0.4323 | 0.0500 | 0.3697   | 0.0692   | 862     | 0.7874  | 84.2  | FAIL
LDA1+LogReg              | 0.2748 | 0.0654 | 0.2919 | 0.0500 | 0.2400   | 0.0911   | 862     | 0.5008  | 114.5 | FAIL
PCA16+LogReg             | 0.2543 | 0.0661 | 0.2702 | 0.0500 | 0.2202   | 0.0938   | 862     | 0.5008  | 124.6 | FAIL
PCA32+LogReg             | 0.2787 | 0.0669 | 0.2879 | 0.0500 | 0.2434   | 0.0925   | 862     | 0.5008  | 128.1 | FAIL
PCA16+VecWeighted        | 0.0079 | 0.0465 | 0.0129 | 0.0500 | 0.0107   | 0.0424   | 862     | 0.0351  | 122.1 | PASS
PCA32+VecWeighted        | 0.0142 | 0.0520 | 0.0113 | 0.0500 | 0.0176   | 0.0466   | 862     | 0.0400  | 124.7 | FAIL
StabilizedWhitenedCosine | 0.4189 | 0.0425 | 0.4298 | 0.0500 | 0.3502   | 0.0564   | 862     | 1.0453  | 116.2 | PASS

[trial=47 seed=93] GLOBAL mode — total_samples=200000
  total: h0=82063 h1=15019
  pooled_train:  n0=100 n1=100
  pooled_calib:  n0=1240 n1=1240
  pooled_eval:   n0=1270 n1=1270
  regions (for macro stats only): 1103
[INFO] Cosine baseline routed to direct Hadamard sum (PrecomputedCosine)
[INFO] WeightedEnsemble Cosine judge routed to direct Hadamard sum
  [Ensemble] Judges routed to 'alt' input: PrecomputedCosine
[WeightedEnsemble] Fitted weights (alpha=0.0500, external calib):
  tau=0.9404, Pooled external calib: TPR=0.5202, FPR=0.0500
  PrecomputedCosine   : +1.0000
  PCAWhitenedCosine   : +0.0000
  XGBoost             : +0.0000
  Tiny MLP            : +0.0000
  LDA                 : +0.0000

Method                   | TPR    | FPR    | TrTPR  | TrFPR  | MacroTPR | MacroFPR | Regions | TauMean | ms    | OK? 
---------------------------------------------------------------------------------------------------------------------
Cosine                   | 0.4992 | 0.0614 | 0.5202 | 0.0500 | 0.4632   | 0.0904   | 852     | 0.9404  | 121.0 | FAIL
AndBox-HC                | 0.4913 | 0.0575 | 0.5048 | 0.0500 | 0.4545   | 0.0861   | 852     | -0.0001 | 69.6  | FAIL
PCAWhitenedCosine        | 0.3394 | 0.0465 | 0.3435 | 0.0500 | 0.2713   | 0.0649   | 852     | 1.3816  | 104.8 | PASS
Vec (Wgt)                | 0.5220 | 0.0669 | 0.5589 | 0.0500 | 0.4811   | 0.0966   | 852     | 0.9203  | 111.2 | FAIL
Log Reg                  | 0.2512 | 0.0646 | 0.2887 | 0.0500 | 0.2178   | 0.0840   | 852     | 0.5009  | 121.5 | FAIL
LDA                      | 0.3693 | 0.0472 | 0.3919 | 0.0500 | 0.3034   | 0.0661   | 852     | 13.6553 | 110.8 | PASS
Tiny MLP                 | 0.4772 | 0.0693 | 0.5089 | 0.0500 | 0.4039   | 0.1036   | 852     | 0.6492  | 121.6 | FAIL
MultiProtoCosine         | 0.0622 | 0.0512 | 0.0726 | 0.0500 | 0.0475   | 0.0492   | 852     | 0.9170  | 188.7 | FAIL
WeightedEnsemble         | 0.4992 | 0.0614 | 0.5202 | 0.0500 | 0.4632   | 0.0904   | 852     | 0.9404  | 251.2 | FAIL
XGBoost                  | 0.3898 | 0.0520 | 0.3831 | 0.0500 | 0.3389   | 0.0715   | 852     | 0.7693  | 155.0 | FAIL
LDA1+LogReg              | 0.2512 | 0.0622 | 0.2871 | 0.0500 | 0.2178   | 0.0824   | 852     | 0.5008  | 141.7 | FAIL
PCA16+LogReg             | 0.2291 | 0.0606 | 0.2661 | 0.0500 | 0.1917   | 0.0803   | 852     | 0.5009  | 124.5 | FAIL
PCA32+LogReg             | 0.2346 | 0.0614 | 0.2718 | 0.0500 | 0.2018   | 0.0796   | 852     | 0.5009  | 127.5 | FAIL
PCA16+VecWeighted        | 0.0457 | 0.0606 | 0.0621 | 0.0500 | 0.0303   | 0.0334   | 852     | 0.0330  | 125.2 | FAIL
PCA32+VecWeighted        | 0.0283 | 0.0496 | 0.0226 | 0.0500 | 0.0182   | 0.0124   | 852     | 0.0436  | 123.9 | PASS
StabilizedWhitenedCosine | 0.3945 | 0.0543 | 0.4121 | 0.0500 | 0.3211   | 0.0741   | 852     | 1.0361  | 116.0 | FAIL

[trial=48 seed=94] GLOBAL mode — total_samples=200000
  total: h0=82063 h1=15019
  pooled_train:  n0=100 n1=100
  pooled_calib:  n0=1240 n1=1240
  pooled_eval:   n0=1270 n1=1270
  regions (for macro stats only): 1103
[INFO] Cosine baseline routed to direct Hadamard sum (PrecomputedCosine)
[INFO] WeightedEnsemble Cosine judge routed to direct Hadamard sum
  [Ensemble] Judges routed to 'alt' input: PrecomputedCosine
[WeightedEnsemble] Fitted weights (alpha=0.0500, external calib):
  tau=0.8846, Pooled external calib: TPR=0.4944, FPR=0.0500
  PrecomputedCosine   : +0.2610
  PCAWhitenedCosine   : +0.2348
  XGBoost             : +0.2127
  Tiny MLP            : +0.2846
  LDA                 : +0.0070

Method                   | TPR    | FPR    | TrTPR  | TrFPR  | MacroTPR | MacroFPR | Regions | TauMean | ms    | OK? 
---------------------------------------------------------------------------------------------------------------------
Cosine                   | 0.4740 | 0.0661 | 0.4484 | 0.0500 | 0.4239   | 0.0888   | 841     | 0.9642  | 114.6 | FAIL
AndBox-HC                | 0.4362 | 0.0583 | 0.4113 | 0.0468 | 0.3828   | 0.0765   | 841     | 0.0000  | 64.9  | FAIL
PCAWhitenedCosine        | 0.4543 | 0.0512 | 0.4718 | 0.0500 | 0.3531   | 0.0744   | 841     | 1.1328  | 103.8 | FAIL
Vec (Wgt)                | 0.5307 | 0.0669 | 0.5040 | 0.0500 | 0.4619   | 0.0916   | 841     | 0.9447  | 103.7 | FAIL
Log Reg                  | 0.2874 | 0.0472 | 0.2734 | 0.0500 | 0.2361   | 0.0634   | 841     | 0.5007  | 121.3 | PASS
LDA                      | 0.4520 | 0.0528 | 0.4540 | 0.0500 | 0.3631   | 0.0692   | 841     | 13.7716 | 110.1 | FAIL
Tiny MLP                 | 0.5087 | 0.0583 | 0.4879 | 0.0500 | 0.4196   | 0.0834   | 841     | 0.5845  | 122.5 | FAIL
MultiProtoCosine         | 0.0724 | 0.0370 | 0.0726 | 0.0500 | 0.0596   | 0.0354   | 841     | 0.9198  | 126.2 | PASS
WeightedEnsemble         | 0.4866 | 0.0528 | 0.4944 | 0.0500 | 0.3956   | 0.0753   | 841     | 0.8846  | 178.7 | FAIL
XGBoost                  | 0.4394 | 0.0622 | 0.4016 | 0.0500 | 0.3621   | 0.0936   | 841     | 0.7430  | 87.9  | FAIL
LDA1+LogReg              | 0.2898 | 0.0472 | 0.2758 | 0.0500 | 0.2383   | 0.0634   | 841     | 0.5007  | 115.7 | PASS
PCA16+LogReg             | 0.2843 | 0.0488 | 0.2677 | 0.0500 | 0.2285   | 0.0607   | 841     | 0.5007  | 123.2 | PASS
PCA32+LogReg             | 0.2811 | 0.0488 | 0.2645 | 0.0500 | 0.2327   | 0.0623   | 841     | 0.5007  | 216.7 | PASS
PCA16+VecWeighted        | 0.0669 | 0.0559 | 0.0750 | 0.0500 | 0.0689   | 0.0624   | 841     | 0.0313  | 119.8 | FAIL
PCA32+VecWeighted        | 0.0622 | 0.0535 | 0.0726 | 0.0500 | 0.0669   | 0.0634   | 841     | 0.0381  | 120.9 | FAIL
StabilizedWhitenedCosine | 0.4732 | 0.0535 | 0.4815 | 0.0500 | 0.3737   | 0.0805   | 841     | 0.8419  | 111.6 | FAIL

[trial=49 seed=95] GLOBAL mode — total_samples=200000
  total: h0=82063 h1=15019
  pooled_train:  n0=100 n1=100
  pooled_calib:  n0=1240 n1=1240
  pooled_eval:   n0=1270 n1=1270
  regions (for macro stats only): 1103
[INFO] Cosine baseline routed to direct Hadamard sum (PrecomputedCosine)
[INFO] WeightedEnsemble Cosine judge routed to direct Hadamard sum
  [Ensemble] Judges routed to 'alt' input: PrecomputedCosine
[WeightedEnsemble] Fitted weights (alpha=0.0500, external calib):
  tau=0.6481, Pooled external calib: TPR=0.5065, FPR=0.0500
  PrecomputedCosine   : +0.0000
  PCAWhitenedCosine   : +0.0000
  XGBoost             : +0.0000
  Tiny MLP            : +1.0000
  LDA                 : +0.0000

Method                   | TPR    | FPR    | TrTPR  | TrFPR  | MacroTPR | MacroFPR | Regions | TauMean | ms    | OK? 
---------------------------------------------------------------------------------------------------------------------
Cosine                   | 0.4811 | 0.0425 | 0.4774 | 0.0500 | 0.4530   | 0.0663   | 856     | 0.9566  | 228.3 | PASS
AndBox-HC                | 0.4866 | 0.0496 | 0.4758 | 0.0500 | 0.4502   | 0.0773   | 856     | 0.0001  | 64.5  | PASS
PCAWhitenedCosine        | 0.4228 | 0.0488 | 0.4161 | 0.0500 | 0.3526   | 0.0740   | 856     | 1.2885  | 102.8 | PASS
Vec (Wgt)                | 0.5386 | 0.0575 | 0.5460 | 0.0500 | 0.5076   | 0.0841   | 856     | 0.9215  | 106.8 | FAIL
Log Reg                  | 0.2543 | 0.0480 | 0.2565 | 0.0500 | 0.2272   | 0.0650   | 856     | 0.5010  | 127.9 | PASS
LDA                      | 0.4181 | 0.0457 | 0.4185 | 0.0500 | 0.3428   | 0.0639   | 856     | 14.1285 | 110.3 | PASS
Tiny MLP                 | 0.5008 | 0.0488 | 0.5065 | 0.0500 | 0.4196   | 0.0701   | 856     | 0.6481  | 121.9 | PASS
MultiProtoCosine         | 0.0835 | 0.0386 | 0.0823 | 0.0484 | 0.0562   | 0.0492   | 856     | 0.9149  | 121.7 | PASS
WeightedEnsemble         | 0.5008 | 0.0488 | 0.5065 | 0.0500 | 0.4196   | 0.0701   | 856     | 0.6481  | 177.2 | PASS
XGBoost                  | 0.4472 | 0.0465 | 0.3984 | 0.0500 | 0.3785   | 0.0710   | 856     | 0.7933  | 85.8  | PASS
LDA1+LogReg              | 0.2543 | 0.0480 | 0.2573 | 0.0500 | 0.2272   | 0.0650   | 856     | 0.5010  | 113.2 | PASS
PCA16+LogReg             | 0.2362 | 0.0480 | 0.2379 | 0.0500 | 0.2150   | 0.0618   | 856     | 0.5010  | 120.4 | PASS
PCA32+LogReg             | 0.2386 | 0.0488 | 0.2444 | 0.0500 | 0.2167   | 0.0667   | 856     | 0.5010  | 123.5 | PASS
PCA16+VecWeighted        | 0.0528 | 0.0331 | 0.0565 | 0.0500 | 0.0471   | 0.0432   | 856     | 0.0312  | 117.7 | PASS
PCA32+VecWeighted        | 0.0614 | 0.0339 | 0.0589 | 0.0500 | 0.0544   | 0.0452   | 856     | 0.0349  | 124.5 | PASS
StabilizedWhitenedCosine | 0.4795 | 0.0465 | 0.4847 | 0.0500 | 0.3874   | 0.0643   | 856     | 1.0254  | 112.0 | PASS

=== Ranking by mean micro TPR (UNCONSTRAINED) ===
 1. Vec (Wgt)          TPR=0.5057±0.0230 FPR=0.0526±0.0094 [FAIL]
 2. WeightedEnsemble   TPR=0.4800±0.0271 FPR=0.0522±0.0079 [FAIL]
 3. Cosine             TPR=0.4678±0.0242 FPR=0.0508±0.0086 [FAIL]
 4. Tiny MLP           TPR=0.4565±0.0454 FPR=0.0503±0.0096 [FAIL]
 5. StabilizedWhitenedCosine TPR=0.4340±0.0443 FPR=0.0508±0.0083 [FAIL]
 6. AndBox-HC          TPR=0.4167±0.0455 FPR=0.0519±0.0081 [FAIL]
 7. LDA                TPR=0.4122±0.0403 FPR=0.0490±0.0070 [PASS]
 8. XGBoost            TPR=0.3908±0.0422 FPR=0.0499±0.0079 [PASS]
 9. PCAWhitenedCosine  TPR=0.3816±0.0468 FPR=0.0503±0.0064 [FAIL]
10. LDA1+LogReg        TPR=0.2651±0.0718 FPR=0.0525±0.0087 [FAIL]
11. Log Reg            TPR=0.2634±0.0719 FPR=0.0525±0.0089 [FAIL]
12. PCA32+LogReg       TPR=0.2589±0.0696 FPR=0.0531±0.0088 [FAIL]
13. PCA16+LogReg       TPR=0.2512±0.0619 FPR=0.0523±0.0083 [FAIL]
14. PCA16+VecWeighted  TPR=0.0977±0.0682 FPR=0.0509±0.0091 [FAIL]
15. PCA32+VecWeighted  TPR=0.0947±0.0631 FPR=0.0502±0.0102 [FAIL]
16. MultiProtoCosine   TPR=0.0814±0.0146 FPR=0.0502±0.0094 [FAIL]

=== Ranking by mean micro TPR (CONSTRAINED: FPR <= alpha) ===
 1. LDA                TPR=0.4122±0.0403 FPR=0.0490±0.0070
 2. XGBoost            TPR=0.3908±0.0422 FPR=0.0499±0.0079
[CSV] Saved: /home/malmatal/Projects/Multi_Dim_Threshold/NeighborCache/outputs/region_local_threshold/run_20260507_110235/trial_summary.csv
[JSON] Saved: /home/malmatal/Projects/Multi_Dim_Threshold/NeighborCache/outputs/region_local_threshold/run_20260507_110235/ranking.json
[CSV] Saved: /home/malmatal/Projects/Multi_Dim_Threshold/NeighborCache/outputs/region_local_threshold/run_20260507_110235/weighted_ensemble_meta_weights.csv
[JSON] Saved: /home/malmatal/Projects/Multi_Dim_Threshold/NeighborCache/outputs/region_local_threshold/run_20260507_110235/notes.json

Best (constrained FPR <= alpha): LDA
[Done] outputs at: /home/malmatal/Projects/Multi_Dim_Threshold/NeighborCache/outputs/region_local_threshold/run_20260507_110235
