<frozen runpy>:128: RuntimeWarning: 'NeighborCache.region_local_threshold.cli' found in sys.modules after import of package 'NeighborCache.region_local_threshold', but prior to execution of 'NeighborCache.region_local_threshold.cli'; this may result in unpredictable behaviour
[INFO] Using features key='emb' dim=1024
[INFO] Applied Hadamard preprocessing (strategy=centroid_nearest, use_delta_vec=False, use_abs_diff=False) to X_main

=== Region Threshold Benchmark ===
dataset_npz=NeighborCache/data/h1h0_final.npz
region_key=global_cluster (resolved=global_cluster, unique=1103)
features=emb+hadamard rows=200000 dim=1024
text_pairs=text+region_anchor[centroid_nearest]
alpha=0.05 tie_mode=ge trials=50 base_seed=43
tau_mode=global
hadamard_preprocess=True
abs_diff_only_preprocess=False
use_delta_vec=False
use_abs_diff=False
normalize_data=False
filter_policy=none
train_cosine_policy_active=False
caps: train=500 calib=1240 eval=1270
mins: min_h0_eval=20 min_h1_eval=20
run_dir=/home/malmatal/Projects/Multi_Dim_Threshold/NeighborCache/outputs/region_local_threshold/run_20260507_122939

[trial=0 seed=43] GLOBAL mode — total_samples=200000
  total: h0=82063 h1=15019
  pooled_train:  n0=500 n1=500
  pooled_calib:  n0=1240 n1=1240
  pooled_eval:   n0=1270 n1=1270
  regions (for macro stats only): 1103
[INFO] Cosine baseline routed to direct Hadamard sum (PrecomputedCosine)
[INFO] WeightedEnsemble Cosine judge routed to direct Hadamard sum
  [Ensemble] Judges routed to 'alt' input: PrecomputedCosine
[WeightedEnsemble] Fitted weights (alpha=0.0500, external calib):
  tau=0.9452, Pooled external calib: TPR=0.5532, FPR=0.0500
  PrecomputedCosine   : +0.4364
  PCAWhitenedCosine   : +0.0571
  XGBoost             : +0.1048
  Tiny MLP            : +0.3819
  LDA                 : +0.0199

Method                   | TPR    | FPR    | TrTPR  | TrFPR  | MacroTPR | MacroFPR | Regions | TauMean | ms    | OK? 
---------------------------------------------------------------------------------------------------------------------
Cosine                   | 0.4630 | 0.0504 | 0.4637 | 0.0500 | 0.4163   | 0.0788   | 843     | 0.9576  | 107.7 | FAIL
AndBox-HC                | 0.4575 | 0.0441 | 0.4589 | 0.0500 | 0.4090   | 0.0653   | 843     | 0.0000  | 66.4  | PASS
PCAWhitenedCosine        | 0.4835 | 0.0465 | 0.5081 | 0.0500 | 0.3878   | 0.0672   | 843     | 1.0785  | 103.7 | PASS
Vec (Wgt)                | 0.4992 | 0.0528 | 0.5000 | 0.0500 | 0.4453   | 0.0821   | 843     | 0.9355  | 104.3 | FAIL
Log Reg                  | 0.2213 | 0.0465 | 0.2202 | 0.0500 | 0.1913   | 0.0671   | 843     | 0.5053  | 120.6 | PASS
LDA                      | 0.4551 | 0.0504 | 0.4597 | 0.0500 | 0.3705   | 0.0648   | 843     | 6.6324  | 110.1 | FAIL
Tiny MLP                 | 0.5205 | 0.0520 | 0.5323 | 0.0500 | 0.4252   | 0.0698   | 843     | 0.8536  | 504.3 | FAIL
MultiProtoCosine         | 0.0732 | 0.0488 | 0.0839 | 0.0500 | 0.0590   | 0.0569   | 843     | 0.9236  | 122.4 | PASS
WeightedEnsemble         | 0.5362 | 0.0528 | 0.5532 | 0.0500 | 0.4526   | 0.0729   | 843     | 0.9452  | 560.9 | FAIL
XGBoost                  | 0.4756 | 0.0535 | 0.4702 | 0.0500 | 0.4200   | 0.0791   | 843     | 0.7156  | 86.7  | FAIL
LDA1+LogReg              | 0.2236 | 0.0472 | 0.2226 | 0.0500 | 0.1938   | 0.0680   | 843     | 0.5052  | 111.7 | PASS
PCA16+LogReg             | 0.2173 | 0.0480 | 0.2218 | 0.0500 | 0.1893   | 0.0693   | 843     | 0.5052  | 123.4 | PASS
PCA32+LogReg             | 0.2173 | 0.0449 | 0.2258 | 0.0500 | 0.1872   | 0.0645   | 843     | 0.5052  | 126.3 | PASS
PCA16+VecWeighted        | 0.1543 | 0.0512 | 0.1452 | 0.0500 | 0.1343   | 0.0665   | 843     | 0.0266  | 119.5 | FAIL
PCA32+VecWeighted        | 0.1598 | 0.0575 | 0.1677 | 0.0500 | 0.1394   | 0.0733   | 843     | 0.0291  | 121.9 | FAIL
StabilizedWhitenedCosine | 0.5732 | 0.0535 | 0.5613 | 0.0500 | 0.4755   | 0.0829   | 843     | 0.7824  | 113.6 | FAIL

[trial=1 seed=44] GLOBAL mode — total_samples=200000
  total: h0=82063 h1=15019
  pooled_train:  n0=500 n1=500
  pooled_calib:  n0=1240 n1=1240
  pooled_eval:   n0=1270 n1=1270
  regions (for macro stats only): 1103
[INFO] Cosine baseline routed to direct Hadamard sum (PrecomputedCosine)
[INFO] WeightedEnsemble Cosine judge routed to direct Hadamard sum
  [Ensemble] Judges routed to 'alt' input: PrecomputedCosine
[WeightedEnsemble] Fitted weights (alpha=0.0500, external calib):
  tau=0.9081, Pooled external calib: TPR=0.5056, FPR=0.0500
  PrecomputedCosine   : +0.4364
  PCAWhitenedCosine   : +0.0571
  XGBoost             : +0.1048
  Tiny MLP            : +0.3819
  LDA                 : +0.0199

Method                   | TPR    | FPR    | TrTPR  | TrFPR  | MacroTPR | MacroFPR | Regions | TauMean | ms    | OK? 
---------------------------------------------------------------------------------------------------------------------
Cosine                   | 0.4583 | 0.0512 | 0.4734 | 0.0500 | 0.4268   | 0.0738   | 864     | 0.9608  | 135.9 | FAIL
AndBox-HC                | 0.4575 | 0.0480 | 0.4492 | 0.0500 | 0.4215   | 0.0683   | 864     | 0.0000  | 68.9  | PASS
PCAWhitenedCosine        | 0.4583 | 0.0528 | 0.4573 | 0.0500 | 0.3645   | 0.0774   | 864     | 1.0210  | 117.0 | FAIL
Vec (Wgt)                | 0.4906 | 0.0433 | 0.5032 | 0.0500 | 0.4429   | 0.0692   | 864     | 0.9486  | 108.5 | PASS
Log Reg                  | 0.2488 | 0.0472 | 0.2444 | 0.0500 | 0.2139   | 0.0738   | 864     | 0.5047  | 121.3 | PASS
LDA                      | 0.4614 | 0.0472 | 0.4565 | 0.0500 | 0.3789   | 0.0697   | 864     | 4.8461  | 111.7 | PASS
Tiny MLP                 | 0.4874 | 0.0504 | 0.4952 | 0.0500 | 0.3917   | 0.0778   | 864     | 0.8305  | 529.0 | FAIL
MultiProtoCosine         | 0.0858 | 0.0457 | 0.0694 | 0.0500 | 0.0580   | 0.0503   | 864     | 0.9224  | 125.4 | PASS
WeightedEnsemble         | 0.5071 | 0.0496 | 0.5056 | 0.0500 | 0.4155   | 0.0757   | 864     | 0.9081  | 566.2 | PASS
XGBoost                  | 0.4906 | 0.0512 | 0.4952 | 0.0500 | 0.4389   | 0.0767   | 864     | 0.6956  | 88.4  | FAIL
LDA1+LogReg              | 0.2488 | 0.0480 | 0.2444 | 0.0500 | 0.2139   | 0.0755   | 864     | 0.5047  | 112.5 | PASS
PCA16+LogReg             | 0.2457 | 0.0457 | 0.2460 | 0.0500 | 0.2127   | 0.0703   | 864     | 0.5047  | 122.5 | PASS
PCA32+LogReg             | 0.2449 | 0.0457 | 0.2444 | 0.0500 | 0.2099   | 0.0723   | 864     | 0.5047  | 126.9 | PASS
PCA16+VecWeighted        | 0.0661 | 0.0551 | 0.0637 | 0.0500 | 0.0549   | 0.0191   | 864     | 0.0316  | 120.5 | FAIL
PCA32+VecWeighted        | 0.0701 | 0.0535 | 0.0685 | 0.0500 | 0.0602   | 0.0356   | 864     | 0.0367  | 123.7 | FAIL
StabilizedWhitenedCosine | 0.5031 | 0.0520 | 0.4944 | 0.0500 | 0.3967   | 0.0794   | 864     | 0.8778  | 203.8 | FAIL

[trial=2 seed=45] GLOBAL mode — total_samples=200000
  total: h0=82063 h1=15019
  pooled_train:  n0=500 n1=500
  pooled_calib:  n0=1240 n1=1240
  pooled_eval:   n0=1270 n1=1270
  regions (for macro stats only): 1103
[INFO] Cosine baseline routed to direct Hadamard sum (PrecomputedCosine)
[INFO] WeightedEnsemble Cosine judge routed to direct Hadamard sum
  [Ensemble] Judges routed to 'alt' input: PrecomputedCosine
[WeightedEnsemble] Fitted weights (alpha=0.0500, external calib):
  tau=0.9457, Pooled external calib: TPR=0.5403, FPR=0.0500
  PrecomputedCosine   : +0.4364
  PCAWhitenedCosine   : +0.0571
  XGBoost             : +0.1048
  Tiny MLP            : +0.3819
  LDA                 : +0.0199

Method                   | TPR    | FPR    | TrTPR  | TrFPR  | MacroTPR | MacroFPR | Regions | TauMean | ms    | OK? 
---------------------------------------------------------------------------------------------------------------------
Cosine                   | 0.4677 | 0.0504 | 0.4508 | 0.0500 | 0.4227   | 0.0720   | 837     | 0.9660  | 112.1 | FAIL
AndBox-HC                | 0.4024 | 0.0441 | 0.3911 | 0.0500 | 0.3477   | 0.0610   | 837     | 0.0001  | 73.5  | PASS
PCAWhitenedCosine        | 0.5079 | 0.0449 | 0.4831 | 0.0500 | 0.4262   | 0.0579   | 837     | 1.0926  | 105.0 | PASS
Vec (Wgt)                | 0.5063 | 0.0528 | 0.4887 | 0.0500 | 0.4407   | 0.0782   | 837     | 0.9475  | 105.8 | FAIL
Log Reg                  | 0.2268 | 0.0425 | 0.2323 | 0.0500 | 0.1964   | 0.0587   | 837     | 0.5054  | 126.7 | PASS
LDA                      | 0.5299 | 0.0575 | 0.4968 | 0.0500 | 0.4477   | 0.0743   | 837     | 5.7312  | 111.7 | FAIL
Tiny MLP                 | 0.5354 | 0.0409 | 0.5016 | 0.0500 | 0.4543   | 0.0566   | 837     | 0.8724  | 508.3 | PASS
MultiProtoCosine         | 0.0937 | 0.0402 | 0.0782 | 0.0500 | 0.0684   | 0.0472   | 837     | 0.9245  | 127.4 | PASS
WeightedEnsemble         | 0.5827 | 0.0457 | 0.5403 | 0.0500 | 0.5040   | 0.0625   | 837     | 0.9457  | 568.0 | PASS
XGBoost                  | 0.5142 | 0.0512 | 0.4863 | 0.0500 | 0.4481   | 0.0719   | 837     | 0.7167  | 90.9  | FAIL
LDA1+LogReg              | 0.2283 | 0.0425 | 0.2339 | 0.0500 | 0.2003   | 0.0587   | 837     | 0.5053  | 115.2 | PASS
PCA16+LogReg             | 0.2370 | 0.0417 | 0.2315 | 0.0500 | 0.2022   | 0.0580   | 837     | 0.5053  | 127.6 | PASS
PCA32+LogReg             | 0.2307 | 0.0433 | 0.2339 | 0.0500 | 0.2030   | 0.0605   | 837     | 0.5052  | 130.7 | PASS
PCA16+VecWeighted        | 0.0724 | 0.0551 | 0.0589 | 0.0500 | 0.0581   | 0.0641   | 837     | 0.0304  | 125.3 | FAIL
PCA32+VecWeighted        | 0.0906 | 0.0583 | 0.0645 | 0.0500 | 0.0732   | 0.0641   | 837     | 0.0324  | 128.9 | FAIL
StabilizedWhitenedCosine | 0.5299 | 0.0504 | 0.4960 | 0.0500 | 0.4473   | 0.0721   | 837     | 1.0288  | 118.7 | FAIL

[trial=3 seed=46] GLOBAL mode — total_samples=200000
  total: h0=82063 h1=15019
  pooled_train:  n0=500 n1=500
  pooled_calib:  n0=1240 n1=1240
  pooled_eval:   n0=1270 n1=1270
  regions (for macro stats only): 1103
[INFO] Cosine baseline routed to direct Hadamard sum (PrecomputedCosine)
[INFO] WeightedEnsemble Cosine judge routed to direct Hadamard sum
  [Ensemble] Judges routed to 'alt' input: PrecomputedCosine
[WeightedEnsemble] Fitted weights (alpha=0.0500, external calib):
  tau=0.8413, Pooled external calib: TPR=0.5452, FPR=0.0500
  PrecomputedCosine   : +0.2610
  PCAWhitenedCosine   : +0.2348
  XGBoost             : +0.2127
  Tiny MLP            : +0.2846
  LDA                 : +0.0070

Method                   | TPR    | FPR    | TrTPR  | TrFPR  | MacroTPR | MacroFPR | Regions | TauMean | ms    | OK? 
---------------------------------------------------------------------------------------------------------------------
Cosine                   | 0.4835 | 0.0567 | 0.4911 | 0.0500 | 0.4775   | 0.0884   | 859     | 0.9444  | 135.7 | FAIL
AndBox-HC                | 0.4299 | 0.0512 | 0.4282 | 0.0500 | 0.4279   | 0.0786   | 859     | 0.0000  | 65.9  | FAIL
PCAWhitenedCosine        | 0.4598 | 0.0504 | 0.4661 | 0.0500 | 0.3908   | 0.0737   | 859     | 1.0403  | 102.7 | FAIL
Vec (Wgt)                | 0.5291 | 0.0591 | 0.5468 | 0.0500 | 0.5170   | 0.0930   | 859     | 0.9125  | 103.3 | FAIL
Log Reg                  | 0.2425 | 0.0591 | 0.2532 | 0.0500 | 0.2308   | 0.0743   | 859     | 0.5044  | 130.7 | FAIL
LDA                      | 0.4614 | 0.0622 | 0.4847 | 0.0500 | 0.3983   | 0.0799   | 859     | 5.1493  | 109.1 | FAIL
Tiny MLP                 | 0.4575 | 0.0567 | 0.4944 | 0.0500 | 0.3977   | 0.0791   | 859     | 0.8976  | 601.3 | FAIL
MultiProtoCosine         | 0.0630 | 0.0449 | 0.0581 | 0.0500 | 0.0527   | 0.0486   | 859     | 0.9253  | 122.9 | PASS
WeightedEnsemble         | 0.5173 | 0.0583 | 0.5452 | 0.0500 | 0.4628   | 0.0858   | 859     | 0.8413  | 662.3 | FAIL
XGBoost                  | 0.4929 | 0.0472 | 0.5121 | 0.0500 | 0.4568   | 0.0710   | 859     | 0.6893  | 92.6  | PASS
LDA1+LogReg              | 0.2433 | 0.0591 | 0.2540 | 0.0500 | 0.2313   | 0.0743   | 859     | 0.5044  | 118.1 | FAIL
PCA16+LogReg             | 0.2291 | 0.0614 | 0.2331 | 0.0500 | 0.2191   | 0.0757   | 859     | 0.5044  | 126.2 | FAIL
PCA32+LogReg             | 0.2402 | 0.0591 | 0.2460 | 0.0500 | 0.2266   | 0.0731   | 859     | 0.5044  | 129.5 | FAIL
PCA16+VecWeighted        | 0.0677 | 0.0606 | 0.0677 | 0.0500 | 0.0687   | 0.0714   | 859     | 0.0285  | 122.4 | FAIL
PCA32+VecWeighted        | 0.0528 | 0.0591 | 0.0565 | 0.0500 | 0.0489   | 0.0679   | 859     | 0.0324  | 125.2 | FAIL
StabilizedWhitenedCosine | 0.5433 | 0.0638 | 0.5403 | 0.0500 | 0.4829   | 0.1012   | 859     | 0.8006  | 113.6 | FAIL

[trial=4 seed=47] GLOBAL mode — total_samples=200000
  total: h0=82063 h1=15019
  pooled_train:  n0=500 n1=500
  pooled_calib:  n0=1240 n1=1240
  pooled_eval:   n0=1270 n1=1270
  regions (for macro stats only): 1103
[INFO] Cosine baseline routed to direct Hadamard sum (PrecomputedCosine)
[INFO] WeightedEnsemble Cosine judge routed to direct Hadamard sum
  [Ensemble] Judges routed to 'alt' input: PrecomputedCosine
[WeightedEnsemble] Fitted weights (alpha=0.0500, external calib):
  tau=0.8506, Pooled external calib: TPR=0.5637, FPR=0.0500
  PrecomputedCosine   : +0.2610
  PCAWhitenedCosine   : +0.2348
  XGBoost             : +0.2127
  Tiny MLP            : +0.2846
  LDA                 : +0.0070

Method                   | TPR    | FPR    | TrTPR  | TrFPR  | MacroTPR | MacroFPR | Regions | TauMean | ms    | OK? 
---------------------------------------------------------------------------------------------------------------------
Cosine                   | 0.4543 | 0.0480 | 0.4839 | 0.0500 | 0.4043   | 0.0721   | 858     | 0.9604  | 109.7 | PASS
AndBox-HC                | 0.3433 | 0.0362 | 0.3669 | 0.0500 | 0.3084   | 0.0492   | 858     | 0.0001  | 65.4  | PASS
PCAWhitenedCosine        | 0.5354 | 0.0638 | 0.5379 | 0.0500 | 0.4104   | 0.0867   | 858     | 0.9681  | 102.8 | FAIL
Vec (Wgt)                | 0.4937 | 0.0496 | 0.5242 | 0.0500 | 0.4367   | 0.0741   | 858     | 0.9441  | 103.1 | PASS
Log Reg                  | 0.2520 | 0.0709 | 0.2516 | 0.0500 | 0.2095   | 0.0924   | 858     | 0.5051  | 122.6 | FAIL
LDA                      | 0.5047 | 0.0528 | 0.4903 | 0.0500 | 0.3984   | 0.0684   | 858     | 5.9721  | 108.6 | FAIL
Tiny MLP                 | 0.5441 | 0.0606 | 0.5323 | 0.0500 | 0.4313   | 0.0832   | 858     | 0.8394  | 507.9 | FAIL
MultiProtoCosine         | 0.0969 | 0.0591 | 0.1032 | 0.0500 | 0.0807   | 0.0618   | 858     | 0.9221  | 122.1 | FAIL
WeightedEnsemble         | 0.5575 | 0.0591 | 0.5637 | 0.0500 | 0.4412   | 0.0800   | 858     | 0.8506  | 564.3 | FAIL
XGBoost                  | 0.4906 | 0.0433 | 0.5242 | 0.0500 | 0.4094   | 0.0620   | 858     | 0.7263  | 86.6  | PASS
LDA1+LogReg              | 0.2575 | 0.0724 | 0.2540 | 0.0500 | 0.2154   | 0.0938   | 858     | 0.5051  | 111.3 | FAIL
PCA16+LogReg             | 0.2394 | 0.0685 | 0.2387 | 0.0500 | 0.1992   | 0.0895   | 858     | 0.5051  | 122.3 | FAIL
PCA32+LogReg             | 0.2496 | 0.0701 | 0.2484 | 0.0500 | 0.2060   | 0.0921   | 858     | 0.5051  | 125.6 | FAIL
PCA16+VecWeighted        | 0.0268 | 0.0402 | 0.0202 | 0.0500 | 0.0335   | 0.0444   | 858     | 0.0313  | 118.9 | PASS
PCA32+VecWeighted        | 0.0394 | 0.0449 | 0.0323 | 0.0500 | 0.0451   | 0.0552   | 858     | 0.0362  | 122.6 | PASS
StabilizedWhitenedCosine | 0.5307 | 0.0591 | 0.5403 | 0.0476 | 0.4211   | 0.0879   | 858     | 0.9174  | 113.5 | FAIL

[trial=5 seed=48] GLOBAL mode — total_samples=200000
  total: h0=82063 h1=15019
  pooled_train:  n0=500 n1=500
  pooled_calib:  n0=1240 n1=1240
  pooled_eval:   n0=1270 n1=1270
  regions (for macro stats only): 1103
[INFO] Cosine baseline routed to direct Hadamard sum (PrecomputedCosine)
[INFO] WeightedEnsemble Cosine judge routed to direct Hadamard sum
  [Ensemble] Judges routed to 'alt' input: PrecomputedCosine
[WeightedEnsemble] Fitted weights (alpha=0.0500, external calib):
  tau=0.9427, Pooled external calib: TPR=0.5161, FPR=0.0500
  PrecomputedCosine   : +0.4364
  PCAWhitenedCosine   : +0.0571
  XGBoost             : +0.1048
  Tiny MLP            : +0.3819
  LDA                 : +0.0199

Method                   | TPR    | FPR    | TrTPR  | TrFPR  | MacroTPR | MacroFPR | Regions | TauMean | ms    | OK? 
---------------------------------------------------------------------------------------------------------------------
Cosine                   | 0.4646 | 0.0409 | 0.4645 | 0.0500 | 0.4337   | 0.0595   | 862     | 0.9619  | 80.4  | PASS
AndBox-HC                | 0.4354 | 0.0457 | 0.4282 | 0.0484 | 0.3976   | 0.0611   | 862     | 0.0000  | 71.4  | PASS
PCAWhitenedCosine        | 0.4535 | 0.0488 | 0.4532 | 0.0500 | 0.3836   | 0.0727   | 862     | 1.1343  | 62.9  | PASS
Vec (Wgt)                | 0.5063 | 0.0417 | 0.5032 | 0.0500 | 0.4678   | 0.0608   | 862     | 0.9445  | 62.9  | PASS
Log Reg                  | 0.2205 | 0.0457 | 0.1927 | 0.0500 | 0.1909   | 0.0698   | 862     | 0.5061  | 104.5 | PASS
LDA                      | 0.4346 | 0.0504 | 0.4621 | 0.0500 | 0.3719   | 0.0743   | 862     | 5.7184  | 109.3 | FAIL
Tiny MLP                 | 0.4740 | 0.0528 | 0.4887 | 0.0500 | 0.4044   | 0.0828   | 862     | 0.8724  | 508.3 | FAIL
MultiProtoCosine         | 0.1071 | 0.0512 | 0.1024 | 0.0500 | 0.0803   | 0.0604   | 862     | 0.9244  | 127.8 | FAIL
WeightedEnsemble         | 0.5039 | 0.0559 | 0.5161 | 0.0500 | 0.4416   | 0.0847   | 862     | 0.9427  | 564.1 | FAIL
XGBoost                  | 0.4827 | 0.0449 | 0.4790 | 0.0500 | 0.4356   | 0.0667   | 862     | 0.7346  | 86.4  | PASS
LDA1+LogReg              | 0.2268 | 0.0457 | 0.1968 | 0.0500 | 0.1929   | 0.0698   | 862     | 0.5060  | 114.7 | PASS
PCA16+LogReg             | 0.2307 | 0.0480 | 0.1927 | 0.0500 | 0.1961   | 0.0712   | 862     | 0.5059  | 125.9 | PASS
PCA32+LogReg             | 0.2276 | 0.0449 | 0.1952 | 0.0500 | 0.1945   | 0.0689   | 862     | 0.5060  | 130.2 | PASS
PCA16+VecWeighted        | 0.0449 | 0.0386 | 0.0524 | 0.0500 | 0.0433   | 0.0304   | 862     | 0.0320  | 122.7 | PASS
PCA32+VecWeighted        | 0.0307 | 0.0402 | 0.0371 | 0.0500 | 0.0338   | 0.0183   | 862     | 0.0415  | 125.3 | PASS
StabilizedWhitenedCosine | 0.4961 | 0.0559 | 0.5065 | 0.0500 | 0.4269   | 0.0781   | 862     | 0.9668  | 115.1 | FAIL

[trial=6 seed=49] GLOBAL mode — total_samples=200000
  total: h0=82063 h1=15019
  pooled_train:  n0=500 n1=500
  pooled_calib:  n0=1240 n1=1240
  pooled_eval:   n0=1270 n1=1270
  regions (for macro stats only): 1103
[INFO] Cosine baseline routed to direct Hadamard sum (PrecomputedCosine)
[INFO] WeightedEnsemble Cosine judge routed to direct Hadamard sum
  [Ensemble] Judges routed to 'alt' input: PrecomputedCosine
[WeightedEnsemble] Fitted weights (alpha=0.0500, external calib):
  tau=0.8185, Pooled external calib: TPR=0.5637, FPR=0.0500
  PrecomputedCosine   : +0.3209
  PCAWhitenedCosine   : +0.3118
  XGBoost             : +0.3183
  Tiny MLP            : +0.0373
  LDA                 : +0.0115

Method                   | TPR    | FPR    | TrTPR  | TrFPR  | MacroTPR | MacroFPR | Regions | TauMean | ms    | OK? 
---------------------------------------------------------------------------------------------------------------------
Cosine                   | 0.4740 | 0.0551 | 0.4823 | 0.0500 | 0.4316   | 0.0743   | 844     | 0.9523  | 106.8 | FAIL
AndBox-HC                | 0.3984 | 0.0504 | 0.3992 | 0.0500 | 0.3691   | 0.0699   | 844     | 0.0000  | 64.7  | FAIL
PCAWhitenedCosine        | 0.5654 | 0.0417 | 0.5565 | 0.0500 | 0.4614   | 0.0667   | 844     | 0.8408  | 101.2 | PASS
Vec (Wgt)                | 0.5055 | 0.0465 | 0.5032 | 0.0500 | 0.4565   | 0.0662   | 844     | 0.9421  | 102.4 | PASS
Log Reg                  | 0.3000 | 0.0535 | 0.3065 | 0.0500 | 0.2486   | 0.0756   | 844     | 0.5035  | 126.3 | FAIL
LDA                      | 0.5409 | 0.0417 | 0.5427 | 0.0500 | 0.4249   | 0.0632   | 844     | 5.1507  | 107.4 | PASS
Tiny MLP                 | 0.5787 | 0.0394 | 0.5476 | 0.0500 | 0.4680   | 0.0644   | 844     | 0.7947  | 507.9 | PASS
MultiProtoCosine         | 0.1016 | 0.0465 | 0.1008 | 0.0500 | 0.0689   | 0.0534   | 844     | 0.9235  | 123.2 | PASS
WeightedEnsemble         | 0.5866 | 0.0449 | 0.5637 | 0.0500 | 0.4924   | 0.0709   | 844     | 0.8185  | 561.9 | PASS
XGBoost                  | 0.5150 | 0.0433 | 0.5073 | 0.0500 | 0.4444   | 0.0610   | 844     | 0.6950  | 84.9  | PASS
LDA1+LogReg              | 0.3024 | 0.0535 | 0.3097 | 0.0500 | 0.2496   | 0.0756   | 844     | 0.5035  | 109.2 | FAIL
PCA16+LogReg             | 0.2953 | 0.0551 | 0.2952 | 0.0500 | 0.2422   | 0.0778   | 844     | 0.5035  | 120.7 | FAIL
PCA32+LogReg             | 0.2969 | 0.0559 | 0.3000 | 0.0500 | 0.2453   | 0.0795   | 844     | 0.5034  | 124.0 | FAIL
PCA16+VecWeighted        | 0.0346 | 0.0606 | 0.0218 | 0.0500 | 0.0502   | 0.0747   | 844     | 0.0301  | 117.3 | FAIL
PCA32+VecWeighted        | 0.0165 | 0.0457 | 0.0161 | 0.0500 | 0.0265   | 0.0484   | 844     | 0.0381  | 120.9 | PASS
StabilizedWhitenedCosine | 0.5409 | 0.0402 | 0.5137 | 0.0500 | 0.4434   | 0.0653   | 844     | 0.8671  | 109.7 | PASS

[trial=7 seed=50] GLOBAL mode — total_samples=200000
  total: h0=82063 h1=15019
  pooled_train:  n0=500 n1=500
  pooled_calib:  n0=1240 n1=1240
  pooled_eval:   n0=1270 n1=1270
  regions (for macro stats only): 1103
[INFO] Cosine baseline routed to direct Hadamard sum (PrecomputedCosine)
[INFO] WeightedEnsemble Cosine judge routed to direct Hadamard sum
  [Ensemble] Judges routed to 'alt' input: PrecomputedCosine
[WeightedEnsemble] Fitted weights (alpha=0.0500, external calib):
  tau=0.9555, Pooled external calib: TPR=0.5629, FPR=0.0500
  PrecomputedCosine   : +0.4364
  PCAWhitenedCosine   : +0.0571
  XGBoost             : +0.1048
  Tiny MLP            : +0.3819
  LDA                 : +0.0199

Method                   | TPR    | FPR    | TrTPR  | TrFPR  | MacroTPR | MacroFPR | Regions | TauMean | ms    | OK? 
---------------------------------------------------------------------------------------------------------------------
Cosine                   | 0.4638 | 0.0496 | 0.4379 | 0.0500 | 0.4134   | 0.0773   | 849     | 0.9645  | 315.4 | PASS
AndBox-HC                | 0.4236 | 0.0551 | 0.4145 | 0.0500 | 0.3933   | 0.0847   | 849     | 0.0000  | 68.6  | FAIL
PCAWhitenedCosine        | 0.5370 | 0.0606 | 0.5500 | 0.0500 | 0.4372   | 0.0903   | 849     | 0.9231  | 104.3 | FAIL
Vec (Wgt)                | 0.5055 | 0.0575 | 0.5056 | 0.0500 | 0.4544   | 0.0855   | 849     | 0.9399  | 105.0 | FAIL
Log Reg                  | 0.2850 | 0.0504 | 0.2540 | 0.0500 | 0.2302   | 0.0801   | 849     | 0.5039  | 122.2 | FAIL
LDA                      | 0.5189 | 0.0457 | 0.5016 | 0.0500 | 0.4104   | 0.0738   | 849     | 6.0741  | 113.0 | PASS
Tiny MLP                 | 0.5283 | 0.0457 | 0.5282 | 0.0500 | 0.4211   | 0.0730   | 849     | 0.9001  | 609.7 | PASS
MultiProtoCosine         | 0.0874 | 0.0504 | 0.0823 | 0.0500 | 0.0690   | 0.0592   | 849     | 0.9221  | 126.7 | FAIL
WeightedEnsemble         | 0.5496 | 0.0512 | 0.5629 | 0.0500 | 0.4504   | 0.0849   | 849     | 0.9555  | 671.8 | FAIL
XGBoost                  | 0.4528 | 0.0488 | 0.4661 | 0.0500 | 0.3859   | 0.0728   | 849     | 0.7372  | 92.0  | PASS
LDA1+LogReg              | 0.2858 | 0.0496 | 0.2532 | 0.0500 | 0.2304   | 0.0798   | 849     | 0.5038  | 115.0 | PASS
PCA16+LogReg             | 0.2795 | 0.0512 | 0.2492 | 0.0500 | 0.2301   | 0.0788   | 849     | 0.5038  | 125.2 | FAIL
PCA32+LogReg             | 0.2827 | 0.0496 | 0.2492 | 0.0500 | 0.2273   | 0.0793   | 849     | 0.5038  | 130.4 | PASS
PCA16+VecWeighted        | 0.2008 | 0.0496 | 0.1766 | 0.0500 | 0.1606   | 0.0727   | 849     | 0.0262  | 123.0 | PASS
PCA32+VecWeighted        | 0.1937 | 0.0504 | 0.1702 | 0.0500 | 0.1502   | 0.0690   | 849     | 0.0283  | 125.3 | FAIL
StabilizedWhitenedCosine | 0.5370 | 0.0654 | 0.5419 | 0.0500 | 0.4362   | 0.0967   | 849     | 0.9179  | 118.2 | FAIL

[trial=8 seed=51] GLOBAL mode — total_samples=200000
  total: h0=82063 h1=15019
  pooled_train:  n0=500 n1=500
  pooled_calib:  n0=1240 n1=1240
  pooled_eval:   n0=1270 n1=1270
  regions (for macro stats only): 1103
[INFO] Cosine baseline routed to direct Hadamard sum (PrecomputedCosine)
[INFO] WeightedEnsemble Cosine judge routed to direct Hadamard sum
  [Ensemble] Judges routed to 'alt' input: PrecomputedCosine
[WeightedEnsemble] Fitted weights (alpha=0.0500, external calib):
  tau=0.8552, Pooled external calib: TPR=0.5839, FPR=0.0500
  PrecomputedCosine   : +0.0000
  PCAWhitenedCosine   : +0.0000
  XGBoost             : +0.0000
  Tiny MLP            : +1.0000
  LDA                 : +0.0000

Method                   | TPR    | FPR    | TrTPR  | TrFPR  | MacroTPR | MacroFPR | Regions | TauMean | ms    | OK? 
---------------------------------------------------------------------------------------------------------------------
Cosine                   | 0.4709 | 0.0520 | 0.4653 | 0.0500 | 0.4203   | 0.0787   | 858     | 0.9566  | 114.7 | FAIL
AndBox-HC                | 0.4157 | 0.0551 | 0.4331 | 0.0500 | 0.3803   | 0.0771   | 858     | 0.0000  | 72.3  | FAIL
PCAWhitenedCosine        | 0.5504 | 0.0606 | 0.5282 | 0.0500 | 0.4357   | 0.0803   | 858     | 1.0099  | 105.0 | FAIL
Vec (Wgt)                | 0.5228 | 0.0583 | 0.5048 | 0.0500 | 0.4592   | 0.0844   | 858     | 0.9366  | 105.0 | FAIL
Log Reg                  | 0.2394 | 0.0370 | 0.2258 | 0.0500 | 0.1943   | 0.0583   | 858     | 0.5050  | 125.5 | PASS
LDA                      | 0.4835 | 0.0417 | 0.4806 | 0.0500 | 0.3805   | 0.0591   | 858     | 6.4799  | 111.3 | PASS
Tiny MLP                 | 0.5756 | 0.0567 | 0.5839 | 0.0500 | 0.4598   | 0.0786   | 858     | 0.8552  | 597.9 | FAIL
MultiProtoCosine         | 0.0984 | 0.0480 | 0.0847 | 0.0500 | 0.0743   | 0.0529   | 858     | 0.9205  | 126.0 | PASS
WeightedEnsemble         | 0.5756 | 0.0567 | 0.5839 | 0.0500 | 0.4598   | 0.0786   | 858     | 0.8552  | 656.5 | FAIL
XGBoost                  | 0.5055 | 0.0520 | 0.4960 | 0.0500 | 0.4372   | 0.0697   | 858     | 0.7208  | 87.3  | FAIL
LDA1+LogReg              | 0.2402 | 0.0378 | 0.2315 | 0.0500 | 0.1962   | 0.0592   | 858     | 0.5050  | 113.6 | PASS
PCA16+LogReg             | 0.2291 | 0.0378 | 0.2153 | 0.0500 | 0.1848   | 0.0603   | 858     | 0.5051  | 127.2 | PASS
PCA32+LogReg             | 0.2402 | 0.0378 | 0.2210 | 0.0500 | 0.1929   | 0.0586   | 858     | 0.5050  | 132.7 | PASS
PCA16+VecWeighted        | 0.0630 | 0.0512 | 0.0758 | 0.0500 | 0.0423   | 0.0345   | 858     | 0.0289  | 125.1 | FAIL
PCA32+VecWeighted        | 0.1228 | 0.0496 | 0.1177 | 0.0500 | 0.0840   | 0.0507   | 858     | 0.0297  | 126.6 | PASS
StabilizedWhitenedCosine | 0.5220 | 0.0504 | 0.5226 | 0.0500 | 0.4151   | 0.0656   | 858     | 1.0713  | 123.4 | FAIL

[trial=9 seed=52] GLOBAL mode — total_samples=200000
  total: h0=82063 h1=15019
  pooled_train:  n0=500 n1=500
  pooled_calib:  n0=1240 n1=1240
  pooled_eval:   n0=1270 n1=1270
  regions (for macro stats only): 1103
[INFO] Cosine baseline routed to direct Hadamard sum (PrecomputedCosine)
[INFO] WeightedEnsemble Cosine judge routed to direct Hadamard sum
  [Ensemble] Judges routed to 'alt' input: PrecomputedCosine
[WeightedEnsemble] Fitted weights (alpha=0.0500, external calib):
  tau=1.1500, Pooled external calib: TPR=0.5476, FPR=0.0500
  PrecomputedCosine   : +0.6579
  PCAWhitenedCosine   : +0.1446
  XGBoost             : +0.0673
  Tiny MLP            : +0.0713
  LDA                 : +0.0589

Method                   | TPR    | FPR    | TrTPR  | TrFPR  | MacroTPR | MacroFPR | Regions | TauMean | ms    | OK? 
---------------------------------------------------------------------------------------------------------------------
Cosine                   | 0.4134 | 0.0441 | 0.4427 | 0.0500 | 0.3953   | 0.0585   | 877     | 0.9668  | 131.1 | PASS
AndBox-HC                | 0.3402 | 0.0449 | 0.3710 | 0.0500 | 0.3420   | 0.0554   | 877     | 0.0000  | 79.7  | PASS
PCAWhitenedCosine        | 0.4504 | 0.0378 | 0.5073 | 0.0500 | 0.3843   | 0.0623   | 877     | 1.0990  | 108.1 | PASS
Vec (Wgt)                | 0.4520 | 0.0409 | 0.4968 | 0.0500 | 0.4185   | 0.0607   | 877     | 0.9468  | 109.2 | PASS
Log Reg                  | 0.1677 | 0.0268 | 0.1952 | 0.0500 | 0.1583   | 0.0369   | 877     | 0.5057  | 130.1 | PASS
LDA                      | 0.4575 | 0.0465 | 0.5040 | 0.0500 | 0.3970   | 0.0703   | 877     | 5.5290  | 118.6 | PASS
Tiny MLP                 | 0.4583 | 0.0346 | 0.5145 | 0.0500 | 0.3961   | 0.0581   | 877     | 0.8757  | 603.8 | PASS
MultiProtoCosine         | 0.0717 | 0.0394 | 0.0806 | 0.0500 | 0.0610   | 0.0406   | 877     | 0.9246  | 131.5 | PASS
WeightedEnsemble         | 0.4898 | 0.0394 | 0.5476 | 0.0500 | 0.4286   | 0.0645   | 877     | 1.1500  | 673.6 | PASS
XGBoost                  | 0.4646 | 0.0488 | 0.4960 | 0.0500 | 0.4308   | 0.0631   | 877     | 0.7103  | 92.7  | PASS
LDA1+LogReg              | 0.1677 | 0.0268 | 0.1960 | 0.0500 | 0.1583   | 0.0369   | 877     | 0.5056  | 123.6 | PASS
PCA16+LogReg             | 0.1606 | 0.0252 | 0.1879 | 0.0500 | 0.1483   | 0.0342   | 877     | 0.5057  | 132.5 | PASS
PCA32+LogReg             | 0.1685 | 0.0260 | 0.1952 | 0.0500 | 0.1595   | 0.0361   | 877     | 0.5055  | 138.0 | PASS
PCA16+VecWeighted        | 0.0787 | 0.0386 | 0.1016 | 0.0500 | 0.0683   | 0.0403   | 877     | 0.0284  | 129.2 | PASS
PCA32+VecWeighted        | 0.0740 | 0.0488 | 0.0879 | 0.0500 | 0.0618   | 0.0477   | 877     | 0.0319  | 134.0 | PASS
StabilizedWhitenedCosine | 0.4465 | 0.0378 | 0.4879 | 0.0500 | 0.3868   | 0.0618   | 877     | 1.0244  | 123.0 | PASS

[trial=10 seed=53] GLOBAL mode — total_samples=200000
  total: h0=82063 h1=15019
  pooled_train:  n0=500 n1=500
  pooled_calib:  n0=1240 n1=1240
  pooled_eval:   n0=1270 n1=1270
  regions (for macro stats only): 1103
[INFO] Cosine baseline routed to direct Hadamard sum (PrecomputedCosine)
[INFO] WeightedEnsemble Cosine judge routed to direct Hadamard sum
  [Ensemble] Judges routed to 'alt' input: PrecomputedCosine
[WeightedEnsemble] Fitted weights (alpha=0.0500, external calib):
  tau=0.7655, Pooled external calib: TPR=0.5565, FPR=0.0500
  PrecomputedCosine   : +0.1369
  PCAWhitenedCosine   : +0.3322
  XGBoost             : +0.4468
  Tiny MLP            : +0.0732
  LDA                 : +0.0110

Method                   | TPR    | FPR    | TrTPR  | TrFPR  | MacroTPR | MacroFPR | Regions | TauMean | ms    | OK? 
---------------------------------------------------------------------------------------------------------------------
Cosine                   | 0.4961 | 0.0661 | 0.4669 | 0.0500 | 0.4356   | 0.0984   | 867     | 0.9578  | 131.4 | FAIL
AndBox-HC                | 0.4323 | 0.0583 | 0.4089 | 0.0500 | 0.3889   | 0.0852   | 867     | 0.0000  | 70.2  | FAIL
PCAWhitenedCosine        | 0.5307 | 0.0638 | 0.5202 | 0.0500 | 0.4381   | 0.0902   | 867     | 0.8721  | 107.3 | FAIL
Vec (Wgt)                | 0.5283 | 0.0551 | 0.5097 | 0.0500 | 0.4694   | 0.0870   | 867     | 0.9450  | 110.1 | FAIL
Log Reg                  | 0.2654 | 0.0606 | 0.2573 | 0.0500 | 0.2289   | 0.0744   | 867     | 0.5051  | 139.1 | FAIL
LDA                      | 0.4819 | 0.0441 | 0.4573 | 0.0500 | 0.3906   | 0.0633   | 867     | 5.1210  | 125.3 | PASS
Tiny MLP                 | 0.5354 | 0.0520 | 0.5169 | 0.0500 | 0.4471   | 0.0760   | 867     | 0.8464  | 602.8 | FAIL
MultiProtoCosine         | 0.1047 | 0.0646 | 0.0968 | 0.0500 | 0.0790   | 0.0730   | 867     | 0.9200  | 130.1 | FAIL
WeightedEnsemble         | 0.5819 | 0.0630 | 0.5565 | 0.0500 | 0.4893   | 0.0890   | 867     | 0.7655  | 660.7 | FAIL
XGBoost                  | 0.5016 | 0.0622 | 0.4790 | 0.0500 | 0.4290   | 0.0849   | 867     | 0.7162  | 88.2  | FAIL
LDA1+LogReg              | 0.2661 | 0.0614 | 0.2573 | 0.0500 | 0.2299   | 0.0749   | 867     | 0.5050  | 119.0 | FAIL
PCA16+LogReg             | 0.2717 | 0.0630 | 0.2605 | 0.0500 | 0.2323   | 0.0765   | 867     | 0.5049  | 128.8 | FAIL
PCA32+LogReg             | 0.2701 | 0.0646 | 0.2589 | 0.0500 | 0.2337   | 0.0774   | 867     | 0.5049  | 134.0 | FAIL
PCA16+VecWeighted        | 0.0953 | 0.0346 | 0.0815 | 0.0500 | 0.0794   | 0.0464   | 867     | 0.0304  | 129.1 | PASS
PCA32+VecWeighted        | 0.0622 | 0.0362 | 0.0806 | 0.0500 | 0.0567   | 0.0476   | 867     | 0.0382  | 130.7 | PASS
StabilizedWhitenedCosine | 0.5488 | 0.0591 | 0.5153 | 0.0500 | 0.4493   | 0.0853   | 867     | 0.8891  | 119.2 | FAIL

[trial=11 seed=54] GLOBAL mode — total_samples=200000
  total: h0=82063 h1=15019
  pooled_train:  n0=500 n1=500
  pooled_calib:  n0=1240 n1=1240
  pooled_eval:   n0=1270 n1=1270
  regions (for macro stats only): 1103
[INFO] Cosine baseline routed to direct Hadamard sum (PrecomputedCosine)
[INFO] WeightedEnsemble Cosine judge routed to direct Hadamard sum
  [Ensemble] Judges routed to 'alt' input: PrecomputedCosine
[WeightedEnsemble] Fitted weights (alpha=0.0500, external calib):
  tau=0.8383, Pooled external calib: TPR=0.5694, FPR=0.0500
  PrecomputedCosine   : +0.1369
  PCAWhitenedCosine   : +0.3322
  XGBoost             : +0.4468
  Tiny MLP            : +0.0732
  LDA                 : +0.0110

Method                   | TPR    | FPR    | TrTPR  | TrFPR  | MacroTPR | MacroFPR | Regions | TauMean | ms    | OK? 
---------------------------------------------------------------------------------------------------------------------
Cosine                   | 0.4811 | 0.0567 | 0.4871 | 0.0500 | 0.4533   | 0.0841   | 842     | 0.9526  | 158.1 | FAIL
AndBox-HC                | 0.5016 | 0.0685 | 0.5113 | 0.0500 | 0.4776   | 0.0979   | 842     | 0.0000  | 64.8  | FAIL
PCAWhitenedCosine        | 0.5409 | 0.0520 | 0.5427 | 0.0500 | 0.4387   | 0.0771   | 842     | 1.0080  | 102.8 | FAIL
Vec (Wgt)                | 0.5307 | 0.0622 | 0.5347 | 0.0500 | 0.4994   | 0.0962   | 842     | 0.9335  | 104.1 | FAIL
Log Reg                  | 0.2787 | 0.0575 | 0.2718 | 0.0500 | 0.2463   | 0.0820   | 842     | 0.5041  | 120.9 | FAIL
LDA                      | 0.4827 | 0.0567 | 0.4831 | 0.0500 | 0.3921   | 0.0859   | 842     | 6.0110  | 109.0 | FAIL
Tiny MLP                 | 0.5252 | 0.0567 | 0.5242 | 0.0500 | 0.4333   | 0.0814   | 842     | 0.8904  | 600.2 | FAIL
MultiProtoCosine         | 0.0882 | 0.0496 | 0.1177 | 0.0500 | 0.0785   | 0.0589   | 842     | 0.9209  | 123.5 | PASS
WeightedEnsemble         | 0.5614 | 0.0575 | 0.5694 | 0.0500 | 0.4713   | 0.0857   | 842     | 0.8383  | 661.3 | FAIL
XGBoost                  | 0.5228 | 0.0575 | 0.5089 | 0.0500 | 0.4798   | 0.0822   | 842     | 0.7070  | 89.8  | FAIL
LDA1+LogReg              | 0.2795 | 0.0575 | 0.2742 | 0.0500 | 0.2483   | 0.0820   | 842     | 0.5040  | 115.0 | FAIL
PCA16+LogReg             | 0.2709 | 0.0575 | 0.2637 | 0.0500 | 0.2337   | 0.0789   | 842     | 0.5041  | 124.9 | FAIL
PCA32+LogReg             | 0.2748 | 0.0583 | 0.2669 | 0.0500 | 0.2434   | 0.0816   | 842     | 0.5040  | 127.8 | FAIL
PCA16+VecWeighted        | 0.1622 | 0.0528 | 0.1565 | 0.0500 | 0.1272   | 0.0665   | 842     | 0.0222  | 122.6 | FAIL
PCA32+VecWeighted        | 0.1614 | 0.0496 | 0.1645 | 0.0500 | 0.1181   | 0.0526   | 842     | 0.0298  | 125.6 | PASS
StabilizedWhitenedCosine | 0.5677 | 0.0598 | 0.5419 | 0.0500 | 0.4791   | 0.0873   | 842     | 0.8585  | 118.4 | FAIL

[trial=12 seed=55] GLOBAL mode — total_samples=200000
  total: h0=82063 h1=15019
  pooled_train:  n0=500 n1=500
  pooled_calib:  n0=1240 n1=1240
  pooled_eval:   n0=1270 n1=1270
  regions (for macro stats only): 1103
[INFO] Cosine baseline routed to direct Hadamard sum (PrecomputedCosine)
[INFO] WeightedEnsemble Cosine judge routed to direct Hadamard sum
  [Ensemble] Judges routed to 'alt' input: PrecomputedCosine
[WeightedEnsemble] Fitted weights (alpha=0.0500, external calib):
  tau=0.8794, Pooled external calib: TPR=0.5242, FPR=0.0500
  PrecomputedCosine   : +0.1369
  PCAWhitenedCosine   : +0.3322
  XGBoost             : +0.4468
  Tiny MLP            : +0.0732
  LDA                 : +0.0110

Method                   | TPR    | FPR    | TrTPR  | TrFPR  | MacroTPR | MacroFPR | Regions | TauMean | ms    | OK? 
---------------------------------------------------------------------------------------------------------------------
Cosine                   | 0.4583 | 0.0520 | 0.4532 | 0.0500 | 0.4217   | 0.0770   | 854     | 0.9634  | 246.6 | FAIL
AndBox-HC                | 0.3543 | 0.0394 | 0.3589 | 0.0500 | 0.3420   | 0.0513   | 854     | 0.0000  | 73.5  | PASS
PCAWhitenedCosine        | 0.4780 | 0.0480 | 0.4887 | 0.0500 | 0.3771   | 0.0677   | 854     | 1.1113  | 103.4 | PASS
Vec (Wgt)                | 0.5039 | 0.0512 | 0.5089 | 0.0500 | 0.4598   | 0.0781   | 854     | 0.9468  | 104.0 | FAIL
Log Reg                  | 0.2283 | 0.0465 | 0.2161 | 0.0484 | 0.1929   | 0.0675   | 854     | 0.5047  | 120.3 | PASS
LDA                      | 0.4559 | 0.0354 | 0.4234 | 0.0500 | 0.3556   | 0.0476   | 854     | 6.0673  | 109.3 | PASS
Tiny MLP                 | 0.4898 | 0.0449 | 0.4863 | 0.0500 | 0.3860   | 0.0621   | 854     | 0.8966  | 507.2 | PASS
MultiProtoCosine         | 0.1102 | 0.0488 | 0.0976 | 0.0500 | 0.0747   | 0.0596   | 854     | 0.9240  | 125.8 | PASS
WeightedEnsemble         | 0.5252 | 0.0488 | 0.5242 | 0.0500 | 0.4227   | 0.0704   | 854     | 0.8794  | 566.8 | PASS
XGBoost                  | 0.5150 | 0.0488 | 0.5129 | 0.0500 | 0.4578   | 0.0713   | 854     | 0.7055  | 86.8  | PASS
LDA1+LogReg              | 0.2197 | 0.0417 | 0.2105 | 0.0468 | 0.1855   | 0.0621   | 854     | 0.5048  | 113.6 | PASS
PCA16+LogReg             | 0.2205 | 0.0433 | 0.2065 | 0.0500 | 0.1875   | 0.0666   | 854     | 0.5049  | 127.0 | PASS
PCA32+LogReg             | 0.2354 | 0.0465 | 0.2242 | 0.0500 | 0.2006   | 0.0680   | 854     | 0.5046  | 130.4 | PASS
PCA16+VecWeighted        | 0.0528 | 0.0496 | 0.0419 | 0.0500 | 0.0461   | 0.0487   | 854     | 0.0297  | 122.2 | PASS
PCA32+VecWeighted        | 0.0488 | 0.0583 | 0.0419 | 0.0500 | 0.0474   | 0.0544   | 854     | 0.0333  | 126.6 | FAIL
StabilizedWhitenedCosine | 0.5094 | 0.0496 | 0.5145 | 0.0500 | 0.4134   | 0.0677   | 854     | 1.0030  | 114.1 | PASS

[trial=13 seed=56] GLOBAL mode — total_samples=200000
  total: h0=82063 h1=15019
  pooled_train:  n0=500 n1=500
  pooled_calib:  n0=1240 n1=1240
  pooled_eval:   n0=1270 n1=1270
  regions (for macro stats only): 1103
[INFO] Cosine baseline routed to direct Hadamard sum (PrecomputedCosine)
[INFO] WeightedEnsemble Cosine judge routed to direct Hadamard sum
  [Ensemble] Judges routed to 'alt' input: PrecomputedCosine
[WeightedEnsemble] Fitted weights (alpha=0.0500, external calib):
  tau=0.9021, Pooled external calib: TPR=0.5145, FPR=0.0500
  PrecomputedCosine   : +0.4364
  PCAWhitenedCosine   : +0.0571
  XGBoost             : +0.1048
  Tiny MLP            : +0.3819
  LDA                 : +0.0199

Method                   | TPR    | FPR    | TrTPR  | TrFPR  | MacroTPR | MacroFPR | Regions | TauMean | ms    | OK? 
---------------------------------------------------------------------------------------------------------------------
Cosine                   | 0.4591 | 0.0472 | 0.4371 | 0.0500 | 0.4210   | 0.0668   | 867     | 0.9615  | 98.7  | PASS
AndBox-HC                | 0.4488 | 0.0504 | 0.4194 | 0.0500 | 0.4043   | 0.0709   | 867     | 0.0000  | 68.8  | FAIL
PCAWhitenedCosine        | 0.4937 | 0.0457 | 0.4726 | 0.0500 | 0.4118   | 0.0639   | 867     | 0.9900  | 81.0  | PASS
Vec (Wgt)                | 0.4898 | 0.0441 | 0.4855 | 0.0500 | 0.4404   | 0.0642   | 867     | 0.9463  | 105.2 | PASS
Log Reg                  | 0.2858 | 0.0528 | 0.2855 | 0.0500 | 0.2431   | 0.0760   | 867     | 0.5036  | 125.6 | FAIL
LDA                      | 0.4606 | 0.0480 | 0.4411 | 0.0500 | 0.3639   | 0.0635   | 867     | 5.8060  | 110.6 | PASS
Tiny MLP                 | 0.5228 | 0.0433 | 0.5008 | 0.0500 | 0.4317   | 0.0590   | 867     | 0.7926  | 506.3 | PASS
MultiProtoCosine         | 0.0685 | 0.0457 | 0.0669 | 0.0500 | 0.0620   | 0.0538   | 867     | 0.9249  | 130.0 | PASS
WeightedEnsemble         | 0.5386 | 0.0504 | 0.5145 | 0.0500 | 0.4567   | 0.0683   | 867     | 0.9021  | 568.5 | FAIL
XGBoost                  | 0.4850 | 0.0535 | 0.4694 | 0.0500 | 0.4290   | 0.0737   | 867     | 0.7198  | 87.4  | FAIL
LDA1+LogReg              | 0.2898 | 0.0528 | 0.2887 | 0.0500 | 0.2467   | 0.0760   | 867     | 0.5035  | 117.4 | FAIL
PCA16+LogReg             | 0.2866 | 0.0528 | 0.2790 | 0.0500 | 0.2421   | 0.0769   | 867     | 0.5035  | 129.3 | FAIL
PCA32+LogReg             | 0.2906 | 0.0512 | 0.2911 | 0.0500 | 0.2479   | 0.0748   | 867     | 0.5035  | 132.8 | FAIL
PCA16+VecWeighted        | 0.0047 | 0.0402 | 0.0032 | 0.0500 | 0.0080   | 0.0360   | 867     | 0.0362  | 126.3 | PASS
PCA32+VecWeighted        | 0.0150 | 0.0488 | 0.0137 | 0.0500 | 0.0231   | 0.0556   | 867     | 0.0377  | 128.1 | PASS
StabilizedWhitenedCosine | 0.5118 | 0.0449 | 0.5073 | 0.0500 | 0.4200   | 0.0666   | 867     | 0.8656  | 119.2 | PASS

[trial=14 seed=57] GLOBAL mode — total_samples=200000
  total: h0=82063 h1=15019
  pooled_train:  n0=500 n1=500
  pooled_calib:  n0=1240 n1=1240
  pooled_eval:   n0=1270 n1=1270
  regions (for macro stats only): 1103
[INFO] Cosine baseline routed to direct Hadamard sum (PrecomputedCosine)
[INFO] WeightedEnsemble Cosine judge routed to direct Hadamard sum
  [Ensemble] Judges routed to 'alt' input: PrecomputedCosine
[WeightedEnsemble] Fitted weights (alpha=0.0500, external calib):
  tau=0.9506, Pooled external calib: TPR=0.5097, FPR=0.0500
  PrecomputedCosine   : +0.4364
  PCAWhitenedCosine   : +0.0571
  XGBoost             : +0.1048
  Tiny MLP            : +0.3819
  LDA                 : +0.0199

Method                   | TPR    | FPR    | TrTPR  | TrFPR  | MacroTPR | MacroFPR | Regions | TauMean | ms    | OK? 
---------------------------------------------------------------------------------------------------------------------
Cosine                   | 0.4906 | 0.0488 | 0.4637 | 0.0500 | 0.4480   | 0.0753   | 855     | 0.9562  | 111.3 | PASS
AndBox-HC                | 0.4283 | 0.0472 | 0.4129 | 0.0500 | 0.3873   | 0.0704   | 855     | 0.0000  | 65.0  | PASS
PCAWhitenedCosine        | 0.4748 | 0.0402 | 0.4629 | 0.0500 | 0.3695   | 0.0613   | 855     | 1.1056  | 102.4 | PASS
Vec (Wgt)                | 0.5189 | 0.0520 | 0.5016 | 0.0500 | 0.4612   | 0.0781   | 855     | 0.9440  | 102.5 | FAIL
Log Reg                  | 0.2299 | 0.0591 | 0.2484 | 0.0500 | 0.2062   | 0.0723   | 855     | 0.5048  | 121.2 | FAIL
LDA                      | 0.4992 | 0.0559 | 0.4621 | 0.0500 | 0.4118   | 0.0764   | 855     | 5.1772  | 108.9 | FAIL
Tiny MLP                 | 0.5000 | 0.0409 | 0.4782 | 0.0500 | 0.4035   | 0.0651   | 855     | 0.8739  | 592.3 | PASS
MultiProtoCosine         | 0.1024 | 0.0614 | 0.0927 | 0.0500 | 0.0723   | 0.0662   | 855     | 0.9215  | 123.3 | FAIL
WeightedEnsemble         | 0.5283 | 0.0472 | 0.5097 | 0.0500 | 0.4369   | 0.0737   | 855     | 0.9506  | 653.9 | PASS
XGBoost                  | 0.4472 | 0.0449 | 0.4315 | 0.0500 | 0.3865   | 0.0706   | 855     | 0.7524  | 88.1  | PASS
LDA1+LogReg              | 0.2291 | 0.0583 | 0.2484 | 0.0500 | 0.2058   | 0.0720   | 855     | 0.5048  | 112.9 | FAIL
PCA16+LogReg             | 0.2339 | 0.0567 | 0.2492 | 0.0500 | 0.2059   | 0.0703   | 855     | 0.5047  | 125.2 | FAIL
PCA32+LogReg             | 0.2276 | 0.0583 | 0.2492 | 0.0500 | 0.2054   | 0.0715   | 855     | 0.5047  | 128.3 | FAIL
PCA16+VecWeighted        | 0.1299 | 0.0496 | 0.1548 | 0.0500 | 0.1218   | 0.0710   | 855     | 0.0248  | 121.2 | PASS
PCA32+VecWeighted        | 0.1047 | 0.0512 | 0.1258 | 0.0500 | 0.1003   | 0.0713   | 855     | 0.0311  | 124.4 | FAIL
StabilizedWhitenedCosine | 0.5024 | 0.0457 | 0.4847 | 0.0500 | 0.4087   | 0.0676   | 855     | 0.9465  | 113.8 | PASS

[trial=15 seed=58] GLOBAL mode — total_samples=200000
  total: h0=82063 h1=15019
  pooled_train:  n0=500 n1=500
  pooled_calib:  n0=1240 n1=1240
  pooled_eval:   n0=1270 n1=1270
  regions (for macro stats only): 1103
[INFO] Cosine baseline routed to direct Hadamard sum (PrecomputedCosine)
[INFO] WeightedEnsemble Cosine judge routed to direct Hadamard sum
  [Ensemble] Judges routed to 'alt' input: PrecomputedCosine
[WeightedEnsemble] Fitted weights (alpha=0.0500, external calib):
  tau=0.8432, Pooled external calib: TPR=0.5629, FPR=0.0500
  PrecomputedCosine   : +0.2204
  PCAWhitenedCosine   : +0.3145
  XGBoost             : +0.1972
  Tiny MLP            : +0.2559
  LDA                 : +0.0120

Method                   | TPR    | FPR    | TrTPR  | TrFPR  | MacroTPR | MacroFPR | Regions | TauMean | ms    | OK? 
---------------------------------------------------------------------------------------------------------------------
Cosine                   | 0.4976 | 0.0622 | 0.4863 | 0.0500 | 0.4640   | 0.0871   | 846     | 0.9499  | 104.6 | FAIL
AndBox-HC                | 0.4732 | 0.0614 | 0.4629 | 0.0500 | 0.4440   | 0.0881   | 846     | -0.0000 | 63.1  | FAIL
PCAWhitenedCosine        | 0.5457 | 0.0677 | 0.5379 | 0.0500 | 0.4432   | 0.0904   | 846     | 0.8752  | 101.0 | FAIL
Vec (Wgt)                | 0.5370 | 0.0677 | 0.5339 | 0.0500 | 0.4993   | 0.0976   | 846     | 0.9332  | 101.8 | FAIL
Log Reg                  | 0.3339 | 0.0559 | 0.3218 | 0.0500 | 0.2678   | 0.0789   | 846     | 0.5028  | 118.7 | FAIL
LDA                      | 0.4913 | 0.0583 | 0.4806 | 0.0484 | 0.4019   | 0.0711   | 846     | 5.1902  | 107.4 | FAIL
Tiny MLP                 | 0.5346 | 0.0598 | 0.5282 | 0.0500 | 0.4342   | 0.0815   | 846     | 0.8414  | 595.4 | FAIL
MultiProtoCosine         | 0.0898 | 0.0677 | 0.0815 | 0.0500 | 0.0710   | 0.0716   | 846     | 0.9214  | 120.6 | FAIL
WeightedEnsemble         | 0.5677 | 0.0669 | 0.5629 | 0.0500 | 0.4739   | 0.0922   | 846     | 0.8432  | 652.7 | FAIL
XGBoost                  | 0.5268 | 0.0717 | 0.5226 | 0.0500 | 0.4677   | 0.0970   | 846     | 0.6827  | 85.7  | FAIL
LDA1+LogReg              | 0.3386 | 0.0567 | 0.3274 | 0.0500 | 0.2712   | 0.0792   | 846     | 0.5028  | 110.9 | FAIL
PCA16+LogReg             | 0.3598 | 0.0622 | 0.3500 | 0.0500 | 0.2819   | 0.0817   | 846     | 0.5027  | 121.8 | FAIL
PCA32+LogReg             | 0.3646 | 0.0614 | 0.3540 | 0.0500 | 0.2871   | 0.0832   | 846     | 0.5027  | 125.0 | FAIL
PCA16+VecWeighted        | 0.1346 | 0.0622 | 0.1161 | 0.0500 | 0.1077   | 0.0423   | 846     | 0.0266  | 118.2 | FAIL
PCA32+VecWeighted        | 0.1488 | 0.0614 | 0.1355 | 0.0500 | 0.1211   | 0.0492   | 846     | 0.0284  | 121.5 | FAIL
StabilizedWhitenedCosine | 0.5614 | 0.0638 | 0.5573 | 0.0500 | 0.4665   | 0.0925   | 846     | 0.7832  | 111.9 | FAIL

[trial=16 seed=59] GLOBAL mode — total_samples=200000
  total: h0=82063 h1=15019
  pooled_train:  n0=500 n1=500
  pooled_calib:  n0=1240 n1=1240
  pooled_eval:   n0=1270 n1=1270
  regions (for macro stats only): 1103
[INFO] Cosine baseline routed to direct Hadamard sum (PrecomputedCosine)
[INFO] WeightedEnsemble Cosine judge routed to direct Hadamard sum
  [Ensemble] Judges routed to 'alt' input: PrecomputedCosine
[WeightedEnsemble] Fitted weights (alpha=0.0500, external calib):
  tau=0.8537, Pooled external calib: TPR=0.5508, FPR=0.0500
  PrecomputedCosine   : +0.3209
  PCAWhitenedCosine   : +0.3118
  XGBoost             : +0.3183
  Tiny MLP            : +0.0373
  LDA                 : +0.0115

Method                   | TPR    | FPR    | TrTPR  | TrFPR  | MacroTPR | MacroFPR | Regions | TauMean | ms    | OK? 
---------------------------------------------------------------------------------------------------------------------
Cosine                   | 0.4606 | 0.0559 | 0.4750 | 0.0500 | 0.4179   | 0.0815   | 848     | 0.9585  | 107.3 | FAIL
AndBox-HC                | 0.4276 | 0.0535 | 0.4234 | 0.0492 | 0.3799   | 0.0771   | 848     | 0.0000  | 65.6  | FAIL
PCAWhitenedCosine        | 0.4882 | 0.0551 | 0.4919 | 0.0500 | 0.4025   | 0.0739   | 848     | 0.9321  | 104.5 | FAIL
Vec (Wgt)                | 0.4858 | 0.0591 | 0.4968 | 0.0500 | 0.4333   | 0.0854   | 848     | 0.9474  | 174.7 | FAIL
Log Reg                  | 0.2394 | 0.0480 | 0.2492 | 0.0500 | 0.2031   | 0.0737   | 848     | 0.5044  | 130.2 | PASS
LDA                      | 0.4787 | 0.0543 | 0.4871 | 0.0500 | 0.3892   | 0.0755   | 848     | 4.9167  | 111.7 | FAIL
Tiny MLP                 | 0.4984 | 0.0543 | 0.5169 | 0.0500 | 0.4150   | 0.0744   | 848     | 0.8329  | 655.0 | FAIL
MultiProtoCosine         | 0.0732 | 0.0449 | 0.0855 | 0.0500 | 0.0565   | 0.0486   | 848     | 0.9224  | 136.0 | PASS
WeightedEnsemble         | 0.5236 | 0.0598 | 0.5508 | 0.0500 | 0.4348   | 0.0819   | 848     | 0.8537  | 572.6 | FAIL
XGBoost                  | 0.4898 | 0.0472 | 0.5008 | 0.0500 | 0.4236   | 0.0677   | 848     | 0.7062  | 89.0  | PASS
LDA1+LogReg              | 0.2417 | 0.0488 | 0.2524 | 0.0500 | 0.2044   | 0.0741   | 848     | 0.5043  | 114.8 | PASS
PCA16+LogReg             | 0.2496 | 0.0496 | 0.2524 | 0.0500 | 0.2040   | 0.0744   | 848     | 0.5043  | 126.7 | PASS
PCA32+LogReg             | 0.2354 | 0.0457 | 0.2419 | 0.0500 | 0.1965   | 0.0723   | 848     | 0.5044  | 130.1 | PASS
PCA16+VecWeighted        | 0.0937 | 0.0559 | 0.1153 | 0.0500 | 0.0921   | 0.0346   | 848     | 0.0283  | 122.8 | FAIL
PCA32+VecWeighted        | 0.1220 | 0.0480 | 0.1339 | 0.0500 | 0.1305   | 0.0434   | 848     | 0.0296  | 125.7 | PASS
StabilizedWhitenedCosine | 0.4748 | 0.0567 | 0.4895 | 0.0500 | 0.4047   | 0.0800   | 848     | 0.9118  | 113.8 | FAIL

[trial=17 seed=60] GLOBAL mode — total_samples=200000
  total: h0=82063 h1=15019
  pooled_train:  n0=500 n1=500
  pooled_calib:  n0=1240 n1=1240
  pooled_eval:   n0=1270 n1=1270
  regions (for macro stats only): 1103
[INFO] Cosine baseline routed to direct Hadamard sum (PrecomputedCosine)
[INFO] WeightedEnsemble Cosine judge routed to direct Hadamard sum
  [Ensemble] Judges routed to 'alt' input: PrecomputedCosine
[WeightedEnsemble] Fitted weights (alpha=0.0500, external calib):
  tau=0.8259, Pooled external calib: TPR=0.5347, FPR=0.0500
  PrecomputedCosine   : +0.2610
  PCAWhitenedCosine   : +0.2348
  XGBoost             : +0.2127
  Tiny MLP            : +0.2846
  LDA                 : +0.0070

Method                   | TPR    | FPR    | TrTPR  | TrFPR  | MacroTPR | MacroFPR | Regions | TauMean | ms    | OK? 
---------------------------------------------------------------------------------------------------------------------
Cosine                   | 0.4803 | 0.0496 | 0.4677 | 0.0500 | 0.4423   | 0.0684   | 842     | 0.9616  | 108.9 | PASS
AndBox-HC                | 0.4260 | 0.0488 | 0.4113 | 0.0500 | 0.4017   | 0.0672   | 842     | 0.0000  | 64.1  | PASS
PCAWhitenedCosine        | 0.5252 | 0.0496 | 0.5202 | 0.0500 | 0.4229   | 0.0768   | 842     | 0.8171  | 102.9 | PASS
Vec (Wgt)                | 0.5063 | 0.0465 | 0.4944 | 0.0500 | 0.4544   | 0.0651   | 842     | 0.9505  | 104.7 | PASS
Log Reg                  | 0.2465 | 0.0417 | 0.2556 | 0.0500 | 0.2154   | 0.0587   | 842     | 0.5043  | 129.3 | PASS
LDA                      | 0.4764 | 0.0425 | 0.4879 | 0.0500 | 0.3718   | 0.0669   | 842     | 5.4118  | 109.3 | PASS
Tiny MLP                 | 0.5378 | 0.0425 | 0.5274 | 0.0500 | 0.4241   | 0.0695   | 842     | 0.8245  | 504.9 | PASS
MultiProtoCosine         | 0.0701 | 0.0512 | 0.0710 | 0.0500 | 0.0659   | 0.0617   | 842     | 0.9223  | 127.5 | FAIL
WeightedEnsemble         | 0.5346 | 0.0449 | 0.5347 | 0.0500 | 0.4365   | 0.0698   | 842     | 0.8259  | 562.9 | PASS
XGBoost                  | 0.4858 | 0.0441 | 0.4677 | 0.0500 | 0.4324   | 0.0639   | 842     | 0.7074  | 88.1  | PASS
LDA1+LogReg              | 0.2488 | 0.0417 | 0.2565 | 0.0500 | 0.2182   | 0.0587   | 842     | 0.5042  | 116.6 | PASS
PCA16+LogReg             | 0.2386 | 0.0378 | 0.2411 | 0.0500 | 0.2080   | 0.0560   | 842     | 0.5042  | 124.6 | PASS
PCA32+LogReg             | 0.2520 | 0.0409 | 0.2556 | 0.0500 | 0.2208   | 0.0584   | 842     | 0.5042  | 133.4 | PASS
PCA16+VecWeighted        | 0.0874 | 0.0559 | 0.1024 | 0.0500 | 0.0754   | 0.0440   | 842     | 0.0278  | 122.5 | FAIL
PCA32+VecWeighted        | 0.0945 | 0.0622 | 0.1008 | 0.0500 | 0.0714   | 0.0598   | 842     | 0.0341  | 125.2 | FAIL
StabilizedWhitenedCosine | 0.5126 | 0.0433 | 0.5161 | 0.0500 | 0.4215   | 0.0669   | 842     | 0.8334  | 118.4 | PASS

[trial=18 seed=61] GLOBAL mode — total_samples=200000
  total: h0=82063 h1=15019
  pooled_train:  n0=500 n1=500
  pooled_calib:  n0=1240 n1=1240
  pooled_eval:   n0=1270 n1=1270
  regions (for macro stats only): 1103
[INFO] Cosine baseline routed to direct Hadamard sum (PrecomputedCosine)
[INFO] WeightedEnsemble Cosine judge routed to direct Hadamard sum
  [Ensemble] Judges routed to 'alt' input: PrecomputedCosine
[WeightedEnsemble] Fitted weights (alpha=0.0500, external calib):
  tau=0.8867, Pooled external calib: TPR=0.5944, FPR=0.0500
  PrecomputedCosine   : +0.4364
  PCAWhitenedCosine   : +0.0571
  XGBoost             : +0.1048
  Tiny MLP            : +0.3819
  LDA                 : +0.0199

Method                   | TPR    | FPR    | TrTPR  | TrFPR  | MacroTPR | MacroFPR | Regions | TauMean | ms    | OK? 
---------------------------------------------------------------------------------------------------------------------
Cosine                   | 0.4543 | 0.0622 | 0.4758 | 0.0500 | 0.4097   | 0.0900   | 853     | 0.9530  | 89.1  | FAIL
AndBox-HC                | 0.4244 | 0.0654 | 0.4403 | 0.0500 | 0.3838   | 0.0963   | 853     | 0.0000  | 67.2  | FAIL
PCAWhitenedCosine        | 0.5181 | 0.0559 | 0.5371 | 0.0500 | 0.4133   | 0.0834   | 853     | 0.9786  | 61.5  | FAIL
Vec (Wgt)                | 0.5102 | 0.0614 | 0.5242 | 0.0500 | 0.4609   | 0.0910   | 853     | 0.9292  | 95.9  | FAIL
Log Reg                  | 0.2685 | 0.0528 | 0.2726 | 0.0500 | 0.2316   | 0.0765   | 853     | 0.5041  | 121.9 | FAIL
LDA                      | 0.4701 | 0.0480 | 0.5161 | 0.0476 | 0.3813   | 0.0701   | 853     | 5.4740  | 112.1 | PASS
Tiny MLP                 | 0.5488 | 0.0661 | 0.5718 | 0.0500 | 0.4548   | 0.0955   | 853     | 0.8075  | 504.0 | FAIL
MultiProtoCosine         | 0.0764 | 0.0512 | 0.0758 | 0.0500 | 0.0601   | 0.0648   | 853     | 0.9219  | 126.8 | FAIL
WeightedEnsemble         | 0.5630 | 0.0646 | 0.5944 | 0.0500 | 0.4725   | 0.0951   | 853     | 0.8867  | 563.2 | FAIL
XGBoost                  | 0.5000 | 0.0543 | 0.5137 | 0.0500 | 0.4394   | 0.0743   | 853     | 0.6974  | 86.1  | FAIL
LDA1+LogReg              | 0.2685 | 0.0528 | 0.2750 | 0.0500 | 0.2316   | 0.0765   | 853     | 0.5040  | 114.4 | FAIL
PCA16+LogReg             | 0.2551 | 0.0512 | 0.2540 | 0.0500 | 0.2193   | 0.0727   | 853     | 0.5042  | 127.3 | FAIL
PCA32+LogReg             | 0.2669 | 0.0520 | 0.2685 | 0.0500 | 0.2310   | 0.0748   | 853     | 0.5040  | 128.7 | FAIL
PCA16+VecWeighted        | 0.0882 | 0.0543 | 0.0863 | 0.0500 | 0.0462   | 0.0455   | 853     | 0.0262  | 122.9 | FAIL
PCA32+VecWeighted        | 0.0819 | 0.0528 | 0.0839 | 0.0500 | 0.0450   | 0.0376   | 853     | 0.0307  | 124.8 | FAIL
StabilizedWhitenedCosine | 0.5575 | 0.0661 | 0.5540 | 0.0500 | 0.4576   | 0.0912   | 853     | 0.8211  | 113.5 | FAIL

[trial=19 seed=62] GLOBAL mode — total_samples=200000
  total: h0=82063 h1=15019
  pooled_train:  n0=500 n1=500
  pooled_calib:  n0=1240 n1=1240
  pooled_eval:   n0=1270 n1=1270
  regions (for macro stats only): 1103
[INFO] Cosine baseline routed to direct Hadamard sum (PrecomputedCosine)
[INFO] WeightedEnsemble Cosine judge routed to direct Hadamard sum
  [Ensemble] Judges routed to 'alt' input: PrecomputedCosine
[WeightedEnsemble] Fitted weights (alpha=0.0500, external calib):
  tau=0.9811, Pooled external calib: TPR=0.5629, FPR=0.0500
  PrecomputedCosine   : +0.5316
  PCAWhitenedCosine   : +0.2031
  XGBoost             : +0.0553
  Tiny MLP            : +0.1785
  LDA                 : +0.0315

Method                   | TPR    | FPR    | TrTPR  | TrFPR  | MacroTPR | MacroFPR | Regions | TauMean | ms    | OK? 
---------------------------------------------------------------------------------------------------------------------
Cosine                   | 0.5094 | 0.0701 | 0.5113 | 0.0500 | 0.4767   | 0.0957   | 848     | 0.9349  | 106.5 | FAIL
AndBox-HC                | 0.4661 | 0.0575 | 0.4935 | 0.0500 | 0.4347   | 0.0819   | 848     | 0.0001  | 68.8  | FAIL
PCAWhitenedCosine        | 0.5583 | 0.0591 | 0.5331 | 0.0500 | 0.4484   | 0.0868   | 848     | 0.9442  | 101.1 | FAIL
Vec (Wgt)                | 0.5370 | 0.0795 | 0.5460 | 0.0500 | 0.4924   | 0.1139   | 848     | 0.9246  | 101.1 | FAIL
Log Reg                  | 0.2268 | 0.0535 | 0.2129 | 0.0500 | 0.1903   | 0.0612   | 848     | 0.5058  | 115.5 | FAIL
LDA                      | 0.5402 | 0.0614 | 0.5153 | 0.0500 | 0.4464   | 0.0902   | 848     | 5.1574  | 106.1 | FAIL
Tiny MLP                 | 0.5709 | 0.0646 | 0.5516 | 0.0500 | 0.4550   | 0.0990   | 848     | 0.8467  | 505.6 | FAIL
MultiProtoCosine         | 0.0717 | 0.0583 | 0.0556 | 0.0500 | 0.0567   | 0.0604   | 848     | 0.9235  | 120.5 | FAIL
WeightedEnsemble         | 0.5756 | 0.0630 | 0.5629 | 0.0500 | 0.4723   | 0.0972   | 848     | 0.9811  | 559.9 | FAIL
XGBoost                  | 0.5331 | 0.0598 | 0.5258 | 0.0500 | 0.4694   | 0.0899   | 848     | 0.6956  | 87.0  | FAIL
LDA1+LogReg              | 0.2299 | 0.0551 | 0.2137 | 0.0500 | 0.1949   | 0.0638   | 848     | 0.5057  | 115.8 | FAIL
PCA16+LogReg             | 0.2236 | 0.0520 | 0.2129 | 0.0500 | 0.1893   | 0.0598   | 848     | 0.5057  | 124.5 | FAIL
PCA32+LogReg             | 0.2244 | 0.0535 | 0.2145 | 0.0500 | 0.1887   | 0.0624   | 848     | 0.5057  | 124.7 | FAIL
PCA16+VecWeighted        | 0.0661 | 0.0614 | 0.0597 | 0.0500 | 0.0581   | 0.0504   | 848     | 0.0334  | 118.9 | FAIL
PCA32+VecWeighted        | 0.0772 | 0.0764 | 0.0766 | 0.0500 | 0.0607   | 0.0639   | 848     | 0.0356  | 120.9 | FAIL
StabilizedWhitenedCosine | 0.5504 | 0.0598 | 0.5339 | 0.0500 | 0.4546   | 0.0886   | 848     | 0.9054  | 112.3 | FAIL

[trial=20 seed=63] GLOBAL mode — total_samples=200000
  total: h0=82063 h1=15019
  pooled_train:  n0=500 n1=500
  pooled_calib:  n0=1240 n1=1240
  pooled_eval:   n0=1270 n1=1270
  regions (for macro stats only): 1103
[INFO] Cosine baseline routed to direct Hadamard sum (PrecomputedCosine)
[INFO] WeightedEnsemble Cosine judge routed to direct Hadamard sum
  [Ensemble] Judges routed to 'alt' input: PrecomputedCosine
[WeightedEnsemble] Fitted weights (alpha=0.0500, external calib):
  tau=0.9329, Pooled external calib: TPR=0.5210, FPR=0.0500
  PrecomputedCosine   : +0.4364
  PCAWhitenedCosine   : +0.0571
  XGBoost             : +0.1048
  Tiny MLP            : +0.3819
  LDA                 : +0.0199

Method                   | TPR    | FPR    | TrTPR  | TrFPR  | MacroTPR | MacroFPR | Regions | TauMean | ms    | OK? 
---------------------------------------------------------------------------------------------------------------------
Cosine                   | 0.4614 | 0.0465 | 0.4565 | 0.0500 | 0.4180   | 0.0691   | 861     | 0.9669  | 118.3 | PASS
AndBox-HC                | 0.3425 | 0.0449 | 0.3581 | 0.0500 | 0.3169   | 0.0656   | 861     | 0.0000  | 63.8  | PASS
PCAWhitenedCosine        | 0.4693 | 0.0409 | 0.4677 | 0.0500 | 0.3844   | 0.0627   | 861     | 0.9424  | 102.7 | PASS
Vec (Wgt)                | 0.4921 | 0.0520 | 0.4879 | 0.0500 | 0.4293   | 0.0808   | 861     | 0.9571  | 103.3 | FAIL
Log Reg                  | 0.2142 | 0.0480 | 0.2258 | 0.0500 | 0.1848   | 0.0657   | 861     | 0.5049  | 120.7 | PASS
LDA                      | 0.4449 | 0.0551 | 0.4395 | 0.0500 | 0.3726   | 0.0757   | 861     | 5.5849  | 108.8 | FAIL
Tiny MLP                 | 0.5142 | 0.0567 | 0.5089 | 0.0500 | 0.4311   | 0.0848   | 861     | 0.8544  | 505.3 | FAIL
MultiProtoCosine         | 0.0748 | 0.0575 | 0.0766 | 0.0500 | 0.0551   | 0.0676   | 861     | 0.9229  | 125.6 | FAIL
WeightedEnsemble         | 0.5291 | 0.0488 | 0.5210 | 0.0500 | 0.4500   | 0.0742   | 861     | 0.9329  | 560.1 | PASS
XGBoost                  | 0.4535 | 0.0394 | 0.4516 | 0.0500 | 0.3789   | 0.0596   | 861     | 0.7244  | 85.1  | PASS
LDA1+LogReg              | 0.2150 | 0.0480 | 0.2290 | 0.0500 | 0.1867   | 0.0657   | 861     | 0.5048  | 115.6 | PASS
PCA16+LogReg             | 0.2157 | 0.0512 | 0.2266 | 0.0500 | 0.1874   | 0.0685   | 861     | 0.5047  | 128.6 | FAIL
PCA32+LogReg             | 0.2150 | 0.0504 | 0.2258 | 0.0500 | 0.1858   | 0.0666   | 861     | 0.5047  | 128.7 | FAIL
PCA16+VecWeighted        | 0.1449 | 0.0551 | 0.1565 | 0.0500 | 0.1314   | 0.0657   | 861     | 0.0254  | 123.6 | FAIL
PCA32+VecWeighted        | 0.1307 | 0.0583 | 0.1339 | 0.0500 | 0.1103   | 0.0682   | 861     | 0.0287  | 127.5 | FAIL
StabilizedWhitenedCosine | 0.4709 | 0.0457 | 0.4685 | 0.0500 | 0.3768   | 0.0697   | 861     | 0.9541  | 114.4 | PASS

[trial=21 seed=64] GLOBAL mode — total_samples=200000
  total: h0=82063 h1=15019
  pooled_train:  n0=500 n1=500
  pooled_calib:  n0=1240 n1=1240
  pooled_eval:   n0=1270 n1=1270
  regions (for macro stats only): 1103
[INFO] Cosine baseline routed to direct Hadamard sum (PrecomputedCosine)
[INFO] WeightedEnsemble Cosine judge routed to direct Hadamard sum
  [Ensemble] Judges routed to 'alt' input: PrecomputedCosine
[WeightedEnsemble] Fitted weights (alpha=0.0500, external calib):
  tau=0.8167, Pooled external calib: TPR=0.5790, FPR=0.0500
  PrecomputedCosine   : +0.0000
  PCAWhitenedCosine   : +0.0000
  XGBoost             : +0.0000
  Tiny MLP            : +1.0000
  LDA                 : +0.0000

Method                   | TPR    | FPR    | TrTPR  | TrFPR  | MacroTPR | MacroFPR | Regions | TauMean | ms    | OK? 
---------------------------------------------------------------------------------------------------------------------
Cosine                   | 0.4701 | 0.0457 | 0.4766 | 0.0500 | 0.4189   | 0.0691   | 855     | 0.9548  | 120.6 | PASS
AndBox-HC                | 0.4677 | 0.0465 | 0.4508 | 0.0500 | 0.4071   | 0.0631   | 855     | 0.0000  | 65.9  | PASS
PCAWhitenedCosine        | 0.5535 | 0.0567 | 0.5629 | 0.0500 | 0.4387   | 0.0831   | 855     | 0.9844  | 104.3 | FAIL
Vec (Wgt)                | 0.5283 | 0.0449 | 0.5306 | 0.0500 | 0.4620   | 0.0706   | 855     | 0.9367  | 104.4 | PASS
Log Reg                  | 0.2480 | 0.0472 | 0.2532 | 0.0500 | 0.1971   | 0.0702   | 855     | 0.5045  | 122.3 | PASS
LDA                      | 0.5189 | 0.0567 | 0.4960 | 0.0500 | 0.4072   | 0.0740   | 855     | 6.0281  | 110.0 | FAIL
Tiny MLP                 | 0.5756 | 0.0535 | 0.5790 | 0.0500 | 0.4601   | 0.0790   | 855     | 0.8167  | 506.3 | FAIL
MultiProtoCosine         | 0.1165 | 0.0504 | 0.1056 | 0.0500 | 0.0803   | 0.0612   | 855     | 0.9222  | 124.0 | FAIL
WeightedEnsemble         | 0.5756 | 0.0535 | 0.5790 | 0.0500 | 0.4601   | 0.0790   | 855     | 0.8167  | 560.8 | FAIL
XGBoost                  | 0.4874 | 0.0409 | 0.4895 | 0.0500 | 0.4074   | 0.0579   | 855     | 0.7220  | 86.1  | PASS
LDA1+LogReg              | 0.2488 | 0.0472 | 0.2540 | 0.0500 | 0.1976   | 0.0702   | 855     | 0.5045  | 112.3 | PASS
PCA16+LogReg             | 0.2402 | 0.0457 | 0.2444 | 0.0500 | 0.1914   | 0.0686   | 855     | 0.5045  | 125.3 | PASS
PCA32+LogReg             | 0.2504 | 0.0449 | 0.2589 | 0.0500 | 0.1992   | 0.0675   | 855     | 0.5044  | 133.0 | PASS
PCA16+VecWeighted        | 0.0472 | 0.0583 | 0.0540 | 0.0500 | 0.0544   | 0.0368   | 855     | 0.0301  | 122.6 | FAIL
PCA32+VecWeighted        | 0.0661 | 0.0512 | 0.0798 | 0.0500 | 0.0812   | 0.0474   | 855     | 0.0319  | 125.6 | FAIL
StabilizedWhitenedCosine | 0.5417 | 0.0535 | 0.5581 | 0.0500 | 0.4199   | 0.0849   | 855     | 0.9456  | 120.1 | FAIL

[trial=22 seed=65] GLOBAL mode — total_samples=200000
  total: h0=82063 h1=15019
  pooled_train:  n0=500 n1=500
  pooled_calib:  n0=1240 n1=1240
  pooled_eval:   n0=1270 n1=1270
  regions (for macro stats only): 1103
[INFO] Cosine baseline routed to direct Hadamard sum (PrecomputedCosine)
[INFO] WeightedEnsemble Cosine judge routed to direct Hadamard sum
  [Ensemble] Judges routed to 'alt' input: PrecomputedCosine
[WeightedEnsemble] Fitted weights (alpha=0.0500, external calib):
  tau=0.8044, Pooled external calib: TPR=0.5927, FPR=0.0500
  PrecomputedCosine   : +0.0000
  PCAWhitenedCosine   : +0.0000
  XGBoost             : +0.0000
  Tiny MLP            : +1.0000
  LDA                 : +0.0000

Method                   | TPR    | FPR    | TrTPR  | TrFPR  | MacroTPR | MacroFPR | Regions | TauMean | ms    | OK? 
---------------------------------------------------------------------------------------------------------------------
Cosine                   | 0.4764 | 0.0528 | 0.4831 | 0.0500 | 0.4458   | 0.0737   | 851     | 0.9513  | 292.4 | FAIL
AndBox-HC                | 0.4906 | 0.0598 | 0.4960 | 0.0500 | 0.4587   | 0.0846   | 851     | 0.0000  | 63.1  | FAIL
PCAWhitenedCosine        | 0.5472 | 0.0756 | 0.5629 | 0.0500 | 0.4638   | 0.1051   | 851     | 0.8697  | 101.0 | FAIL
Vec (Wgt)                | 0.5150 | 0.0543 | 0.5315 | 0.0500 | 0.4825   | 0.0787   | 851     | 0.9304  | 103.0 | FAIL
Log Reg                  | 0.3315 | 0.0472 | 0.3419 | 0.0500 | 0.2682   | 0.0669   | 851     | 0.5030  | 118.2 | PASS
LDA                      | 0.5244 | 0.0685 | 0.5508 | 0.0500 | 0.4282   | 0.0911   | 851     | 5.3341  | 107.1 | FAIL
Tiny MLP                 | 0.5732 | 0.0638 | 0.5927 | 0.0500 | 0.4751   | 0.0904   | 851     | 0.8044  | 498.7 | FAIL
MultiProtoCosine         | 0.1039 | 0.0551 | 0.1024 | 0.0500 | 0.0778   | 0.0741   | 851     | 0.9207  | 121.2 | FAIL
WeightedEnsemble         | 0.5732 | 0.0638 | 0.5927 | 0.0500 | 0.4751   | 0.0904   | 851     | 0.8044  | 554.5 | FAIL
XGBoost                  | 0.5118 | 0.0622 | 0.5048 | 0.0500 | 0.4594   | 0.0843   | 851     | 0.7063  | 83.8  | FAIL
LDA1+LogReg              | 0.3323 | 0.0472 | 0.3444 | 0.0500 | 0.2688   | 0.0669   | 851     | 0.5030  | 111.1 | PASS
PCA16+LogReg             | 0.3110 | 0.0449 | 0.3226 | 0.0500 | 0.2503   | 0.0635   | 851     | 0.5031  | 123.4 | PASS
PCA32+LogReg             | 0.3386 | 0.0496 | 0.3492 | 0.0500 | 0.2786   | 0.0691   | 851     | 0.5029  | 125.6 | PASS
PCA16+VecWeighted        | 0.1488 | 0.0433 | 0.1371 | 0.0500 | 0.1082   | 0.0479   | 851     | 0.0242  | 118.4 | PASS
PCA32+VecWeighted        | 0.1339 | 0.0496 | 0.1258 | 0.0500 | 0.0873   | 0.0442   | 851     | 0.0295  | 122.0 | PASS
StabilizedWhitenedCosine | 0.5039 | 0.0528 | 0.5315 | 0.0500 | 0.4136   | 0.0749   | 851     | 0.9282  | 109.8 | FAIL

[trial=23 seed=66] GLOBAL mode — total_samples=200000
  total: h0=82063 h1=15019
  pooled_train:  n0=500 n1=500
  pooled_calib:  n0=1240 n1=1240
  pooled_eval:   n0=1270 n1=1270
  regions (for macro stats only): 1103
[INFO] Cosine baseline routed to direct Hadamard sum (PrecomputedCosine)
[INFO] WeightedEnsemble Cosine judge routed to direct Hadamard sum
  [Ensemble] Judges routed to 'alt' input: PrecomputedCosine
[WeightedEnsemble] Fitted weights (alpha=0.0500, external calib):
  tau=1.5678, Pooled external calib: TPR=0.5726, FPR=0.0500
  PrecomputedCosine   : +0.2000
  PCAWhitenedCosine   : +0.2000
  XGBoost             : +0.2000
  Tiny MLP            : +0.2000
  LDA                 : +0.2000

Method                   | TPR    | FPR    | TrTPR  | TrFPR  | MacroTPR | MacroFPR | Regions | TauMean | ms    | OK? 
---------------------------------------------------------------------------------------------------------------------
Cosine                   | 0.4480 | 0.0472 | 0.4718 | 0.0500 | 0.4226   | 0.0725   | 859     | 0.9590  | 98.5  | PASS
AndBox-HC                | 0.4236 | 0.0449 | 0.4435 | 0.0500 | 0.3752   | 0.0724   | 859     | 0.0000  | 67.4  | PASS
PCAWhitenedCosine        | 0.5094 | 0.0528 | 0.5210 | 0.0476 | 0.4279   | 0.0767   | 859     | 0.9908  | 101.1 | FAIL
Vec (Wgt)                | 0.4843 | 0.0520 | 0.5145 | 0.0500 | 0.4518   | 0.0842   | 859     | 0.9404  | 102.6 | FAIL
Log Reg                  | 0.2307 | 0.0480 | 0.2290 | 0.0500 | 0.2120   | 0.0746   | 859     | 0.5048  | 115.4 | PASS
LDA                      | 0.5142 | 0.0575 | 0.5137 | 0.0500 | 0.4392   | 0.0828   | 859     | 5.3171  | 107.9 | FAIL
Tiny MLP                 | 0.5480 | 0.0606 | 0.5573 | 0.0492 | 0.4609   | 0.0904   | 859     | 0.8533  | 502.5 | FAIL
MultiProtoCosine         | 0.0937 | 0.0535 | 0.0976 | 0.0500 | 0.0729   | 0.0612   | 859     | 0.9231  | 122.1 | FAIL
WeightedEnsemble         | 0.5646 | 0.0661 | 0.5726 | 0.0500 | 0.4839   | 0.0974   | 859     | 1.5678  | 558.0 | FAIL
XGBoost                  | 0.4504 | 0.0472 | 0.4710 | 0.0500 | 0.4124   | 0.0803   | 859     | 0.7276  | 85.1  | PASS
LDA1+LogReg              | 0.2378 | 0.0480 | 0.2379 | 0.0500 | 0.2164   | 0.0746   | 859     | 0.5048  | 107.8 | PASS
PCA16+LogReg             | 0.2307 | 0.0496 | 0.2274 | 0.0492 | 0.2063   | 0.0769   | 859     | 0.5049  | 118.3 | PASS
PCA32+LogReg             | 0.2354 | 0.0472 | 0.2290 | 0.0500 | 0.2164   | 0.0725   | 859     | 0.5047  | 123.8 | PASS
PCA16+VecWeighted        | 0.1331 | 0.0480 | 0.1508 | 0.0500 | 0.1273   | 0.0583   | 859     | 0.0306  | 118.0 | PASS
PCA32+VecWeighted        | 0.1449 | 0.0535 | 0.1629 | 0.0500 | 0.1372   | 0.0585   | 859     | 0.0343  | 118.6 | FAIL
StabilizedWhitenedCosine | 0.5220 | 0.0559 | 0.5435 | 0.0500 | 0.4446   | 0.0841   | 859     | 0.9154  | 110.6 | FAIL

[trial=24 seed=67] GLOBAL mode — total_samples=200000
  total: h0=82063 h1=15019
  pooled_train:  n0=500 n1=500
  pooled_calib:  n0=1240 n1=1240
  pooled_eval:   n0=1270 n1=1270
  regions (for macro stats only): 1103
[INFO] Cosine baseline routed to direct Hadamard sum (PrecomputedCosine)
[INFO] WeightedEnsemble Cosine judge routed to direct Hadamard sum
  [Ensemble] Judges routed to 'alt' input: PrecomputedCosine
[WeightedEnsemble] Fitted weights (alpha=0.0500, external calib):
  tau=0.7802, Pooled external calib: TPR=0.5323, FPR=0.0500
  PrecomputedCosine   : +0.0000
  PCAWhitenedCosine   : +0.0000
  XGBoost             : +0.0000
  Tiny MLP            : +1.0000
  LDA                 : +0.0000

Method                   | TPR    | FPR    | TrTPR  | TrFPR  | MacroTPR | MacroFPR | Regions | TauMean | ms    | OK? 
---------------------------------------------------------------------------------------------------------------------
Cosine                   | 0.4937 | 0.0504 | 0.4395 | 0.0500 | 0.4561   | 0.0794   | 869     | 0.9543  | 114.9 | FAIL
AndBox-HC                | 0.4929 | 0.0591 | 0.4532 | 0.0500 | 0.4631   | 0.0904   | 869     | 0.0000  | 64.0  | FAIL
PCAWhitenedCosine        | 0.5299 | 0.0567 | 0.5056 | 0.0500 | 0.4247   | 0.0823   | 869     | 0.8512  | 102.6 | FAIL
Vec (Wgt)                | 0.5252 | 0.0504 | 0.4734 | 0.0500 | 0.4783   | 0.0849   | 869     | 0.9350  | 104.2 | FAIL
Log Reg                  | 0.2370 | 0.0425 | 0.2105 | 0.0500 | 0.1940   | 0.0668   | 869     | 0.5044  | 116.0 | PASS
LDA                      | 0.4543 | 0.0457 | 0.4000 | 0.0468 | 0.3599   | 0.0659   | 869     | 5.7452  | 108.1 | PASS
Tiny MLP                 | 0.5740 | 0.0606 | 0.5323 | 0.0500 | 0.4755   | 0.0935   | 869     | 0.7802  | 504.8 | FAIL
MultiProtoCosine         | 0.0724 | 0.0323 | 0.0661 | 0.0500 | 0.0551   | 0.0441   | 869     | 0.9268  | 123.2 | PASS
WeightedEnsemble         | 0.5740 | 0.0606 | 0.5323 | 0.0500 | 0.4755   | 0.0935   | 869     | 0.7802  | 559.3 | FAIL
XGBoost                  | 0.5000 | 0.0472 | 0.4476 | 0.0500 | 0.4389   | 0.0727   | 869     | 0.7175  | 84.8  | PASS
LDA1+LogReg              | 0.2362 | 0.0417 | 0.2097 | 0.0500 | 0.1934   | 0.0659   | 869     | 0.5044  | 111.6 | PASS
PCA16+LogReg             | 0.2425 | 0.0409 | 0.2153 | 0.0500 | 0.1966   | 0.0653   | 869     | 0.5044  | 122.3 | PASS
PCA32+LogReg             | 0.2472 | 0.0425 | 0.2129 | 0.0500 | 0.2048   | 0.0668   | 869     | 0.5043  | 125.3 | PASS
PCA16+VecWeighted        | 0.0929 | 0.0622 | 0.0863 | 0.0500 | 0.0875   | 0.0703   | 869     | 0.0271  | 120.3 | FAIL
PCA32+VecWeighted        | 0.1181 | 0.0614 | 0.1040 | 0.0500 | 0.0979   | 0.0698   | 869     | 0.0318  | 121.1 | FAIL
StabilizedWhitenedCosine | 0.5614 | 0.0677 | 0.5185 | 0.0500 | 0.4547   | 0.0996   | 869     | 0.7329  | 110.3 | FAIL

[trial=25 seed=68] GLOBAL mode — total_samples=200000
  total: h0=82063 h1=15019
  pooled_train:  n0=500 n1=500
  pooled_calib:  n0=1240 n1=1240
  pooled_eval:   n0=1270 n1=1270
  regions (for macro stats only): 1103
[INFO] Cosine baseline routed to direct Hadamard sum (PrecomputedCosine)
[INFO] WeightedEnsemble Cosine judge routed to direct Hadamard sum
  [Ensemble] Judges routed to 'alt' input: PrecomputedCosine
[WeightedEnsemble] Fitted weights (alpha=0.0500, external calib):
  tau=0.8464, Pooled external calib: TPR=0.5500, FPR=0.0500
  PrecomputedCosine   : +0.2610
  PCAWhitenedCosine   : +0.2348
  XGBoost             : +0.2127
  Tiny MLP            : +0.2846
  LDA                 : +0.0070

Method                   | TPR    | FPR    | TrTPR  | TrFPR  | MacroTPR | MacroFPR | Regions | TauMean | ms    | OK? 
---------------------------------------------------------------------------------------------------------------------
Cosine                   | 0.4472 | 0.0425 | 0.4782 | 0.0500 | 0.4210   | 0.0577   | 851     | 0.9609  | 102.9 | PASS
AndBox-HC                | 0.4638 | 0.0472 | 0.4847 | 0.0500 | 0.4319   | 0.0637   | 851     | 0.0000  | 71.6  | PASS
PCAWhitenedCosine        | 0.4937 | 0.0614 | 0.5024 | 0.0500 | 0.4061   | 0.0854   | 851     | 0.9486  | 100.8 | FAIL
Vec (Wgt)                | 0.4976 | 0.0433 | 0.5129 | 0.0500 | 0.4644   | 0.0646   | 851     | 0.9361  | 100.8 | PASS
Log Reg                  | 0.1937 | 0.0472 | 0.2177 | 0.0500 | 0.1700   | 0.0593   | 851     | 0.5054  | 114.1 | PASS
LDA                      | 0.4843 | 0.0598 | 0.5065 | 0.0500 | 0.3944   | 0.0842   | 851     | 5.2600  | 106.9 | FAIL
Tiny MLP                 | 0.5134 | 0.0598 | 0.5315 | 0.0500 | 0.4273   | 0.0865   | 851     | 0.8436  | 499.4 | FAIL
MultiProtoCosine         | 0.0937 | 0.0512 | 0.0919 | 0.0500 | 0.0607   | 0.0623   | 851     | 0.9243  | 121.6 | FAIL
WeightedEnsemble         | 0.5331 | 0.0543 | 0.5500 | 0.0500 | 0.4475   | 0.0773   | 851     | 0.8464  | 554.4 | FAIL
XGBoost                  | 0.4583 | 0.0433 | 0.4774 | 0.0500 | 0.3986   | 0.0641   | 851     | 0.7242  | 84.2  | PASS
LDA1+LogReg              | 0.2071 | 0.0472 | 0.2266 | 0.0500 | 0.1752   | 0.0593   | 851     | 0.5053  | 109.5 | PASS
PCA16+LogReg             | 0.2039 | 0.0472 | 0.2234 | 0.0500 | 0.1742   | 0.0602   | 851     | 0.5054  | 120.4 | PASS
PCA32+LogReg             | 0.2087 | 0.0472 | 0.2282 | 0.0500 | 0.1786   | 0.0605   | 851     | 0.5053  | 125.6 | PASS
PCA16+VecWeighted        | 0.0661 | 0.0748 | 0.0565 | 0.0500 | 0.0614   | 0.0638   | 851     | 0.0280  | 115.6 | FAIL
PCA32+VecWeighted        | 0.0858 | 0.0591 | 0.0758 | 0.0500 | 0.0632   | 0.0662   | 851     | 0.0332  | 119.9 | FAIL
StabilizedWhitenedCosine | 0.5126 | 0.0488 | 0.5234 | 0.0500 | 0.4229   | 0.0738   | 851     | 0.9005  | 109.5 | PASS

[trial=26 seed=69] GLOBAL mode — total_samples=200000
  total: h0=82063 h1=15019
  pooled_train:  n0=500 n1=500
  pooled_calib:  n0=1240 n1=1240
  pooled_eval:   n0=1270 n1=1270
  regions (for macro stats only): 1103
[INFO] Cosine baseline routed to direct Hadamard sum (PrecomputedCosine)
[INFO] WeightedEnsemble Cosine judge routed to direct Hadamard sum
  [Ensemble] Judges routed to 'alt' input: PrecomputedCosine
[WeightedEnsemble] Fitted weights (alpha=0.0500, external calib):
  tau=1.0378, Pooled external calib: TPR=0.5113, FPR=0.0500
  PrecomputedCosine   : +0.5316
  PCAWhitenedCosine   : +0.2031
  XGBoost             : +0.0553
  Tiny MLP            : +0.1785
  LDA                 : +0.0315

Method                   | TPR    | FPR    | TrTPR  | TrFPR  | MacroTPR | MacroFPR | Regions | TauMean | ms    | OK? 
---------------------------------------------------------------------------------------------------------------------
Cosine                   | 0.4291 | 0.0457 | 0.4435 | 0.0500 | 0.3969   | 0.0586   | 842     | 0.9687  | 112.6 | PASS
AndBox-HC                | 0.3276 | 0.0346 | 0.3306 | 0.0484 | 0.3193   | 0.0445   | 842     | 0.0001  | 69.0  | PASS
PCAWhitenedCosine        | 0.4787 | 0.0441 | 0.4645 | 0.0500 | 0.3967   | 0.0655   | 842     | 1.1470  | 102.2 | PASS
Vec (Wgt)                | 0.4811 | 0.0457 | 0.4831 | 0.0500 | 0.4326   | 0.0618   | 842     | 0.9495  | 102.6 | PASS
Log Reg                  | 0.2071 | 0.0543 | 0.2065 | 0.0500 | 0.1857   | 0.0675   | 842     | 0.5059  | 116.8 | FAIL
LDA                      | 0.4843 | 0.0535 | 0.4613 | 0.0500 | 0.3980   | 0.0756   | 842     | 5.9276  | 108.6 | FAIL
Tiny MLP                 | 0.5150 | 0.0441 | 0.5113 | 0.0500 | 0.4258   | 0.0644   | 842     | 0.8175  | 501.5 | PASS
MultiProtoCosine         | 0.0992 | 0.0724 | 0.1113 | 0.0500 | 0.0911   | 0.0678   | 842     | 0.9214  | 121.1 | FAIL
WeightedEnsemble         | 0.5323 | 0.0504 | 0.5113 | 0.0500 | 0.4490   | 0.0697   | 842     | 1.0378  | 558.8 | FAIL
XGBoost                  | 0.4417 | 0.0378 | 0.4444 | 0.0500 | 0.3904   | 0.0518   | 842     | 0.7566  | 84.4  | PASS
LDA1+LogReg              | 0.2087 | 0.0543 | 0.2073 | 0.0500 | 0.1869   | 0.0675   | 842     | 0.5058  | 109.7 | FAIL
PCA16+LogReg             | 0.2008 | 0.0543 | 0.2032 | 0.0500 | 0.1790   | 0.0648   | 842     | 0.5059  | 122.2 | FAIL
PCA32+LogReg             | 0.2063 | 0.0535 | 0.2056 | 0.0500 | 0.1827   | 0.0658   | 842     | 0.5058  | 127.3 | FAIL
PCA16+VecWeighted        | 0.0496 | 0.0386 | 0.0524 | 0.0500 | 0.0359   | 0.0423   | 842     | 0.0309  | 118.7 | PASS
PCA32+VecWeighted        | 0.0780 | 0.0433 | 0.0790 | 0.0500 | 0.0509   | 0.0505   | 842     | 0.0331  | 122.8 | PASS
StabilizedWhitenedCosine | 0.4795 | 0.0449 | 0.4742 | 0.0500 | 0.4105   | 0.0590   | 842     | 1.0753  | 111.7 | PASS

[trial=27 seed=70] GLOBAL mode — total_samples=200000
  total: h0=82063 h1=15019
  pooled_train:  n0=500 n1=500
  pooled_calib:  n0=1240 n1=1240
  pooled_eval:   n0=1270 n1=1270
  regions (for macro stats only): 1103
[INFO] Cosine baseline routed to direct Hadamard sum (PrecomputedCosine)
[INFO] WeightedEnsemble Cosine judge routed to direct Hadamard sum
  [Ensemble] Judges routed to 'alt' input: PrecomputedCosine
[WeightedEnsemble] Fitted weights (alpha=0.0500, external calib):
  tau=0.9303, Pooled external calib: TPR=0.5331, FPR=0.0500
  PrecomputedCosine   : +0.4364
  PCAWhitenedCosine   : +0.0571
  XGBoost             : +0.1048
  Tiny MLP            : +0.3819
  LDA                 : +0.0199

Method                   | TPR    | FPR    | TrTPR  | TrFPR  | MacroTPR | MacroFPR | Regions | TauMean | ms    | OK? 
---------------------------------------------------------------------------------------------------------------------
Cosine                   | 0.4874 | 0.0441 | 0.4548 | 0.0500 | 0.4442   | 0.0669   | 868     | 0.9573  | 113.2 | PASS
AndBox-HC                | 0.4354 | 0.0409 | 0.3935 | 0.0500 | 0.4078   | 0.0560   | 868     | 0.0000  | 72.9  | PASS
PCAWhitenedCosine        | 0.4835 | 0.0465 | 0.4742 | 0.0500 | 0.3790   | 0.0651   | 868     | 1.0641  | 104.8 | PASS
Vec (Wgt)                | 0.5189 | 0.0409 | 0.4879 | 0.0500 | 0.4618   | 0.0631   | 868     | 0.9488  | 105.0 | PASS
Log Reg                  | 0.2165 | 0.0472 | 0.1992 | 0.0500 | 0.1915   | 0.0585   | 868     | 0.5055  | 121.6 | PASS
LDA                      | 0.4748 | 0.0520 | 0.4589 | 0.0500 | 0.3696   | 0.0640   | 868     | 5.9478  | 116.6 | FAIL
Tiny MLP                 | 0.4984 | 0.0449 | 0.4887 | 0.0500 | 0.3797   | 0.0579   | 868     | 0.8731  | 508.5 | PASS
MultiProtoCosine         | 0.0677 | 0.0386 | 0.0661 | 0.0500 | 0.0571   | 0.0396   | 868     | 0.9243  | 180.8 | PASS
WeightedEnsemble         | 0.5449 | 0.0488 | 0.5331 | 0.0500 | 0.4342   | 0.0654   | 868     | 0.9303  | 880.3 | PASS
XGBoost                  | 0.5039 | 0.0402 | 0.4710 | 0.0500 | 0.4372   | 0.0623   | 868     | 0.7208  | 86.8  | PASS
LDA1+LogReg              | 0.2213 | 0.0472 | 0.2024 | 0.0500 | 0.1961   | 0.0585   | 868     | 0.5055  | 112.0 | PASS
PCA16+LogReg             | 0.2157 | 0.0472 | 0.1992 | 0.0500 | 0.1932   | 0.0578   | 868     | 0.5055  | 124.2 | PASS
PCA32+LogReg             | 0.2181 | 0.0480 | 0.2024 | 0.0500 | 0.1931   | 0.0590   | 868     | 0.5055  | 126.9 | PASS
PCA16+VecWeighted        | 0.1189 | 0.0551 | 0.1218 | 0.0500 | 0.1062   | 0.0506   | 868     | 0.0278  | 119.2 | FAIL
PCA32+VecWeighted        | 0.1102 | 0.0614 | 0.1097 | 0.0500 | 0.0871   | 0.0594   | 868     | 0.0326  | 125.0 | FAIL
StabilizedWhitenedCosine | 0.4913 | 0.0370 | 0.4758 | 0.0500 | 0.3906   | 0.0605   | 868     | 1.0100  | 116.1 | PASS

[trial=28 seed=71] GLOBAL mode — total_samples=200000
  total: h0=82063 h1=15019
  pooled_train:  n0=500 n1=500
  pooled_calib:  n0=1240 n1=1240
  pooled_eval:   n0=1270 n1=1270
  regions (for macro stats only): 1103
[INFO] Cosine baseline routed to direct Hadamard sum (PrecomputedCosine)
[INFO] WeightedEnsemble Cosine judge routed to direct Hadamard sum
  [Ensemble] Judges routed to 'alt' input: PrecomputedCosine
[WeightedEnsemble] Fitted weights (alpha=0.0500, external calib):
  tau=0.9896, Pooled external calib: TPR=0.5661, FPR=0.0500
  PrecomputedCosine   : +0.4352
  PCAWhitenedCosine   : +0.0957
  XGBoost             : +0.1866
  Tiny MLP            : +0.2341
  LDA                 : +0.0484

Method                   | TPR    | FPR    | TrTPR  | TrFPR  | MacroTPR | MacroFPR | Regions | TauMean | ms    | OK? 
---------------------------------------------------------------------------------------------------------------------
Cosine                   | 0.4598 | 0.0512 | 0.4524 | 0.0500 | 0.4378   | 0.0707   | 867     | 0.9614  | 96.5  | FAIL
AndBox-HC                | 0.4583 | 0.0551 | 0.4637 | 0.0500 | 0.4363   | 0.0787   | 867     | 0.0000  | 64.7  | FAIL
PCAWhitenedCosine        | 0.4795 | 0.0504 | 0.4839 | 0.0476 | 0.4040   | 0.0723   | 867     | 1.0707  | 102.1 | FAIL
Vec (Wgt)                | 0.4921 | 0.0598 | 0.4919 | 0.0500 | 0.4555   | 0.0814   | 867     | 0.9470  | 103.3 | FAIL
Log Reg                  | 0.2858 | 0.0701 | 0.2782 | 0.0484 | 0.2383   | 0.0950   | 867     | 0.5047  | 121.2 | FAIL
LDA                      | 0.5142 | 0.0685 | 0.5081 | 0.0500 | 0.4329   | 0.0908   | 867     | 5.4169  | 108.0 | FAIL
Tiny MLP                 | 0.5661 | 0.0669 | 0.5661 | 0.0500 | 0.4844   | 0.0944   | 867     | 0.8160  | 506.7 | FAIL
MultiProtoCosine         | 0.1299 | 0.0661 | 0.1379 | 0.0500 | 0.1003   | 0.0730   | 867     | 0.9151  | 129.2 | FAIL
WeightedEnsemble         | 0.5717 | 0.0677 | 0.5661 | 0.0500 | 0.4876   | 0.0916   | 867     | 0.9896  | 560.2 | FAIL
XGBoost                  | 0.5189 | 0.0622 | 0.5137 | 0.0500 | 0.4739   | 0.0860   | 867     | 0.7087  | 87.6  | FAIL
LDA1+LogReg              | 0.2858 | 0.0701 | 0.2782 | 0.0476 | 0.2383   | 0.0950   | 867     | 0.5047  | 118.3 | FAIL
PCA16+LogReg             | 0.2819 | 0.0709 | 0.2774 | 0.0500 | 0.2374   | 0.0981   | 867     | 0.5047  | 123.7 | FAIL
PCA32+LogReg             | 0.2843 | 0.0709 | 0.2750 | 0.0492 | 0.2384   | 0.0967   | 867     | 0.5046  | 128.1 | FAIL
PCA16+VecWeighted        | 0.0386 | 0.0354 | 0.0516 | 0.0500 | 0.0489   | 0.0456   | 867     | 0.0301  | 120.1 | PASS
PCA32+VecWeighted        | 0.0835 | 0.0441 | 0.0879 | 0.0500 | 0.0825   | 0.0626   | 867     | 0.0313  | 123.2 | PASS
StabilizedWhitenedCosine | 0.5244 | 0.0606 | 0.5306 | 0.0500 | 0.4488   | 0.0837   | 867     | 0.9502  | 112.3 | FAIL

[trial=29 seed=72] GLOBAL mode — total_samples=200000
  total: h0=82063 h1=15019
  pooled_train:  n0=500 n1=500
  pooled_calib:  n0=1240 n1=1240
  pooled_eval:   n0=1270 n1=1270
  regions (for macro stats only): 1103
[INFO] Cosine baseline routed to direct Hadamard sum (PrecomputedCosine)
[INFO] WeightedEnsemble Cosine judge routed to direct Hadamard sum
  [Ensemble] Judges routed to 'alt' input: PrecomputedCosine
[WeightedEnsemble] Fitted weights (alpha=0.0500, external calib):
  tau=0.8508, Pooled external calib: TPR=0.5750, FPR=0.0500
  PrecomputedCosine   : +0.3209
  PCAWhitenedCosine   : +0.3118
  XGBoost             : +0.3183
  Tiny MLP            : +0.0373
  LDA                 : +0.0115

Method                   | TPR    | FPR    | TrTPR  | TrFPR  | MacroTPR | MacroFPR | Regions | TauMean | ms    | OK? 
---------------------------------------------------------------------------------------------------------------------
Cosine                   | 0.4417 | 0.0472 | 0.4540 | 0.0500 | 0.4008   | 0.0697   | 851     | 0.9669  | 110.9 | PASS
AndBox-HC                | 0.3780 | 0.0480 | 0.3798 | 0.0500 | 0.3279   | 0.0580   | 851     | 0.0000  | 61.9  | PASS
PCAWhitenedCosine        | 0.4874 | 0.0449 | 0.5161 | 0.0500 | 0.3953   | 0.0676   | 851     | 0.9735  | 100.6 | PASS
Vec (Wgt)                | 0.4874 | 0.0528 | 0.5089 | 0.0500 | 0.4474   | 0.0753   | 851     | 0.9453  | 101.3 | FAIL
Log Reg                  | 0.2583 | 0.0488 | 0.2492 | 0.0500 | 0.2110   | 0.0653   | 851     | 0.5042  | 113.9 | PASS
LDA                      | 0.4638 | 0.0378 | 0.5000 | 0.0500 | 0.3720   | 0.0537   | 851     | 5.6665  | 106.8 | PASS
Tiny MLP                 | 0.4898 | 0.0433 | 0.5065 | 0.0500 | 0.3989   | 0.0634   | 851     | 0.8794  | 503.1 | PASS
MultiProtoCosine         | 0.0819 | 0.0528 | 0.0766 | 0.0500 | 0.0679   | 0.0626   | 851     | 0.9214  | 122.5 | FAIL
WeightedEnsemble         | 0.5465 | 0.0528 | 0.5750 | 0.0500 | 0.4562   | 0.0779   | 851     | 0.8508  | 561.5 | FAIL
XGBoost                  | 0.4882 | 0.0551 | 0.5153 | 0.0500 | 0.4327   | 0.0768   | 851     | 0.7259  | 83.7  | FAIL
LDA1+LogReg              | 0.2591 | 0.0488 | 0.2516 | 0.0500 | 0.2117   | 0.0653   | 851     | 0.5042  | 112.8 | PASS
PCA16+LogReg             | 0.2614 | 0.0496 | 0.2532 | 0.0500 | 0.2195   | 0.0662   | 851     | 0.5040  | 119.2 | PASS
PCA32+LogReg             | 0.2614 | 0.0465 | 0.2508 | 0.0500 | 0.2128   | 0.0630   | 851     | 0.5041  | 125.2 | PASS
PCA16+VecWeighted        | 0.0236 | 0.0472 | 0.0234 | 0.0500 | 0.0129   | 0.0219   | 851     | 0.0334  | 122.6 | PASS
PCA32+VecWeighted        | 0.0252 | 0.0472 | 0.0242 | 0.0500 | 0.0163   | 0.0267   | 851     | 0.0401  | 120.4 | PASS
StabilizedWhitenedCosine | 0.5071 | 0.0504 | 0.5355 | 0.0500 | 0.4105   | 0.0650   | 851     | 0.9005  | 109.9 | FAIL

[trial=30 seed=73] GLOBAL mode — total_samples=200000
  total: h0=82063 h1=15019
  pooled_train:  n0=500 n1=500
  pooled_calib:  n0=1240 n1=1240
  pooled_eval:   n0=1270 n1=1270
  regions (for macro stats only): 1103
[INFO] Cosine baseline routed to direct Hadamard sum (PrecomputedCosine)
[INFO] WeightedEnsemble Cosine judge routed to direct Hadamard sum
  [Ensemble] Judges routed to 'alt' input: PrecomputedCosine
[WeightedEnsemble] Fitted weights (alpha=0.0500, external calib):
  tau=0.9291, Pooled external calib: TPR=0.5242, FPR=0.0500
  PrecomputedCosine   : +0.4364
  PCAWhitenedCosine   : +0.0571
  XGBoost             : +0.1048
  Tiny MLP            : +0.3819
  LDA                 : +0.0199

Method                   | TPR    | FPR    | TrTPR  | TrFPR  | MacroTPR | MacroFPR | Regions | TauMean | ms    | OK? 
---------------------------------------------------------------------------------------------------------------------
Cosine                   | 0.5039 | 0.0661 | 0.5129 | 0.0500 | 0.4565   | 0.1088   | 849     | 0.9404  | 109.3 | FAIL
AndBox-HC                | 0.4890 | 0.0614 | 0.4879 | 0.0500 | 0.4350   | 0.1005   | 849     | 0.0000  | 69.5  | FAIL
PCAWhitenedCosine        | 0.4819 | 0.0441 | 0.4556 | 0.0500 | 0.3844   | 0.0747   | 849     | 0.9695  | 101.1 | PASS
Vec (Wgt)                | 0.5339 | 0.0654 | 0.5460 | 0.0500 | 0.4864   | 0.1063   | 849     | 0.9330  | 102.4 | FAIL
Log Reg                  | 0.2449 | 0.0559 | 0.2339 | 0.0500 | 0.2134   | 0.0722   | 849     | 0.5050  | 118.1 | FAIL
LDA                      | 0.4646 | 0.0575 | 0.4645 | 0.0500 | 0.3574   | 0.0907   | 849     | 5.7308  | 107.2 | FAIL
Tiny MLP                 | 0.4953 | 0.0528 | 0.5000 | 0.0500 | 0.3900   | 0.0886   | 849     | 0.8645  | 592.9 | FAIL
MultiProtoCosine         | 0.0945 | 0.0496 | 0.0839 | 0.0500 | 0.0730   | 0.0489   | 849     | 0.9222  | 120.7 | PASS
WeightedEnsemble         | 0.5189 | 0.0512 | 0.5242 | 0.0500 | 0.4242   | 0.0836   | 849     | 0.9291  | 650.3 | FAIL
XGBoost                  | 0.4976 | 0.0646 | 0.5177 | 0.0500 | 0.4420   | 0.1009   | 849     | 0.6932  | 85.9  | FAIL
LDA1+LogReg              | 0.2472 | 0.0559 | 0.2379 | 0.0500 | 0.2145   | 0.0722   | 849     | 0.5049  | 110.8 | FAIL
PCA16+LogReg             | 0.2488 | 0.0575 | 0.2452 | 0.0500 | 0.2151   | 0.0750   | 849     | 0.5048  | 121.8 | FAIL
PCA32+LogReg             | 0.2496 | 0.0559 | 0.2452 | 0.0500 | 0.2171   | 0.0723   | 849     | 0.5049  | 124.7 | FAIL
PCA16+VecWeighted        | 0.1386 | 0.0543 | 0.1202 | 0.0500 | 0.1253   | 0.0611   | 849     | 0.0271  | 117.4 | FAIL
PCA32+VecWeighted        | 0.1339 | 0.0535 | 0.1323 | 0.0500 | 0.1216   | 0.0679   | 849     | 0.0314  | 121.8 | FAIL
StabilizedWhitenedCosine | 0.5165 | 0.0480 | 0.5097 | 0.0500 | 0.4259   | 0.0820   | 849     | 0.8399  | 109.7 | PASS

[trial=31 seed=74] GLOBAL mode — total_samples=200000
  total: h0=82063 h1=15019
  pooled_train:  n0=500 n1=500
  pooled_calib:  n0=1240 n1=1240
  pooled_eval:   n0=1270 n1=1270
  regions (for macro stats only): 1103
[INFO] Cosine baseline routed to direct Hadamard sum (PrecomputedCosine)
[INFO] WeightedEnsemble Cosine judge routed to direct Hadamard sum
  [Ensemble] Judges routed to 'alt' input: PrecomputedCosine
[WeightedEnsemble] Fitted weights (alpha=0.0500, external calib):
  tau=0.7893, Pooled external calib: TPR=0.5984, FPR=0.0500
  PrecomputedCosine   : +0.3209
  PCAWhitenedCosine   : +0.3118
  XGBoost             : +0.3183
  Tiny MLP            : +0.0373
  LDA                 : +0.0115

Method                   | TPR    | FPR    | TrTPR  | TrFPR  | MacroTPR | MacroFPR | Regions | TauMean | ms    | OK? 
---------------------------------------------------------------------------------------------------------------------
Cosine                   | 0.5039 | 0.0598 | 0.5056 | 0.0500 | 0.4908   | 0.0784   | 851     | 0.9458  | 108.8 | FAIL
AndBox-HC                | 0.4551 | 0.0606 | 0.4532 | 0.0500 | 0.4367   | 0.0750   | 851     | -0.0000 | 62.4  | FAIL
PCAWhitenedCosine        | 0.5740 | 0.0748 | 0.5960 | 0.0500 | 0.4786   | 0.0998   | 851     | 0.7431  | 99.9  | FAIL
Vec (Wgt)                | 0.5228 | 0.0646 | 0.5419 | 0.0500 | 0.5020   | 0.0851   | 851     | 0.9302  | 99.9  | FAIL
Log Reg                  | 0.2874 | 0.0638 | 0.3024 | 0.0500 | 0.2444   | 0.0807   | 851     | 0.5040  | 113.8 | FAIL
LDA                      | 0.5307 | 0.0772 | 0.5597 | 0.0500 | 0.4626   | 0.1051   | 851     | 4.2191  | 105.9 | FAIL
Tiny MLP                 | 0.5512 | 0.0661 | 0.5694 | 0.0500 | 0.4780   | 0.0894   | 851     | 0.7972  | 497.8 | FAIL
MultiProtoCosine         | 0.1039 | 0.0724 | 0.1177 | 0.0500 | 0.0780   | 0.0726   | 851     | 0.9202  | 120.5 | FAIL
WeightedEnsemble         | 0.5724 | 0.0717 | 0.5984 | 0.0500 | 0.4953   | 0.0965   | 851     | 0.7893  | 554.3 | FAIL
XGBoost                  | 0.5024 | 0.0622 | 0.5161 | 0.0500 | 0.4743   | 0.0754   | 851     | 0.6923  | 86.5  | FAIL
LDA1+LogReg              | 0.2898 | 0.0646 | 0.3040 | 0.0500 | 0.2458   | 0.0813   | 851     | 0.5039  | 108.6 | FAIL
PCA16+LogReg             | 0.2811 | 0.0654 | 0.2976 | 0.0500 | 0.2392   | 0.0804   | 851     | 0.5039  | 118.2 | FAIL
PCA32+LogReg             | 0.2937 | 0.0677 | 0.3065 | 0.0500 | 0.2518   | 0.0847   | 851     | 0.5038  | 120.6 | FAIL
PCA16+VecWeighted        | 0.1283 | 0.0606 | 0.1290 | 0.0500 | 0.1062   | 0.0652   | 851     | 0.0279  | 114.1 | FAIL
PCA32+VecWeighted        | 0.1197 | 0.0520 | 0.1282 | 0.0500 | 0.1059   | 0.0586   | 851     | 0.0325  | 117.0 | FAIL
StabilizedWhitenedCosine | 0.5394 | 0.0630 | 0.5573 | 0.0500 | 0.4537   | 0.0838   | 851     | 0.7800  | 110.2 | FAIL

[trial=32 seed=75] GLOBAL mode — total_samples=200000
  total: h0=82063 h1=15019
  pooled_train:  n0=500 n1=500
  pooled_calib:  n0=1240 n1=1240
  pooled_eval:   n0=1270 n1=1270
  regions (for macro stats only): 1103
[INFO] Cosine baseline routed to direct Hadamard sum (PrecomputedCosine)
[INFO] WeightedEnsemble Cosine judge routed to direct Hadamard sum
  [Ensemble] Judges routed to 'alt' input: PrecomputedCosine
[WeightedEnsemble] Fitted weights (alpha=0.0500, external calib):
  tau=0.9117, Pooled external calib: TPR=0.5710, FPR=0.0500
  PrecomputedCosine   : +0.4364
  PCAWhitenedCosine   : +0.0571
  XGBoost             : +0.1048
  Tiny MLP            : +0.3819
  LDA                 : +0.0199

Method                   | TPR    | FPR    | TrTPR  | TrFPR  | MacroTPR | MacroFPR | Regions | TauMean | ms    | OK? 
---------------------------------------------------------------------------------------------------------------------
Cosine                   | 0.4732 | 0.0520 | 0.4863 | 0.0500 | 0.4427   | 0.0762   | 858     | 0.9554  | 109.5 | FAIL
AndBox-HC                | 0.4622 | 0.0441 | 0.4823 | 0.0500 | 0.4330   | 0.0624   | 858     | 0.0000  | 62.4  | PASS
PCAWhitenedCosine        | 0.5087 | 0.0567 | 0.5371 | 0.0500 | 0.4250   | 0.0778   | 858     | 0.8978  | 101.0 | FAIL
Vec (Wgt)                | 0.5157 | 0.0551 | 0.5403 | 0.0500 | 0.4807   | 0.0803   | 858     | 0.9409  | 100.9 | FAIL
Log Reg                  | 0.3465 | 0.0472 | 0.3500 | 0.0500 | 0.2887   | 0.0690   | 858     | 0.5027  | 115.6 | PASS
LDA                      | 0.4984 | 0.0433 | 0.5210 | 0.0500 | 0.4135   | 0.0587   | 858     | 5.0420  | 106.8 | PASS
Tiny MLP                 | 0.5236 | 0.0480 | 0.5516 | 0.0500 | 0.4410   | 0.0693   | 858     | 0.8490  | 594.7 | PASS
MultiProtoCosine         | 0.0724 | 0.0606 | 0.0927 | 0.0500 | 0.0690   | 0.0595   | 858     | 0.9194  | 121.4 | FAIL
WeightedEnsemble         | 0.5488 | 0.0488 | 0.5710 | 0.0500 | 0.4722   | 0.0674   | 858     | 0.9117  | 650.0 | PASS
XGBoost                  | 0.4890 | 0.0441 | 0.4976 | 0.0500 | 0.4252   | 0.0630   | 858     | 0.7161  | 83.2  | PASS
LDA1+LogReg              | 0.3465 | 0.0472 | 0.3524 | 0.0500 | 0.2887   | 0.0690   | 858     | 0.5026  | 109.1 | PASS
PCA16+LogReg             | 0.3402 | 0.0457 | 0.3476 | 0.0500 | 0.2842   | 0.0689   | 858     | 0.5027  | 119.7 | PASS
PCA32+LogReg             | 0.3520 | 0.0465 | 0.3540 | 0.0484 | 0.2861   | 0.0690   | 858     | 0.5026  | 123.4 | PASS
PCA16+VecWeighted        | 0.0630 | 0.0409 | 0.0758 | 0.0500 | 0.0458   | 0.0289   | 858     | 0.0311  | 118.4 | PASS
PCA32+VecWeighted        | 0.0772 | 0.0409 | 0.0782 | 0.0500 | 0.0589   | 0.0293   | 858     | 0.0364  | 124.7 | PASS
StabilizedWhitenedCosine | 0.5283 | 0.0543 | 0.5565 | 0.0500 | 0.4446   | 0.0792   | 858     | 0.8063  | 111.7 | FAIL

[trial=33 seed=76] GLOBAL mode — total_samples=200000
  total: h0=82063 h1=15019
  pooled_train:  n0=500 n1=500
  pooled_calib:  n0=1240 n1=1240
  pooled_eval:   n0=1270 n1=1270
  regions (for macro stats only): 1103
[INFO] Cosine baseline routed to direct Hadamard sum (PrecomputedCosine)
[INFO] WeightedEnsemble Cosine judge routed to direct Hadamard sum
  [Ensemble] Judges routed to 'alt' input: PrecomputedCosine
[WeightedEnsemble] Fitted weights (alpha=0.0500, external calib):
  tau=1.1663, Pooled external calib: TPR=0.5548, FPR=0.0500
  PrecomputedCosine   : +0.4176
  PCAWhitenedCosine   : +0.3460
  XGBoost             : +0.0864
  Tiny MLP            : +0.0990
  LDA                 : +0.0511

Method                   | TPR    | FPR    | TrTPR  | TrFPR  | MacroTPR | MacroFPR | Regions | TauMean | ms    | OK? 
---------------------------------------------------------------------------------------------------------------------
Cosine                   | 0.4646 | 0.0402 | 0.4597 | 0.0500 | 0.4305   | 0.0579   | 863     | 0.9611  | 110.5 | PASS
AndBox-HC                | 0.4417 | 0.0480 | 0.4548 | 0.0500 | 0.4045   | 0.0627   | 863     | 0.0000  | 72.1  | PASS
PCAWhitenedCosine        | 0.4969 | 0.0346 | 0.5032 | 0.0500 | 0.4113   | 0.0549   | 863     | 1.1130  | 100.1 | PASS
Vec (Wgt)                | 0.4913 | 0.0425 | 0.4944 | 0.0500 | 0.4416   | 0.0653   | 863     | 0.9436  | 100.4 | PASS
Log Reg                  | 0.2583 | 0.0465 | 0.2524 | 0.0500 | 0.2210   | 0.0622   | 863     | 0.5048  | 115.2 | PASS
LDA                      | 0.4921 | 0.0433 | 0.4952 | 0.0500 | 0.4034   | 0.0678   | 863     | 6.6284  | 105.7 | PASS
Tiny MLP                 | 0.5402 | 0.0339 | 0.5355 | 0.0500 | 0.4563   | 0.0562   | 863     | 0.8262  | 496.4 | PASS
MultiProtoCosine         | 0.0843 | 0.0465 | 0.0855 | 0.0500 | 0.0718   | 0.0469   | 863     | 0.9234  | 119.3 | PASS
WeightedEnsemble         | 0.5465 | 0.0449 | 0.5548 | 0.0500 | 0.4671   | 0.0739   | 863     | 1.1663  | 552.2 | PASS
XGBoost                  | 0.5008 | 0.0425 | 0.5040 | 0.0500 | 0.4500   | 0.0639   | 863     | 0.7366  | 84.8  | PASS
LDA1+LogReg              | 0.2583 | 0.0457 | 0.2524 | 0.0500 | 0.2210   | 0.0618   | 863     | 0.5047  | 111.8 | PASS
PCA16+LogReg             | 0.2496 | 0.0425 | 0.2476 | 0.0500 | 0.2114   | 0.0584   | 863     | 0.5048  | 121.3 | PASS
PCA32+LogReg             | 0.2575 | 0.0449 | 0.2492 | 0.0500 | 0.2208   | 0.0609   | 863     | 0.5046  | 127.9 | PASS
PCA16+VecWeighted        | 0.0134 | 0.0488 | 0.0153 | 0.0500 | 0.0099   | 0.0078   | 863     | 0.0433  | 117.1 | PASS
PCA32+VecWeighted        | 0.0087 | 0.0449 | 0.0081 | 0.0500 | 0.0068   | 0.0077   | 863     | 0.0470  | 119.5 | PASS
StabilizedWhitenedCosine | 0.5142 | 0.0291 | 0.5177 | 0.0500 | 0.4408   | 0.0477   | 863     | 1.0195  | 109.0 | PASS

[trial=34 seed=77] GLOBAL mode — total_samples=200000
  total: h0=82063 h1=15019
  pooled_train:  n0=500 n1=500
  pooled_calib:  n0=1240 n1=1240
  pooled_eval:   n0=1270 n1=1270
  regions (for macro stats only): 1103
[INFO] Cosine baseline routed to direct Hadamard sum (PrecomputedCosine)
[INFO] WeightedEnsemble Cosine judge routed to direct Hadamard sum
  [Ensemble] Judges routed to 'alt' input: PrecomputedCosine
[WeightedEnsemble] Fitted weights (alpha=0.0500, external calib):
  tau=0.8561, Pooled external calib: TPR=0.5234, FPR=0.0500
  PrecomputedCosine   : +0.3209
  PCAWhitenedCosine   : +0.3118
  XGBoost             : +0.3183
  Tiny MLP            : +0.0373
  LDA                 : +0.0115

Method                   | TPR    | FPR    | TrTPR  | TrFPR  | MacroTPR | MacroFPR | Regions | TauMean | ms    | OK? 
---------------------------------------------------------------------------------------------------------------------
Cosine                   | 0.4701 | 0.0394 | 0.4387 | 0.0500 | 0.4197   | 0.0651   | 836     | 0.9617  | 117.3 | PASS
AndBox-HC                | 0.4150 | 0.0433 | 0.3726 | 0.0500 | 0.3650   | 0.0612   | 836     | 0.0001  | 61.1  | PASS
PCAWhitenedCosine        | 0.5055 | 0.0543 | 0.4976 | 0.0500 | 0.4014   | 0.0719   | 836     | 0.8795  | 102.4 | FAIL
Vec (Wgt)                | 0.5220 | 0.0465 | 0.4968 | 0.0500 | 0.4620   | 0.0740   | 836     | 0.9394  | 99.4  | PASS
Log Reg                  | 0.2850 | 0.0480 | 0.2734 | 0.0500 | 0.2236   | 0.0584   | 836     | 0.5034  | 113.5 | PASS
LDA                      | 0.4748 | 0.0425 | 0.4347 | 0.0500 | 0.3712   | 0.0593   | 836     | 5.5808  | 104.4 | PASS
Tiny MLP                 | 0.5055 | 0.0567 | 0.4992 | 0.0500 | 0.4004   | 0.0781   | 836     | 0.8496  | 499.9 | FAIL
MultiProtoCosine         | 0.0622 | 0.0551 | 0.0734 | 0.0500 | 0.0594   | 0.0579   | 836     | 0.9214  | 119.5 | FAIL
WeightedEnsemble         | 0.5354 | 0.0504 | 0.5234 | 0.0500 | 0.4436   | 0.0710   | 836     | 0.8561  | 555.2 | FAIL
XGBoost                  | 0.4992 | 0.0449 | 0.4734 | 0.0500 | 0.4296   | 0.0669   | 836     | 0.7176  | 81.9  | PASS
LDA1+LogReg              | 0.2850 | 0.0480 | 0.2734 | 0.0500 | 0.2236   | 0.0584   | 836     | 0.5034  | 104.9 | PASS
PCA16+LogReg             | 0.2961 | 0.0496 | 0.2815 | 0.0500 | 0.2327   | 0.0631   | 836     | 0.5033  | 115.9 | PASS
PCA32+LogReg             | 0.2866 | 0.0465 | 0.2718 | 0.0500 | 0.2246   | 0.0569   | 836     | 0.5034  | 125.1 | PASS
PCA16+VecWeighted        | 0.0717 | 0.0693 | 0.0790 | 0.0500 | 0.0534   | 0.0586   | 836     | 0.0270  | 115.5 | FAIL
PCA32+VecWeighted        | 0.0843 | 0.0654 | 0.0839 | 0.0500 | 0.0582   | 0.0540   | 836     | 0.0326  | 117.7 | FAIL
StabilizedWhitenedCosine | 0.5354 | 0.0535 | 0.5137 | 0.0500 | 0.4436   | 0.0798   | 836     | 0.8182  | 106.9 | FAIL

[trial=35 seed=78] GLOBAL mode — total_samples=200000
  total: h0=82063 h1=15019
  pooled_train:  n0=500 n1=500
  pooled_calib:  n0=1240 n1=1240
  pooled_eval:   n0=1270 n1=1270
  regions (for macro stats only): 1103
[INFO] Cosine baseline routed to direct Hadamard sum (PrecomputedCosine)
[INFO] WeightedEnsemble Cosine judge routed to direct Hadamard sum
  [Ensemble] Judges routed to 'alt' input: PrecomputedCosine
[WeightedEnsemble] Fitted weights (alpha=0.0500, external calib):
  tau=0.8618, Pooled external calib: TPR=0.5040, FPR=0.0500
  PrecomputedCosine   : +0.3209
  PCAWhitenedCosine   : +0.3118
  XGBoost             : +0.3183
  Tiny MLP            : +0.0373
  LDA                 : +0.0115

Method                   | TPR    | FPR    | TrTPR  | TrFPR  | MacroTPR | MacroFPR | Regions | TauMean | ms    | OK? 
---------------------------------------------------------------------------------------------------------------------
Cosine                   | 0.4173 | 0.0378 | 0.4040 | 0.0500 | 0.4014   | 0.0565   | 867     | 0.9717  | 104.0 | PASS
AndBox-HC                | 0.3906 | 0.0504 | 0.3710 | 0.0500 | 0.3710   | 0.0755   | 867     | 0.0000  | 72.6  | FAIL
PCAWhitenedCosine        | 0.5008 | 0.0528 | 0.4927 | 0.0500 | 0.4247   | 0.0804   | 867     | 0.9758  | 100.5 | FAIL
Vec (Wgt)                | 0.4551 | 0.0449 | 0.4581 | 0.0500 | 0.4287   | 0.0676   | 867     | 0.9541  | 102.4 | PASS
Log Reg                  | 0.2559 | 0.0496 | 0.2653 | 0.0500 | 0.2226   | 0.0748   | 867     | 0.5038  | 115.9 | PASS
LDA                      | 0.4528 | 0.0417 | 0.4419 | 0.0500 | 0.3824   | 0.0635   | 867     | 5.6985  | 106.2 | PASS
Tiny MLP                 | 0.5228 | 0.0488 | 0.5016 | 0.0500 | 0.4494   | 0.0761   | 867     | 0.7999  | 499.3 | PASS
MultiProtoCosine         | 0.0740 | 0.0457 | 0.0815 | 0.0500 | 0.0641   | 0.0490   | 867     | 0.9226  | 119.8 | PASS
WeightedEnsemble         | 0.5173 | 0.0512 | 0.5040 | 0.0500 | 0.4415   | 0.0768   | 867     | 0.8618  | 555.6 | FAIL
XGBoost                  | 0.4661 | 0.0520 | 0.4629 | 0.0500 | 0.4407   | 0.0751   | 867     | 0.6972  | 84.2  | FAIL
LDA1+LogReg              | 0.2567 | 0.0488 | 0.2653 | 0.0500 | 0.2232   | 0.0731   | 867     | 0.5037  | 107.9 | PASS
PCA16+LogReg             | 0.2291 | 0.0457 | 0.2347 | 0.0500 | 0.2024   | 0.0719   | 867     | 0.5039  | 117.9 | PASS
PCA32+LogReg             | 0.2614 | 0.0496 | 0.2669 | 0.0500 | 0.2297   | 0.0739   | 867     | 0.5037  | 121.3 | PASS
PCA16+VecWeighted        | 0.1118 | 0.0402 | 0.1161 | 0.0500 | 0.0956   | 0.0434   | 867     | 0.0269  | 115.6 | PASS
PCA32+VecWeighted        | 0.0693 | 0.0362 | 0.0758 | 0.0500 | 0.0669   | 0.0311   | 867     | 0.0338  | 122.0 | PASS
StabilizedWhitenedCosine | 0.4921 | 0.0496 | 0.4750 | 0.0500 | 0.4309   | 0.0760   | 867     | 0.9205  | 111.9 | PASS

[trial=36 seed=79] GLOBAL mode — total_samples=200000
  total: h0=82063 h1=15019
  pooled_train:  n0=500 n1=500
  pooled_calib:  n0=1240 n1=1240
  pooled_eval:   n0=1270 n1=1270
  regions (for macro stats only): 1103
[INFO] Cosine baseline routed to direct Hadamard sum (PrecomputedCosine)
[INFO] WeightedEnsemble Cosine judge routed to direct Hadamard sum
  [Ensemble] Judges routed to 'alt' input: PrecomputedCosine
[WeightedEnsemble] Fitted weights (alpha=0.0500, external calib):
  tau=1.0526, Pooled external calib: TPR=0.5097, FPR=0.0500
  PrecomputedCosine   : +0.4323
  PCAWhitenedCosine   : +0.1110
  XGBoost             : +0.2003
  Tiny MLP            : +0.2025
  LDA                 : +0.0539

Method                   | TPR    | FPR    | TrTPR  | TrFPR  | MacroTPR | MacroFPR | Regions | TauMean | ms    | OK? 
---------------------------------------------------------------------------------------------------------------------
Cosine                   | 0.4921 | 0.0622 | 0.4532 | 0.0500 | 0.4554   | 0.0895   | 851     | 0.9510  | 104.3 | FAIL
AndBox-HC                | 0.4638 | 0.0598 | 0.4218 | 0.0500 | 0.4228   | 0.0867   | 851     | 0.0000  | 64.2  | FAIL
PCAWhitenedCosine        | 0.4882 | 0.0409 | 0.4460 | 0.0500 | 0.3899   | 0.0564   | 851     | 1.0140  | 100.0 | PASS
Vec (Wgt)                | 0.5181 | 0.0598 | 0.4847 | 0.0500 | 0.4749   | 0.0855   | 851     | 0.9351  | 101.4 | FAIL
Log Reg                  | 0.2606 | 0.0598 | 0.2500 | 0.0500 | 0.2265   | 0.0735   | 851     | 0.5046  | 118.1 | FAIL
LDA                      | 0.4843 | 0.0433 | 0.4524 | 0.0500 | 0.3973   | 0.0598   | 851     | 5.5010  | 106.1 | PASS
Tiny MLP                 | 0.5134 | 0.0441 | 0.4863 | 0.0500 | 0.4164   | 0.0638   | 851     | 0.8398  | 503.9 | PASS
MultiProtoCosine         | 0.0803 | 0.0496 | 0.0782 | 0.0500 | 0.0633   | 0.0548   | 851     | 0.9246  | 123.4 | PASS
WeightedEnsemble         | 0.5331 | 0.0480 | 0.5097 | 0.0500 | 0.4439   | 0.0672   | 851     | 1.0526  | 560.4 | PASS
XGBoost                  | 0.5252 | 0.0598 | 0.4935 | 0.0500 | 0.4722   | 0.0866   | 851     | 0.6875  | 85.3  | FAIL
LDA1+LogReg              | 0.2622 | 0.0606 | 0.2500 | 0.0500 | 0.2269   | 0.0740   | 851     | 0.5045  | 110.5 | FAIL
PCA16+LogReg             | 0.2488 | 0.0606 | 0.2444 | 0.0500 | 0.2171   | 0.0731   | 851     | 0.5046  | 121.6 | FAIL
PCA32+LogReg             | 0.2606 | 0.0630 | 0.2556 | 0.0500 | 0.2285   | 0.0760   | 851     | 0.5045  | 124.6 | FAIL
PCA16+VecWeighted        | 0.0583 | 0.0567 | 0.0532 | 0.0500 | 0.0484   | 0.0642   | 851     | 0.0321  | 117.9 | FAIL
PCA32+VecWeighted        | 0.0693 | 0.0504 | 0.0734 | 0.0500 | 0.0629   | 0.0486   | 851     | 0.0339  | 121.0 | FAIL
StabilizedWhitenedCosine | 0.4898 | 0.0496 | 0.4556 | 0.0500 | 0.4005   | 0.0676   | 851     | 0.9841  | 113.6 | PASS

[trial=37 seed=80] GLOBAL mode — total_samples=200000
  total: h0=82063 h1=15019
  pooled_train:  n0=500 n1=500
  pooled_calib:  n0=1240 n1=1240
  pooled_eval:   n0=1270 n1=1270
  regions (for macro stats only): 1103
[INFO] Cosine baseline routed to direct Hadamard sum (PrecomputedCosine)
[INFO] WeightedEnsemble Cosine judge routed to direct Hadamard sum
  [Ensemble] Judges routed to 'alt' input: PrecomputedCosine
[WeightedEnsemble] Fitted weights (alpha=0.0500, external calib):
  tau=0.8404, Pooled external calib: TPR=0.5831, FPR=0.0500
  PrecomputedCosine   : +0.3209
  PCAWhitenedCosine   : +0.3118
  XGBoost             : +0.3183
  Tiny MLP            : +0.0373
  LDA                 : +0.0115

Method                   | TPR    | FPR    | TrTPR  | TrFPR  | MacroTPR | MacroFPR | Regions | TauMean | ms    | OK? 
---------------------------------------------------------------------------------------------------------------------
Cosine                   | 0.4969 | 0.0701 | 0.4927 | 0.0500 | 0.4597   | 0.1011   | 883     | 0.9449  | 104.5 | FAIL
AndBox-HC                | 0.4953 | 0.0693 | 0.4903 | 0.0500 | 0.4508   | 0.0973   | 883     | 0.0000  | 69.5  | FAIL
PCAWhitenedCosine        | 0.5630 | 0.0748 | 0.5677 | 0.0500 | 0.4479   | 0.1090   | 883     | 0.8943  | 103.8 | FAIL
Vec (Wgt)                | 0.5346 | 0.0732 | 0.5347 | 0.0500 | 0.4897   | 0.1076   | 883     | 0.9246  | 104.6 | FAIL
Log Reg                  | 0.2921 | 0.0598 | 0.3040 | 0.0500 | 0.2537   | 0.0757   | 883     | 0.5036  | 119.6 | FAIL
LDA                      | 0.5307 | 0.0756 | 0.5258 | 0.0500 | 0.4168   | 0.1058   | 883     | 5.6679  | 110.6 | FAIL
Tiny MLP                 | 0.5496 | 0.0732 | 0.5492 | 0.0500 | 0.4409   | 0.1077   | 883     | 0.8809  | 505.2 | FAIL
MultiProtoCosine         | 0.0969 | 0.0622 | 0.0992 | 0.0500 | 0.0780   | 0.0571   | 883     | 0.9218  | 125.2 | FAIL
WeightedEnsemble         | 0.5835 | 0.0701 | 0.5831 | 0.0500 | 0.4693   | 0.1026   | 883     | 0.8404  | 563.2 | FAIL
XGBoost                  | 0.5449 | 0.0638 | 0.5234 | 0.0500 | 0.4654   | 0.0912   | 883     | 0.6855  | 85.1  | FAIL
LDA1+LogReg              | 0.2929 | 0.0606 | 0.3065 | 0.0500 | 0.2543   | 0.0774   | 883     | 0.5036  | 114.5 | FAIL
PCA16+LogReg             | 0.2827 | 0.0614 | 0.2944 | 0.0500 | 0.2460   | 0.0767   | 883     | 0.5035  | 126.0 | FAIL
PCA32+LogReg             | 0.2803 | 0.0583 | 0.2895 | 0.0500 | 0.2475   | 0.0738   | 883     | 0.5035  | 129.9 | FAIL
PCA16+VecWeighted        | 0.0772 | 0.0669 | 0.0952 | 0.0500 | 0.0778   | 0.0489   | 883     | 0.0288  | 122.6 | FAIL
PCA32+VecWeighted        | 0.0646 | 0.0575 | 0.0798 | 0.0500 | 0.0633   | 0.0330   | 883     | 0.0370  | 125.8 | FAIL
StabilizedWhitenedCosine | 0.5929 | 0.0835 | 0.5839 | 0.0500 | 0.4913   | 0.1231   | 883     | 0.7572  | 114.4 | FAIL

[trial=38 seed=81] GLOBAL mode — total_samples=200000
  total: h0=82063 h1=15019
  pooled_train:  n0=500 n1=500
  pooled_calib:  n0=1240 n1=1240
  pooled_eval:   n0=1270 n1=1270
  regions (for macro stats only): 1103
[INFO] Cosine baseline routed to direct Hadamard sum (PrecomputedCosine)
[INFO] WeightedEnsemble Cosine judge routed to direct Hadamard sum
  [Ensemble] Judges routed to 'alt' input: PrecomputedCosine
[WeightedEnsemble] Fitted weights (alpha=0.0500, external calib):
  tau=0.9377, Pooled external calib: TPR=0.5315, FPR=0.0500
  PrecomputedCosine   : +0.4364
  PCAWhitenedCosine   : +0.0571
  XGBoost             : +0.1048
  Tiny MLP            : +0.3819
  LDA                 : +0.0199

Method                   | TPR    | FPR    | TrTPR  | TrFPR  | MacroTPR | MacroFPR | Regions | TauMean | ms    | OK? 
---------------------------------------------------------------------------------------------------------------------
Cosine                   | 0.4575 | 0.0504 | 0.4548 | 0.0500 | 0.4212   | 0.0655   | 847     | 0.9563  | 116.5 | FAIL
AndBox-HC                | 0.4142 | 0.0504 | 0.4169 | 0.0476 | 0.3851   | 0.0682   | 847     | 0.0000  | 77.3  | FAIL
PCAWhitenedCosine        | 0.4984 | 0.0378 | 0.4823 | 0.0500 | 0.4062   | 0.0513   | 847     | 1.0250  | 100.8 | PASS
Vec (Wgt)                | 0.5126 | 0.0488 | 0.4919 | 0.0500 | 0.4673   | 0.0663   | 847     | 0.9402  | 101.3 | PASS
Log Reg                  | 0.2252 | 0.0441 | 0.2395 | 0.0500 | 0.1999   | 0.0555   | 847     | 0.5044  | 119.0 | PASS
LDA                      | 0.4480 | 0.0362 | 0.4460 | 0.0500 | 0.3563   | 0.0531   | 847     | 5.9326  | 107.3 | PASS
Tiny MLP                 | 0.5220 | 0.0433 | 0.5073 | 0.0500 | 0.4273   | 0.0603   | 847     | 0.8630  | 594.0 | PASS
MultiProtoCosine         | 0.0732 | 0.0528 | 0.0645 | 0.0500 | 0.0635   | 0.0612   | 847     | 0.9216  | 122.8 | FAIL
WeightedEnsemble         | 0.5457 | 0.0441 | 0.5315 | 0.0500 | 0.4643   | 0.0629   | 847     | 0.9377  | 651.4 | PASS
XGBoost                  | 0.5031 | 0.0661 | 0.5040 | 0.0500 | 0.4483   | 0.0895   | 847     | 0.6974  | 87.5  | FAIL
LDA1+LogReg              | 0.2252 | 0.0441 | 0.2395 | 0.0500 | 0.1999   | 0.0555   | 847     | 0.5043  | 110.6 | PASS
PCA16+LogReg             | 0.2213 | 0.0433 | 0.2323 | 0.0500 | 0.1948   | 0.0540   | 847     | 0.5043  | 122.6 | PASS
PCA32+LogReg             | 0.2228 | 0.0457 | 0.2323 | 0.0500 | 0.1985   | 0.0579   | 847     | 0.5043  | 127.0 | PASS
PCA16+VecWeighted        | 0.0449 | 0.0488 | 0.0516 | 0.0500 | 0.0374   | 0.0333   | 847     | 0.0369  | 118.8 | PASS
PCA32+VecWeighted        | 0.0465 | 0.0465 | 0.0556 | 0.0500 | 0.0331   | 0.0263   | 847     | 0.0405  | 124.8 | PASS
StabilizedWhitenedCosine | 0.5323 | 0.0441 | 0.4935 | 0.0500 | 0.4442   | 0.0640   | 847     | 0.9436  | 110.1 | PASS

[trial=39 seed=82] GLOBAL mode — total_samples=200000
  total: h0=82063 h1=15019
  pooled_train:  n0=500 n1=500
  pooled_calib:  n0=1240 n1=1240
  pooled_eval:   n0=1270 n1=1270
  regions (for macro stats only): 1103
[INFO] Cosine baseline routed to direct Hadamard sum (PrecomputedCosine)
[INFO] WeightedEnsemble Cosine judge routed to direct Hadamard sum
  [Ensemble] Judges routed to 'alt' input: PrecomputedCosine
[WeightedEnsemble] Fitted weights (alpha=0.0500, external calib):
  tau=0.9594, Pooled external calib: TPR=0.5169, FPR=0.0500
  PrecomputedCosine   : +0.5316
  PCAWhitenedCosine   : +0.2031
  XGBoost             : +0.0553
  Tiny MLP            : +0.1785
  LDA                 : +0.0315

Method                   | TPR    | FPR    | TrTPR  | TrFPR  | MacroTPR | MacroFPR | Regions | TauMean | ms    | OK? 
---------------------------------------------------------------------------------------------------------------------
Cosine                   | 0.4465 | 0.0402 | 0.4798 | 0.0500 | 0.4170   | 0.0608   | 864     | 0.9609  | 102.3 | PASS
AndBox-HC                | 0.4031 | 0.0378 | 0.4339 | 0.0500 | 0.3789   | 0.0554   | 864     | 0.0000  | 63.7  | PASS
PCAWhitenedCosine        | 0.5071 | 0.0559 | 0.4968 | 0.0500 | 0.4091   | 0.0681   | 864     | 0.8947  | 102.0 | FAIL
Vec (Wgt)                | 0.4795 | 0.0386 | 0.5177 | 0.0492 | 0.4414   | 0.0605   | 864     | 0.9446  | 102.5 | PASS
Log Reg                  | 0.2787 | 0.0528 | 0.2919 | 0.0500 | 0.2448   | 0.0717   | 864     | 0.5034  | 118.4 | FAIL
LDA                      | 0.4819 | 0.0504 | 0.4815 | 0.0500 | 0.3824   | 0.0660   | 864     | 4.8483  | 108.3 | FAIL
Tiny MLP                 | 0.5118 | 0.0457 | 0.5137 | 0.0500 | 0.4136   | 0.0581   | 864     | 0.8230  | 501.9 | PASS
MultiProtoCosine         | 0.0906 | 0.0520 | 0.0831 | 0.0500 | 0.0811   | 0.0586   | 864     | 0.9212  | 126.8 | FAIL
WeightedEnsemble         | 0.5205 | 0.0480 | 0.5169 | 0.0500 | 0.4335   | 0.0630   | 864     | 0.9594  | 559.1 | PASS
XGBoost                  | 0.4890 | 0.0441 | 0.5121 | 0.0500 | 0.4333   | 0.0678   | 864     | 0.7051  | 88.7  | PASS
LDA1+LogReg              | 0.2811 | 0.0528 | 0.2927 | 0.0500 | 0.2467   | 0.0717   | 864     | 0.5034  | 113.0 | FAIL
PCA16+LogReg             | 0.2787 | 0.0472 | 0.2903 | 0.0500 | 0.2502   | 0.0661   | 864     | 0.5033  | 124.2 | PASS
PCA32+LogReg             | 0.2795 | 0.0488 | 0.2935 | 0.0500 | 0.2496   | 0.0671   | 864     | 0.5033  | 127.9 | PASS
PCA16+VecWeighted        | 0.1472 | 0.0504 | 0.1452 | 0.0500 | 0.1028   | 0.0481   | 864     | 0.0244  | 121.4 | FAIL
PCA32+VecWeighted        | 0.1622 | 0.0441 | 0.1548 | 0.0500 | 0.1154   | 0.0505   | 864     | 0.0289  | 127.8 | PASS
StabilizedWhitenedCosine | 0.5268 | 0.0480 | 0.5105 | 0.0500 | 0.4330   | 0.0627   | 864     | 0.9045  | 117.0 | PASS

[trial=40 seed=83] GLOBAL mode — total_samples=200000
  total: h0=82063 h1=15019
  pooled_train:  n0=500 n1=500
  pooled_calib:  n0=1240 n1=1240
  pooled_eval:   n0=1270 n1=1270
  regions (for macro stats only): 1103
[INFO] Cosine baseline routed to direct Hadamard sum (PrecomputedCosine)
[INFO] WeightedEnsemble Cosine judge routed to direct Hadamard sum
  [Ensemble] Judges routed to 'alt' input: PrecomputedCosine
[WeightedEnsemble] Fitted weights (alpha=0.0500, external calib):
  tau=0.9992, Pooled external calib: TPR=0.5266, FPR=0.0500
  PrecomputedCosine   : +0.5316
  PCAWhitenedCosine   : +0.2031
  XGBoost             : +0.0553
  Tiny MLP            : +0.1785
  LDA                 : +0.0315

Method                   | TPR    | FPR    | TrTPR  | TrFPR  | MacroTPR | MacroFPR | Regions | TauMean | ms    | OK? 
---------------------------------------------------------------------------------------------------------------------
Cosine                   | 0.4787 | 0.0575 | 0.4669 | 0.0500 | 0.4526   | 0.0818   | 874     | 0.9547  | 124.0 | FAIL
AndBox-HC                | 0.4528 | 0.0598 | 0.4339 | 0.0500 | 0.4312   | 0.0834   | 874     | 0.0000  | 75.3  | FAIL
PCAWhitenedCosine        | 0.4953 | 0.0488 | 0.4895 | 0.0500 | 0.4155   | 0.0770   | 874     | 1.0281  | 105.7 | PASS
Vec (Wgt)                | 0.5126 | 0.0559 | 0.5089 | 0.0500 | 0.4791   | 0.0820   | 874     | 0.9390  | 104.3 | FAIL
Log Reg                  | 0.2063 | 0.0551 | 0.2161 | 0.0500 | 0.1913   | 0.0772   | 874     | 0.5052  | 122.9 | FAIL
LDA                      | 0.4425 | 0.0402 | 0.4234 | 0.0500 | 0.3644   | 0.0585   | 874     | 5.6260  | 110.4 | PASS
Tiny MLP                 | 0.4772 | 0.0425 | 0.4879 | 0.0500 | 0.3933   | 0.0642   | 874     | 0.8777  | 502.3 | PASS
MultiProtoCosine         | 0.0630 | 0.0394 | 0.0669 | 0.0500 | 0.0457   | 0.0426   | 874     | 0.9263  | 125.0 | PASS
WeightedEnsemble         | 0.5402 | 0.0488 | 0.5266 | 0.0500 | 0.4519   | 0.0768   | 874     | 0.9992  | 558.8 | PASS
XGBoost                  | 0.5197 | 0.0606 | 0.4944 | 0.0500 | 0.4717   | 0.0886   | 874     | 0.7072  | 88.5  | FAIL
LDA1+LogReg              | 0.2063 | 0.0551 | 0.2161 | 0.0500 | 0.1913   | 0.0772   | 874     | 0.5051  | 112.8 | FAIL
PCA16+LogReg             | 0.1945 | 0.0528 | 0.2000 | 0.0500 | 0.1818   | 0.0708   | 874     | 0.5053  | 124.6 | FAIL
PCA32+LogReg             | 0.2016 | 0.0528 | 0.2073 | 0.0500 | 0.1880   | 0.0735   | 874     | 0.5052  | 128.0 | FAIL
PCA16+VecWeighted        | 0.1079 | 0.0535 | 0.1040 | 0.0500 | 0.0748   | 0.0433   | 874     | 0.0344  | 120.7 | FAIL
PCA32+VecWeighted        | 0.0850 | 0.0520 | 0.0855 | 0.0500 | 0.0621   | 0.0507   | 874     | 0.0391  | 124.5 | FAIL
StabilizedWhitenedCosine | 0.5441 | 0.0512 | 0.5161 | 0.0500 | 0.4617   | 0.0736   | 874     | 0.8936  | 114.0 | FAIL

[trial=41 seed=84] GLOBAL mode — total_samples=200000
  total: h0=82063 h1=15019
  pooled_train:  n0=500 n1=500
  pooled_calib:  n0=1240 n1=1240
  pooled_eval:   n0=1270 n1=1270
  regions (for macro stats only): 1103
[INFO] Cosine baseline routed to direct Hadamard sum (PrecomputedCosine)
[INFO] WeightedEnsemble Cosine judge routed to direct Hadamard sum
  [Ensemble] Judges routed to 'alt' input: PrecomputedCosine
[WeightedEnsemble] Fitted weights (alpha=0.0500, external calib):
  tau=1.0288, Pooled external calib: TPR=0.5782, FPR=0.0500
  PrecomputedCosine   : +0.1298
  PCAWhitenedCosine   : +0.1391
  XGBoost             : +0.2872
  Tiny MLP            : +0.3596
  LDA                 : +0.0844

Method                   | TPR    | FPR    | TrTPR  | TrFPR  | MacroTPR | MacroFPR | Regions | TauMean | ms    | OK? 
---------------------------------------------------------------------------------------------------------------------
Cosine                   | 0.4898 | 0.0606 | 0.4895 | 0.0500 | 0.4549   | 0.0820   | 880     | 0.9440  | 116.6 | FAIL
AndBox-HC                | 0.4268 | 0.0472 | 0.4218 | 0.0500 | 0.3916   | 0.0647   | 880     | 0.0000  | 65.3  | PASS
PCAWhitenedCosine        | 0.5260 | 0.0559 | 0.5500 | 0.0500 | 0.4505   | 0.0760   | 880     | 0.8144  | 103.6 | FAIL
Vec (Wgt)                | 0.4969 | 0.0496 | 0.4903 | 0.0500 | 0.4522   | 0.0713   | 880     | 0.9437  | 104.5 | PASS
Log Reg                  | 0.2102 | 0.0449 | 0.2048 | 0.0500 | 0.1841   | 0.0630   | 880     | 0.5055  | 120.8 | PASS
LDA                      | 0.4937 | 0.0551 | 0.4847 | 0.0500 | 0.4043   | 0.0672   | 880     | 5.0284  | 109.8 | FAIL
Tiny MLP                 | 0.5252 | 0.0535 | 0.5306 | 0.0500 | 0.4451   | 0.0677   | 880     | 0.8492  | 601.0 | FAIL
MultiProtoCosine         | 0.0661 | 0.0457 | 0.0565 | 0.0500 | 0.0601   | 0.0521   | 880     | 0.9254  | 123.2 | PASS
WeightedEnsemble         | 0.5551 | 0.0583 | 0.5782 | 0.0500 | 0.4678   | 0.0735   | 880     | 1.0288  | 658.4 | FAIL
XGBoost                  | 0.4937 | 0.0512 | 0.5185 | 0.0500 | 0.4471   | 0.0678   | 880     | 0.6845  | 85.0  | FAIL
LDA1+LogReg              | 0.2118 | 0.0441 | 0.2056 | 0.0500 | 0.1855   | 0.0626   | 880     | 0.5054  | 113.8 | PASS
PCA16+LogReg             | 0.2181 | 0.0441 | 0.2105 | 0.0500 | 0.1856   | 0.0639   | 880     | 0.5054  | 124.6 | PASS
PCA32+LogReg             | 0.2173 | 0.0441 | 0.2113 | 0.0500 | 0.1853   | 0.0626   | 880     | 0.5054  | 130.5 | PASS
PCA16+VecWeighted        | 0.0638 | 0.0465 | 0.0605 | 0.0500 | 0.0606   | 0.0561   | 880     | 0.0297  | 122.9 | PASS
PCA32+VecWeighted        | 0.0709 | 0.0409 | 0.0750 | 0.0500 | 0.0601   | 0.0475   | 880     | 0.0335  | 123.1 | PASS
StabilizedWhitenedCosine | 0.5378 | 0.0528 | 0.5581 | 0.0500 | 0.4786   | 0.0697   | 880     | 0.7289  | 115.6 | FAIL

[trial=42 seed=85] GLOBAL mode — total_samples=200000
  total: h0=82063 h1=15019
  pooled_train:  n0=500 n1=500
  pooled_calib:  n0=1240 n1=1240
  pooled_eval:   n0=1270 n1=1270
  regions (for macro stats only): 1103
[INFO] Cosine baseline routed to direct Hadamard sum (PrecomputedCosine)
[INFO] WeightedEnsemble Cosine judge routed to direct Hadamard sum
  [Ensemble] Judges routed to 'alt' input: PrecomputedCosine
[WeightedEnsemble] Fitted weights (alpha=0.0500, external calib):
  tau=0.9349, Pooled external calib: TPR=0.5065, FPR=0.0500
  PrecomputedCosine   : +0.4364
  PCAWhitenedCosine   : +0.0571
  XGBoost             : +0.1048
  Tiny MLP            : +0.3819
  LDA                 : +0.0199

Method                   | TPR    | FPR    | TrTPR  | TrFPR  | MacroTPR | MacroFPR | Regions | TauMean | ms    | OK? 
---------------------------------------------------------------------------------------------------------------------
Cosine                   | 0.4638 | 0.0417 | 0.4419 | 0.0500 | 0.4257   | 0.0626   | 867     | 0.9664  | 103.8 | PASS
AndBox-HC                | 0.3811 | 0.0409 | 0.3766 | 0.0500 | 0.3486   | 0.0637   | 867     | 0.0000  | 63.9  | PASS
PCAWhitenedCosine        | 0.5024 | 0.0457 | 0.4742 | 0.0500 | 0.4227   | 0.0752   | 867     | 1.0210  | 102.5 | PASS
Vec (Wgt)                | 0.5024 | 0.0402 | 0.4903 | 0.0500 | 0.4540   | 0.0623   | 867     | 0.9486  | 103.0 | PASS
Log Reg                  | 0.2362 | 0.0512 | 0.2218 | 0.0500 | 0.2014   | 0.0687   | 867     | 0.5045  | 118.5 | FAIL
LDA                      | 0.4480 | 0.0425 | 0.4274 | 0.0500 | 0.3776   | 0.0631   | 867     | 5.5213  | 109.3 | PASS
Tiny MLP                 | 0.5205 | 0.0417 | 0.4927 | 0.0468 | 0.4389   | 0.0695   | 867     | 0.8396  | 501.9 | PASS
MultiProtoCosine         | 0.1079 | 0.0472 | 0.1105 | 0.0500 | 0.0827   | 0.0495   | 867     | 0.9218  | 121.7 | PASS
WeightedEnsemble         | 0.5307 | 0.0425 | 0.5065 | 0.0500 | 0.4526   | 0.0707   | 867     | 0.9349  | 558.4 | PASS
XGBoost                  | 0.4693 | 0.0417 | 0.4508 | 0.0500 | 0.4164   | 0.0624   | 867     | 0.7214  | 85.2  | PASS
LDA1+LogReg              | 0.2409 | 0.0520 | 0.2282 | 0.0500 | 0.2056   | 0.0705   | 867     | 0.5044  | 112.0 | FAIL
PCA16+LogReg             | 0.2370 | 0.0496 | 0.2226 | 0.0500 | 0.2049   | 0.0648   | 867     | 0.5044  | 123.7 | PASS
PCA32+LogReg             | 0.2346 | 0.0488 | 0.2194 | 0.0500 | 0.2022   | 0.0656   | 867     | 0.5044  | 128.5 | PASS
PCA16+VecWeighted        | 0.0583 | 0.0654 | 0.0427 | 0.0500 | 0.0501   | 0.0296   | 867     | 0.0334  | 121.5 | FAIL
PCA32+VecWeighted        | 0.0756 | 0.0756 | 0.0565 | 0.0500 | 0.0494   | 0.0361   | 867     | 0.0362  | 122.9 | FAIL
StabilizedWhitenedCosine | 0.4976 | 0.0441 | 0.4984 | 0.0500 | 0.4215   | 0.0688   | 867     | 0.9803  | 114.6 | PASS

[trial=43 seed=86] GLOBAL mode — total_samples=200000
  total: h0=82063 h1=15019
  pooled_train:  n0=500 n1=500
  pooled_calib:  n0=1240 n1=1240
  pooled_eval:   n0=1270 n1=1270
  regions (for macro stats only): 1103
[INFO] Cosine baseline routed to direct Hadamard sum (PrecomputedCosine)
[INFO] WeightedEnsemble Cosine judge routed to direct Hadamard sum
  [Ensemble] Judges routed to 'alt' input: PrecomputedCosine
[WeightedEnsemble] Fitted weights (alpha=0.0500, external calib):
  tau=1.0464, Pooled external calib: TPR=0.5290, FPR=0.0500
  PrecomputedCosine   : +0.4352
  PCAWhitenedCosine   : +0.0957
  XGBoost             : +0.1866
  Tiny MLP            : +0.2341
  LDA                 : +0.0484

Method                   | TPR    | FPR    | TrTPR  | TrFPR  | MacroTPR | MacroFPR | Regions | TauMean | ms    | OK? 
---------------------------------------------------------------------------------------------------------------------
Cosine                   | 0.4874 | 0.0496 | 0.4839 | 0.0500 | 0.4610   | 0.0714   | 853     | 0.9532  | 129.7 | PASS
AndBox-HC                | 0.4433 | 0.0441 | 0.4210 | 0.0500 | 0.4091   | 0.0570   | 853     | 0.0000  | 72.7  | PASS
PCAWhitenedCosine        | 0.4732 | 0.0441 | 0.4839 | 0.0500 | 0.3969   | 0.0607   | 853     | 1.0765  | 111.3 | PASS
Vec (Wgt)                | 0.5339 | 0.0551 | 0.5169 | 0.0500 | 0.5035   | 0.0793   | 853     | 0.9351  | 102.7 | FAIL
Log Reg                  | 0.2331 | 0.0339 | 0.2355 | 0.0500 | 0.2068   | 0.0491   | 853     | 0.5042  | 120.9 | PASS
LDA                      | 0.4929 | 0.0465 | 0.4944 | 0.0500 | 0.4066   | 0.0679   | 853     | 5.3595  | 107.1 | PASS
Tiny MLP                 | 0.5039 | 0.0441 | 0.4952 | 0.0500 | 0.4191   | 0.0693   | 853     | 0.8641  | 592.0 | PASS
MultiProtoCosine         | 0.0701 | 0.0409 | 0.0919 | 0.0500 | 0.0691   | 0.0539   | 853     | 0.9221  | 120.9 | PASS
WeightedEnsemble         | 0.5315 | 0.0425 | 0.5290 | 0.0500 | 0.4486   | 0.0653   | 853     | 1.0464  | 650.8 | PASS
XGBoost                  | 0.4787 | 0.0457 | 0.4774 | 0.0500 | 0.4325   | 0.0610   | 853     | 0.7270  | 87.9  | PASS
LDA1+LogReg              | 0.2331 | 0.0339 | 0.2355 | 0.0500 | 0.2068   | 0.0491   | 853     | 0.5042  | 109.6 | PASS
PCA16+LogReg             | 0.2433 | 0.0331 | 0.2444 | 0.0500 | 0.2127   | 0.0491   | 853     | 0.5041  | 121.0 | PASS
PCA32+LogReg             | 0.2339 | 0.0339 | 0.2347 | 0.0500 | 0.2091   | 0.0491   | 853     | 0.5041  | 127.0 | PASS
PCA16+VecWeighted        | 0.1008 | 0.0409 | 0.0831 | 0.0500 | 0.0718   | 0.0371   | 853     | 0.0319  | 117.0 | PASS
PCA32+VecWeighted        | 0.1134 | 0.0339 | 0.0992 | 0.0500 | 0.0911   | 0.0339   | 853     | 0.0344  | 123.0 | PASS
StabilizedWhitenedCosine | 0.5118 | 0.0528 | 0.5121 | 0.0500 | 0.4321   | 0.0725   | 853     | 0.9460  | 110.8 | FAIL

[trial=44 seed=87] GLOBAL mode — total_samples=200000
  total: h0=82063 h1=15019
  pooled_train:  n0=500 n1=500
  pooled_calib:  n0=1240 n1=1240
  pooled_eval:   n0=1270 n1=1270
  regions (for macro stats only): 1103
[INFO] Cosine baseline routed to direct Hadamard sum (PrecomputedCosine)
[INFO] WeightedEnsemble Cosine judge routed to direct Hadamard sum
  [Ensemble] Judges routed to 'alt' input: PrecomputedCosine
[WeightedEnsemble] Fitted weights (alpha=0.0500, external calib):
  tau=0.8789, Pooled external calib: TPR=0.5323, FPR=0.0500
  PrecomputedCosine   : +0.3209
  PCAWhitenedCosine   : +0.3118
  XGBoost             : +0.3183
  Tiny MLP            : +0.0373
  LDA                 : +0.0115

Method                   | TPR    | FPR    | TrTPR  | TrFPR  | MacroTPR | MacroFPR | Regions | TauMean | ms    | OK? 
---------------------------------------------------------------------------------------------------------------------
Cosine                   | 0.5047 | 0.0496 | 0.4895 | 0.0500 | 0.4391   | 0.0731   | 847     | 0.9446  | 105.2 | PASS
AndBox-HC                | 0.5016 | 0.0496 | 0.4968 | 0.0500 | 0.4361   | 0.0722   | 847     | 0.0000  | 63.4  | PASS
PCAWhitenedCosine        | 0.5520 | 0.0425 | 0.5194 | 0.0500 | 0.4307   | 0.0565   | 847     | 0.9816  | 102.3 | PASS
Vec (Wgt)                | 0.5244 | 0.0402 | 0.5065 | 0.0500 | 0.4508   | 0.0630   | 847     | 0.9327  | 102.8 | PASS
Log Reg                  | 0.2354 | 0.0449 | 0.2218 | 0.0500 | 0.1864   | 0.0588   | 847     | 0.5054  | 122.7 | PASS
LDA                      | 0.4504 | 0.0346 | 0.4282 | 0.0500 | 0.3546   | 0.0494   | 847     | 6.6918  | 111.6 | PASS
Tiny MLP                 | 0.5031 | 0.0409 | 0.4710 | 0.0500 | 0.4024   | 0.0575   | 847     | 0.8803  | 503.2 | PASS
MultiProtoCosine         | 0.0992 | 0.0496 | 0.0887 | 0.0500 | 0.0812   | 0.0508   | 847     | 0.9207  | 125.4 | PASS
WeightedEnsemble         | 0.5638 | 0.0457 | 0.5323 | 0.0500 | 0.4497   | 0.0644   | 847     | 0.8789  | 561.0 | PASS
XGBoost                  | 0.4882 | 0.0425 | 0.4565 | 0.0500 | 0.4046   | 0.0647   | 847     | 0.7375  | 85.4  | PASS
LDA1+LogReg              | 0.2362 | 0.0457 | 0.2226 | 0.0500 | 0.1882   | 0.0594   | 847     | 0.5053  | 113.4 | PASS
PCA16+LogReg             | 0.2260 | 0.0449 | 0.2056 | 0.0500 | 0.1788   | 0.0596   | 847     | 0.5054  | 124.3 | PASS
PCA32+LogReg             | 0.2409 | 0.0457 | 0.2323 | 0.0500 | 0.1864   | 0.0594   | 847     | 0.5053  | 127.3 | PASS
PCA16+VecWeighted        | 0.0205 | 0.0535 | 0.0145 | 0.0500 | 0.0219   | 0.0405   | 847     | 0.0318  | 121.0 | FAIL
PCA32+VecWeighted        | 0.0260 | 0.0480 | 0.0202 | 0.0500 | 0.0295   | 0.0312   | 847     | 0.0351  | 124.4 | PASS
StabilizedWhitenedCosine | 0.5236 | 0.0465 | 0.4935 | 0.0500 | 0.4118   | 0.0677   | 847     | 1.0471  | 112.9 | PASS

[trial=45 seed=88] GLOBAL mode — total_samples=200000
  total: h0=82063 h1=15019
  pooled_train:  n0=500 n1=500
  pooled_calib:  n0=1240 n1=1240
  pooled_eval:   n0=1270 n1=1270
  regions (for macro stats only): 1103
[INFO] Cosine baseline routed to direct Hadamard sum (PrecomputedCosine)
[INFO] WeightedEnsemble Cosine judge routed to direct Hadamard sum
  [Ensemble] Judges routed to 'alt' input: PrecomputedCosine
[WeightedEnsemble] Fitted weights (alpha=0.0500, external calib):
  tau=0.8580, Pooled external calib: TPR=0.5169, FPR=0.0500
  PrecomputedCosine   : +0.0000
  PCAWhitenedCosine   : +0.0000
  XGBoost             : +0.0000
  Tiny MLP            : +1.0000
  LDA                 : +0.0000

Method                   | TPR    | FPR    | TrTPR  | TrFPR  | MacroTPR | MacroFPR | Regions | TauMean | ms    | OK? 
---------------------------------------------------------------------------------------------------------------------
Cosine                   | 0.4480 | 0.0354 | 0.4669 | 0.0500 | 0.4042   | 0.0635   | 846     | 0.9621  | 105.1 | PASS
AndBox-HC                | 0.3528 | 0.0283 | 0.3863 | 0.0500 | 0.3144   | 0.0501   | 846     | 0.0000  | 63.7  | PASS
PCAWhitenedCosine        | 0.5063 | 0.0323 | 0.5056 | 0.0500 | 0.3951   | 0.0529   | 846     | 1.0897  | 101.8 | PASS
Vec (Wgt)                | 0.4740 | 0.0339 | 0.4960 | 0.0500 | 0.4102   | 0.0602   | 846     | 0.9520  | 101.8 | PASS
Log Reg                  | 0.2157 | 0.0496 | 0.2089 | 0.0500 | 0.1872   | 0.0783   | 846     | 0.5057  | 119.1 | PASS
LDA                      | 0.4362 | 0.0425 | 0.4266 | 0.0500 | 0.3418   | 0.0625   | 846     | 6.6826  | 107.7 | PASS
Tiny MLP                 | 0.5213 | 0.0323 | 0.5169 | 0.0500 | 0.4234   | 0.0514   | 846     | 0.8580  | 501.5 | PASS
MultiProtoCosine         | 0.0937 | 0.0528 | 0.0992 | 0.0500 | 0.0826   | 0.0610   | 846     | 0.9207  | 127.0 | FAIL
WeightedEnsemble         | 0.5213 | 0.0323 | 0.5169 | 0.0500 | 0.4234   | 0.0514   | 846     | 0.8580  | 560.0 | PASS
XGBoost                  | 0.4480 | 0.0268 | 0.4516 | 0.0500 | 0.3817   | 0.0441   | 846     | 0.7549  | 86.9  | PASS
LDA1+LogReg              | 0.2173 | 0.0496 | 0.2121 | 0.0500 | 0.1900   | 0.0783   | 846     | 0.5056  | 113.8 | PASS
PCA16+LogReg             | 0.2118 | 0.0488 | 0.2056 | 0.0500 | 0.1847   | 0.0760   | 846     | 0.5056  | 125.7 | PASS
PCA32+LogReg             | 0.2181 | 0.0480 | 0.2089 | 0.0500 | 0.1932   | 0.0770   | 846     | 0.5056  | 127.9 | PASS
PCA16+VecWeighted        | 0.0921 | 0.0559 | 0.0863 | 0.0500 | 0.0898   | 0.0651   | 846     | 0.0305  | 121.8 | FAIL
PCA32+VecWeighted        | 0.1031 | 0.0622 | 0.1073 | 0.0500 | 0.1050   | 0.0705   | 846     | 0.0350  | 123.7 | FAIL
StabilizedWhitenedCosine | 0.4630 | 0.0315 | 0.4661 | 0.0500 | 0.3780   | 0.0487   | 846     | 1.1238  | 111.5 | PASS

[trial=46 seed=89] GLOBAL mode — total_samples=200000
  total: h0=82063 h1=15019
  pooled_train:  n0=500 n1=500
  pooled_calib:  n0=1240 n1=1240
  pooled_eval:   n0=1270 n1=1270
  regions (for macro stats only): 1103
[INFO] Cosine baseline routed to direct Hadamard sum (PrecomputedCosine)
[INFO] WeightedEnsemble Cosine judge routed to direct Hadamard sum
  [Ensemble] Judges routed to 'alt' input: PrecomputedCosine
[WeightedEnsemble] Fitted weights (alpha=0.0500, external calib):
  tau=0.9214, Pooled external calib: TPR=0.5911, FPR=0.0500
  PrecomputedCosine   : +0.4364
  PCAWhitenedCosine   : +0.0571
  XGBoost             : +0.1048
  Tiny MLP            : +0.3819
  LDA                 : +0.0199

Method                   | TPR    | FPR    | TrTPR  | TrFPR  | MacroTPR | MacroFPR | Regions | TauMean | ms    | OK? 
---------------------------------------------------------------------------------------------------------------------
Cosine                   | 0.4724 | 0.0543 | 0.4750 | 0.0500 | 0.4282   | 0.0826   | 854     | 0.9547  | 112.9 | FAIL
AndBox-HC                | 0.4339 | 0.0551 | 0.4435 | 0.0500 | 0.3907   | 0.0866   | 854     | 0.0000  | 76.0  | FAIL
PCAWhitenedCosine        | 0.5236 | 0.0559 | 0.5331 | 0.0500 | 0.4097   | 0.0814   | 854     | 0.9602  | 104.4 | FAIL
Vec (Wgt)                | 0.5244 | 0.0622 | 0.5153 | 0.0500 | 0.4707   | 0.0934   | 854     | 0.9264  | 105.4 | FAIL
Log Reg                  | 0.2346 | 0.0504 | 0.2218 | 0.0500 | 0.2087   | 0.0708   | 854     | 0.5050  | 125.8 | FAIL
LDA                      | 0.4961 | 0.0535 | 0.5153 | 0.0500 | 0.3996   | 0.0743   | 854     | 6.0124  | 112.9 | FAIL
Tiny MLP                 | 0.5606 | 0.0630 | 0.5742 | 0.0500 | 0.4614   | 0.0877   | 854     | 0.8349  | 514.0 | FAIL
MultiProtoCosine         | 0.0819 | 0.0386 | 0.0726 | 0.0500 | 0.0610   | 0.0432   | 854     | 0.9234  | 131.2 | PASS
WeightedEnsemble         | 0.5661 | 0.0567 | 0.5911 | 0.0500 | 0.4704   | 0.0844   | 854     | 0.9214  | 567.1 | FAIL
XGBoost                  | 0.5008 | 0.0504 | 0.5032 | 0.0500 | 0.4417   | 0.0761   | 854     | 0.7146  | 90.8  | FAIL
LDA1+LogReg              | 0.2346 | 0.0496 | 0.2226 | 0.0500 | 0.2087   | 0.0690   | 854     | 0.5050  | 119.2 | PASS
PCA16+LogReg             | 0.2323 | 0.0472 | 0.2194 | 0.0500 | 0.2056   | 0.0670   | 854     | 0.5050  | 132.3 | PASS
PCA32+LogReg             | 0.2362 | 0.0480 | 0.2242 | 0.0492 | 0.2064   | 0.0667   | 854     | 0.5049  | 133.7 | PASS
PCA16+VecWeighted        | 0.1425 | 0.0528 | 0.1355 | 0.0500 | 0.1394   | 0.0585   | 854     | 0.0258  | 125.0 | FAIL
PCA32+VecWeighted        | 0.1394 | 0.0583 | 0.1395 | 0.0500 | 0.1361   | 0.0633   | 854     | 0.0304  | 133.9 | FAIL
StabilizedWhitenedCosine | 0.5339 | 0.0528 | 0.5048 | 0.0500 | 0.4258   | 0.0756   | 854     | 0.9605  | 122.5 | FAIL

[trial=47 seed=90] GLOBAL mode — total_samples=200000
  total: h0=82063 h1=15019
  pooled_train:  n0=500 n1=500
  pooled_calib:  n0=1240 n1=1240
  pooled_eval:   n0=1270 n1=1270
  regions (for macro stats only): 1103
[INFO] Cosine baseline routed to direct Hadamard sum (PrecomputedCosine)
[INFO] WeightedEnsemble Cosine judge routed to direct Hadamard sum
  [Ensemble] Judges routed to 'alt' input: PrecomputedCosine
[WeightedEnsemble] Fitted weights (alpha=0.0500, external calib):
  tau=0.8608, Pooled external calib: TPR=0.5210, FPR=0.0500
  PrecomputedCosine   : +0.1369
  PCAWhitenedCosine   : +0.3322
  XGBoost             : +0.4468
  Tiny MLP            : +0.0732
  LDA                 : +0.0110

Method                   | TPR    | FPR    | TrTPR  | TrFPR  | MacroTPR | MacroFPR | Regions | TauMean | ms    | OK? 
---------------------------------------------------------------------------------------------------------------------
Cosine                   | 0.4307 | 0.0417 | 0.4460 | 0.0500 | 0.4012   | 0.0638   | 857     | 0.9675  | 130.7 | PASS
AndBox-HC                | 0.3543 | 0.0417 | 0.3605 | 0.0500 | 0.3281   | 0.0661   | 857     | 0.0000  | 68.8  | PASS
PCAWhitenedCosine        | 0.4984 | 0.0535 | 0.4919 | 0.0500 | 0.4055   | 0.0838   | 857     | 1.0152  | 107.3 | FAIL
Vec (Wgt)                | 0.4701 | 0.0520 | 0.4847 | 0.0500 | 0.4362   | 0.0848   | 857     | 0.9560  | 102.1 | FAIL
Log Reg                  | 0.2244 | 0.0472 | 0.2218 | 0.0500 | 0.2123   | 0.0660   | 857     | 0.5046  | 120.1 | PASS
LDA                      | 0.4276 | 0.0472 | 0.4484 | 0.0500 | 0.3412   | 0.0764   | 857     | 6.0554  | 107.4 | PASS
Tiny MLP                 | 0.4984 | 0.0543 | 0.5000 | 0.0500 | 0.3921   | 0.0841   | 857     | 0.8642  | 503.4 | FAIL
MultiProtoCosine         | 0.1039 | 0.0528 | 0.0919 | 0.0500 | 0.0917   | 0.0567   | 857     | 0.9223  | 120.0 | FAIL
WeightedEnsemble         | 0.5157 | 0.0543 | 0.5210 | 0.0500 | 0.4277   | 0.0874   | 857     | 0.8608  | 563.9 | FAIL
XGBoost                  | 0.4543 | 0.0504 | 0.4766 | 0.0500 | 0.4084   | 0.0832   | 857     | 0.7206  | 86.0  | FAIL
LDA1+LogReg              | 0.2331 | 0.0480 | 0.2379 | 0.0500 | 0.2159   | 0.0669   | 857     | 0.5045  | 112.2 | PASS
PCA16+LogReg             | 0.2244 | 0.0480 | 0.2347 | 0.0500 | 0.2118   | 0.0681   | 857     | 0.5045  | 124.1 | PASS
PCA32+LogReg             | 0.2378 | 0.0488 | 0.2411 | 0.0500 | 0.2206   | 0.0698   | 857     | 0.5045  | 129.3 | PASS
PCA16+VecWeighted        | 0.0764 | 0.0646 | 0.0702 | 0.0500 | 0.0794   | 0.0598   | 857     | 0.0303  | 119.8 | FAIL
PCA32+VecWeighted        | 0.0677 | 0.0622 | 0.0677 | 0.0500 | 0.0624   | 0.0565   | 857     | 0.0348  | 122.2 | FAIL
StabilizedWhitenedCosine | 0.4772 | 0.0496 | 0.4774 | 0.0500 | 0.3988   | 0.0736   | 857     | 1.0395  | 112.6 | PASS

[trial=48 seed=91] GLOBAL mode — total_samples=200000
  total: h0=82063 h1=15019
  pooled_train:  n0=500 n1=500
  pooled_calib:  n0=1240 n1=1240
  pooled_eval:   n0=1270 n1=1270
  regions (for macro stats only): 1103
[INFO] Cosine baseline routed to direct Hadamard sum (PrecomputedCosine)
[INFO] WeightedEnsemble Cosine judge routed to direct Hadamard sum
  [Ensemble] Judges routed to 'alt' input: PrecomputedCosine
[WeightedEnsemble] Fitted weights (alpha=0.0500, external calib):
  tau=1.4965, Pooled external calib: TPR=0.5581, FPR=0.0500
  PrecomputedCosine   : +0.3588
  PCAWhitenedCosine   : +0.3100
  XGBoost             : +0.1046
  Tiny MLP            : +0.0572
  LDA                 : +0.1694

Method                   | TPR    | FPR    | TrTPR  | TrFPR  | MacroTPR | MacroFPR | Regions | TauMean | ms    | OK? 
---------------------------------------------------------------------------------------------------------------------
Cosine                   | 0.4748 | 0.0559 | 0.4726 | 0.0500 | 0.4318   | 0.0898   | 857     | 0.9604  | 107.3 | FAIL
AndBox-HC                | 0.3929 | 0.0472 | 0.4024 | 0.0500 | 0.3641   | 0.0724   | 857     | 0.0000  | 84.4  | PASS
PCAWhitenedCosine        | 0.5488 | 0.0606 | 0.5290 | 0.0500 | 0.4419   | 0.0912   | 857     | 0.9132  | 107.7 | FAIL
Vec (Wgt)                | 0.5134 | 0.0504 | 0.5105 | 0.0500 | 0.4582   | 0.0824   | 857     | 0.9469  | 106.2 | FAIL
Log Reg                  | 0.3331 | 0.0520 | 0.3387 | 0.0500 | 0.2702   | 0.0732   | 857     | 0.5030  | 129.8 | FAIL
LDA                      | 0.5228 | 0.0551 | 0.5169 | 0.0500 | 0.4281   | 0.0865   | 857     | 5.0944  | 114.1 | FAIL
Tiny MLP                 | 0.5291 | 0.0520 | 0.5234 | 0.0500 | 0.4257   | 0.0819   | 857     | 0.8414  | 512.2 | FAIL
MultiProtoCosine         | 0.0630 | 0.0425 | 0.0960 | 0.0500 | 0.0605   | 0.0506   | 857     | 0.9229  | 137.2 | PASS
WeightedEnsemble         | 0.5622 | 0.0551 | 0.5581 | 0.0500 | 0.4532   | 0.0843   | 857     | 1.4965  | 572.2 | FAIL
XGBoost                  | 0.5173 | 0.0472 | 0.5089 | 0.0500 | 0.4450   | 0.0674   | 857     | 0.6996  | 91.3  | PASS
LDA1+LogReg              | 0.3339 | 0.0520 | 0.3395 | 0.0500 | 0.2708   | 0.0732   | 857     | 0.5029  | 121.4 | FAIL
PCA16+LogReg             | 0.3260 | 0.0551 | 0.3331 | 0.0500 | 0.2641   | 0.0785   | 857     | 0.5030  | 130.7 | FAIL
PCA32+LogReg             | 0.3283 | 0.0528 | 0.3379 | 0.0500 | 0.2650   | 0.0738   | 857     | 0.5029  | 134.0 | FAIL
PCA16+VecWeighted        | 0.0323 | 0.0354 | 0.0331 | 0.0500 | 0.0311   | 0.0294   | 857     | 0.0324  | 127.6 | PASS
PCA32+VecWeighted        | 0.0441 | 0.0480 | 0.0484 | 0.0500 | 0.0483   | 0.0538   | 857     | 0.0391  | 130.3 | PASS
StabilizedWhitenedCosine | 0.5346 | 0.0465 | 0.5250 | 0.0500 | 0.4364   | 0.0750   | 857     | 0.8549  | 124.1 | PASS

[trial=49 seed=92] GLOBAL mode — total_samples=200000
  total: h0=82063 h1=15019
  pooled_train:  n0=500 n1=500
  pooled_calib:  n0=1240 n1=1240
  pooled_eval:   n0=1270 n1=1270
  regions (for macro stats only): 1103
[INFO] Cosine baseline routed to direct Hadamard sum (PrecomputedCosine)
[INFO] WeightedEnsemble Cosine judge routed to direct Hadamard sum
  [Ensemble] Judges routed to 'alt' input: PrecomputedCosine
[WeightedEnsemble] Fitted weights (alpha=0.0500, external calib):
  tau=0.7693, Pooled external calib: TPR=0.5685, FPR=0.0500
  PrecomputedCosine   : +0.3209
  PCAWhitenedCosine   : +0.3118
  XGBoost             : +0.3183
  Tiny MLP            : +0.0373
  LDA                 : +0.0115

Method                   | TPR    | FPR    | TrTPR  | TrFPR  | MacroTPR | MacroFPR | Regions | TauMean | ms    | OK? 
---------------------------------------------------------------------------------------------------------------------
Cosine                   | 0.4528 | 0.0528 | 0.4492 | 0.0500 | 0.4308   | 0.0769   | 859     | 0.9596  | 110.8 | FAIL
AndBox-HC                | 0.4472 | 0.0622 | 0.4435 | 0.0500 | 0.4175   | 0.0805   | 859     | 0.0000  | 64.5  | FAIL
PCAWhitenedCosine        | 0.5252 | 0.0622 | 0.5274 | 0.0500 | 0.4394   | 0.0883   | 859     | 0.8078  | 101.8 | FAIL
Vec (Wgt)                | 0.5205 | 0.0598 | 0.5121 | 0.0500 | 0.4877   | 0.0895   | 859     | 0.9410  | 101.7 | FAIL
Log Reg                  | 0.2575 | 0.0559 | 0.2758 | 0.0500 | 0.2316   | 0.0774   | 859     | 0.5043  | 116.1 | FAIL
LDA                      | 0.4724 | 0.0598 | 0.4718 | 0.0500 | 0.3662   | 0.0795   | 859     | 5.3166  | 107.2 | FAIL
Tiny MLP                 | 0.5528 | 0.0677 | 0.5677 | 0.0500 | 0.4599   | 0.0950   | 859     | 0.8130  | 504.3 | FAIL
MultiProtoCosine         | 0.0717 | 0.0457 | 0.0895 | 0.0500 | 0.0691   | 0.0525   | 859     | 0.9230  | 124.5 | PASS
WeightedEnsemble         | 0.5772 | 0.0638 | 0.5685 | 0.0500 | 0.4886   | 0.0923   | 859     | 0.7693  | 560.3 | FAIL
XGBoost                  | 0.5126 | 0.0472 | 0.4895 | 0.0500 | 0.4588   | 0.0694   | 859     | 0.6912  | 84.7  | PASS
LDA1+LogReg              | 0.2567 | 0.0551 | 0.2750 | 0.0500 | 0.2294   | 0.0770   | 859     | 0.5043  | 112.0 | FAIL
PCA16+LogReg             | 0.2488 | 0.0535 | 0.2742 | 0.0500 | 0.2201   | 0.0756   | 859     | 0.5043  | 123.0 | FAIL
PCA32+LogReg             | 0.2559 | 0.0551 | 0.2702 | 0.0500 | 0.2307   | 0.0779   | 859     | 0.5042  | 127.2 | FAIL
PCA16+VecWeighted        | 0.0480 | 0.0512 | 0.0556 | 0.0500 | 0.0521   | 0.0496   | 859     | 0.0353  | 119.8 | FAIL
PCA32+VecWeighted        | 0.0472 | 0.0535 | 0.0532 | 0.0500 | 0.0525   | 0.0611   | 859     | 0.0383  | 123.5 | FAIL
StabilizedWhitenedCosine | 0.5339 | 0.0575 | 0.5202 | 0.0500 | 0.4464   | 0.0853   | 859     | 0.7757  | 111.4 | FAIL

=== Ranking by mean micro TPR (UNCONSTRAINED) ===
 1. WeightedEnsemble   TPR=0.5467±0.0239 FPR=0.0535±0.0083 [FAIL]
 2. Tiny MLP           TPR=0.5244±0.0302 FPR=0.0515±0.0096 [FAIL]
 3. StabilizedWhitenedCosine TPR=0.5212±0.0293 FPR=0.0520±0.0094 [FAIL]
 4. PCAWhitenedCosine  TPR=0.5093±0.0316 FPR=0.0521±0.0099 [FAIL]
 5. Vec (Wgt)          TPR=0.5068±0.0206 FPR=0.0523±0.0092 [FAIL]
 6. XGBoost            TPR=0.4921±0.0244 FPR=0.0502±0.0086 [FAIL]
 7. LDA                TPR=0.4821±0.0295 FPR=0.0509±0.0096 [FAIL]
 8. Cosine             TPR=0.4689±0.0219 FPR=0.0512±0.0081 [FAIL]
 9. AndBox-HC          TPR=0.4277±0.0448 FPR=0.0502±0.0087 [FAIL]
10. PCA32+LogReg       TPR=0.2531±0.0381 FPR=0.0503±0.0084 [FAIL]
11. LDA1+LogReg        TPR=0.2527±0.0368 FPR=0.0505±0.0081 [FAIL]
12. Log Reg            TPR=0.2510±0.0371 FPR=0.0504±0.0079 [FAIL]
13. PCA16+LogReg       TPR=0.2483±0.0373 FPR=0.0501±0.0086 [FAIL]
14. PCA32+VecWeighted  TPR=0.0870±0.0427 FPR=0.0522±0.0089 [FAIL]
15. MultiProtoCosine   TPR=0.0864±0.0161 FPR=0.0510±0.0086 [FAIL]
16. PCA16+VecWeighted  TPR=0.0837±0.0440 FPR=0.0518±0.0093 [FAIL]

=== Ranking by mean micro TPR (CONSTRAINED: FPR <= alpha) ===
  (none satisfy the constraint)
[CSV] Saved: /home/malmatal/Projects/Multi_Dim_Threshold/NeighborCache/outputs/region_local_threshold/run_20260507_122939/trial_summary.csv
[JSON] Saved: /home/malmatal/Projects/Multi_Dim_Threshold/NeighborCache/outputs/region_local_threshold/run_20260507_122939/ranking.json
[CSV] Saved: /home/malmatal/Projects/Multi_Dim_Threshold/NeighborCache/outputs/region_local_threshold/run_20260507_122939/weighted_ensemble_meta_weights.csv
[JSON] Saved: /home/malmatal/Projects/Multi_Dim_Threshold/NeighborCache/outputs/region_local_threshold/run_20260507_122939/notes.json

Best (unconstrained fallback; none met FPR <= alpha): WeightedEnsemble
[Done] outputs at: /home/malmatal/Projects/Multi_Dim_Threshold/NeighborCache/outputs/region_local_threshold/run_20260507_122939
