<frozen runpy>:128: RuntimeWarning: 'NeighborCache.region_local_threshold.cli' found in sys.modules after import of package 'NeighborCache.region_local_threshold', but prior to execution of 'NeighborCache.region_local_threshold.cli'; this may result in unpredictable behaviour
[INFO] Using features key='emb' dim=1024
[INFO] Applied Hadamard preprocessing (strategy=centroid_nearest, use_delta_vec=False, use_abs_diff=False) to X_main

=== Region Threshold Benchmark ===
dataset_npz=NeighborCache/data/h1h0_final.npz
region_key=global_cluster (resolved=global_cluster, unique=1103)
features=emb+hadamard rows=200000 dim=1024
text_pairs=text+region_anchor[centroid_nearest]
alpha=0.05 tie_mode=ge trials=50 base_seed=45
tau_mode=global
hadamard_preprocess=True
abs_diff_only_preprocess=False
use_delta_vec=False
use_abs_diff=False
normalize_data=False
filter_policy=none
train_cosine_policy_active=False
caps: train=1000 calib=1240 eval=1270
mins: min_h0_eval=20 min_h1_eval=20
run_dir=/home/malmatal/Projects/Multi_Dim_Threshold/NeighborCache/outputs/region_local_threshold/run_20260507_163107

[trial=0 seed=45] GLOBAL mode — total_samples=200000
  total: h0=82063 h1=15019
  pooled_train:  n0=1000 n1=1000
  pooled_calib:  n0=1240 n1=1240
  pooled_eval:   n0=1270 n1=1270
  regions (for macro stats only): 1103
[INFO] Cosine baseline routed to direct Hadamard sum (PrecomputedCosine)
[INFO] WeightedEnsemble Cosine judge routed to direct Hadamard sum
  [Ensemble] Judges routed to 'alt' input: PrecomputedCosine
[WeightedEnsemble] Fitted weights (alpha=0.0500, external calib):
  tau=1.0489, Pooled external calib: TPR=0.5605, FPR=0.0500
  PrecomputedCosine   : +0.6579
  PCAWhitenedCosine   : +0.1446
  XGBoost             : +0.0673
  Tiny MLP            : +0.0713
  LDA                 : +0.0589

Method                   | TPR    | FPR    | TrTPR  | TrFPR  | MacroTPR | MacroFPR | Regions | TauMean | ms    | OK? 
---------------------------------------------------------------------------------------------------------------------
Cosine                   | 0.4701 | 0.0520 | 0.4605 | 0.0500 | 0.4281   | 0.0761   | 853     | 0.9634  | 64.2  | FAIL
AndBox-HC                | 0.3819 | 0.0465 | 0.3677 | 0.0500 | 0.3408   | 0.0642   | 853     | 0.0000  | 52.7  | PASS
PCAWhitenedCosine        | 0.5102 | 0.0402 | 0.5024 | 0.0500 | 0.4105   | 0.0591   | 853     | 0.9781  | 59.5  | PASS
Vec (Wgt)                | 0.5244 | 0.0543 | 0.5056 | 0.0500 | 0.4634   | 0.0823   | 853     | 0.9411  | 61.3  | FAIL
Log Reg                  | 0.2260 | 0.0480 | 0.2298 | 0.0500 | 0.2024   | 0.0670   | 853     | 0.5109  | 77.2  | PASS
LDA                      | 0.5118 | 0.0409 | 0.4968 | 0.0500 | 0.4178   | 0.0542   | 853     | 4.2101  | 66.6  | PASS
Tiny MLP                 | 0.5252 | 0.0402 | 0.5105 | 0.0500 | 0.4357   | 0.0587   | 853     | 0.8898  | 248.3 | PASS
MultiProtoCosine         | 0.0913 | 0.0449 | 0.0855 | 0.0500 | 0.0742   | 0.0520   | 853     | 0.9244  | 84.9  | PASS
WeightedEnsemble         | 0.5693 | 0.0433 | 0.5605 | 0.0500 | 0.4680   | 0.0628   | 853     | 1.0489  | 302.6 | PASS
XGBoost                  | 0.5071 | 0.0472 | 0.4855 | 0.0500 | 0.4391   | 0.0696   | 853     | 0.7137  | 80.5  | PASS
LDA1+LogReg              | 0.2268 | 0.0480 | 0.2306 | 0.0500 | 0.2027   | 0.0670   | 853     | 0.5108  | 72.0  | PASS
PCA16+LogReg             | 0.2228 | 0.0465 | 0.2274 | 0.0500 | 0.1975   | 0.0661   | 853     | 0.5107  | 77.6  | PASS
PCA32+LogReg             | 0.2268 | 0.0472 | 0.2315 | 0.0500 | 0.2005   | 0.0664   | 853     | 0.5106  | 79.5  | PASS
PCA16+VecWeighted        | 0.0811 | 0.0425 | 0.0750 | 0.0500 | 0.0635   | 0.0551   | 853     | 0.0296  | 73.3  | PASS
PCA32+VecWeighted        | 0.0740 | 0.0457 | 0.0895 | 0.0500 | 0.0730   | 0.0579   | 853     | 0.0315  | 74.2  | PASS
StabilizedWhitenedCosine | 0.5134 | 0.0394 | 0.5097 | 0.0500 | 0.3994   | 0.0562   | 853     | 1.0052  | 72.6  | PASS

[trial=1 seed=46] GLOBAL mode — total_samples=200000
  total: h0=82063 h1=15019
  pooled_train:  n0=1000 n1=1000
  pooled_calib:  n0=1240 n1=1240
  pooled_eval:   n0=1270 n1=1270
  regions (for macro stats only): 1103
[INFO] Cosine baseline routed to direct Hadamard sum (PrecomputedCosine)
[INFO] WeightedEnsemble Cosine judge routed to direct Hadamard sum
  [Ensemble] Judges routed to 'alt' input: PrecomputedCosine
[WeightedEnsemble] Fitted weights (alpha=0.0500, external calib):
  tau=0.9023, Pooled external calib: TPR=0.5798, FPR=0.0500
  PrecomputedCosine   : +0.4364
  PCAWhitenedCosine   : +0.0571
  XGBoost             : +0.1048
  Tiny MLP            : +0.3819
  LDA                 : +0.0199

Method                   | TPR    | FPR    | TrTPR  | TrFPR  | MacroTPR | MacroFPR | Regions | TauMean | ms    | OK? 
---------------------------------------------------------------------------------------------------------------------
Cosine                   | 0.4764 | 0.0512 | 0.4863 | 0.0500 | 0.4488   | 0.0808   | 863     | 0.9507  | 85.8  | FAIL
AndBox-HC                | 0.4205 | 0.0543 | 0.4202 | 0.0500 | 0.4059   | 0.0830   | 863     | 0.0000  | 40.9  | FAIL
PCAWhitenedCosine        | 0.5283 | 0.0598 | 0.5315 | 0.0500 | 0.4559   | 0.0885   | 863     | 0.9224  | 59.1  | FAIL
Vec (Wgt)                | 0.5331 | 0.0567 | 0.5258 | 0.0500 | 0.4997   | 0.0902   | 863     | 0.9247  | 59.1  | FAIL
Log Reg                  | 0.2614 | 0.0575 | 0.2573 | 0.0500 | 0.2368   | 0.0724   | 863     | 0.5081  | 76.4  | FAIL
LDA                      | 0.4890 | 0.0520 | 0.5242 | 0.0500 | 0.4144   | 0.0736   | 863     | 3.8348  | 66.6  | FAIL
Tiny MLP                 | 0.5094 | 0.0543 | 0.5242 | 0.0500 | 0.4241   | 0.0781   | 863     | 0.9102  | 161.9 | FAIL
MultiProtoCosine         | 0.1000 | 0.0583 | 0.0887 | 0.0500 | 0.0805   | 0.0617   | 863     | 0.9226  | 83.6  | FAIL
WeightedEnsemble         | 0.5661 | 0.0528 | 0.5798 | 0.0500 | 0.4867   | 0.0806   | 863     | 0.9023  | 218.3 | FAIL
XGBoost                  | 0.4953 | 0.0496 | 0.5097 | 0.0500 | 0.4478   | 0.0750   | 863     | 0.6973  | 78.5  | PASS
LDA1+LogReg              | 0.2661 | 0.0567 | 0.2605 | 0.0500 | 0.2419   | 0.0719   | 863     | 0.5081  | 70.3  | FAIL
PCA16+LogReg             | 0.2740 | 0.0638 | 0.2605 | 0.0500 | 0.2470   | 0.0768   | 863     | 0.5077  | 75.6  | FAIL
PCA32+LogReg             | 0.2764 | 0.0622 | 0.2653 | 0.0500 | 0.2482   | 0.0759   | 863     | 0.5077  | 77.4  | FAIL
PCA16+VecWeighted        | 0.0898 | 0.0386 | 0.0976 | 0.0500 | 0.0848   | 0.0349   | 863     | 0.0319  | 71.6  | PASS
PCA32+VecWeighted        | 0.0866 | 0.0346 | 0.0863 | 0.0500 | 0.0816   | 0.0301   | 863     | 0.0380  | 74.2  | PASS
StabilizedWhitenedCosine | 0.5740 | 0.0654 | 0.5702 | 0.0500 | 0.5105   | 0.0966   | 863     | 0.8096  | 69.3  | FAIL

[trial=2 seed=47] GLOBAL mode — total_samples=200000
  total: h0=82063 h1=15019
  pooled_train:  n0=1000 n1=1000
  pooled_calib:  n0=1240 n1=1240
  pooled_eval:   n0=1270 n1=1270
  regions (for macro stats only): 1103
[INFO] Cosine baseline routed to direct Hadamard sum (PrecomputedCosine)
[INFO] WeightedEnsemble Cosine judge routed to direct Hadamard sum
  [Ensemble] Judges routed to 'alt' input: PrecomputedCosine
[WeightedEnsemble] Fitted weights (alpha=0.0500, external calib):
  tau=0.8758, Pooled external calib: TPR=0.5839, FPR=0.0500
  PrecomputedCosine   : +0.1195
  PCAWhitenedCosine   : +0.3770
  XGBoost             : +0.2691
  Tiny MLP            : +0.2045
  LDA                 : +0.0298

Method                   | TPR    | FPR    | TrTPR  | TrFPR  | MacroTPR | MacroFPR | Regions | TauMean | ms    | OK? 
---------------------------------------------------------------------------------------------------------------------
Cosine                   | 0.4339 | 0.0346 | 0.4661 | 0.0500 | 0.3883   | 0.0529   | 847     | 0.9669  | 69.0  | PASS
AndBox-HC                | 0.3236 | 0.0331 | 0.3500 | 0.0500 | 0.3113   | 0.0501   | 847     | 0.0000  | 49.7  | PASS
PCAWhitenedCosine        | 0.5449 | 0.0622 | 0.5492 | 0.0500 | 0.4398   | 0.0927   | 847     | 0.9112  | 58.5  | FAIL
Vec (Wgt)                | 0.4669 | 0.0402 | 0.4984 | 0.0500 | 0.4071   | 0.0629   | 847     | 0.9533  | 59.2  | PASS
Log Reg                  | 0.2244 | 0.0661 | 0.2371 | 0.0500 | 0.1977   | 0.0775   | 847     | 0.5102  | 76.9  | FAIL
LDA                      | 0.5276 | 0.0591 | 0.5532 | 0.0484 | 0.4305   | 0.0805   | 847     | 3.9788  | 65.9  | FAIL
Tiny MLP                 | 0.5315 | 0.0535 | 0.5452 | 0.0500 | 0.4298   | 0.0750   | 847     | 0.8674  | 247.6 | FAIL
MultiProtoCosine         | 0.1118 | 0.0535 | 0.1065 | 0.0500 | 0.0828   | 0.0529   | 847     | 0.9237  | 81.0  | FAIL
WeightedEnsemble         | 0.5693 | 0.0685 | 0.5839 | 0.0500 | 0.4705   | 0.0964   | 847     | 0.8758  | 303.3 | FAIL
XGBoost                  | 0.4669 | 0.0386 | 0.5048 | 0.0500 | 0.4011   | 0.0570   | 847     | 0.7206  | 79.4  | PASS
LDA1+LogReg              | 0.2244 | 0.0661 | 0.2387 | 0.0500 | 0.1977   | 0.0775   | 847     | 0.5102  | 69.9  | FAIL
PCA16+LogReg             | 0.2268 | 0.0622 | 0.2387 | 0.0492 | 0.1987   | 0.0740   | 847     | 0.5099  | 71.9  | FAIL
PCA32+LogReg             | 0.2213 | 0.0638 | 0.2395 | 0.0500 | 0.1952   | 0.0761   | 847     | 0.5100  | 74.5  | FAIL
PCA16+VecWeighted        | 0.1244 | 0.0370 | 0.1298 | 0.0500 | 0.0911   | 0.0401   | 847     | 0.0275  | 69.4  | PASS
PCA32+VecWeighted        | 0.1244 | 0.0433 | 0.1387 | 0.0500 | 0.1056   | 0.0465   | 847     | 0.0305  | 72.4  | PASS
StabilizedWhitenedCosine | 0.4858 | 0.0409 | 0.5089 | 0.0500 | 0.3840   | 0.0644   | 847     | 1.0373  | 70.8  | PASS

[trial=3 seed=48] GLOBAL mode — total_samples=200000
  total: h0=82063 h1=15019
  pooled_train:  n0=1000 n1=1000
  pooled_calib:  n0=1240 n1=1240
  pooled_eval:   n0=1270 n1=1270
  regions (for macro stats only): 1103
[INFO] Cosine baseline routed to direct Hadamard sum (PrecomputedCosine)
[INFO] WeightedEnsemble Cosine judge routed to direct Hadamard sum
  [Ensemble] Judges routed to 'alt' input: PrecomputedCosine
[WeightedEnsemble] Fitted weights (alpha=0.0500, external calib):
  tau=1.0418, Pooled external calib: TPR=0.5185, FPR=0.0500
  PrecomputedCosine   : +0.0119
  PCAWhitenedCosine   : +0.6928
  XGBoost             : +0.0859
  Tiny MLP            : +0.1783
  LDA                 : +0.0311

Method                   | TPR    | FPR    | TrTPR  | TrFPR  | MacroTPR | MacroFPR | Regions | TauMean | ms    | OK? 
---------------------------------------------------------------------------------------------------------------------
Cosine                   | 0.4575 | 0.0370 | 0.4484 | 0.0500 | 0.4303   | 0.0620   | 847     | 0.9634  | 78.0  | PASS
AndBox-HC                | 0.3787 | 0.0417 | 0.3847 | 0.0500 | 0.3315   | 0.0654   | 847     | 0.0001  | 45.9  | PASS
PCAWhitenedCosine        | 0.4882 | 0.0449 | 0.4927 | 0.0500 | 0.4186   | 0.0673   | 847     | 1.0749  | 58.7  | PASS
Vec (Wgt)                | 0.4992 | 0.0417 | 0.5056 | 0.0500 | 0.4684   | 0.0671   | 847     | 0.9446  | 58.8  | PASS
Log Reg                  | 0.2394 | 0.0480 | 0.2363 | 0.0500 | 0.2107   | 0.0701   | 847     | 0.5094  | 77.0  | PASS
LDA                      | 0.4819 | 0.0394 | 0.4435 | 0.0500 | 0.4228   | 0.0582   | 847     | 4.4861  | 67.0  | PASS
Tiny MLP                 | 0.4709 | 0.0480 | 0.4452 | 0.0500 | 0.4017   | 0.0715   | 847     | 0.9029  | 247.5 | PASS
MultiProtoCosine         | 0.0929 | 0.0528 | 0.0782 | 0.0500 | 0.0657   | 0.0631   | 847     | 0.9241  | 83.7  | FAIL
WeightedEnsemble         | 0.5118 | 0.0488 | 0.5185 | 0.0500 | 0.4401   | 0.0736   | 847     | 1.0418  | 303.2 | PASS
XGBoost                  | 0.4480 | 0.0354 | 0.4468 | 0.0500 | 0.3962   | 0.0588   | 847     | 0.7416  | 78.9  | PASS
LDA1+LogReg              | 0.2417 | 0.0480 | 0.2379 | 0.0500 | 0.2152   | 0.0701   | 847     | 0.5093  | 71.9  | PASS
PCA16+LogReg             | 0.2354 | 0.0457 | 0.2347 | 0.0500 | 0.2092   | 0.0685   | 847     | 0.5091  | 74.2  | PASS
PCA32+LogReg             | 0.2472 | 0.0480 | 0.2419 | 0.0500 | 0.2188   | 0.0701   | 847     | 0.5091  | 77.6  | PASS
PCA16+VecWeighted        | 0.1772 | 0.0480 | 0.2000 | 0.0500 | 0.1713   | 0.0705   | 847     | 0.0256  | 72.8  | PASS
PCA32+VecWeighted        | 0.1717 | 0.0417 | 0.1734 | 0.0500 | 0.1652   | 0.0534   | 847     | 0.0297  | 73.2  | PASS
StabilizedWhitenedCosine | 0.5354 | 0.0465 | 0.5250 | 0.0500 | 0.4642   | 0.0651   | 847     | 0.9538  | 69.9  | PASS

[trial=4 seed=49] GLOBAL mode — total_samples=200000
  total: h0=82063 h1=15019
  pooled_train:  n0=1000 n1=1000
  pooled_calib:  n0=1240 n1=1240
  pooled_eval:   n0=1270 n1=1270
  regions (for macro stats only): 1103
[INFO] Cosine baseline routed to direct Hadamard sum (PrecomputedCosine)
[INFO] WeightedEnsemble Cosine judge routed to direct Hadamard sum
  [Ensemble] Judges routed to 'alt' input: PrecomputedCosine
[WeightedEnsemble] Fitted weights (alpha=0.0500, external calib):
  tau=0.8155, Pooled external calib: TPR=0.6306, FPR=0.0500
  PrecomputedCosine   : +0.4364
  PCAWhitenedCosine   : +0.0571
  XGBoost             : +0.1048
  Tiny MLP            : +0.3819
  LDA                 : +0.0199

Method                   | TPR    | FPR    | TrTPR  | TrFPR  | MacroTPR | MacroFPR | Regions | TauMean | ms    | OK? 
---------------------------------------------------------------------------------------------------------------------
Cosine                   | 0.4992 | 0.0622 | 0.4952 | 0.0500 | 0.4470   | 0.0921   | 852     | 0.9446  | 84.2  | FAIL
AndBox-HC                | 0.4835 | 0.0606 | 0.4710 | 0.0500 | 0.4222   | 0.0898   | 852     | -0.0000 | 43.2  | FAIL
PCAWhitenedCosine        | 0.5882 | 0.0575 | 0.5605 | 0.0500 | 0.4429   | 0.0841   | 852     | 0.7943  | 59.5  | FAIL
Vec (Wgt)                | 0.5370 | 0.0638 | 0.5258 | 0.0500 | 0.4819   | 0.0951   | 852     | 0.9263  | 59.6  | FAIL
Log Reg                  | 0.2976 | 0.0543 | 0.2806 | 0.0500 | 0.2460   | 0.0856   | 852     | 0.5072  | 76.1  | FAIL
LDA                      | 0.6220 | 0.0764 | 0.5919 | 0.0500 | 0.4986   | 0.1027   | 852     | 2.9479  | 66.4  | FAIL
Tiny MLP                 | 0.6339 | 0.0638 | 0.6113 | 0.0500 | 0.5132   | 0.0954   | 852     | 0.7792  | 247.6 | FAIL
MultiProtoCosine         | 0.1110 | 0.0528 | 0.0976 | 0.0500 | 0.0754   | 0.0580   | 852     | 0.9238  | 82.7  | FAIL
WeightedEnsemble         | 0.6417 | 0.0646 | 0.6306 | 0.0500 | 0.5195   | 0.0970   | 852     | 0.8155  | 302.1 | FAIL
XGBoost                  | 0.5567 | 0.0567 | 0.5363 | 0.0500 | 0.4816   | 0.0874   | 852     | 0.6519  | 79.1  | FAIL
LDA1+LogReg              | 0.2992 | 0.0543 | 0.2806 | 0.0500 | 0.2482   | 0.0856   | 852     | 0.5072  | 70.3  | FAIL
PCA16+LogReg             | 0.3087 | 0.0543 | 0.2831 | 0.0500 | 0.2563   | 0.0841   | 852     | 0.5068  | 73.9  | FAIL
PCA32+LogReg             | 0.3087 | 0.0535 | 0.2871 | 0.0500 | 0.2582   | 0.0833   | 852     | 0.5067  | 76.4  | FAIL
PCA16+VecWeighted        | 0.0622 | 0.0622 | 0.0581 | 0.0500 | 0.0603   | 0.0632   | 852     | 0.0310  | 71.3  | FAIL
PCA32+VecWeighted        | 0.0787 | 0.0559 | 0.0871 | 0.0500 | 0.0716   | 0.0695   | 852     | 0.0340  | 73.8  | FAIL
StabilizedWhitenedCosine | 0.5717 | 0.0559 | 0.5573 | 0.0500 | 0.4663   | 0.0873   | 852     | 0.7448  | 69.6  | FAIL

[trial=5 seed=50] GLOBAL mode — total_samples=200000
  total: h0=82063 h1=15019
  pooled_train:  n0=1000 n1=1000
  pooled_calib:  n0=1240 n1=1240
  pooled_eval:   n0=1270 n1=1270
  regions (for macro stats only): 1103
[INFO] Cosine baseline routed to direct Hadamard sum (PrecomputedCosine)
[INFO] WeightedEnsemble Cosine judge routed to direct Hadamard sum
  [Ensemble] Judges routed to 'alt' input: PrecomputedCosine
[WeightedEnsemble] Fitted weights (alpha=0.0500, external calib):
  tau=0.9108, Pooled external calib: TPR=0.5484, FPR=0.0500
  PrecomputedCosine   : +0.0000
  PCAWhitenedCosine   : +0.0000
  XGBoost             : +0.0000
  Tiny MLP            : +1.0000
  LDA                 : +0.0000

Method                   | TPR    | FPR    | TrTPR  | TrFPR  | MacroTPR | MacroFPR | Regions | TauMean | ms    | OK? 
---------------------------------------------------------------------------------------------------------------------
Cosine                   | 0.4929 | 0.0496 | 0.4548 | 0.0500 | 0.4488   | 0.0736   | 858     | 0.9611  | 69.4  | PASS
AndBox-HC                | 0.4236 | 0.0425 | 0.4000 | 0.0500 | 0.4019   | 0.0622   | 858     | 0.0000  | 49.8  | PASS
PCAWhitenedCosine        | 0.5094 | 0.0472 | 0.5040 | 0.0500 | 0.4163   | 0.0740   | 858     | 1.0707  | 59.2  | PASS
Vec (Wgt)                | 0.5220 | 0.0543 | 0.4976 | 0.0492 | 0.4703   | 0.0792   | 858     | 0.9419  | 59.8  | FAIL
Log Reg                  | 0.2898 | 0.0402 | 0.2742 | 0.0500 | 0.2383   | 0.0576   | 858     | 0.5072  | 77.7  | PASS
LDA                      | 0.4929 | 0.0402 | 0.5073 | 0.0500 | 0.3852   | 0.0693   | 858     | 5.0523  | 66.6  | PASS
Tiny MLP                 | 0.5315 | 0.0457 | 0.5484 | 0.0500 | 0.4290   | 0.0735   | 858     | 0.9108  | 277.1 | PASS
MultiProtoCosine         | 0.0937 | 0.0575 | 0.0968 | 0.0500 | 0.0772   | 0.0691   | 858     | 0.9206  | 85.7  | FAIL
WeightedEnsemble         | 0.5315 | 0.0457 | 0.5484 | 0.0500 | 0.4290   | 0.0735   | 858     | 0.9108  | 334.5 | PASS
XGBoost                  | 0.4953 | 0.0457 | 0.4742 | 0.0500 | 0.4375   | 0.0691   | 858     | 0.7209  | 78.5  | PASS
LDA1+LogReg              | 0.2929 | 0.0402 | 0.2750 | 0.0500 | 0.2405   | 0.0576   | 858     | 0.5071  | 71.0  | PASS
PCA16+LogReg             | 0.2843 | 0.0402 | 0.2629 | 0.0500 | 0.2281   | 0.0576   | 858     | 0.5072  | 73.6  | PASS
PCA32+LogReg             | 0.2835 | 0.0409 | 0.2677 | 0.0500 | 0.2335   | 0.0585   | 858     | 0.5070  | 77.6  | PASS
PCA16+VecWeighted        | 0.0748 | 0.0567 | 0.0798 | 0.0500 | 0.0721   | 0.0687   | 858     | 0.0316  | 72.0  | FAIL
PCA32+VecWeighted        | 0.0654 | 0.0598 | 0.0669 | 0.0500 | 0.0681   | 0.0722   | 858     | 0.0369  | 73.4  | FAIL
StabilizedWhitenedCosine | 0.4921 | 0.0472 | 0.5000 | 0.0500 | 0.4060   | 0.0713   | 858     | 1.0905  | 70.2  | PASS

[trial=6 seed=51] GLOBAL mode — total_samples=200000
  total: h0=82063 h1=15019
  pooled_train:  n0=1000 n1=1000
  pooled_calib:  n0=1240 n1=1240
  pooled_eval:   n0=1270 n1=1270
  regions (for macro stats only): 1103
[INFO] Cosine baseline routed to direct Hadamard sum (PrecomputedCosine)
[INFO] WeightedEnsemble Cosine judge routed to direct Hadamard sum
  [Ensemble] Judges routed to 'alt' input: PrecomputedCosine
[WeightedEnsemble] Fitted weights (alpha=0.0500, external calib):
  tau=1.0458, Pooled external calib: TPR=0.5806, FPR=0.0500
  PrecomputedCosine   : +0.0595
  PCAWhitenedCosine   : +0.3558
  XGBoost             : +0.1566
  Tiny MLP            : +0.3547
  LDA                 : +0.0734

Method                   | TPR    | FPR    | TrTPR  | TrFPR  | MacroTPR | MacroFPR | Regions | TauMean | ms    | OK? 
---------------------------------------------------------------------------------------------------------------------
Cosine                   | 0.4748 | 0.0504 | 0.4548 | 0.0500 | 0.4269   | 0.0736   | 857     | 0.9579  | 76.3  | FAIL
AndBox-HC                | 0.3575 | 0.0307 | 0.3556 | 0.0500 | 0.3149   | 0.0439   | 857     | 0.0001  | 46.1  | PASS
PCAWhitenedCosine        | 0.5614 | 0.0559 | 0.5629 | 0.0500 | 0.4485   | 0.0699   | 857     | 0.9706  | 59.3  | FAIL
Vec (Wgt)                | 0.5047 | 0.0504 | 0.4806 | 0.0500 | 0.4451   | 0.0741   | 857     | 0.9512  | 59.5  | FAIL
Log Reg                  | 0.3000 | 0.0409 | 0.2685 | 0.0500 | 0.2421   | 0.0563   | 857     | 0.5078  | 77.1  | PASS
LDA                      | 0.5244 | 0.0457 | 0.5218 | 0.0500 | 0.3920   | 0.0611   | 857     | 4.3302  | 66.0  | PASS
Tiny MLP                 | 0.5496 | 0.0520 | 0.5355 | 0.0500 | 0.4295   | 0.0708   | 857     | 0.8933  | 279.9 | FAIL
MultiProtoCosine         | 0.1071 | 0.0520 | 0.1129 | 0.0500 | 0.0818   | 0.0601   | 857     | 0.9200  | 84.9  | FAIL
WeightedEnsemble         | 0.5906 | 0.0551 | 0.5806 | 0.0500 | 0.4703   | 0.0705   | 857     | 1.0458  | 335.4 | FAIL
XGBoost                  | 0.4890 | 0.0457 | 0.4726 | 0.0500 | 0.4297   | 0.0651   | 857     | 0.7254  | 79.2  | PASS
LDA1+LogReg              | 0.3008 | 0.0409 | 0.2685 | 0.0500 | 0.2439   | 0.0563   | 857     | 0.5077  | 71.3  | PASS
PCA16+LogReg             | 0.2827 | 0.0339 | 0.2573 | 0.0500 | 0.2232   | 0.0473   | 857     | 0.5079  | 74.1  | PASS
PCA32+LogReg             | 0.2945 | 0.0386 | 0.2661 | 0.0500 | 0.2360   | 0.0523   | 857     | 0.5076  | 76.4  | PASS
PCA16+VecWeighted        | 0.2142 | 0.0512 | 0.2194 | 0.0500 | 0.1720   | 0.0474   | 857     | 0.0253  | 71.7  | FAIL
PCA32+VecWeighted        | 0.2087 | 0.0378 | 0.2234 | 0.0500 | 0.1651   | 0.0441   | 857     | 0.0279  | 73.2  | PASS
StabilizedWhitenedCosine | 0.5370 | 0.0409 | 0.5266 | 0.0484 | 0.4262   | 0.0550   | 857     | 0.9944  | 69.9  | PASS

[trial=7 seed=52] GLOBAL mode — total_samples=200000
  total: h0=82063 h1=15019
  pooled_train:  n0=1000 n1=1000
  pooled_calib:  n0=1240 n1=1240
  pooled_eval:   n0=1270 n1=1270
  regions (for macro stats only): 1103
[INFO] Cosine baseline routed to direct Hadamard sum (PrecomputedCosine)
[INFO] WeightedEnsemble Cosine judge routed to direct Hadamard sum
  [Ensemble] Judges routed to 'alt' input: PrecomputedCosine
[WeightedEnsemble] Fitted weights (alpha=0.0500, external calib):
  tau=1.0497, Pooled external calib: TPR=0.5645, FPR=0.0500
  PrecomputedCosine   : +0.1287
  PCAWhitenedCosine   : +0.3555
  XGBoost             : +0.1143
  Tiny MLP            : +0.2967
  LDA                 : +0.1048

Method                   | TPR    | FPR    | TrTPR  | TrFPR  | MacroTPR | MacroFPR | Regions | TauMean | ms    | OK? 
---------------------------------------------------------------------------------------------------------------------
Cosine                   | 0.4323 | 0.0543 | 0.4347 | 0.0500 | 0.3965   | 0.0700   | 864     | 0.9657  | 63.8  | FAIL
AndBox-HC                | 0.3787 | 0.0512 | 0.3710 | 0.0500 | 0.3494   | 0.0651   | 864     | 0.0000  | 51.9  | FAIL
PCAWhitenedCosine        | 0.4906 | 0.0378 | 0.5048 | 0.0500 | 0.4006   | 0.0563   | 864     | 0.9626  | 60.2  | PASS
Vec (Wgt)                | 0.4693 | 0.0512 | 0.4726 | 0.0500 | 0.4118   | 0.0687   | 864     | 0.9465  | 60.9  | FAIL
Log Reg                  | 0.2181 | 0.0370 | 0.2226 | 0.0500 | 0.1857   | 0.0481   | 864     | 0.5101  | 78.4  | PASS
LDA                      | 0.4921 | 0.0512 | 0.4984 | 0.0500 | 0.4058   | 0.0763   | 864     | 3.8599  | 67.0  | FAIL
Tiny MLP                 | 0.4882 | 0.0449 | 0.4952 | 0.0500 | 0.4033   | 0.0731   | 864     | 0.8676  | 247.4 | PASS
MultiProtoCosine         | 0.1008 | 0.0528 | 0.0944 | 0.0500 | 0.0772   | 0.0517   | 864     | 0.9222  | 82.0  | FAIL
WeightedEnsemble         | 0.5543 | 0.0465 | 0.5645 | 0.0500 | 0.4676   | 0.0704   | 864     | 1.0497  | 302.1 | PASS
XGBoost                  | 0.4583 | 0.0520 | 0.4581 | 0.0500 | 0.4075   | 0.0701   | 864     | 0.7129  | 78.1  | FAIL
LDA1+LogReg              | 0.2220 | 0.0370 | 0.2242 | 0.0500 | 0.1885   | 0.0481   | 864     | 0.5100  | 69.6  | PASS
PCA16+LogReg             | 0.2291 | 0.0394 | 0.2306 | 0.0500 | 0.1895   | 0.0484   | 864     | 0.5098  | 74.1  | PASS
PCA32+LogReg             | 0.2283 | 0.0378 | 0.2306 | 0.0500 | 0.1882   | 0.0482   | 864     | 0.5098  | 75.4  | PASS
PCA16+VecWeighted        | 0.1024 | 0.0441 | 0.1097 | 0.0500 | 0.1059   | 0.0436   | 864     | 0.0252  | 70.3  | PASS
PCA32+VecWeighted        | 0.0953 | 0.0465 | 0.0935 | 0.0500 | 0.1004   | 0.0479   | 864     | 0.0308  | 72.2  | PASS
StabilizedWhitenedCosine | 0.5055 | 0.0441 | 0.5185 | 0.0500 | 0.4225   | 0.0685   | 864     | 0.8375  | 71.2  | PASS

[trial=8 seed=53] GLOBAL mode — total_samples=200000
  total: h0=82063 h1=15019
  pooled_train:  n0=1000 n1=1000
  pooled_calib:  n0=1240 n1=1240
  pooled_eval:   n0=1270 n1=1270
  regions (for macro stats only): 1103
[INFO] Cosine baseline routed to direct Hadamard sum (PrecomputedCosine)
[INFO] WeightedEnsemble Cosine judge routed to direct Hadamard sum
  [Ensemble] Judges routed to 'alt' input: PrecomputedCosine
[WeightedEnsemble] Fitted weights (alpha=0.0500, external calib):
  tau=0.9172, Pooled external calib: TPR=0.5887, FPR=0.0492
  PrecomputedCosine   : +0.5316
  PCAWhitenedCosine   : +0.2031
  XGBoost             : +0.0553
  Tiny MLP            : +0.1785
  LDA                 : +0.0315

Method                   | TPR    | FPR    | TrTPR  | TrFPR  | MacroTPR | MacroFPR | Regions | TauMean | ms    | OK? 
---------------------------------------------------------------------------------------------------------------------
Cosine                   | 0.4614 | 0.0528 | 0.4766 | 0.0500 | 0.4234   | 0.0808   | 871     | 0.9636  | 105.4 | FAIL
AndBox-HC                | 0.3630 | 0.0504 | 0.3855 | 0.0500 | 0.3399   | 0.0734   | 871     | 0.0000  | 47.5  | FAIL
PCAWhitenedCosine        | 0.5291 | 0.0591 | 0.5363 | 0.0500 | 0.4206   | 0.0864   | 871     | 0.9188  | 59.7  | FAIL
Vec (Wgt)                | 0.5055 | 0.0567 | 0.5202 | 0.0500 | 0.4599   | 0.0871   | 871     | 0.9446  | 60.0  | FAIL
Log Reg                  | 0.2724 | 0.0630 | 0.2500 | 0.0500 | 0.2272   | 0.0787   | 871     | 0.5094  | 78.2  | FAIL
LDA                      | 0.4913 | 0.0488 | 0.5073 | 0.0500 | 0.4045   | 0.0705   | 871     | 3.8170  | 66.7  | PASS
Tiny MLP                 | 0.5000 | 0.0591 | 0.5387 | 0.0500 | 0.4050   | 0.0789   | 871     | 0.8886  | 249.3 | FAIL
MultiProtoCosine         | 0.0843 | 0.0480 | 0.0750 | 0.0500 | 0.0619   | 0.0564   | 871     | 0.9252  | 83.9  | PASS
WeightedEnsemble         | 0.5677 | 0.0598 | 0.5887 | 0.0492 | 0.4732   | 0.0871   | 871     | 0.9172  | 315.4 | FAIL
XGBoost                  | 0.4866 | 0.0496 | 0.4895 | 0.0500 | 0.4243   | 0.0766   | 871     | 0.7243  | 78.2  | PASS
LDA1+LogReg              | 0.2717 | 0.0630 | 0.2508 | 0.0500 | 0.2270   | 0.0787   | 871     | 0.5094  | 71.6  | FAIL
PCA16+LogReg             | 0.2630 | 0.0622 | 0.2427 | 0.0500 | 0.2228   | 0.0782   | 871     | 0.5094  | 75.8  | FAIL
PCA32+LogReg             | 0.2661 | 0.0622 | 0.2492 | 0.0500 | 0.2237   | 0.0779   | 871     | 0.5094  | 77.0  | FAIL
PCA16+VecWeighted        | 0.0323 | 0.0543 | 0.0323 | 0.0500 | 0.0291   | 0.0456   | 871     | 0.0316  | 72.6  | FAIL
PCA32+VecWeighted        | 0.0276 | 0.0480 | 0.0234 | 0.0500 | 0.0232   | 0.0312   | 871     | 0.0368  | 74.3  | PASS
StabilizedWhitenedCosine | 0.5449 | 0.0551 | 0.5492 | 0.0500 | 0.4547   | 0.0845   | 871     | 0.8543  | 71.0  | FAIL

[trial=9 seed=54] GLOBAL mode — total_samples=200000
  total: h0=82063 h1=15019
  pooled_train:  n0=1000 n1=1000
  pooled_calib:  n0=1240 n1=1240
  pooled_eval:   n0=1270 n1=1270
  regions (for macro stats only): 1103
[INFO] Cosine baseline routed to direct Hadamard sum (PrecomputedCosine)
[INFO] WeightedEnsemble Cosine judge routed to direct Hadamard sum
  [Ensemble] Judges routed to 'alt' input: PrecomputedCosine
[WeightedEnsemble] Fitted weights (alpha=0.0500, external calib):
  tau=0.8982, Pooled external calib: TPR=0.5597, FPR=0.0500
  PrecomputedCosine   : +0.1195
  PCAWhitenedCosine   : +0.3770
  XGBoost             : +0.2691
  Tiny MLP            : +0.2045
  LDA                 : +0.0298

Method                   | TPR    | FPR    | TrTPR  | TrFPR  | MacroTPR | MacroFPR | Regions | TauMean | ms    | OK? 
---------------------------------------------------------------------------------------------------------------------
Cosine                   | 0.4953 | 0.0591 | 0.4661 | 0.0500 | 0.4493   | 0.0889   | 844     | 0.9526  | 70.8  | FAIL
AndBox-HC                | 0.4850 | 0.0583 | 0.4565 | 0.0500 | 0.4360   | 0.0818   | 844     | 0.0000  | 48.3  | FAIL
PCAWhitenedCosine        | 0.5402 | 0.0520 | 0.5315 | 0.0500 | 0.4368   | 0.0799   | 844     | 0.9806  | 57.6  | FAIL
Vec (Wgt)                | 0.5205 | 0.0543 | 0.4911 | 0.0500 | 0.4559   | 0.0833   | 844     | 0.9416  | 58.8  | FAIL
Log Reg                  | 0.2732 | 0.0465 | 0.2532 | 0.0500 | 0.2394   | 0.0640   | 844     | 0.5088  | 74.7  | PASS
LDA                      | 0.5449 | 0.0614 | 0.5282 | 0.0500 | 0.4183   | 0.0901   | 844     | 3.9945  | 65.4  | FAIL
Tiny MLP                 | 0.5323 | 0.0535 | 0.5258 | 0.0500 | 0.4120   | 0.0793   | 844     | 0.9000  | 158.3 | FAIL
MultiProtoCosine         | 0.1110 | 0.0394 | 0.0887 | 0.0500 | 0.0885   | 0.0455   | 844     | 0.9223  | 81.3  | PASS
WeightedEnsemble         | 0.5709 | 0.0567 | 0.5597 | 0.0500 | 0.4621   | 0.0875   | 844     | 0.8982  | 209.5 | FAIL
XGBoost                  | 0.5134 | 0.0591 | 0.4960 | 0.0500 | 0.4399   | 0.0819   | 844     | 0.7054  | 78.1  | FAIL
LDA1+LogReg              | 0.2732 | 0.0465 | 0.2524 | 0.0500 | 0.2394   | 0.0640   | 844     | 0.5087  | 68.7  | PASS
PCA16+LogReg             | 0.2598 | 0.0409 | 0.2411 | 0.0500 | 0.2223   | 0.0547   | 844     | 0.5088  | 71.6  | PASS
PCA32+LogReg             | 0.2638 | 0.0441 | 0.2427 | 0.0500 | 0.2302   | 0.0613   | 844     | 0.5086  | 73.5  | PASS
PCA16+VecWeighted        | 0.0937 | 0.0583 | 0.0935 | 0.0500 | 0.0908   | 0.0371   | 844     | 0.0287  | 70.8  | FAIL
PCA32+VecWeighted        | 0.1016 | 0.0638 | 0.1065 | 0.0500 | 0.1003   | 0.0402   | 844     | 0.0323  | 72.6  | FAIL
StabilizedWhitenedCosine | 0.5370 | 0.0496 | 0.5298 | 0.0500 | 0.4364   | 0.0772   | 844     | 0.9832  | 67.8  | PASS

[trial=10 seed=55] GLOBAL mode — total_samples=200000
  total: h0=82063 h1=15019
  pooled_train:  n0=1000 n1=1000
  pooled_calib:  n0=1240 n1=1240
  pooled_eval:   n0=1270 n1=1270
  regions (for macro stats only): 1103
[INFO] Cosine baseline routed to direct Hadamard sum (PrecomputedCosine)
[INFO] WeightedEnsemble Cosine judge routed to direct Hadamard sum
  [Ensemble] Judges routed to 'alt' input: PrecomputedCosine
[WeightedEnsemble] Fitted weights (alpha=0.0500, external calib):
  tau=0.9344, Pooled external calib: TPR=0.5355, FPR=0.0500
  PrecomputedCosine   : +0.4364
  PCAWhitenedCosine   : +0.0571
  XGBoost             : +0.1048
  Tiny MLP            : +0.3819
  LDA                 : +0.0199

Method                   | TPR    | FPR    | TrTPR  | TrFPR  | MacroTPR | MacroFPR | Regions | TauMean | ms    | OK? 
---------------------------------------------------------------------------------------------------------------------
Cosine                   | 0.4717 | 0.0425 | 0.4347 | 0.0500 | 0.4202   | 0.0627   | 858     | 0.9660  | 106.7 | PASS
AndBox-HC                | 0.4693 | 0.0488 | 0.4556 | 0.0500 | 0.4324   | 0.0676   | 858     | -0.0000 | 37.2  | PASS
PCAWhitenedCosine        | 0.5181 | 0.0409 | 0.5000 | 0.0500 | 0.4178   | 0.0553   | 858     | 1.0305  | 59.7  | PASS
Vec (Wgt)                | 0.5205 | 0.0425 | 0.4911 | 0.0500 | 0.4660   | 0.0653   | 858     | 0.9485  | 59.5  | PASS
Log Reg                  | 0.2165 | 0.0394 | 0.2145 | 0.0500 | 0.1906   | 0.0527   | 858     | 0.5091  | 77.4  | PASS
LDA                      | 0.4890 | 0.0346 | 0.4710 | 0.0500 | 0.3826   | 0.0453   | 858     | 4.4490  | 65.9  | PASS
Tiny MLP                 | 0.5079 | 0.0433 | 0.4855 | 0.0500 | 0.4076   | 0.0640   | 858     | 0.9242  | 248.4 | PASS
MultiProtoCosine         | 0.0740 | 0.0488 | 0.0782 | 0.0500 | 0.0636   | 0.0576   | 858     | 0.9234  | 81.2  | PASS
WeightedEnsemble         | 0.5480 | 0.0402 | 0.5355 | 0.0500 | 0.4537   | 0.0598   | 858     | 0.9344  | 300.9 | PASS
XGBoost                  | 0.4976 | 0.0449 | 0.4742 | 0.0500 | 0.4265   | 0.0702   | 858     | 0.7185  | 77.9  | PASS
LDA1+LogReg              | 0.2165 | 0.0394 | 0.2161 | 0.0500 | 0.1906   | 0.0527   | 858     | 0.5090  | 69.1  | PASS
PCA16+LogReg             | 0.2315 | 0.0370 | 0.2266 | 0.0500 | 0.1918   | 0.0511   | 858     | 0.5088  | 72.5  | PASS
PCA32+LogReg             | 0.2354 | 0.0370 | 0.2379 | 0.0500 | 0.1960   | 0.0523   | 858     | 0.5087  | 74.6  | PASS
PCA16+VecWeighted        | 0.1142 | 0.0740 | 0.1185 | 0.0500 | 0.1095   | 0.0740   | 858     | 0.0276  | 69.9  | FAIL
PCA32+VecWeighted        | 0.0835 | 0.0622 | 0.0992 | 0.0500 | 0.0696   | 0.0503   | 858     | 0.0345  | 71.6  | FAIL
StabilizedWhitenedCosine | 0.5260 | 0.0425 | 0.4863 | 0.0500 | 0.4353   | 0.0623   | 858     | 0.9859  | 71.0  | PASS

[trial=11 seed=56] GLOBAL mode — total_samples=200000
  total: h0=82063 h1=15019
  pooled_train:  n0=1000 n1=1000
  pooled_calib:  n0=1240 n1=1240
  pooled_eval:   n0=1270 n1=1270
  regions (for macro stats only): 1103
[INFO] Cosine baseline routed to direct Hadamard sum (PrecomputedCosine)
[INFO] WeightedEnsemble Cosine judge routed to direct Hadamard sum
  [Ensemble] Judges routed to 'alt' input: PrecomputedCosine
[WeightedEnsemble] Fitted weights (alpha=0.0500, external calib):
  tau=1.1169, Pooled external calib: TPR=0.5581, FPR=0.0500
  PrecomputedCosine   : +0.5781
  PCAWhitenedCosine   : +0.1050
  XGBoost             : +0.0043
  Tiny MLP            : +0.2326
  LDA                 : +0.0800

Method                   | TPR    | FPR    | TrTPR  | TrFPR  | MacroTPR | MacroFPR | Regions | TauMean | ms    | OK? 
---------------------------------------------------------------------------------------------------------------------
Cosine                   | 0.4504 | 0.0543 | 0.4573 | 0.0500 | 0.4286   | 0.0812   | 861     | 0.9595  | 56.1  | FAIL
AndBox-HC                | 0.3394 | 0.0488 | 0.3581 | 0.0500 | 0.3162   | 0.0712   | 861     | 0.0000  | 63.8  | PASS
PCAWhitenedCosine        | 0.4953 | 0.0543 | 0.5040 | 0.0500 | 0.4089   | 0.0773   | 861     | 0.9965  | 59.1  | FAIL
Vec (Wgt)                | 0.4850 | 0.0543 | 0.5056 | 0.0500 | 0.4533   | 0.0826   | 861     | 0.9438  | 59.6  | FAIL
Log Reg                  | 0.2425 | 0.0520 | 0.2758 | 0.0500 | 0.2136   | 0.0768   | 861     | 0.5080  | 77.2  | FAIL
LDA                      | 0.5031 | 0.0654 | 0.5105 | 0.0500 | 0.4279   | 0.0847   | 861     | 4.2076  | 66.3  | FAIL
Tiny MLP                 | 0.5299 | 0.0606 | 0.5435 | 0.0492 | 0.4473   | 0.0848   | 861     | 0.8444  | 247.4 | FAIL
MultiProtoCosine         | 0.0717 | 0.0583 | 0.0734 | 0.0492 | 0.0624   | 0.0627   | 861     | 0.9240  | 83.2  | FAIL
WeightedEnsemble         | 0.5425 | 0.0693 | 0.5581 | 0.0500 | 0.4630   | 0.0937   | 861     | 1.1169  | 302.5 | FAIL
XGBoost                  | 0.4969 | 0.0622 | 0.5105 | 0.0492 | 0.4560   | 0.0918   | 861     | 0.6936  | 78.5  | FAIL
LDA1+LogReg              | 0.2425 | 0.0520 | 0.2758 | 0.0500 | 0.2136   | 0.0768   | 861     | 0.5080  | 70.8  | FAIL
PCA16+LogReg             | 0.2528 | 0.0520 | 0.2839 | 0.0500 | 0.2211   | 0.0768   | 861     | 0.5076  | 76.5  | FAIL
PCA32+LogReg             | 0.2543 | 0.0535 | 0.2847 | 0.0500 | 0.2257   | 0.0794   | 861     | 0.5076  | 75.6  | FAIL
PCA16+VecWeighted        | 0.1772 | 0.0551 | 0.2024 | 0.0500 | 0.1163   | 0.0650   | 861     | 0.0252  | 71.6  | FAIL
PCA32+VecWeighted        | 0.1803 | 0.0543 | 0.1952 | 0.0500 | 0.1207   | 0.0659   | 861     | 0.0285  | 73.6  | FAIL
StabilizedWhitenedCosine | 0.5425 | 0.0638 | 0.5484 | 0.0500 | 0.4584   | 0.0905   | 861     | 0.8536  | 72.4  | FAIL

[trial=12 seed=57] GLOBAL mode — total_samples=200000
  total: h0=82063 h1=15019
  pooled_train:  n0=1000 n1=1000
  pooled_calib:  n0=1240 n1=1240
  pooled_eval:   n0=1270 n1=1270
  regions (for macro stats only): 1103
[INFO] Cosine baseline routed to direct Hadamard sum (PrecomputedCosine)
[INFO] WeightedEnsemble Cosine judge routed to direct Hadamard sum
  [Ensemble] Judges routed to 'alt' input: PrecomputedCosine
[WeightedEnsemble] Fitted weights (alpha=0.0500, external calib):
  tau=0.9320, Pooled external calib: TPR=0.5710, FPR=0.0500
  PrecomputedCosine   : +0.5316
  PCAWhitenedCosine   : +0.2031
  XGBoost             : +0.0553
  Tiny MLP            : +0.1785
  LDA                 : +0.0315

Method                   | TPR    | FPR    | TrTPR  | TrFPR  | MacroTPR | MacroFPR | Regions | TauMean | ms    | OK? 
---------------------------------------------------------------------------------------------------------------------
Cosine                   | 0.4819 | 0.0535 | 0.4621 | 0.0500 | 0.4382   | 0.0812   | 856     | 0.9552  | 79.6  | FAIL
AndBox-HC                | 0.3685 | 0.0457 | 0.3653 | 0.0500 | 0.3405   | 0.0639   | 856     | 0.0000  | 52.4  | PASS
PCAWhitenedCosine        | 0.5591 | 0.0480 | 0.5161 | 0.0500 | 0.4450   | 0.0658   | 856     | 0.9771  | 60.3  | PASS
Vec (Wgt)                | 0.5087 | 0.0465 | 0.5008 | 0.0484 | 0.4535   | 0.0772   | 856     | 0.9469  | 59.7  | PASS
Log Reg                  | 0.2134 | 0.0441 | 0.2194 | 0.0500 | 0.1864   | 0.0518   | 856     | 0.5101  | 77.1  | PASS
LDA                      | 0.5591 | 0.0567 | 0.5250 | 0.0500 | 0.4450   | 0.0813   | 856     | 3.7837  | 67.7  | FAIL
Tiny MLP                 | 0.5764 | 0.0598 | 0.5145 | 0.0500 | 0.4650   | 0.0903   | 856     | 0.8786  | 247.8 | FAIL
MultiProtoCosine         | 0.0827 | 0.0480 | 0.0790 | 0.0500 | 0.0635   | 0.0485   | 856     | 0.9256  | 84.7  | PASS
WeightedEnsemble         | 0.6102 | 0.0535 | 0.5710 | 0.0500 | 0.5016   | 0.0776   | 856     | 0.9320  | 301.1 | FAIL
XGBoost                  | 0.4843 | 0.0449 | 0.4685 | 0.0500 | 0.4166   | 0.0727   | 856     | 0.7162  | 77.9  | PASS
LDA1+LogReg              | 0.2134 | 0.0441 | 0.2202 | 0.0500 | 0.1864   | 0.0518   | 856     | 0.5101  | 71.3  | PASS
PCA16+LogReg             | 0.2024 | 0.0409 | 0.1984 | 0.0500 | 0.1799   | 0.0491   | 856     | 0.5102  | 74.9  | PASS
PCA32+LogReg             | 0.2157 | 0.0433 | 0.2210 | 0.0500 | 0.1917   | 0.0509   | 856     | 0.5099  | 76.6  | PASS
PCA16+VecWeighted        | 0.0591 | 0.0457 | 0.0629 | 0.0500 | 0.0700   | 0.0467   | 856     | 0.0337  | 71.7  | PASS
PCA32+VecWeighted        | 0.0378 | 0.0402 | 0.0290 | 0.0500 | 0.0473   | 0.0256   | 856     | 0.0419  | 73.3  | PASS
StabilizedWhitenedCosine | 0.5528 | 0.0551 | 0.5202 | 0.0500 | 0.4600   | 0.0792   | 856     | 0.8929  | 71.0  | FAIL

[trial=13 seed=58] GLOBAL mode — total_samples=200000
  total: h0=82063 h1=15019
  pooled_train:  n0=1000 n1=1000
  pooled_calib:  n0=1240 n1=1240
  pooled_eval:   n0=1270 n1=1270
  regions (for macro stats only): 1103
[INFO] Cosine baseline routed to direct Hadamard sum (PrecomputedCosine)
[INFO] WeightedEnsemble Cosine judge routed to direct Hadamard sum
  [Ensemble] Judges routed to 'alt' input: PrecomputedCosine
[WeightedEnsemble] Fitted weights (alpha=0.0500, external calib):
  tau=0.7806, Pooled external calib: TPR=0.5806, FPR=0.0500
  PrecomputedCosine   : +0.1369
  PCAWhitenedCosine   : +0.3322
  XGBoost             : +0.4468
  Tiny MLP            : +0.0732
  LDA                 : +0.0110

Method                   | TPR    | FPR    | TrTPR  | TrFPR  | MacroTPR | MacroFPR | Regions | TauMean | ms    | OK? 
---------------------------------------------------------------------------------------------------------------------
Cosine                   | 0.4669 | 0.0425 | 0.4581 | 0.0500 | 0.4284   | 0.0666   | 859     | 0.9610  | 85.8  | PASS
AndBox-HC                | 0.4260 | 0.0441 | 0.4000 | 0.0500 | 0.3858   | 0.0670   | 859     | 0.0000  | 44.0  | PASS
PCAWhitenedCosine        | 0.5630 | 0.0488 | 0.5613 | 0.0500 | 0.4458   | 0.0721   | 859     | 0.8822  | 60.5  | PASS
Vec (Wgt)                | 0.5205 | 0.0488 | 0.4960 | 0.0500 | 0.4704   | 0.0740   | 859     | 0.9476  | 59.8  | PASS
Log Reg                  | 0.2913 | 0.0559 | 0.2919 | 0.0500 | 0.2256   | 0.0774   | 859     | 0.5074  | 76.4  | FAIL
LDA                      | 0.4669 | 0.0402 | 0.4613 | 0.0500 | 0.3668   | 0.0548   | 859     | 4.2502  | 65.7  | PASS
Tiny MLP                 | 0.5071 | 0.0402 | 0.4976 | 0.0500 | 0.4005   | 0.0567   | 859     | 0.8811  | 276.4 | PASS
MultiProtoCosine         | 0.0866 | 0.0323 | 0.0855 | 0.0500 | 0.0708   | 0.0380   | 859     | 0.9241  | 80.2  | PASS
WeightedEnsemble         | 0.5756 | 0.0504 | 0.5806 | 0.0500 | 0.4659   | 0.0745   | 859     | 0.7806  | 332.2 | FAIL
XGBoost                  | 0.5252 | 0.0520 | 0.4911 | 0.0500 | 0.4507   | 0.0797   | 859     | 0.6987  | 79.4  | FAIL
LDA1+LogReg              | 0.2937 | 0.0559 | 0.2927 | 0.0500 | 0.2282   | 0.0774   | 859     | 0.5073  | 69.4  | FAIL
PCA16+LogReg             | 0.2701 | 0.0496 | 0.2653 | 0.0500 | 0.2099   | 0.0688   | 859     | 0.5076  | 71.8  | PASS
PCA32+LogReg             | 0.2835 | 0.0551 | 0.2855 | 0.0500 | 0.2215   | 0.0774   | 859     | 0.5073  | 73.9  | FAIL
PCA16+VecWeighted        | 0.0803 | 0.0425 | 0.0758 | 0.0500 | 0.0720   | 0.0579   | 859     | 0.0277  | 68.9  | PASS
PCA32+VecWeighted        | 0.0835 | 0.0307 | 0.0863 | 0.0500 | 0.0702   | 0.0422   | 859     | 0.0307  | 70.8  | PASS
StabilizedWhitenedCosine | 0.5921 | 0.0575 | 0.5726 | 0.0500 | 0.4883   | 0.0832   | 859     | 0.8109  | 70.0  | FAIL

[trial=14 seed=59] GLOBAL mode — total_samples=200000
  total: h0=82063 h1=15019
  pooled_train:  n0=1000 n1=1000
  pooled_calib:  n0=1240 n1=1240
  pooled_eval:   n0=1270 n1=1270
  regions (for macro stats only): 1103
[INFO] Cosine baseline routed to direct Hadamard sum (PrecomputedCosine)
[INFO] WeightedEnsemble Cosine judge routed to direct Hadamard sum
  [Ensemble] Judges routed to 'alt' input: PrecomputedCosine
[WeightedEnsemble] Fitted weights (alpha=0.0500, external calib):
  tau=0.8904, Pooled external calib: TPR=0.5290, FPR=0.0500
  PrecomputedCosine   : +0.4364
  PCAWhitenedCosine   : +0.0571
  XGBoost             : +0.1048
  Tiny MLP            : +0.3819
  LDA                 : +0.0199

Method                   | TPR    | FPR    | TrTPR  | TrFPR  | MacroTPR | MacroFPR | Regions | TauMean | ms    | OK? 
---------------------------------------------------------------------------------------------------------------------
Cosine                   | 0.4378 | 0.0496 | 0.4742 | 0.0500 | 0.3936   | 0.0794   | 875     | 0.9613  | 87.2  | PASS
AndBox-HC                | 0.3606 | 0.0425 | 0.3944 | 0.0500 | 0.3334   | 0.0680   | 875     | 0.0000  | 41.5  | PASS
PCAWhitenedCosine        | 0.5315 | 0.0457 | 0.5169 | 0.0500 | 0.4563   | 0.0717   | 875     | 0.8745  | 61.7  | PASS
Vec (Wgt)                | 0.4551 | 0.0465 | 0.4839 | 0.0500 | 0.4015   | 0.0722   | 875     | 0.9556  | 61.3  | PASS
Log Reg                  | 0.2055 | 0.0386 | 0.2411 | 0.0500 | 0.1726   | 0.0624   | 875     | 0.5087  | 78.4  | PASS
LDA                      | 0.4394 | 0.0394 | 0.4395 | 0.0500 | 0.3549   | 0.0617   | 875     | 4.2585  | 67.3  | PASS
Tiny MLP                 | 0.4906 | 0.0449 | 0.4742 | 0.0500 | 0.4091   | 0.0704   | 875     | 0.8831  | 248.9 | PASS
MultiProtoCosine         | 0.0898 | 0.0488 | 0.1226 | 0.0500 | 0.0655   | 0.0481   | 875     | 0.9246  | 86.4  | PASS
WeightedEnsemble         | 0.5409 | 0.0480 | 0.5290 | 0.0500 | 0.4619   | 0.0733   | 875     | 0.8904  | 303.3 | PASS
XGBoost                  | 0.4724 | 0.0472 | 0.4935 | 0.0500 | 0.4024   | 0.0759   | 875     | 0.7080  | 79.4  | PASS
LDA1+LogReg              | 0.2055 | 0.0386 | 0.2411 | 0.0500 | 0.1726   | 0.0624   | 875     | 0.5087  | 73.3  | PASS
PCA16+LogReg             | 0.2260 | 0.0409 | 0.2613 | 0.0500 | 0.1865   | 0.0648   | 875     | 0.5082  | 76.5  | PASS
PCA32+LogReg             | 0.2181 | 0.0394 | 0.2532 | 0.0500 | 0.1785   | 0.0627   | 875     | 0.5083  | 77.8  | PASS
PCA16+VecWeighted        | 0.0606 | 0.0551 | 0.0427 | 0.0500 | 0.0603   | 0.0368   | 875     | 0.0324  | 74.6  | FAIL
PCA32+VecWeighted        | 0.0717 | 0.0496 | 0.0508 | 0.0500 | 0.0678   | 0.0350   | 875     | 0.0354  | 74.3  | PASS
StabilizedWhitenedCosine | 0.4724 | 0.0362 | 0.4831 | 0.0500 | 0.3941   | 0.0592   | 875     | 0.9904  | 71.7  | PASS

[trial=15 seed=60] GLOBAL mode — total_samples=200000
  total: h0=82063 h1=15019
  pooled_train:  n0=1000 n1=1000
  pooled_calib:  n0=1240 n1=1240
  pooled_eval:   n0=1270 n1=1270
  regions (for macro stats only): 1103
[INFO] Cosine baseline routed to direct Hadamard sum (PrecomputedCosine)
[INFO] WeightedEnsemble Cosine judge routed to direct Hadamard sum
  [Ensemble] Judges routed to 'alt' input: PrecomputedCosine
[WeightedEnsemble] Fitted weights (alpha=0.0500, external calib):
  tau=0.8566, Pooled external calib: TPR=0.5097, FPR=0.0500
  PrecomputedCosine   : +0.2610
  PCAWhitenedCosine   : +0.2348
  XGBoost             : +0.2127
  Tiny MLP            : +0.2846
  LDA                 : +0.0070

Method                   | TPR    | FPR    | TrTPR  | TrFPR  | MacroTPR | MacroFPR | Regions | TauMean | ms    | OK? 
---------------------------------------------------------------------------------------------------------------------
Cosine                   | 0.4354 | 0.0457 | 0.4315 | 0.0500 | 0.4175   | 0.0679   | 841     | 0.9689  | 62.9  | PASS
AndBox-HC                | 0.4110 | 0.0433 | 0.4105 | 0.0500 | 0.3962   | 0.0626   | 841     | 0.0000  | 52.4  | PASS
PCAWhitenedCosine        | 0.5236 | 0.0386 | 0.4887 | 0.0500 | 0.4396   | 0.0617   | 841     | 0.9119  | 57.2  | PASS
Vec (Wgt)                | 0.4898 | 0.0441 | 0.4766 | 0.0500 | 0.4514   | 0.0688   | 841     | 0.9543  | 58.5  | PASS
Log Reg                  | 0.2457 | 0.0433 | 0.2258 | 0.0500 | 0.2162   | 0.0654   | 841     | 0.5090  | 76.3  | PASS
LDA                      | 0.4858 | 0.0362 | 0.4516 | 0.0500 | 0.3873   | 0.0598   | 841     | 4.1942  | 64.9  | PASS
Tiny MLP                 | 0.5165 | 0.0354 | 0.4984 | 0.0500 | 0.4215   | 0.0559   | 841     | 0.8753  | 245.7 | PASS
MultiProtoCosine         | 0.0827 | 0.0362 | 0.0782 | 0.0500 | 0.0624   | 0.0438   | 841     | 0.9242  | 81.3  | PASS
WeightedEnsemble         | 0.5512 | 0.0402 | 0.5097 | 0.0500 | 0.4630   | 0.0620   | 841     | 0.8566  | 296.6 | PASS
XGBoost                  | 0.5094 | 0.0472 | 0.4863 | 0.0500 | 0.4636   | 0.0681   | 841     | 0.7057  | 77.1  | PASS
LDA1+LogReg              | 0.2480 | 0.0433 | 0.2282 | 0.0500 | 0.2174   | 0.0654   | 841     | 0.5089  | 69.4  | PASS
PCA16+LogReg             | 0.2480 | 0.0409 | 0.2282 | 0.0500 | 0.2206   | 0.0633   | 841     | 0.5087  | 73.9  | PASS
PCA32+LogReg             | 0.2480 | 0.0417 | 0.2306 | 0.0500 | 0.2193   | 0.0642   | 841     | 0.5088  | 76.4  | PASS
PCA16+VecWeighted        | 0.1189 | 0.0638 | 0.1161 | 0.0500 | 0.1071   | 0.0745   | 841     | 0.0296  | 70.5  | FAIL
PCA32+VecWeighted        | 0.1000 | 0.0583 | 0.1121 | 0.0500 | 0.0978   | 0.0646   | 841     | 0.0365  | 72.4  | FAIL
StabilizedWhitenedCosine | 0.5016 | 0.0362 | 0.4790 | 0.0500 | 0.4189   | 0.0624   | 841     | 0.9431  | 69.7  | PASS

[trial=16 seed=61] GLOBAL mode — total_samples=200000
  total: h0=82063 h1=15019
  pooled_train:  n0=1000 n1=1000
  pooled_calib:  n0=1240 n1=1240
  pooled_eval:   n0=1270 n1=1270
  regions (for macro stats only): 1103
[INFO] Cosine baseline routed to direct Hadamard sum (PrecomputedCosine)
[INFO] WeightedEnsemble Cosine judge routed to direct Hadamard sum
  [Ensemble] Judges routed to 'alt' input: PrecomputedCosine
[WeightedEnsemble] Fitted weights (alpha=0.0500, external calib):
  tau=1.0239, Pooled external calib: TPR=0.6145, FPR=0.0500
  PrecomputedCosine   : +0.1817
  PCAWhitenedCosine   : +0.4603
  XGBoost             : +0.0868
  Tiny MLP            : +0.1854
  LDA                 : +0.0858

Method                   | TPR    | FPR    | TrTPR  | TrFPR  | MacroTPR | MacroFPR | Regions | TauMean | ms    | OK? 
---------------------------------------------------------------------------------------------------------------------
Cosine                   | 0.4669 | 0.0520 | 0.4702 | 0.0500 | 0.4262   | 0.0773   | 865     | 0.9566  | 104.0 | FAIL
AndBox-HC                | 0.4228 | 0.0575 | 0.4379 | 0.0500 | 0.3748   | 0.0832   | 865     | 0.0000  | 35.3  | FAIL
PCAWhitenedCosine        | 0.5724 | 0.0598 | 0.5798 | 0.0500 | 0.4765   | 0.0966   | 865     | 0.8675  | 58.0  | FAIL
Vec (Wgt)                | 0.5150 | 0.0622 | 0.5218 | 0.0500 | 0.4595   | 0.0961   | 865     | 0.9292  | 59.4  | FAIL
Log Reg                  | 0.2945 | 0.0606 | 0.2919 | 0.0500 | 0.2510   | 0.0802   | 865     | 0.5076  | 76.7  | FAIL
LDA                      | 0.5126 | 0.0559 | 0.5290 | 0.0500 | 0.4121   | 0.0873   | 865     | 4.2902  | 66.8  | FAIL
Tiny MLP                 | 0.5543 | 0.0575 | 0.5540 | 0.0500 | 0.4456   | 0.0909   | 865     | 0.8514  | 245.7 | FAIL
MultiProtoCosine         | 0.0732 | 0.0370 | 0.0613 | 0.0500 | 0.0505   | 0.0445   | 865     | 0.9238  | 81.5  | PASS
WeightedEnsemble         | 0.6047 | 0.0646 | 0.6145 | 0.0500 | 0.4982   | 0.1025   | 865     | 1.0239  | 299.6 | FAIL
XGBoost                  | 0.4984 | 0.0480 | 0.5137 | 0.0500 | 0.4255   | 0.0752   | 865     | 0.7011  | 78.3  | PASS
LDA1+LogReg              | 0.2937 | 0.0598 | 0.2911 | 0.0500 | 0.2492   | 0.0785   | 865     | 0.5075  | 69.6  | FAIL
PCA16+LogReg             | 0.2913 | 0.0591 | 0.2992 | 0.0500 | 0.2533   | 0.0753   | 865     | 0.5074  | 73.9  | FAIL
PCA32+LogReg             | 0.3087 | 0.0638 | 0.3048 | 0.0500 | 0.2616   | 0.0834   | 865     | 0.5071  | 75.3  | FAIL
PCA16+VecWeighted        | 0.0843 | 0.0457 | 0.0871 | 0.0500 | 0.0825   | 0.0405   | 865     | 0.0315  | 70.9  | PASS
PCA32+VecWeighted        | 0.0827 | 0.0551 | 0.0847 | 0.0500 | 0.0811   | 0.0505   | 865     | 0.0370  | 72.7  | FAIL
StabilizedWhitenedCosine | 0.5559 | 0.0646 | 0.5516 | 0.0500 | 0.4687   | 0.0988   | 865     | 0.8593  | 69.9  | FAIL

[trial=17 seed=62] GLOBAL mode — total_samples=200000
  total: h0=82063 h1=15019
  pooled_train:  n0=1000 n1=1000
  pooled_calib:  n0=1240 n1=1240
  pooled_eval:   n0=1270 n1=1270
  regions (for macro stats only): 1103
[INFO] Cosine baseline routed to direct Hadamard sum (PrecomputedCosine)
[INFO] WeightedEnsemble Cosine judge routed to direct Hadamard sum
  [Ensemble] Judges routed to 'alt' input: PrecomputedCosine
[WeightedEnsemble] Fitted weights (alpha=0.0500, external calib):
  tau=1.1291, Pooled external calib: TPR=0.5911, FPR=0.0500
  PrecomputedCosine   : +0.2042
  PCAWhitenedCosine   : +0.1982
  XGBoost             : +0.4393
  Tiny MLP            : +0.0111
  LDA                 : +0.1471

Method                   | TPR    | FPR    | TrTPR  | TrFPR  | MacroTPR | MacroFPR | Regions | TauMean | ms    | OK? 
---------------------------------------------------------------------------------------------------------------------
Cosine                   | 0.4866 | 0.0465 | 0.4677 | 0.0500 | 0.4395   | 0.0672   | 862     | 0.9582  | 89.1  | PASS
AndBox-HC                | 0.5071 | 0.0496 | 0.4774 | 0.0500 | 0.4570   | 0.0711   | 862     | 0.0001  | 40.6  | PASS
PCAWhitenedCosine        | 0.5835 | 0.0583 | 0.5685 | 0.0500 | 0.4920   | 0.0919   | 862     | 0.9459  | 59.6  | FAIL
Vec (Wgt)                | 0.5283 | 0.0472 | 0.5145 | 0.0500 | 0.4756   | 0.0720   | 862     | 0.9428  | 59.9  | PASS
Log Reg                  | 0.2370 | 0.0465 | 0.2274 | 0.0500 | 0.1981   | 0.0648   | 862     | 0.5102  | 76.5  | PASS
LDA                      | 0.5598 | 0.0551 | 0.5653 | 0.0492 | 0.4480   | 0.0866   | 862     | 3.8807  | 66.8  | FAIL
Tiny MLP                 | 0.5748 | 0.0622 | 0.5556 | 0.0500 | 0.4848   | 0.0945   | 862     | 0.8715  | 248.9 | FAIL
MultiProtoCosine         | 0.0843 | 0.0520 | 0.0831 | 0.0500 | 0.0635   | 0.0623   | 862     | 0.9258  | 81.6  | FAIL
WeightedEnsemble         | 0.6150 | 0.0567 | 0.5911 | 0.0500 | 0.5149   | 0.0889   | 862     | 1.1291  | 302.4 | FAIL
XGBoost                  | 0.5354 | 0.0457 | 0.5145 | 0.0500 | 0.4745   | 0.0658   | 862     | 0.7085  | 76.9  | PASS
LDA1+LogReg              | 0.2370 | 0.0465 | 0.2274 | 0.0500 | 0.1981   | 0.0648   | 862     | 0.5102  | 69.6  | PASS
PCA16+LogReg             | 0.2307 | 0.0472 | 0.2258 | 0.0500 | 0.1945   | 0.0640   | 862     | 0.5100  | 74.4  | PASS
PCA32+LogReg             | 0.2346 | 0.0465 | 0.2274 | 0.0500 | 0.1960   | 0.0648   | 862     | 0.5100  | 77.1  | PASS
PCA16+VecWeighted        | 0.0575 | 0.0614 | 0.0589 | 0.0500 | 0.0626   | 0.0389   | 862     | 0.0321  | 69.5  | FAIL
PCA32+VecWeighted        | 0.0465 | 0.0606 | 0.0532 | 0.0500 | 0.0402   | 0.0210   | 862     | 0.0369  | 72.4  | FAIL
StabilizedWhitenedCosine | 0.5504 | 0.0488 | 0.5468 | 0.0500 | 0.4687   | 0.0764   | 862     | 0.9854  | 68.9  | PASS

[trial=18 seed=63] GLOBAL mode — total_samples=200000
  total: h0=82063 h1=15019
  pooled_train:  n0=1000 n1=1000
  pooled_calib:  n0=1240 n1=1240
  pooled_eval:   n0=1270 n1=1270
  regions (for macro stats only): 1103
[INFO] Cosine baseline routed to direct Hadamard sum (PrecomputedCosine)
[INFO] WeightedEnsemble Cosine judge routed to direct Hadamard sum
  [Ensemble] Judges routed to 'alt' input: PrecomputedCosine
[WeightedEnsemble] Fitted weights (alpha=0.0500, external calib):
  tau=1.0288, Pooled external calib: TPR=0.5435, FPR=0.0500
  PrecomputedCosine   : +0.6579
  PCAWhitenedCosine   : +0.1446
  XGBoost             : +0.0673
  Tiny MLP            : +0.0713
  LDA                 : +0.0589

Method                   | TPR    | FPR    | TrTPR  | TrFPR  | MacroTPR | MacroFPR | Regions | TauMean | ms    | OK? 
---------------------------------------------------------------------------------------------------------------------
Cosine                   | 0.4661 | 0.0465 | 0.4629 | 0.0500 | 0.4273   | 0.0757   | 854     | 0.9634  | 69.1  | PASS
AndBox-HC                | 0.3795 | 0.0472 | 0.3919 | 0.0500 | 0.3356   | 0.0769   | 854     | 0.0000  | 51.4  | PASS
PCAWhitenedCosine        | 0.5409 | 0.0496 | 0.5194 | 0.0500 | 0.4449   | 0.0713   | 854     | 0.8756  | 58.7  | PASS
Vec (Wgt)                | 0.4835 | 0.0465 | 0.4911 | 0.0500 | 0.4265   | 0.0766   | 854     | 0.9553  | 59.2  | PASS
Log Reg                  | 0.2142 | 0.0496 | 0.2000 | 0.0500 | 0.2017   | 0.0647   | 854     | 0.5099  | 77.7  | PASS
LDA                      | 0.4622 | 0.0402 | 0.4589 | 0.0500 | 0.3708   | 0.0571   | 854     | 4.1522  | 65.0  | PASS
Tiny MLP                 | 0.5000 | 0.0449 | 0.4815 | 0.0500 | 0.4122   | 0.0643   | 854     | 0.8864  | 244.2 | PASS
MultiProtoCosine         | 0.0890 | 0.0614 | 0.0847 | 0.0500 | 0.0749   | 0.0697   | 854     | 0.9238  | 79.2  | FAIL
WeightedEnsemble         | 0.5480 | 0.0417 | 0.5435 | 0.0500 | 0.4620   | 0.0621   | 854     | 1.0288  | 298.8 | PASS
XGBoost                  | 0.4929 | 0.0496 | 0.5040 | 0.0500 | 0.4405   | 0.0751   | 854     | 0.6978  | 78.3  | PASS
LDA1+LogReg              | 0.2142 | 0.0496 | 0.2000 | 0.0500 | 0.2017   | 0.0647   | 854     | 0.5099  | 66.9  | PASS
PCA16+LogReg             | 0.2055 | 0.0496 | 0.1927 | 0.0500 | 0.1897   | 0.0642   | 854     | 0.5098  | 73.4  | PASS
PCA32+LogReg             | 0.2126 | 0.0488 | 0.1992 | 0.0500 | 0.1978   | 0.0642   | 854     | 0.5096  | 71.6  | PASS
PCA16+VecWeighted        | 0.1409 | 0.0362 | 0.1323 | 0.0500 | 0.1167   | 0.0505   | 854     | 0.0229  | 68.6  | PASS
PCA32+VecWeighted        | 0.1299 | 0.0291 | 0.1298 | 0.0500 | 0.1065   | 0.0323   | 854     | 0.0285  | 69.9  | PASS
StabilizedWhitenedCosine | 0.5126 | 0.0457 | 0.4919 | 0.0500 | 0.4060   | 0.0650   | 854     | 0.9172  | 70.4  | PASS

[trial=19 seed=64] GLOBAL mode — total_samples=200000
  total: h0=82063 h1=15019
  pooled_train:  n0=1000 n1=1000
  pooled_calib:  n0=1240 n1=1240
  pooled_eval:   n0=1270 n1=1270
  regions (for macro stats only): 1103
[INFO] Cosine baseline routed to direct Hadamard sum (PrecomputedCosine)
[INFO] WeightedEnsemble Cosine judge routed to direct Hadamard sum
  [Ensemble] Judges routed to 'alt' input: PrecomputedCosine
[WeightedEnsemble] Fitted weights (alpha=0.0500, external calib):
  tau=0.9950, Pooled external calib: TPR=0.5677, FPR=0.0500
  PrecomputedCosine   : +0.4352
  PCAWhitenedCosine   : +0.0957
  XGBoost             : +0.1866
  Tiny MLP            : +0.2341
  LDA                 : +0.0484

Method                   | TPR    | FPR    | TrTPR  | TrFPR  | MacroTPR | MacroFPR | Regions | TauMean | ms    | OK? 
---------------------------------------------------------------------------------------------------------------------
Cosine                   | 0.4921 | 0.0512 | 0.4790 | 0.0500 | 0.4562   | 0.0776   | 846     | 0.9491  | 58.3  | FAIL
AndBox-HC                | 0.4717 | 0.0472 | 0.4589 | 0.0500 | 0.4226   | 0.0711   | 846     | 0.0000  | 57.5  | PASS
PCAWhitenedCosine        | 0.5165 | 0.0472 | 0.4927 | 0.0500 | 0.4079   | 0.0614   | 846     | 1.1110  | 57.1  | PASS
Vec (Wgt)                | 0.5244 | 0.0465 | 0.5210 | 0.0500 | 0.4800   | 0.0690   | 846     | 0.9402  | 58.0  | PASS
Log Reg                  | 0.2126 | 0.0394 | 0.2194 | 0.0500 | 0.1760   | 0.0546   | 846     | 0.5099  | 73.4  | PASS
LDA                      | 0.5394 | 0.0559 | 0.5274 | 0.0500 | 0.4325   | 0.0760   | 846     | 4.3003  | 64.0  | FAIL
Tiny MLP                 | 0.5528 | 0.0528 | 0.5484 | 0.0500 | 0.4424   | 0.0698   | 846     | 0.8802  | 242.1 | FAIL
MultiProtoCosine         | 0.0740 | 0.0480 | 0.0742 | 0.0500 | 0.0637   | 0.0550   | 846     | 0.9216  | 80.5  | PASS
WeightedEnsemble         | 0.5850 | 0.0543 | 0.5677 | 0.0500 | 0.4780   | 0.0753   | 846     | 0.9950  | 297.3 | FAIL
XGBoost                  | 0.5213 | 0.0465 | 0.5226 | 0.0500 | 0.4526   | 0.0654   | 846     | 0.6988  | 77.1  | PASS
LDA1+LogReg              | 0.2157 | 0.0394 | 0.2226 | 0.0500 | 0.1775   | 0.0546   | 846     | 0.5099  | 67.6  | PASS
PCA16+LogReg             | 0.2315 | 0.0433 | 0.2339 | 0.0500 | 0.1913   | 0.0611   | 846     | 0.5095  | 72.2  | PASS
PCA32+LogReg             | 0.2220 | 0.0402 | 0.2258 | 0.0500 | 0.1853   | 0.0552   | 846     | 0.5094  | 73.8  | PASS
PCA16+VecWeighted        | 0.0787 | 0.0386 | 0.0847 | 0.0500 | 0.0610   | 0.0307   | 846     | 0.0321  | 68.8  | PASS
PCA32+VecWeighted        | 0.1087 | 0.0457 | 0.1065 | 0.0500 | 0.0821   | 0.0442   | 846     | 0.0333  | 70.8  | PASS
StabilizedWhitenedCosine | 0.5260 | 0.0512 | 0.5395 | 0.0500 | 0.4376   | 0.0692   | 846     | 0.9678  | 69.3  | FAIL

[trial=20 seed=65] GLOBAL mode — total_samples=200000
  total: h0=82063 h1=15019
  pooled_train:  n0=1000 n1=1000
  pooled_calib:  n0=1240 n1=1240
  pooled_eval:   n0=1270 n1=1270
  regions (for macro stats only): 1103
[INFO] Cosine baseline routed to direct Hadamard sum (PrecomputedCosine)
[INFO] WeightedEnsemble Cosine judge routed to direct Hadamard sum
  [Ensemble] Judges routed to 'alt' input: PrecomputedCosine
[WeightedEnsemble] Fitted weights (alpha=0.0500, external calib):
  tau=0.9238, Pooled external calib: TPR=0.5960, FPR=0.0500
  PrecomputedCosine   : +0.4176
  PCAWhitenedCosine   : +0.3460
  XGBoost             : +0.0864
  Tiny MLP            : +0.0990
  LDA                 : +0.0511

Method                   | TPR    | FPR    | TrTPR  | TrFPR  | MacroTPR | MacroFPR | Regions | TauMean | ms    | OK? 
---------------------------------------------------------------------------------------------------------------------
Cosine                   | 0.4740 | 0.0504 | 0.4677 | 0.0500 | 0.4383   | 0.0771   | 856     | 0.9546  | 71.8  | FAIL
AndBox-HC                | 0.4236 | 0.0528 | 0.4081 | 0.0500 | 0.3872   | 0.0768   | 856     | 0.0000  | 47.7  | FAIL
PCAWhitenedCosine        | 0.5465 | 0.0535 | 0.5710 | 0.0500 | 0.4520   | 0.0732   | 856     | 0.7928  | 58.5  | FAIL
Vec (Wgt)                | 0.5126 | 0.0504 | 0.5210 | 0.0500 | 0.4681   | 0.0763   | 856     | 0.9358  | 58.9  | FAIL
Log Reg                  | 0.3173 | 0.0535 | 0.3331 | 0.0500 | 0.2534   | 0.0786   | 856     | 0.5061  | 77.0  | FAIL
LDA                      | 0.4882 | 0.0512 | 0.5121 | 0.0500 | 0.4015   | 0.0760   | 856     | 3.9495  | 65.3  | FAIL
Tiny MLP                 | 0.5331 | 0.0457 | 0.5581 | 0.0500 | 0.4315   | 0.0675   | 856     | 0.8432  | 244.5 | PASS
MultiProtoCosine         | 0.0953 | 0.0583 | 0.0911 | 0.0500 | 0.0801   | 0.0785   | 856     | 0.9232  | 80.7  | FAIL
WeightedEnsemble         | 0.5835 | 0.0488 | 0.5960 | 0.0500 | 0.4848   | 0.0711   | 856     | 0.9238  | 297.4 | PASS
XGBoost                  | 0.5134 | 0.0488 | 0.5097 | 0.0484 | 0.4511   | 0.0705   | 856     | 0.6930  | 76.4  | PASS
LDA1+LogReg              | 0.3173 | 0.0520 | 0.3331 | 0.0500 | 0.2534   | 0.0769   | 856     | 0.5061  | 68.6  | FAIL
PCA16+LogReg             | 0.3157 | 0.0551 | 0.3355 | 0.0500 | 0.2519   | 0.0789   | 856     | 0.5059  | 72.8  | FAIL
PCA32+LogReg             | 0.3299 | 0.0575 | 0.3516 | 0.0500 | 0.2619   | 0.0840   | 856     | 0.5057  | 75.6  | FAIL
PCA16+VecWeighted        | 0.1488 | 0.0543 | 0.1395 | 0.0500 | 0.1216   | 0.0629   | 856     | 0.0257  | 69.9  | FAIL
PCA32+VecWeighted        | 0.1472 | 0.0606 | 0.1468 | 0.0500 | 0.1255   | 0.0699   | 856     | 0.0271  | 71.7  | FAIL
StabilizedWhitenedCosine | 0.5646 | 0.0583 | 0.5815 | 0.0500 | 0.4751   | 0.0819   | 856     | 0.8062  | 68.5  | FAIL

[trial=21 seed=66] GLOBAL mode — total_samples=200000
  total: h0=82063 h1=15019
  pooled_train:  n0=1000 n1=1000
  pooled_calib:  n0=1240 n1=1240
  pooled_eval:   n0=1270 n1=1270
  regions (for macro stats only): 1103
[INFO] Cosine baseline routed to direct Hadamard sum (PrecomputedCosine)
[INFO] WeightedEnsemble Cosine judge routed to direct Hadamard sum
  [Ensemble] Judges routed to 'alt' input: PrecomputedCosine
[WeightedEnsemble] Fitted weights (alpha=0.0500, external calib):
  tau=0.9271, Pooled external calib: TPR=0.5944, FPR=0.0500
  PrecomputedCosine   : +0.2832
  PCAWhitenedCosine   : +0.0456
  XGBoost             : +0.2004
  Tiny MLP            : +0.4151
  LDA                 : +0.0558

Method                   | TPR    | FPR    | TrTPR  | TrFPR  | MacroTPR | MacroFPR | Regions | TauMean | ms    | OK? 
---------------------------------------------------------------------------------------------------------------------
Cosine                   | 0.4520 | 0.0512 | 0.4516 | 0.0500 | 0.4098   | 0.0697   | 852     | 0.9632  | 76.4  | FAIL
AndBox-HC                | 0.3898 | 0.0425 | 0.3847 | 0.0500 | 0.3405   | 0.0639   | 852     | 0.0001  | 45.1  | PASS
PCAWhitenedCosine        | 0.5315 | 0.0409 | 0.5460 | 0.0500 | 0.4268   | 0.0657   | 852     | 0.9329  | 58.3  | PASS
Vec (Wgt)                | 0.4787 | 0.0535 | 0.4839 | 0.0500 | 0.4186   | 0.0785   | 852     | 0.9469  | 58.7  | FAIL
Log Reg                  | 0.2181 | 0.0472 | 0.2194 | 0.0500 | 0.2020   | 0.0677   | 852     | 0.5092  | 78.4  | PASS
LDA                      | 0.5197 | 0.0575 | 0.5282 | 0.0500 | 0.4335   | 0.0835   | 852     | 3.7777  | 65.2  | FAIL
Tiny MLP                 | 0.5394 | 0.0528 | 0.5427 | 0.0500 | 0.4442   | 0.0825   | 852     | 0.8592  | 246.4 | FAIL
MultiProtoCosine         | 0.0614 | 0.0417 | 0.0782 | 0.0500 | 0.0523   | 0.0503   | 852     | 0.9250  | 81.0  | PASS
WeightedEnsemble         | 0.5937 | 0.0512 | 0.5944 | 0.0500 | 0.4941   | 0.0804   | 852     | 0.9271  | 299.3 | FAIL
XGBoost                  | 0.5031 | 0.0472 | 0.4984 | 0.0500 | 0.4357   | 0.0702   | 852     | 0.6968  | 78.9  | PASS
LDA1+LogReg              | 0.2213 | 0.0472 | 0.2258 | 0.0500 | 0.2043   | 0.0677   | 852     | 0.5091  | 68.7  | PASS
PCA16+LogReg             | 0.2213 | 0.0465 | 0.2323 | 0.0500 | 0.2025   | 0.0666   | 852     | 0.5090  | 72.9  | PASS
PCA32+LogReg             | 0.2291 | 0.0472 | 0.2355 | 0.0500 | 0.2124   | 0.0698   | 852     | 0.5088  | 77.3  | PASS
PCA16+VecWeighted        | 0.1307 | 0.0520 | 0.1113 | 0.0500 | 0.1138   | 0.0593   | 852     | 0.0271  | 69.1  | FAIL
PCA32+VecWeighted        | 0.1409 | 0.0528 | 0.1347 | 0.0500 | 0.1071   | 0.0606   | 852     | 0.0300  | 71.9  | FAIL
StabilizedWhitenedCosine | 0.5394 | 0.0496 | 0.5411 | 0.0500 | 0.4315   | 0.0777   | 852     | 0.8694  | 69.1  | PASS

[trial=22 seed=67] GLOBAL mode — total_samples=200000
  total: h0=82063 h1=15019
  pooled_train:  n0=1000 n1=1000
  pooled_calib:  n0=1240 n1=1240
  pooled_eval:   n0=1270 n1=1270
  regions (for macro stats only): 1103
[INFO] Cosine baseline routed to direct Hadamard sum (PrecomputedCosine)
[INFO] WeightedEnsemble Cosine judge routed to direct Hadamard sum
  [Ensemble] Judges routed to 'alt' input: PrecomputedCosine
[WeightedEnsemble] Fitted weights (alpha=0.0500, external calib):
  tau=0.8551, Pooled external calib: TPR=0.5226, FPR=0.0500
  PrecomputedCosine   : +0.3209
  PCAWhitenedCosine   : +0.3118
  XGBoost             : +0.3183
  Tiny MLP            : +0.0373
  LDA                 : +0.0115

Method                   | TPR    | FPR    | TrTPR  | TrFPR  | MacroTPR | MacroFPR | Regions | TauMean | ms    | OK? 
---------------------------------------------------------------------------------------------------------------------
Cosine                   | 0.4858 | 0.0528 | 0.4516 | 0.0500 | 0.4364   | 0.0754   | 859     | 0.9537  | 53.7  | FAIL
AndBox-HC                | 0.4315 | 0.0504 | 0.3839 | 0.0500 | 0.3912   | 0.0692   | 859     | 0.0000  | 55.6  | FAIL
PCAWhitenedCosine        | 0.5205 | 0.0520 | 0.4992 | 0.0500 | 0.4251   | 0.0711   | 859     | 0.9349  | 57.4  | FAIL
Vec (Wgt)                | 0.5220 | 0.0472 | 0.4823 | 0.0500 | 0.4730   | 0.0695   | 859     | 0.9371  | 58.0  | PASS
Log Reg                  | 0.2780 | 0.0528 | 0.2355 | 0.0500 | 0.2228   | 0.0757   | 859     | 0.5078  | 74.3  | FAIL
LDA                      | 0.4976 | 0.0394 | 0.4823 | 0.0500 | 0.4035   | 0.0530   | 859     | 3.8631  | 63.9  | PASS
Tiny MLP                 | 0.5205 | 0.0457 | 0.4944 | 0.0500 | 0.4168   | 0.0606   | 859     | 0.8578  | 243.5 | PASS
MultiProtoCosine         | 0.0913 | 0.0394 | 0.0782 | 0.0500 | 0.0659   | 0.0442   | 859     | 0.9266  | 80.6  | PASS
WeightedEnsemble         | 0.5575 | 0.0496 | 0.5226 | 0.0500 | 0.4629   | 0.0696   | 859     | 0.8551  | 296.2 | PASS
XGBoost                  | 0.5197 | 0.0488 | 0.4774 | 0.0500 | 0.4472   | 0.0660   | 859     | 0.7028  | 76.7  | PASS
LDA1+LogReg              | 0.2795 | 0.0528 | 0.2379 | 0.0500 | 0.2241   | 0.0757   | 859     | 0.5078  | 67.9  | FAIL
PCA16+LogReg             | 0.2803 | 0.0520 | 0.2363 | 0.0500 | 0.2255   | 0.0739   | 859     | 0.5076  | 73.0  | FAIL
PCA32+LogReg             | 0.2819 | 0.0528 | 0.2403 | 0.0500 | 0.2280   | 0.0757   | 859     | 0.5075  | 74.6  | FAIL
PCA16+VecWeighted        | 0.1150 | 0.0559 | 0.1177 | 0.0500 | 0.1051   | 0.0476   | 859     | 0.0309  | 69.9  | FAIL
PCA32+VecWeighted        | 0.0890 | 0.0614 | 0.1048 | 0.0500 | 0.0870   | 0.0490   | 859     | 0.0337  | 72.1  | FAIL
StabilizedWhitenedCosine | 0.5465 | 0.0535 | 0.5202 | 0.0500 | 0.4387   | 0.0736   | 859     | 0.8549  | 67.9  | FAIL

[trial=23 seed=68] GLOBAL mode — total_samples=200000
  total: h0=82063 h1=15019
  pooled_train:  n0=1000 n1=1000
  pooled_calib:  n0=1240 n1=1240
  pooled_eval:   n0=1270 n1=1270
  regions (for macro stats only): 1103
[INFO] Cosine baseline routed to direct Hadamard sum (PrecomputedCosine)
[INFO] WeightedEnsemble Cosine judge routed to direct Hadamard sum
  [Ensemble] Judges routed to 'alt' input: PrecomputedCosine
[WeightedEnsemble] Fitted weights (alpha=0.0500, external calib):
  tau=0.8965, Pooled external calib: TPR=0.5484, FPR=0.0500
  PrecomputedCosine   : +0.4364
  PCAWhitenedCosine   : +0.0571
  XGBoost             : +0.1048
  Tiny MLP            : +0.3819
  LDA                 : +0.0199

Method                   | TPR    | FPR    | TrTPR  | TrFPR  | MacroTPR | MacroFPR | Regions | TauMean | ms    | OK? 
---------------------------------------------------------------------------------------------------------------------
Cosine                   | 0.4724 | 0.0307 | 0.4492 | 0.0500 | 0.4380   | 0.0475   | 857     | 0.9619  | 72.4  | PASS
AndBox-HC                | 0.3945 | 0.0283 | 0.3847 | 0.0500 | 0.3728   | 0.0400   | 857     | 0.0000  | 48.5  | PASS
PCAWhitenedCosine        | 0.5622 | 0.0402 | 0.5250 | 0.0500 | 0.4623   | 0.0616   | 857     | 0.9094  | 59.9  | PASS
Vec (Wgt)                | 0.5039 | 0.0331 | 0.4952 | 0.0500 | 0.4578   | 0.0543   | 857     | 0.9423  | 59.9  | PASS
Log Reg                  | 0.2583 | 0.0567 | 0.2379 | 0.0500 | 0.2080   | 0.0751   | 857     | 0.5088  | 76.9  | FAIL
LDA                      | 0.5299 | 0.0402 | 0.4887 | 0.0500 | 0.4342   | 0.0596   | 857     | 4.3865  | 65.9  | PASS
Tiny MLP                 | 0.5598 | 0.0417 | 0.5177 | 0.0500 | 0.4565   | 0.0624   | 857     | 0.8773  | 248.7 | PASS
MultiProtoCosine         | 0.1039 | 0.0614 | 0.0839 | 0.0500 | 0.0703   | 0.0694   | 857     | 0.9222  | 85.8  | FAIL
WeightedEnsemble         | 0.5921 | 0.0425 | 0.5484 | 0.0500 | 0.5029   | 0.0654   | 857     | 0.8965  | 301.1 | PASS
XGBoost                  | 0.5142 | 0.0315 | 0.4895 | 0.0500 | 0.4450   | 0.0478   | 857     | 0.7011  | 78.8  | PASS
LDA1+LogReg              | 0.2591 | 0.0567 | 0.2395 | 0.0500 | 0.2082   | 0.0751   | 857     | 0.5087  | 70.4  | FAIL
PCA16+LogReg             | 0.2535 | 0.0559 | 0.2403 | 0.0500 | 0.2084   | 0.0747   | 857     | 0.5086  | 75.1  | FAIL
PCA32+LogReg             | 0.2709 | 0.0575 | 0.2476 | 0.0500 | 0.2150   | 0.0757   | 857     | 0.5084  | 75.0  | FAIL
PCA16+VecWeighted        | 0.1874 | 0.0480 | 0.1540 | 0.0500 | 0.1231   | 0.0670   | 857     | 0.0218  | 69.6  | PASS
PCA32+VecWeighted        | 0.1622 | 0.0465 | 0.1548 | 0.0500 | 0.1190   | 0.0593   | 857     | 0.0267  | 72.7  | PASS
StabilizedWhitenedCosine | 0.5457 | 0.0346 | 0.5234 | 0.0500 | 0.4472   | 0.0504   | 857     | 0.9109  | 69.8  | PASS

[trial=24 seed=69] GLOBAL mode — total_samples=200000
  total: h0=82063 h1=15019
  pooled_train:  n0=1000 n1=1000
  pooled_calib:  n0=1240 n1=1240
  pooled_eval:   n0=1270 n1=1270
  regions (for macro stats only): 1103
[INFO] Cosine baseline routed to direct Hadamard sum (PrecomputedCosine)
[INFO] WeightedEnsemble Cosine judge routed to direct Hadamard sum
  [Ensemble] Judges routed to 'alt' input: PrecomputedCosine
[WeightedEnsemble] Fitted weights (alpha=0.0500, external calib):
  tau=1.0355, Pooled external calib: TPR=0.5484, FPR=0.0500
  PrecomputedCosine   : +0.0595
  PCAWhitenedCosine   : +0.3558
  XGBoost             : +0.1566
  Tiny MLP            : +0.3547
  LDA                 : +0.0734

Method                   | TPR    | FPR    | TrTPR  | TrFPR  | MacroTPR | MacroFPR | Regions | TauMean | ms    | OK? 
---------------------------------------------------------------------------------------------------------------------
Cosine                   | 0.4717 | 0.0472 | 0.4516 | 0.0500 | 0.4195   | 0.0631   | 848     | 0.9622  | 86.6  | PASS
AndBox-HC                | 0.4480 | 0.0480 | 0.4266 | 0.0492 | 0.3980   | 0.0646   | 848     | 0.0000  | 38.9  | PASS
PCAWhitenedCosine        | 0.5220 | 0.0457 | 0.5274 | 0.0500 | 0.4216   | 0.0741   | 848     | 0.9941  | 58.9  | PASS
Vec (Wgt)                | 0.4953 | 0.0449 | 0.4815 | 0.0500 | 0.4335   | 0.0670   | 848     | 0.9477  | 59.7  | PASS
Log Reg                  | 0.1945 | 0.0409 | 0.1823 | 0.0500 | 0.1677   | 0.0557   | 848     | 0.5115  | 77.0  | PASS
LDA                      | 0.4913 | 0.0433 | 0.4927 | 0.0500 | 0.3792   | 0.0688   | 848     | 4.4072  | 65.7  | PASS
Tiny MLP                 | 0.4961 | 0.0394 | 0.5065 | 0.0500 | 0.3818   | 0.0610   | 848     | 0.8658  | 246.2 | PASS
MultiProtoCosine         | 0.0622 | 0.0402 | 0.0581 | 0.0500 | 0.0516   | 0.0434   | 848     | 0.9263  | 81.5  | PASS
WeightedEnsemble         | 0.5496 | 0.0441 | 0.5484 | 0.0500 | 0.4382   | 0.0740   | 848     | 1.0355  | 300.3 | PASS
XGBoost                  | 0.4874 | 0.0409 | 0.4702 | 0.0500 | 0.4244   | 0.0614   | 848     | 0.7118  | 78.6  | PASS
LDA1+LogReg              | 0.2016 | 0.0409 | 0.1863 | 0.0500 | 0.1709   | 0.0557   | 848     | 0.5114  | 71.7  | PASS
PCA16+LogReg             | 0.2071 | 0.0425 | 0.1871 | 0.0500 | 0.1755   | 0.0574   | 848     | 0.5110  | 74.2  | PASS
PCA32+LogReg             | 0.2110 | 0.0425 | 0.1895 | 0.0500 | 0.1781   | 0.0574   | 848     | 0.5110  | 75.4  | PASS
PCA16+VecWeighted        | 0.0457 | 0.0386 | 0.0419 | 0.0500 | 0.0451   | 0.0274   | 848     | 0.0325  | 72.8  | PASS
PCA32+VecWeighted        | 0.0811 | 0.0488 | 0.0605 | 0.0500 | 0.0781   | 0.0408   | 848     | 0.0327  | 72.4  | PASS
StabilizedWhitenedCosine | 0.4701 | 0.0394 | 0.4581 | 0.0500 | 0.3870   | 0.0560   | 848     | 1.0709  | 69.7  | PASS

[trial=25 seed=70] GLOBAL mode — total_samples=200000
  total: h0=82063 h1=15019
  pooled_train:  n0=1000 n1=1000
  pooled_calib:  n0=1240 n1=1240
  pooled_eval:   n0=1270 n1=1270
  regions (for macro stats only): 1103
[INFO] Cosine baseline routed to direct Hadamard sum (PrecomputedCosine)
[INFO] WeightedEnsemble Cosine judge routed to direct Hadamard sum
  [Ensemble] Judges routed to 'alt' input: PrecomputedCosine
[WeightedEnsemble] Fitted weights (alpha=0.0500, external calib):
  tau=0.7926, Pooled external calib: TPR=0.5492, FPR=0.0476
  PrecomputedCosine   : +0.1369
  PCAWhitenedCosine   : +0.3322
  XGBoost             : +0.4468
  Tiny MLP            : +0.0732
  LDA                 : +0.0110

Method                   | TPR    | FPR    | TrTPR  | TrFPR  | MacroTPR | MacroFPR | Regions | TauMean | ms    | OK? 
---------------------------------------------------------------------------------------------------------------------
Cosine                   | 0.4906 | 0.0551 | 0.4790 | 0.0500 | 0.4301   | 0.0849   | 861     | 0.9526  | 75.2  | FAIL
AndBox-HC                | 0.4268 | 0.0551 | 0.4210 | 0.0500 | 0.3736   | 0.0789   | 861     | 0.0001  | 45.9  | FAIL
PCAWhitenedCosine        | 0.5449 | 0.0638 | 0.5282 | 0.0500 | 0.4311   | 0.0903   | 861     | 0.9184  | 59.0  | FAIL
Vec (Wgt)                | 0.5315 | 0.0535 | 0.5266 | 0.0500 | 0.4655   | 0.0851   | 861     | 0.9359  | 58.1  | FAIL
Log Reg                  | 0.2142 | 0.0543 | 0.2089 | 0.0500 | 0.2098   | 0.0721   | 861     | 0.5104  | 75.7  | FAIL
LDA                      | 0.5087 | 0.0575 | 0.4927 | 0.0500 | 0.3900   | 0.0828   | 861     | 4.2111  | 65.1  | FAIL
Tiny MLP                 | 0.5055 | 0.0559 | 0.4919 | 0.0500 | 0.3924   | 0.0842   | 861     | 0.8918  | 240.1 | FAIL
MultiProtoCosine         | 0.0811 | 0.0457 | 0.0750 | 0.0500 | 0.0782   | 0.0467   | 861     | 0.9240  | 82.0  | PASS
WeightedEnsemble         | 0.5732 | 0.0551 | 0.5492 | 0.0476 | 0.4675   | 0.0835   | 861     | 0.7926  | 299.7 | FAIL
XGBoost                  | 0.5354 | 0.0504 | 0.5113 | 0.0500 | 0.4643   | 0.0738   | 861     | 0.6866  | 77.1  | FAIL
LDA1+LogReg              | 0.2150 | 0.0543 | 0.2089 | 0.0500 | 0.2100   | 0.0721   | 861     | 0.5104  | 68.9  | FAIL
PCA16+LogReg             | 0.2181 | 0.0567 | 0.2065 | 0.0500 | 0.2091   | 0.0727   | 861     | 0.5104  | 72.0  | FAIL
PCA32+LogReg             | 0.2134 | 0.0528 | 0.2000 | 0.0500 | 0.2092   | 0.0694   | 861     | 0.5104  | 74.3  | FAIL
PCA16+VecWeighted        | 0.0252 | 0.0598 | 0.0210 | 0.0500 | 0.0236   | 0.0362   | 861     | 0.0355  | 68.7  | FAIL
PCA32+VecWeighted        | 0.0362 | 0.0654 | 0.0339 | 0.0500 | 0.0273   | 0.0434   | 861     | 0.0396  | 71.1  | FAIL
StabilizedWhitenedCosine | 0.5378 | 0.0535 | 0.5161 | 0.0500 | 0.4564   | 0.0834   | 861     | 0.8740  | 69.6  | FAIL

[trial=26 seed=71] GLOBAL mode — total_samples=200000
  total: h0=82063 h1=15019
  pooled_train:  n0=1000 n1=1000
  pooled_calib:  n0=1240 n1=1240
  pooled_eval:   n0=1270 n1=1270
  regions (for macro stats only): 1103
[INFO] Cosine baseline routed to direct Hadamard sum (PrecomputedCosine)
[INFO] WeightedEnsemble Cosine judge routed to direct Hadamard sum
  [Ensemble] Judges routed to 'alt' input: PrecomputedCosine
[WeightedEnsemble] Fitted weights (alpha=0.0500, external calib):
  tau=0.8728, Pooled external calib: TPR=0.5927, FPR=0.0500
  PrecomputedCosine   : +0.2161
  PCAWhitenedCosine   : +0.5478
  XGBoost             : +0.0972
  Tiny MLP            : +0.1269
  LDA                 : +0.0120

Method                   | TPR    | FPR    | TrTPR  | TrFPR  | MacroTPR | MacroFPR | Regions | TauMean | ms    | OK? 
---------------------------------------------------------------------------------------------------------------------
Cosine                   | 0.4535 | 0.0504 | 0.4645 | 0.0500 | 0.4068   | 0.0752   | 850     | 0.9635  | 67.4  | FAIL
AndBox-HC                | 0.4354 | 0.0575 | 0.4258 | 0.0500 | 0.4045   | 0.0842   | 850     | 0.0000  | 50.1  | FAIL
PCAWhitenedCosine        | 0.5528 | 0.0575 | 0.5798 | 0.0500 | 0.4399   | 0.0906   | 850     | 0.9225  | 57.8  | FAIL
Vec (Wgt)                | 0.5000 | 0.0591 | 0.5089 | 0.0500 | 0.4400   | 0.0927   | 850     | 0.9487  | 58.0  | FAIL
Log Reg                  | 0.2394 | 0.0567 | 0.2363 | 0.0500 | 0.2080   | 0.0842   | 850     | 0.5103  | 74.6  | FAIL
LDA                      | 0.5504 | 0.0701 | 0.5298 | 0.0500 | 0.4493   | 0.0989   | 850     | 3.9562  | 65.0  | FAIL
Tiny MLP                 | 0.5732 | 0.0693 | 0.5581 | 0.0500 | 0.4686   | 0.1002   | 850     | 0.8532  | 243.5 | FAIL
MultiProtoCosine         | 0.0921 | 0.0480 | 0.0927 | 0.0500 | 0.0718   | 0.0587   | 850     | 0.9242  | 78.2  | PASS
WeightedEnsemble         | 0.5748 | 0.0614 | 0.5927 | 0.0500 | 0.4644   | 0.0980   | 850     | 0.8728  | 296.6 | FAIL
XGBoost                  | 0.4819 | 0.0575 | 0.4879 | 0.0500 | 0.4053   | 0.0838   | 850     | 0.7083  | 76.8  | FAIL
LDA1+LogReg              | 0.2441 | 0.0567 | 0.2363 | 0.0500 | 0.2100   | 0.0842   | 850     | 0.5103  | 66.6  | FAIL
PCA16+LogReg             | 0.2598 | 0.0559 | 0.2548 | 0.0500 | 0.2185   | 0.0825   | 850     | 0.5100  | 70.9  | FAIL
PCA32+LogReg             | 0.2591 | 0.0583 | 0.2435 | 0.0500 | 0.2196   | 0.0863   | 850     | 0.5099  | 73.0  | FAIL
PCA16+VecWeighted        | 0.1299 | 0.0457 | 0.1363 | 0.0500 | 0.1105   | 0.0555   | 850     | 0.0302  | 67.8  | PASS
PCA32+VecWeighted        | 0.1378 | 0.0417 | 0.1363 | 0.0500 | 0.1145   | 0.0546   | 850     | 0.0349  | 70.1  | PASS
StabilizedWhitenedCosine | 0.5520 | 0.0638 | 0.5750 | 0.0500 | 0.4505   | 0.0963   | 850     | 0.8864  | 68.5  | FAIL

[trial=27 seed=72] GLOBAL mode — total_samples=200000
  total: h0=82063 h1=15019
  pooled_train:  n0=1000 n1=1000
  pooled_calib:  n0=1240 n1=1240
  pooled_eval:   n0=1270 n1=1270
  regions (for macro stats only): 1103
[INFO] Cosine baseline routed to direct Hadamard sum (PrecomputedCosine)
[INFO] WeightedEnsemble Cosine judge routed to direct Hadamard sum
  [Ensemble] Judges routed to 'alt' input: PrecomputedCosine
[WeightedEnsemble] Fitted weights (alpha=0.0500, external calib):
  tau=0.9860, Pooled external calib: TPR=0.5871, FPR=0.0492
  PrecomputedCosine   : +0.1298
  PCAWhitenedCosine   : +0.1391
  XGBoost             : +0.2872
  Tiny MLP            : +0.3596
  LDA                 : +0.0844

Method                   | TPR    | FPR    | TrTPR  | TrFPR  | MacroTPR | MacroFPR | Regions | TauMean | ms    | OK? 
---------------------------------------------------------------------------------------------------------------------
Cosine                   | 0.4213 | 0.0386 | 0.4048 | 0.0500 | 0.3939   | 0.0556   | 835     | 0.9744  | 93.4  | PASS
AndBox-HC                | 0.3646 | 0.0315 | 0.3444 | 0.0500 | 0.3463   | 0.0426   | 835     | 0.0001  | 39.4  | PASS
PCAWhitenedCosine        | 0.5197 | 0.0409 | 0.5032 | 0.0500 | 0.4199   | 0.0648   | 835     | 0.9571  | 58.5  | PASS
Vec (Wgt)                | 0.4622 | 0.0394 | 0.4444 | 0.0500 | 0.4169   | 0.0585   | 835     | 0.9568  | 58.5  | PASS
Log Reg                  | 0.2331 | 0.0520 | 0.2218 | 0.0500 | 0.1898   | 0.0672   | 835     | 0.5096  | 75.2  | FAIL
LDA                      | 0.5173 | 0.0465 | 0.5153 | 0.0500 | 0.4361   | 0.0659   | 835     | 3.9733  | 63.4  | PASS
Tiny MLP                 | 0.5488 | 0.0567 | 0.5516 | 0.0500 | 0.4734   | 0.0832   | 835     | 0.8579  | 238.7 | FAIL
MultiProtoCosine         | 0.0992 | 0.0646 | 0.0919 | 0.0500 | 0.0692   | 0.0702   | 835     | 0.9228  | 79.2  | FAIL
WeightedEnsemble         | 0.5827 | 0.0528 | 0.5871 | 0.0492 | 0.4951   | 0.0753   | 835     | 0.9860  | 409.8 | FAIL
XGBoost                  | 0.4598 | 0.0417 | 0.4669 | 0.0500 | 0.4206   | 0.0595   | 835     | 0.7289  | 78.8  | PASS
LDA1+LogReg              | 0.2331 | 0.0528 | 0.2258 | 0.0500 | 0.1898   | 0.0690   | 835     | 0.5095  | 63.9  | FAIL
PCA16+LogReg             | 0.2417 | 0.0520 | 0.2315 | 0.0500 | 0.1969   | 0.0661   | 835     | 0.5092  | 70.4  | FAIL
PCA32+LogReg             | 0.2480 | 0.0567 | 0.2371 | 0.0500 | 0.2017   | 0.0738   | 835     | 0.5091  | 69.3  | FAIL
PCA16+VecWeighted        | 0.1803 | 0.0488 | 0.1484 | 0.0500 | 0.1619   | 0.0608   | 835     | 0.0241  | 63.0  | PASS
PCA32+VecWeighted        | 0.1717 | 0.0559 | 0.1621 | 0.0500 | 0.1509   | 0.0702   | 835     | 0.0268  | 66.7  | FAIL
StabilizedWhitenedCosine | 0.4843 | 0.0449 | 0.4831 | 0.0500 | 0.4053   | 0.0627   | 835     | 1.0193  | 67.9  | PASS

[trial=28 seed=73] GLOBAL mode — total_samples=200000
  total: h0=82063 h1=15019
  pooled_train:  n0=1000 n1=1000
  pooled_calib:  n0=1240 n1=1240
  pooled_eval:   n0=1270 n1=1270
  regions (for macro stats only): 1103
[INFO] Cosine baseline routed to direct Hadamard sum (PrecomputedCosine)
[INFO] WeightedEnsemble Cosine judge routed to direct Hadamard sum
  [Ensemble] Judges routed to 'alt' input: PrecomputedCosine
[WeightedEnsemble] Fitted weights (alpha=0.0500, external calib):
  tau=0.9208, Pooled external calib: TPR=0.5476, FPR=0.0500
  PrecomputedCosine   : +0.2161
  PCAWhitenedCosine   : +0.5478
  XGBoost             : +0.0972
  Tiny MLP            : +0.1269
  LDA                 : +0.0120

Method                   | TPR    | FPR    | TrTPR  | TrFPR  | MacroTPR | MacroFPR | Regions | TauMean | ms    | OK? 
---------------------------------------------------------------------------------------------------------------------
Cosine                   | 0.4504 | 0.0457 | 0.4565 | 0.0500 | 0.4121   | 0.0693   | 862     | 0.9641  | 53.3  | PASS
AndBox-HC                | 0.3228 | 0.0425 | 0.3121 | 0.0500 | 0.2887   | 0.0623   | 862     | 0.0001  | 54.0  | PASS
PCAWhitenedCosine        | 0.5291 | 0.0535 | 0.5185 | 0.0500 | 0.4347   | 0.0752   | 862     | 0.9900  | 58.8  | FAIL
Vec (Wgt)                | 0.4992 | 0.0528 | 0.4960 | 0.0500 | 0.4477   | 0.0826   | 862     | 0.9515  | 58.4  | FAIL
Log Reg                  | 0.2551 | 0.0543 | 0.2500 | 0.0500 | 0.2289   | 0.0675   | 862     | 0.5096  | 76.9  | FAIL
LDA                      | 0.4795 | 0.0386 | 0.4871 | 0.0500 | 0.3951   | 0.0614   | 862     | 4.6758  | 64.6  | PASS
Tiny MLP                 | 0.4591 | 0.0394 | 0.4548 | 0.0500 | 0.3894   | 0.0598   | 862     | 0.9237  | 275.5 | PASS
MultiProtoCosine         | 0.0937 | 0.0425 | 0.0871 | 0.0500 | 0.0746   | 0.0409   | 862     | 0.9228  | 78.4  | PASS
WeightedEnsemble         | 0.5496 | 0.0559 | 0.5476 | 0.0500 | 0.4557   | 0.0784   | 862     | 0.9208  | 325.1 | FAIL
XGBoost                  | 0.4874 | 0.0488 | 0.4823 | 0.0500 | 0.4373   | 0.0757   | 862     | 0.7184  | 77.3  | PASS
LDA1+LogReg              | 0.2559 | 0.0535 | 0.2500 | 0.0500 | 0.2308   | 0.0673   | 862     | 0.5096  | 67.7  | FAIL
PCA16+LogReg             | 0.2646 | 0.0543 | 0.2589 | 0.0500 | 0.2354   | 0.0681   | 862     | 0.5093  | 69.8  | FAIL
PCA32+LogReg             | 0.2551 | 0.0528 | 0.2524 | 0.0500 | 0.2339   | 0.0671   | 862     | 0.5093  | 72.0  | FAIL
PCA16+VecWeighted        | 0.2496 | 0.0520 | 0.2460 | 0.0500 | 0.2074   | 0.0638   | 862     | 0.0207  | 67.4  | FAIL
PCA32+VecWeighted        | 0.1961 | 0.0512 | 0.2153 | 0.0500 | 0.1597   | 0.0573   | 862     | 0.0272  | 73.1  | FAIL
StabilizedWhitenedCosine | 0.5346 | 0.0543 | 0.5250 | 0.0500 | 0.4503   | 0.0775   | 862     | 0.9124  | 69.0  | FAIL

[trial=29 seed=74] GLOBAL mode — total_samples=200000
  total: h0=82063 h1=15019
  pooled_train:  n0=1000 n1=1000
  pooled_calib:  n0=1240 n1=1240
  pooled_eval:   n0=1270 n1=1270
  regions (for macro stats only): 1103
[INFO] Cosine baseline routed to direct Hadamard sum (PrecomputedCosine)
[INFO] WeightedEnsemble Cosine judge routed to direct Hadamard sum
  [Ensemble] Judges routed to 'alt' input: PrecomputedCosine
[WeightedEnsemble] Fitted weights (alpha=0.0500, external calib):
  tau=0.8912, Pooled external calib: TPR=0.5766, FPR=0.0500
  PrecomputedCosine   : +0.4364
  PCAWhitenedCosine   : +0.0571
  XGBoost             : +0.1048
  Tiny MLP            : +0.3819
  LDA                 : +0.0199

Method                   | TPR    | FPR    | TrTPR  | TrFPR  | MacroTPR | MacroFPR | Regions | TauMean | ms    | OK? 
---------------------------------------------------------------------------------------------------------------------
Cosine                   | 0.4748 | 0.0472 | 0.4847 | 0.0500 | 0.4510   | 0.0701   | 858     | 0.9562  | 73.4  | PASS
AndBox-HC                | 0.4496 | 0.0402 | 0.4597 | 0.0500 | 0.4361   | 0.0594   | 858     | 0.0000  | 47.2  | PASS
PCAWhitenedCosine        | 0.5181 | 0.0465 | 0.5306 | 0.0500 | 0.4408   | 0.0674   | 858     | 0.9538  | 58.6  | PASS
Vec (Wgt)                | 0.4921 | 0.0488 | 0.5145 | 0.0500 | 0.4554   | 0.0733   | 858     | 0.9482  | 58.7  | PASS
Log Reg                  | 0.2717 | 0.0677 | 0.2790 | 0.0500 | 0.2371   | 0.0878   | 858     | 0.5086  | 72.1  | FAIL
LDA                      | 0.5228 | 0.0441 | 0.5089 | 0.0500 | 0.4351   | 0.0664   | 858     | 4.1139  | 62.1  | PASS
Tiny MLP                 | 0.5228 | 0.0480 | 0.5347 | 0.0500 | 0.4282   | 0.0741   | 858     | 0.8801  | 233.3 | PASS
MultiProtoCosine         | 0.1039 | 0.0669 | 0.1121 | 0.0500 | 0.0825   | 0.0713   | 858     | 0.9223  | 82.1  | FAIL
WeightedEnsemble         | 0.5835 | 0.0472 | 0.5766 | 0.0500 | 0.5125   | 0.0737   | 858     | 0.8912  | 301.2 | PASS
XGBoost                  | 0.5150 | 0.0488 | 0.5258 | 0.0492 | 0.4773   | 0.0690   | 858     | 0.6828  | 77.7  | PASS
LDA1+LogReg              | 0.2724 | 0.0685 | 0.2798 | 0.0500 | 0.2380   | 0.0895   | 858     | 0.5086  | 68.4  | FAIL
PCA16+LogReg             | 0.2646 | 0.0654 | 0.2718 | 0.0492 | 0.2276   | 0.0851   | 858     | 0.5086  | 72.5  | FAIL
PCA32+LogReg             | 0.2827 | 0.0654 | 0.2863 | 0.0500 | 0.2413   | 0.0865   | 858     | 0.5084  | 74.2  | FAIL
PCA16+VecWeighted        | 0.2055 | 0.0614 | 0.2282 | 0.0500 | 0.1734   | 0.0819   | 858     | 0.0231  | 70.3  | FAIL
PCA32+VecWeighted        | 0.1772 | 0.0685 | 0.1815 | 0.0500 | 0.1715   | 0.0837   | 858     | 0.0243  | 71.6  | FAIL
StabilizedWhitenedCosine | 0.4764 | 0.0402 | 0.4960 | 0.0500 | 0.4052   | 0.0617   | 858     | 0.9872  | 68.9  | PASS

[trial=30 seed=75] GLOBAL mode — total_samples=200000
  total: h0=82063 h1=15019
  pooled_train:  n0=1000 n1=1000
  pooled_calib:  n0=1240 n1=1240
  pooled_eval:   n0=1270 n1=1270
  regions (for macro stats only): 1103
[INFO] Cosine baseline routed to direct Hadamard sum (PrecomputedCosine)
[INFO] WeightedEnsemble Cosine judge routed to direct Hadamard sum
  [Ensemble] Judges routed to 'alt' input: PrecomputedCosine
[WeightedEnsemble] Fitted weights (alpha=0.0500, external calib):
  tau=0.8932, Pooled external calib: TPR=0.5968, FPR=0.0500
  PrecomputedCosine   : +0.5316
  PCAWhitenedCosine   : +0.2031
  XGBoost             : +0.0553
  Tiny MLP            : +0.1785
  LDA                 : +0.0315

Method                   | TPR    | FPR    | TrTPR  | TrFPR  | MacroTPR | MacroFPR | Regions | TauMean | ms    | OK? 
---------------------------------------------------------------------------------------------------------------------
Cosine                   | 0.4740 | 0.0472 | 0.4669 | 0.0500 | 0.4342   | 0.0693   | 838     | 0.9584  | 80.4  | PASS
AndBox-HC                | 0.4307 | 0.0449 | 0.4363 | 0.0500 | 0.3841   | 0.0655   | 838     | 0.0000  | 44.3  | PASS
PCAWhitenedCosine        | 0.5386 | 0.0472 | 0.5290 | 0.0500 | 0.4489   | 0.0749   | 838     | 0.8739  | 58.0  | PASS
Vec (Wgt)                | 0.5039 | 0.0465 | 0.5056 | 0.0500 | 0.4577   | 0.0687   | 838     | 0.9471  | 58.4  | PASS
Log Reg                  | 0.2559 | 0.0378 | 0.2685 | 0.0500 | 0.2177   | 0.0561   | 838     | 0.5083  | 74.8  | PASS
LDA                      | 0.5315 | 0.0425 | 0.5177 | 0.0500 | 0.4352   | 0.0684   | 838     | 3.5421  | 64.6  | PASS
Tiny MLP                 | 0.5504 | 0.0512 | 0.5524 | 0.0500 | 0.4523   | 0.0791   | 838     | 0.8574  | 243.9 | FAIL
MultiProtoCosine         | 0.0835 | 0.0378 | 0.0887 | 0.0500 | 0.0637   | 0.0379   | 838     | 0.9223  | 81.3  | PASS
WeightedEnsemble         | 0.5890 | 0.0496 | 0.5968 | 0.0500 | 0.4988   | 0.0748   | 838     | 0.8932  | 296.8 | PASS
XGBoost                  | 0.4882 | 0.0378 | 0.4758 | 0.0500 | 0.4233   | 0.0550   | 838     | 0.7056  | 79.5  | PASS
LDA1+LogReg              | 0.2567 | 0.0378 | 0.2685 | 0.0500 | 0.2181   | 0.0561   | 838     | 0.5082  | 68.1  | PASS
PCA16+LogReg             | 0.2504 | 0.0362 | 0.2661 | 0.0500 | 0.2125   | 0.0528   | 838     | 0.5081  | 71.9  | PASS
PCA32+LogReg             | 0.2622 | 0.0354 | 0.2750 | 0.0500 | 0.2238   | 0.0539   | 838     | 0.5079  | 74.0  | PASS
PCA16+VecWeighted        | 0.1094 | 0.0433 | 0.1145 | 0.0500 | 0.1086   | 0.0404   | 838     | 0.0288  | 70.2  | PASS
PCA32+VecWeighted        | 0.0598 | 0.0480 | 0.0694 | 0.0500 | 0.0624   | 0.0520   | 838     | 0.0354  | 70.9  | PASS
StabilizedWhitenedCosine | 0.5732 | 0.0504 | 0.5508 | 0.0500 | 0.4839   | 0.0792   | 838     | 0.7642  | 68.6  | FAIL

[trial=31 seed=76] GLOBAL mode — total_samples=200000
  total: h0=82063 h1=15019
  pooled_train:  n0=1000 n1=1000
  pooled_calib:  n0=1240 n1=1240
  pooled_eval:   n0=1270 n1=1270
  regions (for macro stats only): 1103
[INFO] Cosine baseline routed to direct Hadamard sum (PrecomputedCosine)
[INFO] WeightedEnsemble Cosine judge routed to direct Hadamard sum
  [Ensemble] Judges routed to 'alt' input: PrecomputedCosine
[WeightedEnsemble] Fitted weights (alpha=0.0500, external calib):
  tau=0.8528, Pooled external calib: TPR=0.5806, FPR=0.0500
  PrecomputedCosine   : +0.2610
  PCAWhitenedCosine   : +0.2348
  XGBoost             : +0.2127
  Tiny MLP            : +0.2846
  LDA                 : +0.0070

Method                   | TPR    | FPR    | TrTPR  | TrFPR  | MacroTPR | MacroFPR | Regions | TauMean | ms    | OK? 
---------------------------------------------------------------------------------------------------------------------
Cosine                   | 0.4732 | 0.0496 | 0.4911 | 0.0500 | 0.4316   | 0.0752   | 852     | 0.9528  | 82.5  | PASS
AndBox-HC                | 0.4646 | 0.0528 | 0.4653 | 0.0500 | 0.4036   | 0.0725   | 852     | 0.0000  | 42.1  | FAIL
PCAWhitenedCosine        | 0.5528 | 0.0488 | 0.5605 | 0.0500 | 0.4548   | 0.0780   | 852     | 0.9464  | 57.9  | PASS
Vec (Wgt)                | 0.4898 | 0.0496 | 0.5153 | 0.0500 | 0.4322   | 0.0761   | 852     | 0.9427  | 58.4  | PASS
Log Reg                  | 0.2567 | 0.0504 | 0.2556 | 0.0500 | 0.2164   | 0.0733   | 852     | 0.5092  | 76.5  | FAIL
LDA                      | 0.5063 | 0.0520 | 0.5145 | 0.0500 | 0.4207   | 0.0760   | 852     | 4.7883  | 62.9  | FAIL
Tiny MLP                 | 0.5465 | 0.0575 | 0.5589 | 0.0500 | 0.4490   | 0.0906   | 852     | 0.8686  | 242.6 | FAIL
MultiProtoCosine         | 0.0764 | 0.0496 | 0.0718 | 0.0500 | 0.0661   | 0.0499   | 852     | 0.9232  | 78.4  | PASS
WeightedEnsemble         | 0.5661 | 0.0528 | 0.5806 | 0.0500 | 0.4741   | 0.0860   | 852     | 0.8528  | 298.4 | FAIL
XGBoost                  | 0.5165 | 0.0488 | 0.5565 | 0.0500 | 0.4497   | 0.0781   | 852     | 0.6819  | 77.7  | PASS
LDA1+LogReg              | 0.2567 | 0.0504 | 0.2556 | 0.0500 | 0.2164   | 0.0733   | 852     | 0.5091  | 67.6  | FAIL
PCA16+LogReg             | 0.2693 | 0.0520 | 0.2694 | 0.0500 | 0.2188   | 0.0730   | 852     | 0.5087  | 70.5  | FAIL
PCA32+LogReg             | 0.2661 | 0.0520 | 0.2669 | 0.0500 | 0.2186   | 0.0758   | 852     | 0.5087  | 72.7  | FAIL
PCA16+VecWeighted        | 0.1535 | 0.0528 | 0.1411 | 0.0500 | 0.1415   | 0.0555   | 852     | 0.0281  | 68.3  | FAIL
PCA32+VecWeighted        | 0.1535 | 0.0457 | 0.1419 | 0.0500 | 0.1383   | 0.0539   | 852     | 0.0316  | 69.8  | PASS
StabilizedWhitenedCosine | 0.5504 | 0.0472 | 0.5565 | 0.0500 | 0.4531   | 0.0767   | 852     | 0.9225  | 69.7  | PASS

[trial=32 seed=77] GLOBAL mode — total_samples=200000
  total: h0=82063 h1=15019
  pooled_train:  n0=1000 n1=1000
  pooled_calib:  n0=1240 n1=1240
  pooled_eval:   n0=1270 n1=1270
  regions (for macro stats only): 1103
[INFO] Cosine baseline routed to direct Hadamard sum (PrecomputedCosine)
[INFO] WeightedEnsemble Cosine judge routed to direct Hadamard sum
  [Ensemble] Judges routed to 'alt' input: PrecomputedCosine
[WeightedEnsemble] Fitted weights (alpha=0.0500, external calib):
  tau=0.8958, Pooled external calib: TPR=0.5387, FPR=0.0500
  PrecomputedCosine   : +0.0000
  PCAWhitenedCosine   : +1.0000
  XGBoost             : +0.0000
  Tiny MLP            : +0.0000
  LDA                 : +0.0000

Method                   | TPR    | FPR    | TrTPR  | TrFPR  | MacroTPR | MacroFPR | Regions | TauMean | ms    | OK? 
---------------------------------------------------------------------------------------------------------------------
Cosine                   | 0.4929 | 0.0528 | 0.4734 | 0.0500 | 0.4584   | 0.0814   | 851     | 0.9505  | 78.8  | FAIL
AndBox-HC                | 0.4315 | 0.0441 | 0.4210 | 0.0500 | 0.4106   | 0.0697   | 851     | 0.0000  | 44.4  | PASS
PCAWhitenedCosine        | 0.5472 | 0.0543 | 0.5387 | 0.0500 | 0.4508   | 0.0788   | 851     | 0.8958  | 58.1  | FAIL
Vec (Wgt)                | 0.5402 | 0.0559 | 0.5194 | 0.0500 | 0.4935   | 0.0863   | 851     | 0.9314  | 58.7  | FAIL
Log Reg                  | 0.2866 | 0.0551 | 0.2645 | 0.0500 | 0.2333   | 0.0733   | 851     | 0.5072  | 75.9  | FAIL
LDA                      | 0.4984 | 0.0457 | 0.4605 | 0.0500 | 0.3751   | 0.0641   | 851     | 4.3604  | 65.1  | PASS
Tiny MLP                 | 0.5276 | 0.0520 | 0.4855 | 0.0500 | 0.4092   | 0.0790   | 851     | 0.8979  | 274.6 | FAIL
MultiProtoCosine         | 0.0717 | 0.0433 | 0.0960 | 0.0500 | 0.0686   | 0.0520   | 851     | 0.9227  | 79.8  | PASS
WeightedEnsemble         | 0.5472 | 0.0543 | 0.5387 | 0.0500 | 0.4508   | 0.0788   | 851     | 0.8958  | 332.9 | FAIL
XGBoost                  | 0.5260 | 0.0496 | 0.5040 | 0.0500 | 0.4596   | 0.0715   | 851     | 0.6892  | 77.1  | PASS
LDA1+LogReg              | 0.2898 | 0.0551 | 0.2645 | 0.0500 | 0.2346   | 0.0733   | 851     | 0.5071  | 67.7  | FAIL
PCA16+LogReg             | 0.2969 | 0.0512 | 0.2758 | 0.0500 | 0.2449   | 0.0682   | 851     | 0.5070  | 70.8  | FAIL
PCA32+LogReg             | 0.2945 | 0.0535 | 0.2710 | 0.0500 | 0.2463   | 0.0739   | 851     | 0.5069  | 73.5  | FAIL
PCA16+VecWeighted        | 0.2559 | 0.0551 | 0.2524 | 0.0500 | 0.2210   | 0.0740   | 851     | 0.0218  | 69.9  | FAIL
PCA32+VecWeighted        | 0.2126 | 0.0488 | 0.1960 | 0.0500 | 0.1848   | 0.0711   | 851     | 0.0281  | 73.3  | PASS
StabilizedWhitenedCosine | 0.5583 | 0.0520 | 0.5476 | 0.0500 | 0.4685   | 0.0826   | 851     | 0.8306  | 68.4  | FAIL

[trial=33 seed=78] GLOBAL mode — total_samples=200000
  total: h0=82063 h1=15019
  pooled_train:  n0=1000 n1=1000
  pooled_calib:  n0=1240 n1=1240
  pooled_eval:   n0=1270 n1=1270
  regions (for macro stats only): 1103
[INFO] Cosine baseline routed to direct Hadamard sum (PrecomputedCosine)
[INFO] WeightedEnsemble Cosine judge routed to direct Hadamard sum
  [Ensemble] Judges routed to 'alt' input: PrecomputedCosine
[WeightedEnsemble] Fitted weights (alpha=0.0500, external calib):
  tau=1.2198, Pooled external calib: TPR=0.5395, FPR=0.0500
  PrecomputedCosine   : +0.1270
  PCAWhitenedCosine   : +0.4131
  XGBoost             : +0.2315
  Tiny MLP            : +0.0777
  LDA                 : +0.1507

Method                   | TPR    | FPR    | TrTPR  | TrFPR  | MacroTPR | MacroFPR | Regions | TauMean | ms    | OK? 
---------------------------------------------------------------------------------------------------------------------
Cosine                   | 0.4165 | 0.0339 | 0.4210 | 0.0500 | 0.3816   | 0.0471   | 870     | 0.9730  | 78.8  | PASS
AndBox-HC                | 0.3417 | 0.0433 | 0.3427 | 0.0500 | 0.3127   | 0.0614   | 870     | 0.0000  | 44.1  | PASS
PCAWhitenedCosine        | 0.5228 | 0.0488 | 0.4968 | 0.0500 | 0.4282   | 0.0674   | 870     | 0.9782  | 57.8  | PASS
Vec (Wgt)                | 0.4535 | 0.0425 | 0.4726 | 0.0500 | 0.4124   | 0.0628   | 870     | 0.9573  | 58.6  | PASS
Log Reg                  | 0.2362 | 0.0512 | 0.2347 | 0.0500 | 0.2053   | 0.0687   | 870     | 0.5083  | 76.5  | FAIL
LDA                      | 0.5031 | 0.0409 | 0.4685 | 0.0500 | 0.4102   | 0.0582   | 870     | 4.3564  | 65.3  | PASS
Tiny MLP                 | 0.5307 | 0.0417 | 0.4952 | 0.0500 | 0.4330   | 0.0597   | 870     | 0.8626  | 243.1 | PASS
MultiProtoCosine         | 0.0787 | 0.0543 | 0.0984 | 0.0500 | 0.0661   | 0.0670   | 870     | 0.9221  | 77.0  | FAIL
WeightedEnsemble         | 0.5646 | 0.0465 | 0.5395 | 0.0500 | 0.4629   | 0.0643   | 870     | 1.2198  | 294.5 | PASS
XGBoost                  | 0.4433 | 0.0449 | 0.4742 | 0.0500 | 0.3917   | 0.0631   | 870     | 0.7293  | 77.4  | PASS
LDA1+LogReg              | 0.2370 | 0.0520 | 0.2355 | 0.0500 | 0.2072   | 0.0705   | 870     | 0.5081  | 69.8  | FAIL
PCA16+LogReg             | 0.2441 | 0.0520 | 0.2444 | 0.0500 | 0.2110   | 0.0701   | 870     | 0.5078  | 73.1  | FAIL
PCA32+LogReg             | 0.2386 | 0.0512 | 0.2403 | 0.0500 | 0.2066   | 0.0699   | 870     | 0.5079  | 73.6  | FAIL
PCA16+VecWeighted        | 0.0906 | 0.0496 | 0.0911 | 0.0500 | 0.0866   | 0.0573   | 870     | 0.0317  | 70.1  | PASS
PCA32+VecWeighted        | 0.0945 | 0.0614 | 0.0879 | 0.0500 | 0.0834   | 0.0652   | 870     | 0.0352  | 71.5  | FAIL
StabilizedWhitenedCosine | 0.4984 | 0.0409 | 0.4935 | 0.0500 | 0.4173   | 0.0619   | 870     | 0.9919  | 67.4  | PASS

[trial=34 seed=79] GLOBAL mode — total_samples=200000
  total: h0=82063 h1=15019
  pooled_train:  n0=1000 n1=1000
  pooled_calib:  n0=1240 n1=1240
  pooled_eval:   n0=1270 n1=1270
  regions (for macro stats only): 1103
[INFO] Cosine baseline routed to direct Hadamard sum (PrecomputedCosine)
[INFO] WeightedEnsemble Cosine judge routed to direct Hadamard sum
  [Ensemble] Judges routed to 'alt' input: PrecomputedCosine
[WeightedEnsemble] Fitted weights (alpha=0.0500, external calib):
  tau=0.9843, Pooled external calib: TPR=0.5492, FPR=0.0500
  PrecomputedCosine   : +0.0119
  PCAWhitenedCosine   : +0.6928
  XGBoost             : +0.0859
  Tiny MLP            : +0.1783
  LDA                 : +0.0311

Method                   | TPR    | FPR    | TrTPR  | TrFPR  | MacroTPR | MacroFPR | Regions | TauMean | ms    | OK? 
---------------------------------------------------------------------------------------------------------------------
Cosine                   | 0.4669 | 0.0606 | 0.4411 | 0.0500 | 0.4268   | 0.0785   | 852     | 0.9589  | 74.7  | FAIL
AndBox-HC                | 0.4386 | 0.0543 | 0.4282 | 0.0500 | 0.4016   | 0.0703   | 852     | 0.0000  | 46.1  | FAIL
PCAWhitenedCosine        | 0.5244 | 0.0535 | 0.5177 | 0.0500 | 0.4323   | 0.0689   | 852     | 1.0083  | 58.5  | FAIL
Vec (Wgt)                | 0.5244 | 0.0677 | 0.4919 | 0.0500 | 0.4781   | 0.0880   | 852     | 0.9365  | 59.0  | FAIL
Log Reg                  | 0.2055 | 0.0472 | 0.1976 | 0.0500 | 0.1890   | 0.0615   | 852     | 0.5099  | 75.8  | PASS
LDA                      | 0.5055 | 0.0512 | 0.4871 | 0.0500 | 0.4046   | 0.0688   | 852     | 4.2277  | 65.3  | FAIL
Tiny MLP                 | 0.5008 | 0.0346 | 0.4863 | 0.0500 | 0.4073   | 0.0517   | 852     | 0.8855  | 236.1 | PASS
MultiProtoCosine         | 0.0795 | 0.0504 | 0.0855 | 0.0500 | 0.0695   | 0.0580   | 852     | 0.9243  | 76.0  | FAIL
WeightedEnsemble         | 0.5520 | 0.0504 | 0.5492 | 0.0500 | 0.4603   | 0.0643   | 852     | 0.9843  | 296.8 | FAIL
XGBoost                  | 0.5118 | 0.0528 | 0.4726 | 0.0500 | 0.4419   | 0.0709   | 852     | 0.7024  | 76.7  | FAIL
LDA1+LogReg              | 0.2055 | 0.0480 | 0.1984 | 0.0500 | 0.1890   | 0.0619   | 852     | 0.5098  | 65.4  | PASS
PCA16+LogReg             | 0.1984 | 0.0528 | 0.1935 | 0.0500 | 0.1809   | 0.0650   | 852     | 0.5096  | 66.7  | FAIL
PCA32+LogReg             | 0.2181 | 0.0512 | 0.2113 | 0.0500 | 0.1938   | 0.0649   | 852     | 0.5094  | 68.0  | FAIL
PCA16+VecWeighted        | 0.1394 | 0.0504 | 0.1629 | 0.0500 | 0.1107   | 0.0669   | 852     | 0.0282  | 66.7  | FAIL
PCA32+VecWeighted        | 0.1205 | 0.0512 | 0.1347 | 0.0500 | 0.1070   | 0.0602   | 852     | 0.0322  | 69.3  | FAIL
StabilizedWhitenedCosine | 0.5228 | 0.0465 | 0.5000 | 0.0500 | 0.4357   | 0.0608   | 852     | 1.0057  | 68.6  | PASS

[trial=35 seed=80] GLOBAL mode — total_samples=200000
  total: h0=82063 h1=15019
  pooled_train:  n0=1000 n1=1000
  pooled_calib:  n0=1240 n1=1240
  pooled_eval:   n0=1270 n1=1270
  regions (for macro stats only): 1103
[INFO] Cosine baseline routed to direct Hadamard sum (PrecomputedCosine)
[INFO] WeightedEnsemble Cosine judge routed to direct Hadamard sum
  [Ensemble] Judges routed to 'alt' input: PrecomputedCosine
[WeightedEnsemble] Fitted weights (alpha=0.0500, external calib):
  tau=0.8374, Pooled external calib: TPR=0.5597, FPR=0.0500
  PrecomputedCosine   : +0.1369
  PCAWhitenedCosine   : +0.3322
  XGBoost             : +0.4468
  Tiny MLP            : +0.0732
  LDA                 : +0.0110

Method                   | TPR    | FPR    | TrTPR  | TrFPR  | MacroTPR | MacroFPR | Regions | TauMean | ms    | OK? 
---------------------------------------------------------------------------------------------------------------------
Cosine                   | 0.4480 | 0.0528 | 0.4589 | 0.0500 | 0.4026   | 0.0801   | 868     | 0.9622  | 93.1  | FAIL
AndBox-HC                | 0.4063 | 0.0575 | 0.4210 | 0.0500 | 0.3633   | 0.0826   | 868     | 0.0001  | 37.6  | FAIL
PCAWhitenedCosine        | 0.5197 | 0.0488 | 0.5137 | 0.0500 | 0.4213   | 0.0697   | 868     | 1.0508  | 57.1  | PASS
Vec (Wgt)                | 0.4811 | 0.0496 | 0.4855 | 0.0500 | 0.4177   | 0.0767   | 868     | 0.9475  | 59.9  | PASS
Log Reg                  | 0.2606 | 0.0480 | 0.2774 | 0.0500 | 0.2149   | 0.0587   | 868     | 0.5081  | 76.9  | PASS
LDA                      | 0.5283 | 0.0614 | 0.5202 | 0.0500 | 0.4167   | 0.0911   | 868     | 4.6408  | 66.0  | FAIL
Tiny MLP                 | 0.4953 | 0.0528 | 0.5008 | 0.0500 | 0.4013   | 0.0745   | 868     | 0.9142  | 246.9 | FAIL
MultiProtoCosine         | 0.0850 | 0.0559 | 0.1048 | 0.0500 | 0.0596   | 0.0576   | 868     | 0.9207  | 82.2  | FAIL
WeightedEnsemble         | 0.5512 | 0.0551 | 0.5597 | 0.0500 | 0.4549   | 0.0779   | 868     | 0.8374  | 300.8 | FAIL
XGBoost                  | 0.4874 | 0.0528 | 0.4847 | 0.0500 | 0.4158   | 0.0801   | 868     | 0.7242  | 77.5  | FAIL
LDA1+LogReg              | 0.2606 | 0.0480 | 0.2774 | 0.0500 | 0.2149   | 0.0587   | 868     | 0.5080  | 68.9  | PASS
PCA16+LogReg             | 0.2598 | 0.0457 | 0.2750 | 0.0500 | 0.2143   | 0.0556   | 868     | 0.5080  | 75.9  | PASS
PCA32+LogReg             | 0.2677 | 0.0496 | 0.2790 | 0.0500 | 0.2209   | 0.0599   | 868     | 0.5078  | 77.2  | PASS
PCA16+VecWeighted        | 0.1622 | 0.0551 | 0.1879 | 0.0500 | 0.1461   | 0.0566   | 868     | 0.0259  | 71.4  | FAIL
PCA32+VecWeighted        | 0.1535 | 0.0504 | 0.1903 | 0.0500 | 0.1303   | 0.0571   | 868     | 0.0317  | 73.5  | FAIL
StabilizedWhitenedCosine | 0.5118 | 0.0496 | 0.4944 | 0.0500 | 0.4075   | 0.0690   | 868     | 1.0376  | 71.2  | PASS

[trial=36 seed=81] GLOBAL mode — total_samples=200000
  total: h0=82063 h1=15019
  pooled_train:  n0=1000 n1=1000
  pooled_calib:  n0=1240 n1=1240
  pooled_eval:   n0=1270 n1=1270
  regions (for macro stats only): 1103
[INFO] Cosine baseline routed to direct Hadamard sum (PrecomputedCosine)
[INFO] WeightedEnsemble Cosine judge routed to direct Hadamard sum
  [Ensemble] Judges routed to 'alt' input: PrecomputedCosine
[WeightedEnsemble] Fitted weights (alpha=0.0500, external calib):
  tau=0.8845, Pooled external calib: TPR=0.5742, FPR=0.0500
  PrecomputedCosine   : +0.0477
  PCAWhitenedCosine   : +0.4884
  XGBoost             : +0.3290
  Tiny MLP            : +0.0838
  LDA                 : +0.0511

Method                   | TPR    | FPR    | TrTPR  | TrFPR  | MacroTPR | MacroFPR | Regions | TauMean | ms    | OK? 
---------------------------------------------------------------------------------------------------------------------
Cosine                   | 0.4874 | 0.0677 | 0.4677 | 0.0500 | 0.4415   | 0.0865   | 863     | 0.9465  | 72.9  | FAIL
AndBox-HC                | 0.4646 | 0.0630 | 0.4315 | 0.0500 | 0.4253   | 0.0791   | 863     | 0.0000  | 46.1  | FAIL
PCAWhitenedCosine        | 0.5583 | 0.0496 | 0.5250 | 0.0500 | 0.4549   | 0.0674   | 863     | 0.9394  | 59.1  | PASS
Vec (Wgt)                | 0.5378 | 0.0622 | 0.5065 | 0.0500 | 0.4832   | 0.0840   | 863     | 0.9312  | 59.2  | FAIL
Log Reg                  | 0.2819 | 0.0575 | 0.2573 | 0.0500 | 0.2370   | 0.0740   | 863     | 0.5078  | 75.9  | FAIL
LDA                      | 0.5213 | 0.0465 | 0.4831 | 0.0500 | 0.4310   | 0.0686   | 863     | 4.2709  | 65.8  | PASS
Tiny MLP                 | 0.5213 | 0.0465 | 0.4911 | 0.0500 | 0.4239   | 0.0702   | 863     | 0.8925  | 247.2 | PASS
MultiProtoCosine         | 0.0969 | 0.0528 | 0.0895 | 0.0500 | 0.0874   | 0.0573   | 863     | 0.9221  | 78.7  | FAIL
WeightedEnsemble         | 0.5937 | 0.0598 | 0.5742 | 0.0500 | 0.4944   | 0.0819   | 863     | 0.8845  | 299.0 | FAIL
XGBoost                  | 0.5331 | 0.0709 | 0.4944 | 0.0500 | 0.4652   | 0.0926   | 863     | 0.6907  | 77.8  | FAIL
LDA1+LogReg              | 0.2819 | 0.0567 | 0.2565 | 0.0500 | 0.2370   | 0.0723   | 863     | 0.5078  | 70.3  | FAIL
PCA16+LogReg             | 0.2772 | 0.0575 | 0.2492 | 0.0500 | 0.2292   | 0.0735   | 863     | 0.5077  | 72.6  | FAIL
PCA32+LogReg             | 0.2953 | 0.0598 | 0.2605 | 0.0500 | 0.2419   | 0.0761   | 863     | 0.5074  | 75.9  | FAIL
PCA16+VecWeighted        | 0.1598 | 0.0669 | 0.1565 | 0.0500 | 0.1376   | 0.0784   | 863     | 0.0264  | 70.4  | FAIL
PCA32+VecWeighted        | 0.1409 | 0.0614 | 0.1315 | 0.0500 | 0.1266   | 0.0721   | 863     | 0.0302  | 72.0  | FAIL
StabilizedWhitenedCosine | 0.5598 | 0.0488 | 0.5379 | 0.0500 | 0.4603   | 0.0678   | 863     | 0.8949  | 70.5  | PASS

[trial=37 seed=82] GLOBAL mode — total_samples=200000
  total: h0=82063 h1=15019
  pooled_train:  n0=1000 n1=1000
  pooled_calib:  n0=1240 n1=1240
  pooled_eval:   n0=1270 n1=1270
  regions (for macro stats only): 1103
[INFO] Cosine baseline routed to direct Hadamard sum (PrecomputedCosine)
[INFO] WeightedEnsemble Cosine judge routed to direct Hadamard sum
  [Ensemble] Judges routed to 'alt' input: PrecomputedCosine
[WeightedEnsemble] Fitted weights (alpha=0.0500, external calib):
  tau=0.8615, Pooled external calib: TPR=0.5847, FPR=0.0500
  PrecomputedCosine   : +0.4364
  PCAWhitenedCosine   : +0.0571
  XGBoost             : +0.1048
  Tiny MLP            : +0.3819
  LDA                 : +0.0199

Method                   | TPR    | FPR    | TrTPR  | TrFPR  | MacroTPR | MacroFPR | Regions | TauMean | ms    | OK? 
---------------------------------------------------------------------------------------------------------------------
Cosine                   | 0.4701 | 0.0496 | 0.4750 | 0.0500 | 0.4355   | 0.0686   | 859     | 0.9530  | 105.2 | PASS
AndBox-HC                | 0.3780 | 0.0480 | 0.3815 | 0.0500 | 0.3509   | 0.0657   | 859     | -0.0000 | 36.3  | PASS
PCAWhitenedCosine        | 0.5630 | 0.0457 | 0.5468 | 0.0500 | 0.4558   | 0.0630   | 859     | 0.8187  | 58.3  | PASS
Vec (Wgt)                | 0.4992 | 0.0441 | 0.5129 | 0.0500 | 0.4572   | 0.0668   | 859     | 0.9401  | 58.7  | PASS
Log Reg                  | 0.2220 | 0.0520 | 0.2476 | 0.0500 | 0.2076   | 0.0691   | 859     | 0.5091  | 73.5  | FAIL
LDA                      | 0.5118 | 0.0409 | 0.5056 | 0.0500 | 0.4144   | 0.0513   | 859     | 3.7405  | 62.6  | PASS
Tiny MLP                 | 0.5315 | 0.0449 | 0.5323 | 0.0500 | 0.4231   | 0.0589   | 859     | 0.8290  | 257.6 | PASS
MultiProtoCosine         | 0.0740 | 0.0433 | 0.0855 | 0.0500 | 0.0671   | 0.0516   | 859     | 0.9232  | 81.3  | PASS
WeightedEnsemble         | 0.5764 | 0.0425 | 0.5847 | 0.0500 | 0.4787   | 0.0626   | 859     | 0.8615  | 311.8 | PASS
XGBoost                  | 0.5165 | 0.0488 | 0.5274 | 0.0500 | 0.4539   | 0.0694   | 859     | 0.6741  | 78.0  | PASS
LDA1+LogReg              | 0.2236 | 0.0520 | 0.2484 | 0.0500 | 0.2105   | 0.0691   | 859     | 0.5090  | 67.8  | FAIL
PCA16+LogReg             | 0.2276 | 0.0512 | 0.2460 | 0.0500 | 0.2128   | 0.0666   | 859     | 0.5087  | 72.6  | FAIL
PCA32+LogReg             | 0.2228 | 0.0512 | 0.2427 | 0.0500 | 0.2105   | 0.0682   | 859     | 0.5088  | 75.0  | FAIL
PCA16+VecWeighted        | 0.1803 | 0.0535 | 0.1976 | 0.0500 | 0.1768   | 0.0674   | 859     | 0.0243  | 70.7  | FAIL
PCA32+VecWeighted        | 0.1646 | 0.0496 | 0.1782 | 0.0500 | 0.1487   | 0.0610   | 859     | 0.0256  | 73.8  | PASS
StabilizedWhitenedCosine | 0.5402 | 0.0425 | 0.5371 | 0.0500 | 0.4371   | 0.0618   | 859     | 0.8831  | 68.8  | PASS

[trial=38 seed=83] GLOBAL mode — total_samples=200000
  total: h0=82063 h1=15019
  pooled_train:  n0=1000 n1=1000
  pooled_calib:  n0=1240 n1=1240
  pooled_eval:   n0=1270 n1=1270
  regions (for macro stats only): 1103
[INFO] Cosine baseline routed to direct Hadamard sum (PrecomputedCosine)
[INFO] WeightedEnsemble Cosine judge routed to direct Hadamard sum
  [Ensemble] Judges routed to 'alt' input: PrecomputedCosine
[WeightedEnsemble] Fitted weights (alpha=0.0500, external calib):
  tau=0.7753, Pooled external calib: TPR=0.6056, FPR=0.0500
  PrecomputedCosine   : +0.3209
  PCAWhitenedCosine   : +0.3118
  XGBoost             : +0.3183
  Tiny MLP            : +0.0373
  LDA                 : +0.0115

Method                   | TPR    | FPR    | TrTPR  | TrFPR  | MacroTPR | MacroFPR | Regions | TauMean | ms    | OK? 
---------------------------------------------------------------------------------------------------------------------
Cosine                   | 0.5000 | 0.0528 | 0.4903 | 0.0500 | 0.4637   | 0.0794   | 868     | 0.9483  | 91.9  | FAIL
AndBox-HC                | 0.4764 | 0.0654 | 0.4750 | 0.0500 | 0.4474   | 0.0927   | 868     | -0.0000 | 38.4  | FAIL
PCAWhitenedCosine        | 0.5787 | 0.0693 | 0.5782 | 0.0500 | 0.5054   | 0.0955   | 868     | 0.7336  | 58.2  | FAIL
Vec (Wgt)                | 0.5378 | 0.0551 | 0.5266 | 0.0500 | 0.4974   | 0.0853   | 868     | 0.9279  | 58.5  | FAIL
Log Reg                  | 0.2197 | 0.0402 | 0.1935 | 0.0500 | 0.1960   | 0.0601   | 868     | 0.5102  | 74.0  | PASS
LDA                      | 0.5346 | 0.0543 | 0.5339 | 0.0500 | 0.4436   | 0.0824   | 868     | 3.6276  | 64.7  | FAIL
Tiny MLP                 | 0.5181 | 0.0457 | 0.5129 | 0.0500 | 0.4419   | 0.0762   | 868     | 0.8966  | 294.6 | PASS
MultiProtoCosine         | 0.0583 | 0.0315 | 0.0605 | 0.0500 | 0.0439   | 0.0309   | 868     | 0.9265  | 78.1  | PASS
WeightedEnsemble         | 0.6165 | 0.0646 | 0.6056 | 0.0500 | 0.5364   | 0.0971   | 868     | 0.7753  | 346.1 | FAIL
XGBoost                  | 0.5614 | 0.0520 | 0.5484 | 0.0500 | 0.4998   | 0.0743   | 868     | 0.6679  | 76.4  | FAIL
LDA1+LogReg              | 0.2213 | 0.0402 | 0.1960 | 0.0500 | 0.1966   | 0.0601   | 868     | 0.5101  | 67.1  | PASS
PCA16+LogReg             | 0.2165 | 0.0394 | 0.1952 | 0.0500 | 0.1833   | 0.0593   | 868     | 0.5100  | 72.0  | PASS
PCA32+LogReg             | 0.2236 | 0.0394 | 0.1984 | 0.0500 | 0.1961   | 0.0593   | 868     | 0.5098  | 73.5  | PASS
PCA16+VecWeighted        | 0.1866 | 0.0441 | 0.1581 | 0.0500 | 0.1523   | 0.0495   | 868     | 0.0251  | 69.3  | PASS
PCA32+VecWeighted        | 0.1724 | 0.0425 | 0.1766 | 0.0500 | 0.1542   | 0.0502   | 868     | 0.0300  | 71.0  | PASS
StabilizedWhitenedCosine | 0.5835 | 0.0646 | 0.5774 | 0.0500 | 0.5000   | 0.0891   | 868     | 0.7584  | 68.9  | FAIL

[trial=39 seed=84] GLOBAL mode — total_samples=200000
  total: h0=82063 h1=15019
  pooled_train:  n0=1000 n1=1000
  pooled_calib:  n0=1240 n1=1240
  pooled_eval:   n0=1270 n1=1270
  regions (for macro stats only): 1103
[INFO] Cosine baseline routed to direct Hadamard sum (PrecomputedCosine)
[INFO] WeightedEnsemble Cosine judge routed to direct Hadamard sum
  [Ensemble] Judges routed to 'alt' input: PrecomputedCosine
[WeightedEnsemble] Fitted weights (alpha=0.0500, external calib):
  tau=0.7588, Pooled external calib: TPR=0.5839, FPR=0.0500
  PrecomputedCosine   : +0.1369
  PCAWhitenedCosine   : +0.3322
  XGBoost             : +0.4468
  Tiny MLP            : +0.0732
  LDA                 : +0.0110

Method                   | TPR    | FPR    | TrTPR  | TrFPR  | MacroTPR | MacroFPR | Regions | TauMean | ms    | OK? 
---------------------------------------------------------------------------------------------------------------------
Cosine                   | 0.5110 | 0.0622 | 0.4976 | 0.0500 | 0.4838   | 0.0852   | 872     | 0.9394  | 61.9  | FAIL
AndBox-HC                | 0.4480 | 0.0614 | 0.4242 | 0.0500 | 0.4252   | 0.0764   | 872     | -0.0000 | 53.0  | FAIL
PCAWhitenedCosine        | 0.5504 | 0.0409 | 0.5435 | 0.0500 | 0.4654   | 0.0584   | 872     | 0.9183  | 60.3  | PASS
Vec (Wgt)                | 0.5220 | 0.0488 | 0.5169 | 0.0500 | 0.4907   | 0.0727   | 872     | 0.9361  | 60.6  | PASS
Log Reg                  | 0.2079 | 0.0394 | 0.2089 | 0.0500 | 0.1912   | 0.0614   | 872     | 0.5099  | 76.9  | PASS
LDA                      | 0.5157 | 0.0551 | 0.5105 | 0.0500 | 0.4205   | 0.0706   | 872     | 3.8947  | 65.9  | FAIL
Tiny MLP                 | 0.5094 | 0.0528 | 0.4903 | 0.0500 | 0.4321   | 0.0674   | 872     | 0.8972  | 276.0 | FAIL
MultiProtoCosine         | 0.0654 | 0.0409 | 0.0645 | 0.0500 | 0.0552   | 0.0414   | 872     | 0.9245  | 82.5  | PASS
WeightedEnsemble         | 0.5969 | 0.0504 | 0.5839 | 0.0500 | 0.5181   | 0.0715   | 872     | 0.7588  | 326.7 | FAIL
XGBoost                  | 0.5220 | 0.0512 | 0.5169 | 0.0500 | 0.4779   | 0.0672   | 872     | 0.6833  | 78.5  | FAIL
LDA1+LogReg              | 0.2094 | 0.0394 | 0.2089 | 0.0500 | 0.1925   | 0.0614   | 872     | 0.5098  | 69.8  | PASS
PCA16+LogReg             | 0.2236 | 0.0433 | 0.2153 | 0.0500 | 0.2050   | 0.0681   | 872     | 0.5093  | 74.3  | PASS
PCA32+LogReg             | 0.2220 | 0.0433 | 0.2153 | 0.0500 | 0.2027   | 0.0670   | 872     | 0.5094  | 76.0  | PASS
PCA16+VecWeighted        | 0.1819 | 0.0409 | 0.1669 | 0.0500 | 0.1593   | 0.0517   | 872     | 0.0263  | 71.0  | PASS
PCA32+VecWeighted        | 0.1701 | 0.0457 | 0.1613 | 0.0500 | 0.1523   | 0.0590   | 872     | 0.0294  | 74.8  | PASS
StabilizedWhitenedCosine | 0.5772 | 0.0488 | 0.5613 | 0.0500 | 0.5009   | 0.0720   | 872     | 0.8077  | 69.8  | PASS

[trial=40 seed=85] GLOBAL mode — total_samples=200000
  total: h0=82063 h1=15019
  pooled_train:  n0=1000 n1=1000
  pooled_calib:  n0=1240 n1=1240
  pooled_eval:   n0=1270 n1=1270
  regions (for macro stats only): 1103
[INFO] Cosine baseline routed to direct Hadamard sum (PrecomputedCosine)
[INFO] WeightedEnsemble Cosine judge routed to direct Hadamard sum
  [Ensemble] Judges routed to 'alt' input: PrecomputedCosine
[WeightedEnsemble] Fitted weights (alpha=0.0500, external calib):
  tau=0.8739, Pooled external calib: TPR=0.6065, FPR=0.0500
  PrecomputedCosine   : +0.0656
  PCAWhitenedCosine   : +0.4602
  XGBoost             : +0.1200
  Tiny MLP            : +0.2889
  LDA                 : +0.0653

Method                   | TPR    | FPR    | TrTPR  | TrFPR  | MacroTPR | MacroFPR | Regions | TauMean | ms    | OK? 
---------------------------------------------------------------------------------------------------------------------
Cosine                   | 0.4669 | 0.0409 | 0.4621 | 0.0500 | 0.4101   | 0.0570   | 844     | 0.9630  | 59.7  | PASS
AndBox-HC                | 0.4094 | 0.0488 | 0.4065 | 0.0500 | 0.3806   | 0.0680   | 844     | 0.0000  | 51.6  | PASS
PCAWhitenedCosine        | 0.5661 | 0.0488 | 0.5726 | 0.0500 | 0.4766   | 0.0738   | 844     | 0.8032  | 57.1  | PASS
Vec (Wgt)                | 0.5000 | 0.0402 | 0.5065 | 0.0500 | 0.4364   | 0.0578   | 844     | 0.9428  | 57.6  | PASS
Log Reg                  | 0.2472 | 0.0441 | 0.2315 | 0.0500 | 0.2120   | 0.0605   | 844     | 0.5077  | 72.5  | PASS
LDA                      | 0.5512 | 0.0606 | 0.5613 | 0.0500 | 0.4535   | 0.0862   | 844     | 3.1581  | 61.2  | FAIL
Tiny MLP                 | 0.5638 | 0.0520 | 0.5790 | 0.0500 | 0.4822   | 0.0746   | 844     | 0.7971  | 232.8 | FAIL
MultiProtoCosine         | 0.0669 | 0.0496 | 0.0734 | 0.0500 | 0.0655   | 0.0575   | 844     | 0.9229  | 80.0  | PASS
WeightedEnsemble         | 0.6055 | 0.0496 | 0.6065 | 0.0500 | 0.5117   | 0.0741   | 844     | 0.8739  | 295.0 | PASS
XGBoost                  | 0.4969 | 0.0457 | 0.5169 | 0.0500 | 0.4400   | 0.0645   | 844     | 0.6995  | 78.1  | PASS
LDA1+LogReg              | 0.2457 | 0.0441 | 0.2315 | 0.0500 | 0.2114   | 0.0605   | 844     | 0.5077  | 67.3  | PASS
PCA16+LogReg             | 0.2567 | 0.0465 | 0.2395 | 0.0500 | 0.2192   | 0.0642   | 844     | 0.5075  | 72.2  | PASS
PCA32+LogReg             | 0.2457 | 0.0441 | 0.2306 | 0.0500 | 0.2137   | 0.0617   | 844     | 0.5076  | 73.9  | PASS
PCA16+VecWeighted        | 0.1094 | 0.0441 | 0.1024 | 0.0500 | 0.1072   | 0.0484   | 844     | 0.0291  | 68.8  | PASS
PCA32+VecWeighted        | 0.1220 | 0.0488 | 0.1242 | 0.0500 | 0.1194   | 0.0548   | 844     | 0.0296  | 70.5  | PASS
StabilizedWhitenedCosine | 0.5693 | 0.0504 | 0.5847 | 0.0500 | 0.4878   | 0.0749   | 844     | 0.8156  | 67.0  | FAIL

[trial=41 seed=86] GLOBAL mode — total_samples=200000
  total: h0=82063 h1=15019
  pooled_train:  n0=1000 n1=1000
  pooled_calib:  n0=1240 n1=1240
  pooled_eval:   n0=1270 n1=1270
  regions (for macro stats only): 1103
[INFO] Cosine baseline routed to direct Hadamard sum (PrecomputedCosine)
[INFO] WeightedEnsemble Cosine judge routed to direct Hadamard sum
  [Ensemble] Judges routed to 'alt' input: PrecomputedCosine
[WeightedEnsemble] Fitted weights (alpha=0.0500, external calib):
  tau=0.9828, Pooled external calib: TPR=0.5444, FPR=0.0500
  PrecomputedCosine   : +0.5316
  PCAWhitenedCosine   : +0.2031
  XGBoost             : +0.0553
  Tiny MLP            : +0.1785
  LDA                 : +0.0315

Method                   | TPR    | FPR    | TrTPR  | TrFPR  | MacroTPR | MacroFPR | Regions | TauMean | ms    | OK? 
---------------------------------------------------------------------------------------------------------------------
Cosine                   | 0.4512 | 0.0409 | 0.4677 | 0.0500 | 0.4218   | 0.0623   | 848     | 0.9619  | 72.6  | PASS
AndBox-HC                | 0.3717 | 0.0354 | 0.3879 | 0.0500 | 0.3489   | 0.0544   | 848     | 0.0000  | 46.4  | PASS
PCAWhitenedCosine        | 0.4693 | 0.0402 | 0.5040 | 0.0500 | 0.4076   | 0.0630   | 848     | 1.0193  | 57.7  | PASS
Vec (Wgt)                | 0.4992 | 0.0433 | 0.4992 | 0.0500 | 0.4611   | 0.0735   | 848     | 0.9430  | 57.0  | PASS
Log Reg                  | 0.2118 | 0.0291 | 0.2226 | 0.0500 | 0.1736   | 0.0433   | 848     | 0.5093  | 72.2  | PASS
LDA                      | 0.4756 | 0.0378 | 0.4839 | 0.0500 | 0.4080   | 0.0590   | 848     | 4.3033  | 63.6  | PASS
Tiny MLP                 | 0.4890 | 0.0441 | 0.5040 | 0.0500 | 0.4214   | 0.0694   | 848     | 0.8794  | 254.0 | PASS
MultiProtoCosine         | 0.0953 | 0.0370 | 0.0895 | 0.0500 | 0.0808   | 0.0457   | 848     | 0.9215  | 75.8  | PASS
WeightedEnsemble         | 0.5220 | 0.0433 | 0.5444 | 0.0500 | 0.4543   | 0.0720   | 848     | 0.9828  | 302.6 | PASS
XGBoost                  | 0.4669 | 0.0354 | 0.4992 | 0.0500 | 0.4293   | 0.0555   | 848     | 0.7224  | 77.1  | PASS
LDA1+LogReg              | 0.2142 | 0.0291 | 0.2258 | 0.0500 | 0.1756   | 0.0433   | 848     | 0.5092  | 67.4  | PASS
PCA16+LogReg             | 0.2236 | 0.0307 | 0.2347 | 0.0500 | 0.1796   | 0.0460   | 848     | 0.5088  | 70.8  | PASS
PCA32+LogReg             | 0.2307 | 0.0299 | 0.2395 | 0.0500 | 0.1853   | 0.0451   | 848     | 0.5087  | 71.6  | PASS
PCA16+VecWeighted        | 0.1244 | 0.0409 | 0.1258 | 0.0500 | 0.1030   | 0.0253   | 848     | 0.0326  | 67.8  | PASS
PCA32+VecWeighted        | 0.1142 | 0.0362 | 0.1161 | 0.0492 | 0.1045   | 0.0286   | 848     | 0.0358  | 69.2  | PASS
StabilizedWhitenedCosine | 0.4945 | 0.0528 | 0.5274 | 0.0500 | 0.4261   | 0.0800   | 848     | 0.9450  | 68.3  | FAIL

[trial=42 seed=87] GLOBAL mode — total_samples=200000
  total: h0=82063 h1=15019
  pooled_train:  n0=1000 n1=1000
  pooled_calib:  n0=1240 n1=1240
  pooled_eval:   n0=1270 n1=1270
  regions (for macro stats only): 1103
[INFO] Cosine baseline routed to direct Hadamard sum (PrecomputedCosine)
[INFO] WeightedEnsemble Cosine judge routed to direct Hadamard sum
  [Ensemble] Judges routed to 'alt' input: PrecomputedCosine
[WeightedEnsemble] Fitted weights (alpha=0.0500, external calib):
  tau=0.8694, Pooled external calib: TPR=0.5621, FPR=0.0500
  PrecomputedCosine   : +0.0000
  PCAWhitenedCosine   : +0.0000
  XGBoost             : +0.0000
  Tiny MLP            : +1.0000
  LDA                 : +0.0000

Method                   | TPR    | FPR    | TrTPR  | TrFPR  | MacroTPR | MacroFPR | Regions | TauMean | ms    | OK? 
---------------------------------------------------------------------------------------------------------------------
Cosine                   | 0.4976 | 0.0512 | 0.4855 | 0.0500 | 0.4417   | 0.0737   | 858     | 0.9466  | 60.3  | FAIL
AndBox-HC                | 0.5102 | 0.0535 | 0.4952 | 0.0500 | 0.4582   | 0.0754   | 858     | 0.0000  | 50.9  | FAIL
PCAWhitenedCosine        | 0.5441 | 0.0535 | 0.5290 | 0.0468 | 0.4292   | 0.0704   | 858     | 0.9738  | 58.7  | FAIL
Vec (Wgt)                | 0.5260 | 0.0535 | 0.5218 | 0.0500 | 0.4648   | 0.0795   | 858     | 0.9319  | 60.3  | FAIL
Log Reg                  | 0.2449 | 0.0567 | 0.2444 | 0.0500 | 0.2081   | 0.0728   | 858     | 0.5094  | 77.7  | FAIL
LDA                      | 0.5181 | 0.0520 | 0.4750 | 0.0500 | 0.4208   | 0.0722   | 858     | 4.3035  | 64.8  | FAIL
Tiny MLP                 | 0.5858 | 0.0622 | 0.5621 | 0.0500 | 0.4832   | 0.0863   | 858     | 0.8694  | 246.6 | FAIL
MultiProtoCosine         | 0.1055 | 0.0472 | 0.0927 | 0.0500 | 0.0751   | 0.0461   | 858     | 0.9219  | 78.4  | PASS
WeightedEnsemble         | 0.5858 | 0.0622 | 0.5621 | 0.0500 | 0.4832   | 0.0863   | 858     | 0.8694  | 297.7 | FAIL
XGBoost                  | 0.4929 | 0.0449 | 0.4702 | 0.0500 | 0.4179   | 0.0639   | 858     | 0.7137  | 79.3  | PASS
LDA1+LogReg              | 0.2457 | 0.0567 | 0.2444 | 0.0500 | 0.2100   | 0.0728   | 858     | 0.5094  | 69.2  | FAIL
PCA16+LogReg             | 0.2480 | 0.0575 | 0.2411 | 0.0500 | 0.2118   | 0.0733   | 858     | 0.5092  | 70.4  | FAIL
PCA32+LogReg             | 0.2480 | 0.0567 | 0.2460 | 0.0500 | 0.2148   | 0.0728   | 858     | 0.5092  | 73.8  | FAIL
PCA16+VecWeighted        | 0.0984 | 0.0512 | 0.1016 | 0.0500 | 0.0759   | 0.0570   | 858     | 0.0277  | 69.3  | FAIL
PCA32+VecWeighted        | 0.0827 | 0.0520 | 0.0694 | 0.0500 | 0.0694   | 0.0474   | 858     | 0.0357  | 70.3  | FAIL
StabilizedWhitenedCosine | 0.5614 | 0.0551 | 0.5452 | 0.0500 | 0.4523   | 0.0801   | 858     | 0.8896  | 69.9  | FAIL

[trial=43 seed=88] GLOBAL mode — total_samples=200000
  total: h0=82063 h1=15019
  pooled_train:  n0=1000 n1=1000
  pooled_calib:  n0=1240 n1=1240
  pooled_eval:   n0=1270 n1=1270
  regions (for macro stats only): 1103
[INFO] Cosine baseline routed to direct Hadamard sum (PrecomputedCosine)
[INFO] WeightedEnsemble Cosine judge routed to direct Hadamard sum
  [Ensemble] Judges routed to 'alt' input: PrecomputedCosine
[WeightedEnsemble] Fitted weights (alpha=0.0500, external calib):
  tau=0.9924, Pooled external calib: TPR=0.5694, FPR=0.0500
  PrecomputedCosine   : +0.0656
  PCAWhitenedCosine   : +0.4602
  XGBoost             : +0.1200
  Tiny MLP            : +0.2889
  LDA                 : +0.0653

Method                   | TPR    | FPR    | TrTPR  | TrFPR  | MacroTPR | MacroFPR | Regions | TauMean | ms    | OK? 
---------------------------------------------------------------------------------------------------------------------
Cosine                   | 0.4661 | 0.0425 | 0.4766 | 0.0500 | 0.4264   | 0.0698   | 856     | 0.9555  | 60.3  | PASS
AndBox-HC                | 0.4386 | 0.0362 | 0.4548 | 0.0500 | 0.3870   | 0.0565   | 856     | 0.0000  | 58.9  | PASS
PCAWhitenedCosine        | 0.5472 | 0.0394 | 0.5468 | 0.0500 | 0.4470   | 0.0623   | 856     | 0.9556  | 56.0  | PASS
Vec (Wgt)                | 0.5047 | 0.0433 | 0.5210 | 0.0500 | 0.4480   | 0.0723   | 856     | 0.9388  | 55.6  | PASS
Log Reg                  | 0.1961 | 0.0339 | 0.1984 | 0.0500 | 0.1724   | 0.0581   | 856     | 0.5107  | 72.7  | PASS
LDA                      | 0.4961 | 0.0370 | 0.5121 | 0.0500 | 0.4002   | 0.0593   | 856     | 4.3497  | 64.1  | PASS
Tiny MLP                 | 0.5283 | 0.0402 | 0.5266 | 0.0500 | 0.4325   | 0.0625   | 856     | 0.8737  | 241.9 | PASS
MultiProtoCosine         | 0.0976 | 0.0362 | 0.0911 | 0.0500 | 0.0848   | 0.0433   | 856     | 0.9216  | 80.3  | PASS
WeightedEnsemble         | 0.5819 | 0.0465 | 0.5694 | 0.0500 | 0.4770   | 0.0716   | 856     | 0.9924  | 291.4 | PASS
XGBoost                  | 0.4929 | 0.0386 | 0.5073 | 0.0500 | 0.4417   | 0.0582   | 856     | 0.7108  | 76.4  | PASS
LDA1+LogReg              | 0.1969 | 0.0339 | 0.1984 | 0.0500 | 0.1728   | 0.0581   | 856     | 0.5106  | 66.0  | PASS
PCA16+LogReg             | 0.1961 | 0.0339 | 0.1960 | 0.0500 | 0.1745   | 0.0579   | 856     | 0.5103  | 70.3  | PASS
PCA32+LogReg             | 0.1984 | 0.0346 | 0.2024 | 0.0500 | 0.1757   | 0.0594   | 856     | 0.5102  | 71.6  | PASS
PCA16+VecWeighted        | 0.2346 | 0.0417 | 0.2508 | 0.0500 | 0.1936   | 0.0657   | 856     | 0.0222  | 64.3  | PASS
PCA32+VecWeighted        | 0.1654 | 0.0583 | 0.1629 | 0.0500 | 0.1362   | 0.0412   | 856     | 0.0302  | 64.7  | FAIL
StabilizedWhitenedCosine | 0.5189 | 0.0378 | 0.5145 | 0.0500 | 0.4297   | 0.0535   | 856     | 0.9542  | 64.2  | PASS

[trial=44 seed=89] GLOBAL mode — total_samples=200000
  total: h0=82063 h1=15019
  pooled_train:  n0=1000 n1=1000
  pooled_calib:  n0=1240 n1=1240
  pooled_eval:   n0=1270 n1=1270
  regions (for macro stats only): 1103
[INFO] Cosine baseline routed to direct Hadamard sum (PrecomputedCosine)
[INFO] WeightedEnsemble Cosine judge routed to direct Hadamard sum
  [Ensemble] Judges routed to 'alt' input: PrecomputedCosine
[WeightedEnsemble] Fitted weights (alpha=0.0500, external calib):
  tau=1.1206, Pooled external calib: TPR=0.5952, FPR=0.0500
  PrecomputedCosine   : +0.1270
  PCAWhitenedCosine   : +0.4131
  XGBoost             : +0.2315
  Tiny MLP            : +0.0777
  LDA                 : +0.1507

Method                   | TPR    | FPR    | TrTPR  | TrFPR  | MacroTPR | MacroFPR | Regions | TauMean | ms    | OK? 
---------------------------------------------------------------------------------------------------------------------
Cosine                   | 0.4984 | 0.0591 | 0.4661 | 0.0500 | 0.4570   | 0.0830   | 856     | 0.9517  | 93.6  | FAIL
AndBox-HC                | 0.4709 | 0.0614 | 0.4444 | 0.0500 | 0.4350   | 0.0853   | 856     | 0.0000  | 40.3  | FAIL
PCAWhitenedCosine        | 0.5598 | 0.0661 | 0.5565 | 0.0500 | 0.4537   | 0.0977   | 856     | 0.9096  | 58.6  | FAIL
Vec (Wgt)                | 0.5291 | 0.0598 | 0.5056 | 0.0500 | 0.4801   | 0.0879   | 856     | 0.9319  | 55.6  | FAIL
Log Reg                  | 0.2488 | 0.0567 | 0.2403 | 0.0500 | 0.2145   | 0.0766   | 856     | 0.5094  | 70.4  | FAIL
LDA                      | 0.5417 | 0.0591 | 0.5452 | 0.0492 | 0.4448   | 0.0835   | 856     | 4.0453  | 61.3  | FAIL
Tiny MLP                 | 0.5945 | 0.0630 | 0.5790 | 0.0500 | 0.4942   | 0.0923   | 856     | 0.8264  | 234.5 | FAIL
MultiProtoCosine         | 0.0874 | 0.0480 | 0.0831 | 0.0500 | 0.0669   | 0.0544   | 856     | 0.9224  | 78.2  | PASS
WeightedEnsemble         | 0.6126 | 0.0677 | 0.5952 | 0.0500 | 0.5129   | 0.0961   | 856     | 1.1206  | 297.2 | FAIL
XGBoost                  | 0.5402 | 0.0528 | 0.5266 | 0.0500 | 0.4689   | 0.0808   | 856     | 0.6918  | 79.3  | FAIL
LDA1+LogReg              | 0.2504 | 0.0559 | 0.2419 | 0.0500 | 0.2164   | 0.0762   | 856     | 0.5093  | 67.7  | FAIL
PCA16+LogReg             | 0.2472 | 0.0535 | 0.2323 | 0.0500 | 0.2131   | 0.0741   | 856     | 0.5092  | 69.8  | FAIL
PCA32+LogReg             | 0.2543 | 0.0551 | 0.2444 | 0.0500 | 0.2190   | 0.0759   | 856     | 0.5091  | 72.7  | FAIL
PCA16+VecWeighted        | 0.1291 | 0.0488 | 0.1185 | 0.0500 | 0.1187   | 0.0482   | 856     | 0.0292  | 69.2  | PASS
PCA32+VecWeighted        | 0.1402 | 0.0512 | 0.1444 | 0.0500 | 0.1324   | 0.0584   | 856     | 0.0301  | 67.2  | FAIL
StabilizedWhitenedCosine | 0.5244 | 0.0528 | 0.5242 | 0.0500 | 0.4269   | 0.0790   | 856     | 0.9247  | 68.0  | FAIL

[trial=45 seed=90] GLOBAL mode — total_samples=200000
  total: h0=82063 h1=15019
  pooled_train:  n0=1000 n1=1000
  pooled_calib:  n0=1240 n1=1240
  pooled_eval:   n0=1270 n1=1270
  regions (for macro stats only): 1103
[INFO] Cosine baseline routed to direct Hadamard sum (PrecomputedCosine)
[INFO] WeightedEnsemble Cosine judge routed to direct Hadamard sum
  [Ensemble] Judges routed to 'alt' input: PrecomputedCosine
[WeightedEnsemble] Fitted weights (alpha=0.0500, external calib):
  tau=0.9657, Pooled external calib: TPR=0.5290, FPR=0.0500
  PrecomputedCosine   : +0.1924
  PCAWhitenedCosine   : +0.3042
  XGBoost             : +0.0704
  Tiny MLP            : +0.4126
  LDA                 : +0.0204

Method                   | TPR    | FPR    | TrTPR  | TrFPR  | MacroTPR | MacroFPR | Regions | TauMean | ms    | OK? 
---------------------------------------------------------------------------------------------------------------------
Cosine                   | 0.4339 | 0.0378 | 0.4282 | 0.0500 | 0.3959   | 0.0608   | 870     | 0.9701  | 82.1  | PASS
AndBox-HC                | 0.3472 | 0.0370 | 0.3532 | 0.0500 | 0.3145   | 0.0593   | 870     | 0.0001  | 42.4  | PASS
PCAWhitenedCosine        | 0.4787 | 0.0370 | 0.4895 | 0.0500 | 0.4033   | 0.0590   | 870     | 1.1023  | 59.3  | PASS
Vec (Wgt)                | 0.4496 | 0.0433 | 0.4492 | 0.0500 | 0.4085   | 0.0691   | 870     | 0.9632  | 59.7  | PASS
Log Reg                  | 0.2331 | 0.0457 | 0.2145 | 0.0500 | 0.2220   | 0.0646   | 870     | 0.5091  | 76.2  | PASS
LDA                      | 0.4654 | 0.0425 | 0.4371 | 0.0500 | 0.3742   | 0.0689   | 870     | 4.7862  | 65.7  | PASS
Tiny MLP                 | 0.4669 | 0.0480 | 0.4597 | 0.0500 | 0.3782   | 0.0688   | 870     | 0.9226  | 246.2 | PASS
MultiProtoCosine         | 0.0874 | 0.0630 | 0.0911 | 0.0500 | 0.0906   | 0.0669   | 870     | 0.9212  | 81.3  | FAIL
WeightedEnsemble         | 0.5283 | 0.0449 | 0.5290 | 0.0500 | 0.4478   | 0.0664   | 870     | 0.9657  | 298.6 | PASS
XGBoost                  | 0.4551 | 0.0465 | 0.4476 | 0.0500 | 0.4217   | 0.0748   | 870     | 0.7328  | 77.2  | PASS
LDA1+LogReg              | 0.2370 | 0.0457 | 0.2161 | 0.0500 | 0.2239   | 0.0646   | 870     | 0.5090  | 69.3  | PASS
PCA16+LogReg             | 0.2362 | 0.0488 | 0.2266 | 0.0500 | 0.2234   | 0.0680   | 870     | 0.5086  | 70.4  | PASS
PCA32+LogReg             | 0.2417 | 0.0480 | 0.2274 | 0.0500 | 0.2290   | 0.0689   | 870     | 0.5086  | 75.5  | PASS
PCA16+VecWeighted        | 0.0583 | 0.0488 | 0.0524 | 0.0500 | 0.0552   | 0.0543   | 870     | 0.0338  | 66.6  | PASS
PCA32+VecWeighted        | 0.0394 | 0.0654 | 0.0387 | 0.0500 | 0.0390   | 0.0463   | 870     | 0.0406  | 65.9  | FAIL
StabilizedWhitenedCosine | 0.4795 | 0.0402 | 0.4815 | 0.0500 | 0.4085   | 0.0611   | 870     | 1.0448  | 65.7  | PASS

[trial=46 seed=91] GLOBAL mode — total_samples=200000
  total: h0=82063 h1=15019
  pooled_train:  n0=1000 n1=1000
  pooled_calib:  n0=1240 n1=1240
  pooled_eval:   n0=1270 n1=1270
  regions (for macro stats only): 1103
[INFO] Cosine baseline routed to direct Hadamard sum (PrecomputedCosine)
[INFO] WeightedEnsemble Cosine judge routed to direct Hadamard sum
  [Ensemble] Judges routed to 'alt' input: PrecomputedCosine
[WeightedEnsemble] Fitted weights (alpha=0.0500, external calib):
  tau=0.7539, Pooled external calib: TPR=0.6129, FPR=0.0500
  PrecomputedCosine   : +0.1369
  PCAWhitenedCosine   : +0.3322
  XGBoost             : +0.4468
  Tiny MLP            : +0.0732
  LDA                 : +0.0110

Method                   | TPR    | FPR    | TrTPR  | TrFPR  | MacroTPR | MacroFPR | Regions | TauMean | ms    | OK? 
---------------------------------------------------------------------------------------------------------------------
Cosine                   | 0.4331 | 0.0433 | 0.4742 | 0.0500 | 0.3982   | 0.0611   | 856     | 0.9641  | 60.0  | PASS
AndBox-HC                | 0.3465 | 0.0409 | 0.3911 | 0.0500 | 0.3216   | 0.0538   | 856     | 0.0000  | 59.4  | PASS
PCAWhitenedCosine        | 0.5268 | 0.0457 | 0.5411 | 0.0500 | 0.4256   | 0.0647   | 856     | 0.9863  | 54.9  | PASS
Vec (Wgt)                | 0.4787 | 0.0425 | 0.5081 | 0.0500 | 0.4308   | 0.0652   | 856     | 0.9481  | 54.8  | PASS
Log Reg                  | 0.2764 | 0.0496 | 0.3210 | 0.0500 | 0.2343   | 0.0683   | 856     | 0.5065  | 69.6  | PASS
LDA                      | 0.5417 | 0.0457 | 0.5500 | 0.0500 | 0.4494   | 0.0652   | 856     | 3.8472  | 61.1  | PASS
Tiny MLP                 | 0.5575 | 0.0528 | 0.5677 | 0.0500 | 0.4617   | 0.0717   | 856     | 0.8637  | 243.3 | FAIL
MultiProtoCosine         | 0.0567 | 0.0394 | 0.0685 | 0.0500 | 0.0490   | 0.0442   | 856     | 0.9241  | 82.2  | PASS
WeightedEnsemble         | 0.5866 | 0.0535 | 0.6129 | 0.0500 | 0.4882   | 0.0763   | 856     | 0.7539  | 296.6 | FAIL
XGBoost                  | 0.4780 | 0.0425 | 0.5137 | 0.0500 | 0.4244   | 0.0569   | 856     | 0.7062  | 76.9  | PASS
LDA1+LogReg              | 0.2772 | 0.0496 | 0.3210 | 0.0500 | 0.2345   | 0.0683   | 856     | 0.5064  | 69.8  | PASS
PCA16+LogReg             | 0.2850 | 0.0528 | 0.3274 | 0.0500 | 0.2391   | 0.0714   | 856     | 0.5061  | 72.1  | FAIL
PCA32+LogReg             | 0.2795 | 0.0512 | 0.3226 | 0.0500 | 0.2378   | 0.0697   | 856     | 0.5062  | 75.5  | FAIL
PCA16+VecWeighted        | 0.1260 | 0.0535 | 0.1411 | 0.0500 | 0.1183   | 0.0645   | 856     | 0.0313  | 65.5  | FAIL
PCA32+VecWeighted        | 0.1205 | 0.0480 | 0.1379 | 0.0500 | 0.1082   | 0.0625   | 856     | 0.0342  | 65.9  | PASS
StabilizedWhitenedCosine | 0.5402 | 0.0441 | 0.5565 | 0.0492 | 0.4490   | 0.0684   | 856     | 0.8502  | 65.9  | PASS

[trial=47 seed=92] GLOBAL mode — total_samples=200000
  total: h0=82063 h1=15019
  pooled_train:  n0=1000 n1=1000
  pooled_calib:  n0=1240 n1=1240
  pooled_eval:   n0=1270 n1=1270
  regions (for macro stats only): 1103
[INFO] Cosine baseline routed to direct Hadamard sum (PrecomputedCosine)
[INFO] WeightedEnsemble Cosine judge routed to direct Hadamard sum
  [Ensemble] Judges routed to 'alt' input: PrecomputedCosine
[WeightedEnsemble] Fitted weights (alpha=0.0500, external calib):
  tau=0.9974, Pooled external calib: TPR=0.5806, FPR=0.0500
  PrecomputedCosine   : +0.6579
  PCAWhitenedCosine   : +0.1446
  XGBoost             : +0.0673
  Tiny MLP            : +0.0713
  LDA                 : +0.0589

Method                   | TPR    | FPR    | TrTPR  | TrFPR  | MacroTPR | MacroFPR | Regions | TauMean | ms    | OK? 
---------------------------------------------------------------------------------------------------------------------
Cosine                   | 0.4299 | 0.0480 | 0.4145 | 0.0500 | 0.4066   | 0.0712   | 872     | 0.9684  | 60.2  | PASS
AndBox-HC                | 0.4055 | 0.0567 | 0.4048 | 0.0500 | 0.3896   | 0.0787   | 872     | 0.0000  | 53.8  | FAIL
PCAWhitenedCosine        | 0.5346 | 0.0488 | 0.5137 | 0.0500 | 0.4484   | 0.0808   | 872     | 0.9406  | 59.7  | PASS
Vec (Wgt)                | 0.4906 | 0.0543 | 0.4831 | 0.0492 | 0.4527   | 0.0841   | 872     | 0.9505  | 60.2  | FAIL
Log Reg                  | 0.2693 | 0.0528 | 0.2621 | 0.0500 | 0.2297   | 0.0800   | 872     | 0.5086  | 77.7  | FAIL
LDA                      | 0.5433 | 0.0535 | 0.5161 | 0.0500 | 0.4414   | 0.0818   | 872     | 4.0158  | 65.7  | FAIL
Tiny MLP                 | 0.5433 | 0.0535 | 0.5242 | 0.0500 | 0.4389   | 0.0829   | 872     | 0.8826  | 244.7 | FAIL
MultiProtoCosine         | 0.0787 | 0.0409 | 0.0960 | 0.0500 | 0.0632   | 0.0514   | 872     | 0.9232  | 85.0  | PASS
WeightedEnsemble         | 0.5827 | 0.0567 | 0.5806 | 0.0500 | 0.4944   | 0.0870   | 872     | 0.9974  | 301.1 | FAIL
XGBoost                  | 0.5039 | 0.0543 | 0.4871 | 0.0500 | 0.4464   | 0.0815   | 872     | 0.7114  | 78.6  | FAIL
LDA1+LogReg              | 0.2693 | 0.0528 | 0.2637 | 0.0500 | 0.2297   | 0.0800   | 872     | 0.5085  | 71.2  | FAIL
PCA16+LogReg             | 0.2772 | 0.0551 | 0.2766 | 0.0500 | 0.2369   | 0.0813   | 872     | 0.5084  | 76.7  | FAIL
PCA32+LogReg             | 0.2709 | 0.0535 | 0.2734 | 0.0500 | 0.2298   | 0.0808   | 872     | 0.5083  | 76.5  | FAIL
PCA16+VecWeighted        | 0.3323 | 0.0425 | 0.3177 | 0.0500 | 0.2595   | 0.0628   | 872     | 0.0194  | 67.3  | PASS
PCA32+VecWeighted        | 0.3236 | 0.0543 | 0.2992 | 0.0500 | 0.2636   | 0.0770   | 872     | 0.0208  | 66.1  | FAIL
StabilizedWhitenedCosine | 0.5394 | 0.0504 | 0.5411 | 0.0500 | 0.4472   | 0.0797   | 872     | 0.8821  | 63.8  | FAIL

[trial=48 seed=93] GLOBAL mode — total_samples=200000
  total: h0=82063 h1=15019
  pooled_train:  n0=1000 n1=1000
  pooled_calib:  n0=1240 n1=1240
  pooled_eval:   n0=1270 n1=1270
  regions (for macro stats only): 1103
[INFO] Cosine baseline routed to direct Hadamard sum (PrecomputedCosine)
[INFO] WeightedEnsemble Cosine judge routed to direct Hadamard sum
  [Ensemble] Judges routed to 'alt' input: PrecomputedCosine
[WeightedEnsemble] Fitted weights (alpha=0.0500, external calib):
  tau=0.9034, Pooled external calib: TPR=0.5694, FPR=0.0500
  PrecomputedCosine   : +0.5316
  PCAWhitenedCosine   : +0.2031
  XGBoost             : +0.0553
  Tiny MLP            : +0.1785
  LDA                 : +0.0315

Method                   | TPR    | FPR    | TrTPR  | TrFPR  | MacroTPR | MacroFPR | Regions | TauMean | ms    | OK? 
---------------------------------------------------------------------------------------------------------------------
Cosine                   | 0.4992 | 0.0630 | 0.4871 | 0.0500 | 0.4577   | 0.0918   | 855     | 0.9458  | 104.2 | FAIL
AndBox-HC                | 0.4787 | 0.0591 | 0.4597 | 0.0500 | 0.4601   | 0.0838   | 855     | 0.0000  | 36.0  | FAIL
PCAWhitenedCosine        | 0.5441 | 0.0512 | 0.5298 | 0.0500 | 0.4661   | 0.0744   | 855     | 0.8932  | 58.5  | FAIL
Vec (Wgt)                | 0.5409 | 0.0661 | 0.5242 | 0.0500 | 0.5050   | 0.0982   | 855     | 0.9247  | 60.2  | FAIL
Log Reg                  | 0.2402 | 0.0591 | 0.2274 | 0.0500 | 0.1988   | 0.0772   | 855     | 0.5097  | 76.7  | FAIL
LDA                      | 0.5299 | 0.0528 | 0.5153 | 0.0500 | 0.4288   | 0.0812   | 855     | 3.7203  | 65.7  | FAIL
Tiny MLP                 | 0.5465 | 0.0496 | 0.5105 | 0.0500 | 0.4579   | 0.0770   | 855     | 0.8709  | 258.4 | PASS
MultiProtoCosine         | 0.0953 | 0.0575 | 0.0879 | 0.0500 | 0.0664   | 0.0644   | 855     | 0.9227  | 80.9  | FAIL
WeightedEnsemble         | 0.5969 | 0.0614 | 0.5694 | 0.0500 | 0.5161   | 0.0946   | 855     | 0.9034  | 309.2 | FAIL
XGBoost                  | 0.5323 | 0.0535 | 0.5000 | 0.0500 | 0.4785   | 0.0798   | 855     | 0.6996  | 79.0  | FAIL
LDA1+LogReg              | 0.2402 | 0.0591 | 0.2282 | 0.0500 | 0.1988   | 0.0772   | 855     | 0.5096  | 65.6  | FAIL
PCA16+LogReg             | 0.2441 | 0.0622 | 0.2355 | 0.0500 | 0.2002   | 0.0817   | 855     | 0.5094  | 70.5  | FAIL
PCA32+LogReg             | 0.2488 | 0.0598 | 0.2427 | 0.0500 | 0.2046   | 0.0804   | 855     | 0.5093  | 71.2  | FAIL
PCA16+VecWeighted        | 0.0409 | 0.0417 | 0.0315 | 0.0500 | 0.0478   | 0.0448   | 855     | 0.0331  | 65.8  | PASS
PCA32+VecWeighted        | 0.0362 | 0.0472 | 0.0290 | 0.0500 | 0.0373   | 0.0494   | 855     | 0.0391  | 68.6  | PASS
StabilizedWhitenedCosine | 0.5528 | 0.0551 | 0.5371 | 0.0500 | 0.4738   | 0.0796   | 855     | 0.8411  | 69.0  | FAIL

[trial=49 seed=94] GLOBAL mode — total_samples=200000
  total: h0=82063 h1=15019
  pooled_train:  n0=1000 n1=1000
  pooled_calib:  n0=1240 n1=1240
  pooled_eval:   n0=1270 n1=1270
  regions (for macro stats only): 1103
[INFO] Cosine baseline routed to direct Hadamard sum (PrecomputedCosine)
[INFO] WeightedEnsemble Cosine judge routed to direct Hadamard sum
  [Ensemble] Judges routed to 'alt' input: PrecomputedCosine
[WeightedEnsemble] Fitted weights (alpha=0.0500, external calib):
  tau=1.0105, Pooled external calib: TPR=0.6040, FPR=0.0500
  PrecomputedCosine   : +0.3246
  PCAWhitenedCosine   : +0.1636
  XGBoost             : +0.2291
  Tiny MLP            : +0.2081
  LDA                 : +0.0747

Method                   | TPR    | FPR    | TrTPR  | TrFPR  | MacroTPR | MacroFPR | Regions | TauMean | ms    | OK? 
---------------------------------------------------------------------------------------------------------------------
Cosine                   | 0.4197 | 0.0465 | 0.4266 | 0.0500 | 0.3732   | 0.0721   | 859     | 0.9753  | 103.0 | PASS
AndBox-HC                | 0.3780 | 0.0457 | 0.3984 | 0.0500 | 0.3409   | 0.0655   | 859     | 0.0000  | 35.8  | PASS
PCAWhitenedCosine        | 0.5252 | 0.0457 | 0.5565 | 0.0500 | 0.4345   | 0.0676   | 859     | 0.9591  | 60.2  | PASS
Vec (Wgt)                | 0.4874 | 0.0441 | 0.5056 | 0.0500 | 0.4339   | 0.0712   | 859     | 0.9484  | 58.3  | PASS
Log Reg                  | 0.3031 | 0.0496 | 0.2694 | 0.0500 | 0.2439   | 0.0704   | 859     | 0.5067  | 74.6  | PASS
LDA                      | 0.5394 | 0.0535 | 0.5702 | 0.0500 | 0.4416   | 0.0761   | 859     | 3.8986  | 65.2  | FAIL
Tiny MLP                 | 0.5543 | 0.0480 | 0.5766 | 0.0500 | 0.4508   | 0.0712   | 859     | 0.8526  | 246.5 | PASS
MultiProtoCosine         | 0.1142 | 0.0638 | 0.0976 | 0.0500 | 0.0910   | 0.0721   | 859     | 0.9206  | 80.4  | FAIL
WeightedEnsemble         | 0.5843 | 0.0520 | 0.6040 | 0.0500 | 0.4823   | 0.0787   | 859     | 1.0105  | 294.6 | FAIL
XGBoost                  | 0.4890 | 0.0449 | 0.5153 | 0.0500 | 0.4179   | 0.0680   | 859     | 0.7198  | 76.6  | PASS
LDA1+LogReg              | 0.3094 | 0.0512 | 0.2766 | 0.0500 | 0.2472   | 0.0738   | 859     | 0.5067  | 68.5  | FAIL
PCA16+LogReg             | 0.3126 | 0.0559 | 0.2790 | 0.0500 | 0.2483   | 0.0757   | 859     | 0.5065  | 70.7  | FAIL
PCA32+LogReg             | 0.3016 | 0.0504 | 0.2661 | 0.0500 | 0.2459   | 0.0709   | 859     | 0.5066  | 71.8  | FAIL
PCA16+VecWeighted        | 0.1575 | 0.0559 | 0.1411 | 0.0500 | 0.1155   | 0.0669   | 859     | 0.0265  | 70.0  | FAIL
PCA32+VecWeighted        | 0.0795 | 0.0362 | 0.0798 | 0.0484 | 0.0655   | 0.0285   | 859     | 0.0374  | 72.9  | PASS
StabilizedWhitenedCosine | 0.5063 | 0.0425 | 0.5427 | 0.0500 | 0.4280   | 0.0665   | 859     | 0.9424  | 66.2  | PASS

=== Ranking by mean micro TPR (UNCONSTRAINED) ===
 1. WeightedEnsemble   TPR=0.5735±0.0263 FPR=0.0527±0.0075 [FAIL]
 2. PCAWhitenedCosine  TPR=0.5359±0.0256 FPR=0.0497±0.0076 [PASS]
 3. StabilizedWhitenedCosine TPR=0.5329±0.0307 FPR=0.0490±0.0078 [PASS]
 4. Tiny MLP           TPR=0.5300±0.0335 FPR=0.0501±0.0078 [FAIL]
 5. LDA                TPR=0.5132±0.0308 FPR=0.0494±0.0093 [PASS]
 6. Vec (Wgt)          TPR=0.5041±0.0239 FPR=0.0501±0.0074 [FAIL]
 7. XGBoost            TPR=0.5004±0.0261 FPR=0.0480±0.0068 [PASS]
 8. Cosine             TPR=0.4666±0.0239 FPR=0.0492±0.0077 [PASS]
 9. AndBox-HC          TPR=0.4135±0.0484 FPR=0.0480±0.0087 [PASS]
10. PCA32+LogReg       TPR=0.2532±0.0303 FPR=0.0496±0.0084 [PASS]
11. PCA16+LogReg       TPR=0.2499±0.0297 FPR=0.0493±0.0083 [PASS]
12. LDA1+LogReg        TPR=0.2485±0.0313 FPR=0.0492±0.0082 [PASS]
13. Log Reg            TPR=0.2472±0.0313 FPR=0.0493±0.0082 [PASS]
14. PCA16+VecWeighted  TPR=0.1294±0.0629 FPR=0.0502±0.0082 [FAIL]
15. PCA32+VecWeighted  TPR=0.1193±0.0563 FPR=0.0504±0.0091 [FAIL]
16. MultiProtoCosine   TPR=0.0870±0.0144 FPR=0.0487±0.0088 [PASS]

=== Ranking by mean micro TPR (CONSTRAINED: FPR <= alpha) ===
 1. PCAWhitenedCosine  TPR=0.5359±0.0256 FPR=0.0497±0.0076
 2. StabilizedWhitenedCosine TPR=0.5329±0.0307 FPR=0.0490±0.0078
 3. LDA                TPR=0.5132±0.0308 FPR=0.0494±0.0093
 4. XGBoost            TPR=0.5004±0.0261 FPR=0.0480±0.0068
 5. Cosine             TPR=0.4666±0.0239 FPR=0.0492±0.0077
 6. AndBox-HC          TPR=0.4135±0.0484 FPR=0.0480±0.0087
 7. PCA32+LogReg       TPR=0.2532±0.0303 FPR=0.0496±0.0084
 8. PCA16+LogReg       TPR=0.2499±0.0297 FPR=0.0493±0.0083
 9. LDA1+LogReg        TPR=0.2485±0.0313 FPR=0.0492±0.0082
10. Log Reg            TPR=0.2472±0.0313 FPR=0.0493±0.0082
11. MultiProtoCosine   TPR=0.0870±0.0144 FPR=0.0487±0.0088
[CSV] Saved: /home/malmatal/Projects/Multi_Dim_Threshold/NeighborCache/outputs/region_local_threshold/run_20260507_163107/trial_summary.csv
[JSON] Saved: /home/malmatal/Projects/Multi_Dim_Threshold/NeighborCache/outputs/region_local_threshold/run_20260507_163107/ranking.json
[CSV] Saved: /home/malmatal/Projects/Multi_Dim_Threshold/NeighborCache/outputs/region_local_threshold/run_20260507_163107/weighted_ensemble_meta_weights.csv
[JSON] Saved: /home/malmatal/Projects/Multi_Dim_Threshold/NeighborCache/outputs/region_local_threshold/run_20260507_163107/notes.json

Best (constrained FPR <= alpha): PCAWhitenedCosine
[Done] outputs at: /home/malmatal/Projects/Multi_Dim_Threshold/NeighborCache/outputs/region_local_threshold/run_20260507_163107
