------------------------------------
Mon 04 May 2026 11:17:09 IDT
SLURM_JOBID:		17334707
SLURM_JOB_NODELIST:	ise-cpu-intl-09
SLURM_SCRATCH_DIR:	
Allocated Resouces:	cpu - 4 / mem - 16384 MB / gpu - 
SLURM_GPU_INDEX:	
Running as malmatal from gilein account with normal QOS
------------------------------------
============================================================
NeighborCache Slurm task
task_id=86
job_id=17334707
array_job_id=17308330
hostname=ise-cpu-intl-09.auth.ad.bgu.ac.il
date_start=2026-05-04T11:17:09+03:00
pwd=/home/malmatal/Projects/Multi_Dim_Threshold
commands_file=NeighborCache/results/paper_experiments_slurm_20260503_134931/commands.txt
task_log=NeighborCache/results/paper_experiments_slurm_20260503_134931/task_logs/task_86.log
============================================================
Command:
/home/malmatal/.conda/envs/ec/bin/python -m NeighborCache.region_local_threshold.cli --data NeighborCache/data/h1h0_final.npz --region_key global_cluster --alpha 0.05 --tau_mode local --n_trials 50 --seed 42 --n_train 1270 --n_calib 1240 --n_eval 1270 --hadamard_preprocess
============================================================
<frozen runpy>:128: RuntimeWarning: 'NeighborCache.region_local_threshold.cli' found in sys.modules after import of package 'NeighborCache.region_local_threshold', but prior to execution of 'NeighborCache.region_local_threshold.cli'; this may result in unpredictable behaviour
[INFO] Using features key='emb' dim=1024
[INFO] Applied Hadamard preprocessing (strategy=centroid_nearest, use_delta_vec=False, use_abs_diff=False) to X_main

=== Region Threshold Benchmark ===
dataset_npz=NeighborCache/data/h1h0_final.npz
region_key=global_cluster (resolved=global_cluster, unique=1103)
features=emb+hadamard rows=200000 dim=1024
text_pairs=text+region_anchor[centroid_nearest]
alpha=0.05 tie_mode=ge trials=50 base_seed=42
tau_mode=local
hadamard_preprocess=True
abs_diff_only_preprocess=False
use_delta_vec=False
use_abs_diff=False
normalize_data=False
filter_policy=none
train_cosine_policy_active=False
caps: train=1270 calib=1240 eval=1270
mins: min_h0_eval=20 min_h1_eval=20
run_dir=/home/malmatal/Projects/Multi_Dim_Threshold/NeighborCache/outputs/region_local_threshold/run_20260504_111738

[trial=0 seed=42] used_regions=16 split_stats={'skipped_region_insufficient_eval_mins': 957, 'skipped_region_min_h0_eval_after_sampling': 76, 'skipped_region_min_h1_eval_after_sampling': 54, 'used_regions': 16}
  local_fit_mode: pooled
  pooled_train: n0=1721 n1=482
  pooled_calib_eff: n0=3402 n1=955
[INFO] Cosine baseline routed to direct Hadamard sum (PrecomputedCosine)
[INFO] WeightedEnsemble Cosine judge routed to direct Hadamard sum
[DEBUG][WeightedEnsemble][fit_all_methods] context=local using_pure_calib=True H0_train=1721 H1_train=482 H0_calib_pure=1681 H1_calib_pure=473 H0_calib_eff=3402 H1_calib_eff=955
  [Ensemble] Judges routed to 'alt' input: PrecomputedCosine
  [WeightedEnsemble][DEBUG] fit_context=local external_calib_used=True H0_train=1721 H1_train=482 H0_calib=1681 H1_calib=473
[WeightedEnsemble] Fitted weights (alpha=0.0500, external calib):
  tau=0.7490, Pooled external calib: TPR=0.5856, FPR=0.0500
  PrecomputedCosine   : +0.5316
  PCAWhitenedCosine   : +0.2031
  XGBoost             : +0.0553
  Tiny MLP            : +0.1785
  LDA                 : +0.0315
  [WeightedEnsemble][DEBUG] collapse=False top_judge=PrecomputedCosine top_weight=0.5316
[DEBUG][WeightedEnsemble][fit_all_methods] context=matched_global_on_local using_pure_calib=True H0_train=1721 H1_train=482 H0_calib_pure=1681 H1_calib_pure=473 H0_calib_eff=3402 H1_calib_eff=955
  [Ensemble] Judges routed to 'alt' input: PrecomputedCosine
  [WeightedEnsemble][DEBUG] fit_context=matched_global_on_local external_calib_used=True H0_train=1721 H1_train=482 H0_calib=1681 H1_calib=473
[WeightedEnsemble] Fitted weights (alpha=0.0500, external calib):
  tau=0.7490, Pooled external calib: TPR=0.5856, FPR=0.0500
  PrecomputedCosine   : +0.5316
  PCAWhitenedCosine   : +0.2031
  XGBoost             : +0.0553
  Tiny MLP            : +0.1785
  LDA                 : +0.0315
  [WeightedEnsemble][DEBUG] collapse=False top_judge=PrecomputedCosine top_weight=0.5316

=== Matched Comparison: Local vs Global on Local-Tested Regions ===
Method                   | L-TPR  | L-FPR  | G-TPR  | G-FPR  | L-MacroTPR | G-MacroTPR | Regions
--------------------------------------------------------------------------------------------------------
AndBox-HC                | 0.2241 | 0.0488 | 0.3071 | 0.0523 | 0.2240     | 0.2941     | 16
Cosine                   | 0.2033 | 0.0390 | 0.3257 | 0.0552 | 0.2137     | 0.3144     | 16
LDA                      | 0.2676 | 0.0517 | 0.5166 | 0.0517 | 0.2734     | 0.4842     | 16
LDA1+LogReg              | 0.1286 | 0.0448 | 0.2780 | 0.0483 | 0.1204     | 0.2247     | 16
Log Reg                  | 0.1286 | 0.0453 | 0.2697 | 0.0483 | 0.1204     | 0.2181     | 16
MultiProtoCosine         | 0.1328 | 0.0407 | 0.1888 | 0.0413 | 0.1146     | 0.1480     | 16
PCA16+LogReg             | 0.0892 | 0.0494 | 0.2199 | 0.0483 | 0.0804     | 0.1714     | 16
PCA16+VecWeighted        | 0.0622 | 0.0500 | 0.2075 | 0.0587 | 0.0612     | 0.1713     | 16
PCA32+LogReg             | 0.1286 | 0.0453 | 0.2469 | 0.0477 | 0.1199     | 0.1978     | 16
PCA32+VecWeighted        | 0.0394 | 0.0483 | 0.2054 | 0.0570 | 0.0399     | 0.1669     | 16
PCAWhitenedCosine        | 0.3382 | 0.0331 | 0.5041 | 0.0494 | 0.3270     | 0.4483     | 16
StabilizedWhitenedCosine | 0.3257 | 0.0349 | 0.5145 | 0.0465 | 0.3166     | 0.4619     | 16
Tiny MLP                 | 0.3257 | 0.0424 | 0.4627 | 0.0483 | 0.3135     | 0.3997     | 16
Vec (Wgt)                | 0.2261 | 0.0401 | 0.4357 | 0.0605 | 0.2361     | 0.3897     | 16
WeightedEnsemble         | 0.4315 | 0.0448 | 0.5788 | 0.0529 | 0.4445     | 0.5258     | 16
XGBoost                  | 0.4232 | 0.0407 | 0.5581 | 0.0523 | 0.4195     | 0.4870     | 16

Method                   | TPR    | FPR    | TrTPR  | TrFPR  | MacroTPR | MacroFPR | Regions | TauMean | ms    | OK? 
---------------------------------------------------------------------------------------------------------------------
Cosine                   | 0.2033 | 0.0390 | 0.2030 | 0.0446 | 0.2137   | 0.0267   | 16      | 0.8662  | 49.7  | PASS
AndBox-HC                | 0.2241 | 0.0488 | 0.2008 | 0.0446 | 0.2240   | 0.0491   | 16      | -0.0001 | 46.5  | PASS
PCAWhitenedCosine        | 0.3382 | 0.0331 | 0.3256 | 0.0446 | 0.3270   | 0.0326   | 16      | 1.4555  | 33.7  | PASS
Vec (Wgt)                | 0.2261 | 0.0401 | 0.2051 | 0.0446 | 0.2361   | 0.0274   | 16      | 0.8907  | 36.3  | PASS
Log Reg                  | 0.1286 | 0.0453 | 0.1311 | 0.0446 | 0.1204   | 0.0498   | 16      | 0.5092  | 70.9  | PASS
LDA                      | 0.2676 | 0.0517 | 0.2685 | 0.0446 | 0.2734   | 0.0372   | 16      | 5.7663  | 59.0  | FAIL
Tiny MLP                 | 0.3257 | 0.0424 | 0.3446 | 0.0452 | 0.3135   | 0.0296   | 16      | 0.4195  | 420.1 | PASS
MultiProtoCosine         | 0.1328 | 0.0407 | 0.1311 | 0.0446 | 0.1146   | 0.0442   | 16      | 0.9302  | 67.5  | PASS
WeightedEnsemble         | 0.4315 | 0.0448 | 0.4101 | 0.0446 | 0.4445   | 0.0419   | 16      | 0.8762  | 572.3 | PASS
XGBoost                  | 0.4232 | 0.0407 | 0.4059 | 0.0428 | 0.4195   | 0.0399   | 16      | 0.4569  | 118.5 | PASS
LDA1+LogReg              | 0.1286 | 0.0448 | 0.1353 | 0.0446 | 0.1204   | 0.0463   | 16      | 0.5091  | 68.5  | PASS
PCA16+LogReg             | 0.0892 | 0.0494 | 0.0782 | 0.0446 | 0.0804   | 0.0523   | 16      | 0.5093  | 79.0  | PASS
PCA32+LogReg             | 0.1286 | 0.0453 | 0.1205 | 0.0446 | 0.1199   | 0.0466   | 16      | 0.5093  | 82.9  | PASS
PCA16+VecWeighted        | 0.0622 | 0.0500 | 0.0486 | 0.0446 | 0.0612   | 0.0452   | 16      | 0.0167  | 53.5  | PASS
PCA32+VecWeighted        | 0.0394 | 0.0483 | 0.0423 | 0.0446 | 0.0399   | 0.0458   | 16      | 0.0253  | 57.0  | PASS
StabilizedWhitenedCosine | 0.3257 | 0.0349 | 0.3256 | 0.0446 | 0.3166   | 0.0309   | 16      | 1.4505  | 42.9  | PASS

[trial=1 seed=43] used_regions=16 split_stats={'skipped_region_insufficient_eval_mins': 957, 'skipped_region_min_h0_eval_after_sampling': 76, 'skipped_region_min_h1_eval_after_sampling': 54, 'used_regions': 16}
  local_fit_mode: pooled
  pooled_train: n0=1721 n1=482
  pooled_calib_eff: n0=3402 n1=955
[INFO] Cosine baseline routed to direct Hadamard sum (PrecomputedCosine)
[INFO] WeightedEnsemble Cosine judge routed to direct Hadamard sum
[DEBUG][WeightedEnsemble][fit_all_methods] context=local using_pure_calib=True H0_train=1721 H1_train=482 H0_calib_pure=1681 H1_calib_pure=473 H0_calib_eff=3402 H1_calib_eff=955
  [Ensemble] Judges routed to 'alt' input: PrecomputedCosine
  [WeightedEnsemble][DEBUG] fit_context=local external_calib_used=True H0_train=1721 H1_train=482 H0_calib=1681 H1_calib=473
[WeightedEnsemble] Fitted weights (alpha=0.0500, external calib):
  tau=0.6515, Pooled external calib: TPR=0.5899, FPR=0.0500
  PrecomputedCosine   : +0.2584
  PCAWhitenedCosine   : +0.1385
  XGBoost             : +0.1296
  Tiny MLP            : +0.3539
  LDA                 : +0.1196
  [WeightedEnsemble][DEBUG] collapse=False top_judge=Tiny MLP top_weight=0.3539
[DEBUG][WeightedEnsemble][fit_all_methods] context=matched_global_on_local using_pure_calib=True H0_train=1721 H1_train=482 H0_calib_pure=1681 H1_calib_pure=473 H0_calib_eff=3402 H1_calib_eff=955
  [Ensemble] Judges routed to 'alt' input: PrecomputedCosine
  [WeightedEnsemble][DEBUG] fit_context=matched_global_on_local external_calib_used=True H0_train=1721 H1_train=482 H0_calib=1681 H1_calib=473
[WeightedEnsemble] Fitted weights (alpha=0.0500, external calib):
  tau=0.6515, Pooled external calib: TPR=0.5899, FPR=0.0500
  PrecomputedCosine   : +0.2584
  PCAWhitenedCosine   : +0.1385
  XGBoost             : +0.1296
  Tiny MLP            : +0.3539
  LDA                 : +0.1196
  [WeightedEnsemble][DEBUG] collapse=False top_judge=Tiny MLP top_weight=0.3539

=== Matched Comparison: Local vs Global on Local-Tested Regions ===
Method                   | L-TPR  | L-FPR  | G-TPR  | G-FPR  | L-MacroTPR | G-MacroTPR | Regions
--------------------------------------------------------------------------------------------------------
AndBox-HC                | 0.2427 | 0.0378 | 0.3029 | 0.0558 | 0.2496     | 0.2937     | 16
Cosine                   | 0.2801 | 0.0349 | 0.2967 | 0.0360 | 0.2745     | 0.2908     | 16
LDA                      | 0.2801 | 0.0326 | 0.4917 | 0.0541 | 0.2782     | 0.4641     | 16
LDA1+LogReg              | 0.1867 | 0.0622 | 0.2324 | 0.0552 | 0.1781     | 0.1859     | 16
Log Reg                  | 0.1888 | 0.0616 | 0.2303 | 0.0552 | 0.1797     | 0.1845     | 16
MultiProtoCosine         | 0.1224 | 0.0424 | 0.1888 | 0.0517 | 0.1133     | 0.1628     | 16
PCA16+LogReg             | 0.0975 | 0.0576 | 0.2012 | 0.0547 | 0.0877     | 0.1581     | 16
PCA16+VecWeighted        | 0.0394 | 0.0448 | 0.1349 | 0.0506 | 0.0417     | 0.1597     | 16
PCA32+LogReg             | 0.1722 | 0.0610 | 0.2178 | 0.0541 | 0.1608     | 0.1714     | 16
PCA32+VecWeighted        | 0.0373 | 0.0529 | 0.1141 | 0.0517 | 0.0379     | 0.1355     | 16
PCAWhitenedCosine        | 0.3693 | 0.0390 | 0.5124 | 0.0517 | 0.3570     | 0.4634     | 16
StabilizedWhitenedCosine | 0.3548 | 0.0488 | 0.4896 | 0.0512 | 0.3470     | 0.4464     | 16
Tiny MLP                 | 0.3817 | 0.0419 | 0.4938 | 0.0535 | 0.3776     | 0.4479     | 16
Vec (Wgt)                | 0.2822 | 0.0337 | 0.4295 | 0.0558 | 0.2726     | 0.3846     | 16
WeightedEnsemble         | 0.4398 | 0.0378 | 0.5685 | 0.0570 | 0.4342     | 0.5276     | 16
XGBoost                  | 0.3154 | 0.0285 | 0.5021 | 0.0512 | 0.3208     | 0.4519     | 16

Method                   | TPR    | FPR    | TrTPR  | TrFPR  | MacroTPR | MacroFPR | Regions | TauMean | ms    | OK? 
---------------------------------------------------------------------------------------------------------------------
Cosine                   | 0.2801 | 0.0349 | 0.2685 | 0.0440 | 0.2745   | 0.0476   | 16      | 0.8571  | 51.8  | PASS
AndBox-HC                | 0.2427 | 0.0378 | 0.2326 | 0.0440 | 0.2496   | 0.0402   | 16      | -0.0000 | 46.8  | PASS
PCAWhitenedCosine        | 0.3693 | 0.0390 | 0.3679 | 0.0446 | 0.3570   | 0.0496   | 16      | 1.3234  | 34.6  | PASS
Vec (Wgt)                | 0.2822 | 0.0337 | 0.2664 | 0.0440 | 0.2726   | 0.0429   | 16      | 0.8810  | 34.7  | PASS
Log Reg                  | 0.1888 | 0.0616 | 0.1649 | 0.0440 | 0.1797   | 0.0639   | 16      | 0.5094  | 73.5  | FAIL
LDA                      | 0.2801 | 0.0326 | 0.3108 | 0.0440 | 0.2782   | 0.0313   | 16      | 4.8053  | 60.2  | PASS
Tiny MLP                 | 0.3817 | 0.0419 | 0.3784 | 0.0434 | 0.3776   | 0.0533   | 16      | 0.4886  | 426.3 | PASS
MultiProtoCosine         | 0.1224 | 0.0424 | 0.1205 | 0.0446 | 0.1133   | 0.0440   | 16      | 0.9313  | 68.3  | PASS
WeightedEnsemble         | 0.4398 | 0.0378 | 0.4249 | 0.0446 | 0.4342   | 0.0455   | 16      | 0.9617  | 601.0 | PASS
XGBoost                  | 0.3154 | 0.0285 | 0.3446 | 0.0446 | 0.3208   | 0.0282   | 16      | 0.4820  | 120.2 | PASS
LDA1+LogReg              | 0.1867 | 0.0622 | 0.1649 | 0.0440 | 0.1781   | 0.0657   | 16      | 0.5092  | 67.9  | FAIL
PCA16+LogReg             | 0.0975 | 0.0576 | 0.0782 | 0.0446 | 0.0877   | 0.0556   | 16      | 0.5097  | 79.2  | FAIL
PCA32+LogReg             | 0.1722 | 0.0610 | 0.1395 | 0.0440 | 0.1608   | 0.0644   | 16      | 0.5095  | 83.6  | FAIL
PCA16+VecWeighted        | 0.0394 | 0.0448 | 0.0444 | 0.0446 | 0.0417   | 0.0465   | 16      | 0.0152  | 52.7  | PASS
PCA32+VecWeighted        | 0.0373 | 0.0529 | 0.0254 | 0.0440 | 0.0379   | 0.0550   | 16      | 0.0258  | 56.4  | FAIL
StabilizedWhitenedCosine | 0.3548 | 0.0488 | 0.3636 | 0.0446 | 0.3470   | 0.0511   | 16      | 1.3134  | 42.4  | PASS

[trial=2 seed=44] used_regions=16 split_stats={'skipped_region_insufficient_eval_mins': 957, 'skipped_region_min_h0_eval_after_sampling': 76, 'skipped_region_min_h1_eval_after_sampling': 54, 'used_regions': 16}
  local_fit_mode: pooled
  pooled_train: n0=1721 n1=482
  pooled_calib_eff: n0=3402 n1=955
[INFO] Cosine baseline routed to direct Hadamard sum (PrecomputedCosine)
[INFO] WeightedEnsemble Cosine judge routed to direct Hadamard sum
[DEBUG][WeightedEnsemble][fit_all_methods] context=local using_pure_calib=True H0_train=1721 H1_train=482 H0_calib_pure=1681 H1_calib_pure=473 H0_calib_eff=3402 H1_calib_eff=955
  [Ensemble] Judges routed to 'alt' input: PrecomputedCosine
  [WeightedEnsemble][DEBUG] fit_context=local external_calib_used=True H0_train=1721 H1_train=482 H0_calib=1681 H1_calib=473
[WeightedEnsemble] Fitted weights (alpha=0.0500, external calib):
  tau=0.6389, Pooled external calib: TPR=0.5814, FPR=0.0500
  PrecomputedCosine   : +0.4364
  PCAWhitenedCosine   : +0.0571
  XGBoost             : +0.1048
  Tiny MLP            : +0.3819
  LDA                 : +0.0199
  [WeightedEnsemble][DEBUG] collapse=False top_judge=PrecomputedCosine top_weight=0.4364
[DEBUG][WeightedEnsemble][fit_all_methods] context=matched_global_on_local using_pure_calib=True H0_train=1721 H1_train=482 H0_calib_pure=1681 H1_calib_pure=473 H0_calib_eff=3402 H1_calib_eff=955
  [Ensemble] Judges routed to 'alt' input: PrecomputedCosine
  [WeightedEnsemble][DEBUG] fit_context=matched_global_on_local external_calib_used=True H0_train=1721 H1_train=482 H0_calib=1681 H1_calib=473
[WeightedEnsemble] Fitted weights (alpha=0.0500, external calib):
  tau=0.6389, Pooled external calib: TPR=0.5814, FPR=0.0500
  PrecomputedCosine   : +0.4364
  PCAWhitenedCosine   : +0.0571
  XGBoost             : +0.1048
  Tiny MLP            : +0.3819
  LDA                 : +0.0199
  [WeightedEnsemble][DEBUG] collapse=False top_judge=PrecomputedCosine top_weight=0.4364

=== Matched Comparison: Local vs Global on Local-Tested Regions ===
Method                   | L-TPR  | L-FPR  | G-TPR  | G-FPR  | L-MacroTPR | G-MacroTPR | Regions
--------------------------------------------------------------------------------------------------------
AndBox-HC                | 0.2822 | 0.0547 | 0.3091 | 0.0616 | 0.2874     | 0.2982     | 16
Cosine                   | 0.2531 | 0.0424 | 0.3154 | 0.0477 | 0.2479     | 0.3088     | 16
LDA                      | 0.2988 | 0.0483 | 0.4730 | 0.0564 | 0.2920     | 0.4248     | 16
LDA1+LogReg              | 0.0726 | 0.0419 | 0.2303 | 0.0488 | 0.0829     | 0.1843     | 16
Log Reg                  | 0.0726 | 0.0419 | 0.2303 | 0.0500 | 0.0829     | 0.1843     | 16
MultiProtoCosine         | 0.1120 | 0.0471 | 0.1680 | 0.0401 | 0.1138     | 0.1347     | 16
PCA16+LogReg             | 0.0332 | 0.0372 | 0.2137 | 0.0500 | 0.0335     | 0.1700     | 16
PCA16+VecWeighted        | 0.0311 | 0.0436 | 0.1369 | 0.0488 | 0.0383     | 0.1433     | 16
PCA32+LogReg             | 0.0768 | 0.0413 | 0.2199 | 0.0500 | 0.0862     | 0.1746     | 16
PCA32+VecWeighted        | 0.0353 | 0.0448 | 0.1411 | 0.0500 | 0.0414     | 0.1501     | 16
PCAWhitenedCosine        | 0.3942 | 0.0483 | 0.5436 | 0.0506 | 0.3803     | 0.4750     | 16
StabilizedWhitenedCosine | 0.3465 | 0.0506 | 0.5581 | 0.0552 | 0.3376     | 0.4977     | 16
Tiny MLP                 | 0.3631 | 0.0436 | 0.5332 | 0.0506 | 0.3515     | 0.4714     | 16
Vec (Wgt)                | 0.2884 | 0.0442 | 0.4315 | 0.0500 | 0.2789     | 0.3869     | 16
WeightedEnsemble         | 0.4066 | 0.0448 | 0.5809 | 0.0541 | 0.4012     | 0.5203     | 16
XGBoost                  | 0.3797 | 0.0448 | 0.5041 | 0.0488 | 0.3806     | 0.4454     | 16

Method                   | TPR    | FPR    | TrTPR  | TrFPR  | MacroTPR | MacroFPR | Regions | TauMean | ms    | OK? 
---------------------------------------------------------------------------------------------------------------------
Cosine                   | 0.2531 | 0.0424 | 0.3023 | 0.0446 | 0.2479   | 0.0383   | 16      | 0.8555  | 153.9 | PASS
AndBox-HC                | 0.2822 | 0.0547 | 0.2812 | 0.0446 | 0.2874   | 0.0504   | 16      | -0.0001 | 29.0  | FAIL
PCAWhitenedCosine        | 0.3942 | 0.0483 | 0.3932 | 0.0440 | 0.3803   | 0.0495   | 16      | 1.1786  | 33.9  | PASS
Vec (Wgt)                | 0.2884 | 0.0442 | 0.3340 | 0.0446 | 0.2789   | 0.0425   | 16      | 0.8770  | 34.7  | PASS
Log Reg                  | 0.0726 | 0.0419 | 0.0909 | 0.0446 | 0.0829   | 0.0362   | 16      | 0.5096  | 71.8  | PASS
LDA                      | 0.2988 | 0.0483 | 0.3488 | 0.0446 | 0.2920   | 0.0480   | 16      | 4.6565  | 60.5  | PASS
Tiny MLP                 | 0.3631 | 0.0436 | 0.3953 | 0.0446 | 0.3515   | 0.0442   | 16      | 0.4902  | 433.3 | PASS
MultiProtoCosine         | 0.1120 | 0.0471 | 0.1290 | 0.0446 | 0.1138   | 0.0422   | 16      | 0.9301  | 70.2  | PASS
WeightedEnsemble         | 0.4066 | 0.0448 | 0.4355 | 0.0446 | 0.4012   | 0.0446   | 16      | 0.7117  | 614.3 | PASS
XGBoost                  | 0.3797 | 0.0448 | 0.4249 | 0.0446 | 0.3806   | 0.0410   | 16      | 0.4659  | 209.8 | PASS
LDA1+LogReg              | 0.0726 | 0.0419 | 0.0909 | 0.0446 | 0.0829   | 0.0366   | 16      | 0.5095  | 67.7  | PASS
PCA16+LogReg             | 0.0332 | 0.0372 | 0.0359 | 0.0446 | 0.0335   | 0.0291   | 16      | 0.5099  | 83.4  | PASS
PCA32+LogReg             | 0.0768 | 0.0413 | 0.0825 | 0.0446 | 0.0862   | 0.0367   | 16      | 0.5097  | 83.2  | PASS
PCA16+VecWeighted        | 0.0311 | 0.0436 | 0.0296 | 0.0446 | 0.0383   | 0.0326   | 16      | 0.0150  | 52.2  | PASS
PCA32+VecWeighted        | 0.0353 | 0.0448 | 0.0359 | 0.0446 | 0.0414   | 0.0334   | 16      | 0.0212  | 56.1  | PASS
StabilizedWhitenedCosine | 0.3465 | 0.0506 | 0.3594 | 0.0446 | 0.3376   | 0.0526   | 16      | 1.2016  | 41.8  | FAIL

[trial=3 seed=45] used_regions=16 split_stats={'skipped_region_insufficient_eval_mins': 957, 'skipped_region_min_h0_eval_after_sampling': 76, 'skipped_region_min_h1_eval_after_sampling': 54, 'used_regions': 16}
  local_fit_mode: pooled
  pooled_train: n0=1721 n1=482
  pooled_calib_eff: n0=3402 n1=955
[INFO] Cosine baseline routed to direct Hadamard sum (PrecomputedCosine)
[INFO] WeightedEnsemble Cosine judge routed to direct Hadamard sum
[DEBUG][WeightedEnsemble][fit_all_methods] context=local using_pure_calib=True H0_train=1721 H1_train=482 H0_calib_pure=1681 H1_calib_pure=473 H0_calib_eff=3402 H1_calib_eff=955
  [Ensemble] Judges routed to 'alt' input: PrecomputedCosine
  [WeightedEnsemble][DEBUG] fit_context=local external_calib_used=True H0_train=1721 H1_train=482 H0_calib=1681 H1_calib=473
[WeightedEnsemble] Fitted weights (alpha=0.0500, external calib):
  tau=0.7728, Pooled external calib: TPR=0.5708, FPR=0.0500
  PrecomputedCosine   : +0.0477
  PCAWhitenedCosine   : +0.4884
  XGBoost             : +0.3290
  Tiny MLP            : +0.0838
  LDA                 : +0.0511
  [WeightedEnsemble][DEBUG] collapse=False top_judge=PCAWhitenedCosine top_weight=0.4884
[DEBUG][WeightedEnsemble][fit_all_methods] context=matched_global_on_local using_pure_calib=True H0_train=1721 H1_train=482 H0_calib_pure=1681 H1_calib_pure=473 H0_calib_eff=3402 H1_calib_eff=955
  [Ensemble] Judges routed to 'alt' input: PrecomputedCosine
  [WeightedEnsemble][DEBUG] fit_context=matched_global_on_local external_calib_used=True H0_train=1721 H1_train=482 H0_calib=1681 H1_calib=473
[WeightedEnsemble] Fitted weights (alpha=0.0500, external calib):
  tau=0.7728, Pooled external calib: TPR=0.5708, FPR=0.0500
  PrecomputedCosine   : +0.0477
  PCAWhitenedCosine   : +0.4884
  XGBoost             : +0.3290
  Tiny MLP            : +0.0838
  LDA                 : +0.0511
  [WeightedEnsemble][DEBUG] collapse=False top_judge=PCAWhitenedCosine top_weight=0.4884

=== Matched Comparison: Local vs Global on Local-Tested Regions ===
Method                   | L-TPR  | L-FPR  | G-TPR  | G-FPR  | L-MacroTPR | G-MacroTPR | Regions
--------------------------------------------------------------------------------------------------------
AndBox-HC                | 0.2427 | 0.0430 | 0.3444 | 0.0622 | 0.2335     | 0.3287     | 16
Cosine                   | 0.2448 | 0.0459 | 0.3195 | 0.0453 | 0.2443     | 0.3065     | 16
LDA                      | 0.3465 | 0.0413 | 0.4813 | 0.0448 | 0.3497     | 0.4389     | 16
LDA1+LogReg              | 0.1100 | 0.0395 | 0.2427 | 0.0523 | 0.1183     | 0.1966     | 16
Log Reg                  | 0.1100 | 0.0395 | 0.2365 | 0.0529 | 0.1183     | 0.1917     | 16
MultiProtoCosine         | 0.1141 | 0.0436 | 0.1494 | 0.0453 | 0.1128     | 0.1125     | 16
PCA16+LogReg             | 0.0456 | 0.0378 | 0.1929 | 0.0529 | 0.0475     | 0.1566     | 16
PCA16+VecWeighted        | 0.0581 | 0.0395 | 0.1867 | 0.0541 | 0.0643     | 0.1812     | 16
PCA32+LogReg             | 0.0809 | 0.0390 | 0.2282 | 0.0552 | 0.0875     | 0.1862     | 16
PCA32+VecWeighted        | 0.0539 | 0.0424 | 0.1888 | 0.0529 | 0.0577     | 0.1828     | 16
PCAWhitenedCosine        | 0.3444 | 0.0512 | 0.4979 | 0.0494 | 0.3412     | 0.4477     | 16
StabilizedWhitenedCosine | 0.3299 | 0.0488 | 0.4813 | 0.0517 | 0.3254     | 0.4331     | 16
Tiny MLP                 | 0.2863 | 0.0395 | 0.4336 | 0.0471 | 0.2688     | 0.3718     | 16
Vec (Wgt)                | 0.2676 | 0.0448 | 0.4170 | 0.0547 | 0.2605     | 0.3744     | 16
WeightedEnsemble         | 0.3880 | 0.0500 | 0.5415 | 0.0529 | 0.3909     | 0.4867     | 16
XGBoost                  | 0.3900 | 0.0413 | 0.5000 | 0.0448 | 0.3807     | 0.4263     | 16

Method                   | TPR    | FPR    | TrTPR  | TrFPR  | MacroTPR | MacroFPR | Regions | TauMean | ms    | OK? 
---------------------------------------------------------------------------------------------------------------------
Cosine                   | 0.2448 | 0.0459 | 0.2727 | 0.0440 | 0.2443   | 0.0401   | 16      | 0.8583  | 42.6  | PASS
AndBox-HC                | 0.2427 | 0.0430 | 0.2516 | 0.0440 | 0.2335   | 0.0381   | 16      | 0.0000  | 46.6  | PASS
PCAWhitenedCosine        | 0.3444 | 0.0512 | 0.3721 | 0.0440 | 0.3412   | 0.0575   | 16      | 1.2934  | 33.6  | FAIL
Vec (Wgt)                | 0.2676 | 0.0448 | 0.2727 | 0.0440 | 0.2605   | 0.0392   | 16      | 0.8814  | 33.2  | PASS
Log Reg                  | 0.1100 | 0.0395 | 0.0951 | 0.0446 | 0.1183   | 0.0369   | 16      | 0.5098  | 69.3  | PASS
LDA                      | 0.3465 | 0.0413 | 0.3192 | 0.0446 | 0.3497   | 0.0355   | 16      | 5.7942  | 58.0  | PASS
Tiny MLP                 | 0.2863 | 0.0395 | 0.3066 | 0.0440 | 0.2688   | 0.0351   | 16      | 0.3556  | 427.1 | PASS
MultiProtoCosine         | 0.1141 | 0.0436 | 0.1163 | 0.0446 | 0.1128   | 0.0457   | 16      | 0.9316  | 66.3  | PASS
WeightedEnsemble         | 0.3880 | 0.0500 | 0.4461 | 0.0446 | 0.3909   | 0.0552   | 16      | 0.9253  | 595.2 | PASS
XGBoost                  | 0.3900 | 0.0413 | 0.3827 | 0.0446 | 0.3807   | 0.0425   | 16      | 0.4668  | 118.1 | PASS
LDA1+LogReg              | 0.1100 | 0.0395 | 0.0951 | 0.0446 | 0.1183   | 0.0369   | 16      | 0.5097  | 68.4  | PASS
PCA16+LogReg             | 0.0456 | 0.0378 | 0.0296 | 0.0446 | 0.0475   | 0.0358   | 16      | 0.5099  | 78.4  | PASS
PCA32+LogReg             | 0.0809 | 0.0390 | 0.0782 | 0.0446 | 0.0875   | 0.0366   | 16      | 0.5099  | 82.2  | PASS
PCA16+VecWeighted        | 0.0581 | 0.0395 | 0.0507 | 0.0446 | 0.0643   | 0.0360   | 16      | 0.0150  | 52.1  | PASS
PCA32+VecWeighted        | 0.0539 | 0.0424 | 0.0529 | 0.0446 | 0.0577   | 0.0333   | 16      | 0.0223  | 55.0  | PASS
StabilizedWhitenedCosine | 0.3299 | 0.0488 | 0.3404 | 0.0440 | 0.3254   | 0.0446   | 16      | 1.3379  | 41.5  | PASS

[trial=4 seed=46] used_regions=16 split_stats={'skipped_region_insufficient_eval_mins': 957, 'skipped_region_min_h0_eval_after_sampling': 76, 'skipped_region_min_h1_eval_after_sampling': 54, 'used_regions': 16}
  local_fit_mode: pooled
  pooled_train: n0=1721 n1=482
  pooled_calib_eff: n0=3402 n1=955
[INFO] Cosine baseline routed to direct Hadamard sum (PrecomputedCosine)
[INFO] WeightedEnsemble Cosine judge routed to direct Hadamard sum
[DEBUG][WeightedEnsemble][fit_all_methods] context=local using_pure_calib=True H0_train=1721 H1_train=482 H0_calib_pure=1681 H1_calib_pure=473 H0_calib_eff=3402 H1_calib_eff=955
  [Ensemble] Judges routed to 'alt' input: PrecomputedCosine
  [WeightedEnsemble][DEBUG] fit_context=local external_calib_used=True H0_train=1721 H1_train=482 H0_calib=1681 H1_calib=473
[WeightedEnsemble] Fitted weights (alpha=0.0500, external calib):
  tau=0.6193, Pooled external calib: TPR=0.5941, FPR=0.0500
  PrecomputedCosine   : +0.4364
  PCAWhitenedCosine   : +0.0571
  XGBoost             : +0.1048
  Tiny MLP            : +0.3819
  LDA                 : +0.0199
  [WeightedEnsemble][DEBUG] collapse=False top_judge=PrecomputedCosine top_weight=0.4364
[DEBUG][WeightedEnsemble][fit_all_methods] context=matched_global_on_local using_pure_calib=True H0_train=1721 H1_train=482 H0_calib_pure=1681 H1_calib_pure=473 H0_calib_eff=3402 H1_calib_eff=955
  [Ensemble] Judges routed to 'alt' input: PrecomputedCosine
  [WeightedEnsemble][DEBUG] fit_context=matched_global_on_local external_calib_used=True H0_train=1721 H1_train=482 H0_calib=1681 H1_calib=473
[WeightedEnsemble] Fitted weights (alpha=0.0500, external calib):
  tau=0.6193, Pooled external calib: TPR=0.5941, FPR=0.0500
  PrecomputedCosine   : +0.4364
  PCAWhitenedCosine   : +0.0571
  XGBoost             : +0.1048
  Tiny MLP            : +0.3819
  LDA                 : +0.0199
  [WeightedEnsemble][DEBUG] collapse=False top_judge=PrecomputedCosine top_weight=0.4364

=== Matched Comparison: Local vs Global on Local-Tested Regions ===
Method                   | L-TPR  | L-FPR  | G-TPR  | G-FPR  | L-MacroTPR | G-MacroTPR | Regions
--------------------------------------------------------------------------------------------------------
AndBox-HC                | 0.2282 | 0.0500 | 0.2946 | 0.0581 | 0.2278     | 0.2763     | 16
Cosine                   | 0.2365 | 0.0471 | 0.2656 | 0.0459 | 0.2395     | 0.2518     | 16
LDA                      | 0.3008 | 0.0442 | 0.4585 | 0.0477 | 0.2929     | 0.4197     | 16
LDA1+LogReg              | 0.1017 | 0.0465 | 0.2033 | 0.0471 | 0.0971     | 0.1569     | 16
Log Reg                  | 0.1017 | 0.0465 | 0.2033 | 0.0471 | 0.0971     | 0.1569     | 16
MultiProtoCosine         | 0.0954 | 0.0378 | 0.2075 | 0.0541 | 0.0915     | 0.1788     | 16
PCA16+LogReg             | 0.0539 | 0.0407 | 0.1701 | 0.0442 | 0.0476     | 0.1298     | 16
PCA16+VecWeighted        | 0.0394 | 0.0413 | 0.1037 | 0.0494 | 0.0332     | 0.1009     | 16
PCA32+LogReg             | 0.0913 | 0.0448 | 0.1888 | 0.0419 | 0.0887     | 0.1441     | 16
PCA32+VecWeighted        | 0.0560 | 0.0384 | 0.1017 | 0.0453 | 0.0492     | 0.0992     | 16
PCAWhitenedCosine        | 0.3008 | 0.0529 | 0.4979 | 0.0529 | 0.2877     | 0.4417     | 16
StabilizedWhitenedCosine | 0.2759 | 0.0465 | 0.4627 | 0.0517 | 0.2690     | 0.4170     | 16
Tiny MLP                 | 0.3008 | 0.0442 | 0.4461 | 0.0488 | 0.3013     | 0.3882     | 16
Vec (Wgt)                | 0.2614 | 0.0448 | 0.4066 | 0.0494 | 0.2628     | 0.3603     | 16
WeightedEnsemble         | 0.3693 | 0.0477 | 0.5436 | 0.0547 | 0.3628     | 0.4851     | 16
XGBoost                  | 0.2905 | 0.0244 | 0.4481 | 0.0355 | 0.2888     | 0.3785     | 16

Method                   | TPR    | FPR    | TrTPR  | TrFPR  | MacroTPR | MacroFPR | Regions | TauMean | ms    | OK? 
---------------------------------------------------------------------------------------------------------------------
Cosine                   | 0.2365 | 0.0471 | 0.2833 | 0.0446 | 0.2395   | 0.0536   | 16      | 0.8538  | 47.2  | PASS
AndBox-HC                | 0.2282 | 0.0500 | 0.2664 | 0.0452 | 0.2278   | 0.0525   | 16      | -0.0001 | 48.0  | PASS
PCAWhitenedCosine        | 0.3008 | 0.0529 | 0.4101 | 0.0452 | 0.2877   | 0.0542   | 16      | 1.3335  | 34.1  | FAIL
Vec (Wgt)                | 0.2614 | 0.0448 | 0.3087 | 0.0440 | 0.2628   | 0.0523   | 16      | 0.8734  | 34.6  | PASS
Log Reg                  | 0.1017 | 0.0465 | 0.1268 | 0.0440 | 0.0971   | 0.0523   | 16      | 0.5098  | 71.9  | PASS
LDA                      | 0.3008 | 0.0442 | 0.3298 | 0.0446 | 0.2929   | 0.0453   | 16      | 5.3527  | 58.8  | PASS
Tiny MLP                 | 0.3008 | 0.0442 | 0.3953 | 0.0452 | 0.3013   | 0.0533   | 16      | 0.4405  | 435.7 | PASS
MultiProtoCosine         | 0.0954 | 0.0378 | 0.0973 | 0.0446 | 0.0915   | 0.0327   | 16      | 0.9316  | 68.0  | PASS
WeightedEnsemble         | 0.3693 | 0.0477 | 0.4567 | 0.0446 | 0.3628   | 0.0445   | 16      | 0.6939  | 615.0 | PASS
XGBoost                  | 0.2905 | 0.0244 | 0.3298 | 0.0440 | 0.2888   | 0.0189   | 16      | 0.4907  | 119.0 | PASS
LDA1+LogReg              | 0.1017 | 0.0465 | 0.1268 | 0.0440 | 0.0971   | 0.0523   | 16      | 0.5097  | 66.9  | PASS
PCA16+LogReg             | 0.0539 | 0.0407 | 0.0677 | 0.0440 | 0.0476   | 0.0457   | 16      | 0.5100  | 77.8  | PASS
PCA32+LogReg             | 0.0913 | 0.0448 | 0.1121 | 0.0434 | 0.0887   | 0.0479   | 16      | 0.5099  | 82.2  | PASS
PCA16+VecWeighted        | 0.0394 | 0.0413 | 0.0275 | 0.0446 | 0.0332   | 0.0337   | 16      | 0.0156  | 51.7  | PASS
PCA32+VecWeighted        | 0.0560 | 0.0384 | 0.0296 | 0.0446 | 0.0492   | 0.0374   | 16      | 0.0262  | 55.4  | PASS
StabilizedWhitenedCosine | 0.2759 | 0.0465 | 0.3953 | 0.0452 | 0.2690   | 0.0511   | 16      | 1.3449  | 41.6  | PASS

[trial=5 seed=47] used_regions=16 split_stats={'skipped_region_insufficient_eval_mins': 957, 'skipped_region_min_h0_eval_after_sampling': 76, 'skipped_region_min_h1_eval_after_sampling': 54, 'used_regions': 16}
  local_fit_mode: pooled
  pooled_train: n0=1721 n1=482
  pooled_calib_eff: n0=3402 n1=955
[INFO] Cosine baseline routed to direct Hadamard sum (PrecomputedCosine)
[INFO] WeightedEnsemble Cosine judge routed to direct Hadamard sum
[DEBUG][WeightedEnsemble][fit_all_methods] context=local using_pure_calib=True H0_train=1721 H1_train=482 H0_calib_pure=1681 H1_calib_pure=473 H0_calib_eff=3402 H1_calib_eff=955
  [Ensemble] Judges routed to 'alt' input: PrecomputedCosine
  [WeightedEnsemble][DEBUG] fit_context=local external_calib_used=True H0_train=1721 H1_train=482 H0_calib=1681 H1_calib=473
[WeightedEnsemble] Fitted weights (alpha=0.0500, external calib):
  tau=0.7095, Pooled external calib: TPR=0.5581, FPR=0.0500
  PrecomputedCosine   : +0.4352
  PCAWhitenedCosine   : +0.0957
  XGBoost             : +0.1866
  Tiny MLP            : +0.2341
  LDA                 : +0.0484
  [WeightedEnsemble][DEBUG] collapse=False top_judge=PrecomputedCosine top_weight=0.4352
[DEBUG][WeightedEnsemble][fit_all_methods] context=matched_global_on_local using_pure_calib=True H0_train=1721 H1_train=482 H0_calib_pure=1681 H1_calib_pure=473 H0_calib_eff=3402 H1_calib_eff=955
  [Ensemble] Judges routed to 'alt' input: PrecomputedCosine
  [WeightedEnsemble][DEBUG] fit_context=matched_global_on_local external_calib_used=True H0_train=1721 H1_train=482 H0_calib=1681 H1_calib=473
[WeightedEnsemble] Fitted weights (alpha=0.0500, external calib):
  tau=0.7095, Pooled external calib: TPR=0.5581, FPR=0.0500
  PrecomputedCosine   : +0.4352
  PCAWhitenedCosine   : +0.0957
  XGBoost             : +0.1866
  Tiny MLP            : +0.2341
  LDA                 : +0.0484
  [WeightedEnsemble][DEBUG] collapse=False top_judge=PrecomputedCosine top_weight=0.4352

=== Matched Comparison: Local vs Global on Local-Tested Regions ===
Method                   | L-TPR  | L-FPR  | G-TPR  | G-FPR  | L-MacroTPR | G-MacroTPR | Regions
--------------------------------------------------------------------------------------------------------
AndBox-HC                | 0.2178 | 0.0331 | 0.2905 | 0.0372 | 0.2240     | 0.2764     | 16
Cosine                   | 0.2282 | 0.0430 | 0.2967 | 0.0448 | 0.2328     | 0.2868     | 16
LDA                      | 0.2863 | 0.0343 | 0.4689 | 0.0453 | 0.2893     | 0.4242     | 16
LDA1+LogReg              | 0.0851 | 0.0436 | 0.2573 | 0.0523 | 0.0815     | 0.2120     | 16
Log Reg                  | 0.0851 | 0.0442 | 0.2552 | 0.0523 | 0.0815     | 0.2105     | 16
MultiProtoCosine         | 0.1411 | 0.0500 | 0.1867 | 0.0576 | 0.1337     | 0.1598     | 16
PCA16+LogReg             | 0.0602 | 0.0413 | 0.1888 | 0.0547 | 0.0563     | 0.1573     | 16
PCA16+VecWeighted        | 0.0332 | 0.0390 | 0.1660 | 0.0471 | 0.0321     | 0.1526     | 16
PCA32+LogReg             | 0.0788 | 0.0413 | 0.2490 | 0.0547 | 0.0748     | 0.2063     | 16
PCA32+VecWeighted        | 0.0353 | 0.0459 | 0.1701 | 0.0477 | 0.0361     | 0.1550     | 16
PCAWhitenedCosine        | 0.3444 | 0.0517 | 0.5166 | 0.0483 | 0.3381     | 0.4683     | 16
StabilizedWhitenedCosine | 0.3361 | 0.0477 | 0.5124 | 0.0512 | 0.3425     | 0.4595     | 16
Tiny MLP                 | 0.3589 | 0.0401 | 0.5270 | 0.0494 | 0.3478     | 0.4724     | 16
Vec (Wgt)                | 0.2261 | 0.0384 | 0.4046 | 0.0459 | 0.2301     | 0.3540     | 16
WeightedEnsemble         | 0.3838 | 0.0337 | 0.5519 | 0.0413 | 0.3954     | 0.5002     | 16
XGBoost                  | 0.3506 | 0.0395 | 0.4876 | 0.0471 | 0.3520     | 0.4204     | 16

Method                   | TPR    | FPR    | TrTPR  | TrFPR  | MacroTPR | MacroFPR | Regions | TauMean | ms    | OK? 
---------------------------------------------------------------------------------------------------------------------
Cosine                   | 0.2282 | 0.0430 | 0.2347 | 0.0440 | 0.2328   | 0.0377   | 16      | 0.8596  | 42.8  | PASS
AndBox-HC                | 0.2178 | 0.0331 | 0.2072 | 0.0446 | 0.2240   | 0.0277   | 16      | -0.0000 | 47.1  | PASS
PCAWhitenedCosine        | 0.3444 | 0.0517 | 0.3256 | 0.0440 | 0.3381   | 0.0413   | 16      | 1.3426  | 35.2  | FAIL
Vec (Wgt)                | 0.2261 | 0.0384 | 0.2410 | 0.0446 | 0.2301   | 0.0338   | 16      | 0.8838  | 34.8  | PASS
Log Reg                  | 0.0851 | 0.0442 | 0.0994 | 0.0446 | 0.0815   | 0.0395   | 16      | 0.5095  | 71.0  | PASS
LDA                      | 0.2863 | 0.0343 | 0.2452 | 0.0446 | 0.2893   | 0.0336   | 16      | 6.1610  | 59.1  | PASS
Tiny MLP                 | 0.3589 | 0.0401 | 0.3594 | 0.0446 | 0.3478   | 0.0390   | 16      | 0.4704  | 449.1 | PASS
MultiProtoCosine         | 0.1411 | 0.0500 | 0.1564 | 0.0446 | 0.1337   | 0.0636   | 16      | 0.9296  | 67.0  | PASS
WeightedEnsemble         | 0.3838 | 0.0337 | 0.3721 | 0.0446 | 0.3954   | 0.0262   | 16      | 0.8815  | 629.1 | PASS
XGBoost                  | 0.3506 | 0.0395 | 0.3700 | 0.0440 | 0.3520   | 0.0298   | 16      | 0.4657  | 118.8 | PASS
LDA1+LogReg              | 0.0851 | 0.0436 | 0.1015 | 0.0446 | 0.0815   | 0.0384   | 16      | 0.5095  | 67.5  | PASS
PCA16+LogReg             | 0.0602 | 0.0413 | 0.0571 | 0.0446 | 0.0563   | 0.0373   | 16      | 0.5095  | 78.6  | PASS
PCA32+LogReg             | 0.0788 | 0.0413 | 0.0803 | 0.0446 | 0.0748   | 0.0363   | 16      | 0.5096  | 83.2  | PASS
PCA16+VecWeighted        | 0.0332 | 0.0390 | 0.0211 | 0.0446 | 0.0321   | 0.0337   | 16      | 0.0160  | 51.8  | PASS
PCA32+VecWeighted        | 0.0353 | 0.0459 | 0.0254 | 0.0446 | 0.0361   | 0.0388   | 16      | 0.0212  | 55.3  | PASS
StabilizedWhitenedCosine | 0.3361 | 0.0477 | 0.3404 | 0.0446 | 0.3425   | 0.0359   | 16      | 1.3148  | 42.7  | PASS

[trial=6 seed=48] used_regions=16 split_stats={'skipped_region_insufficient_eval_mins': 957, 'skipped_region_min_h0_eval_after_sampling': 76, 'skipped_region_min_h1_eval_after_sampling': 54, 'used_regions': 16}
  local_fit_mode: pooled
  pooled_train: n0=1721 n1=482
  pooled_calib_eff: n0=3402 n1=955
[INFO] Cosine baseline routed to direct Hadamard sum (PrecomputedCosine)
[INFO] WeightedEnsemble Cosine judge routed to direct Hadamard sum
[DEBUG][WeightedEnsemble][fit_all_methods] context=local using_pure_calib=True H0_train=1721 H1_train=482 H0_calib_pure=1681 H1_calib_pure=473 H0_calib_eff=3402 H1_calib_eff=955
  [Ensemble] Judges routed to 'alt' input: PrecomputedCosine
  [WeightedEnsemble][DEBUG] fit_context=local external_calib_used=True H0_train=1721 H1_train=482 H0_calib=1681 H1_calib=473
[WeightedEnsemble] Fitted weights (alpha=0.0500, external calib):
  tau=0.6491, Pooled external calib: TPR=0.5814, FPR=0.0500
  PrecomputedCosine   : +0.2610
  PCAWhitenedCosine   : +0.2348
  XGBoost             : +0.2127
  Tiny MLP            : +0.2846
  LDA                 : +0.0070
  [WeightedEnsemble][DEBUG] collapse=False top_judge=Tiny MLP top_weight=0.2846
[DEBUG][WeightedEnsemble][fit_all_methods] context=matched_global_on_local using_pure_calib=True H0_train=1721 H1_train=482 H0_calib_pure=1681 H1_calib_pure=473 H0_calib_eff=3402 H1_calib_eff=955
  [Ensemble] Judges routed to 'alt' input: PrecomputedCosine
  [WeightedEnsemble][DEBUG] fit_context=matched_global_on_local external_calib_used=True H0_train=1721 H1_train=482 H0_calib=1681 H1_calib=473
[WeightedEnsemble] Fitted weights (alpha=0.0500, external calib):
  tau=0.6491, Pooled external calib: TPR=0.5814, FPR=0.0500
  PrecomputedCosine   : +0.2610
  PCAWhitenedCosine   : +0.2348
  XGBoost             : +0.2127
  Tiny MLP            : +0.2846
  LDA                 : +0.0070
  [WeightedEnsemble][DEBUG] collapse=False top_judge=Tiny MLP top_weight=0.2846

=== Matched Comparison: Local vs Global on Local-Tested Regions ===
Method                   | L-TPR  | L-FPR  | G-TPR  | G-FPR  | L-MacroTPR | G-MacroTPR | Regions
--------------------------------------------------------------------------------------------------------
AndBox-HC                | 0.2573 | 0.0483 | 0.3071 | 0.0587 | 0.2401     | 0.3019     | 16
Cosine                   | 0.3029 | 0.0529 | 0.2988 | 0.0552 | 0.2906     | 0.2981     | 16
LDA                      | 0.3506 | 0.0407 | 0.5228 | 0.0547 | 0.3502     | 0.4822     | 16
LDA1+LogReg              | 0.1058 | 0.0401 | 0.2593 | 0.0465 | 0.1057     | 0.2130     | 16
Log Reg                  | 0.1017 | 0.0401 | 0.2552 | 0.0465 | 0.1028     | 0.2098     | 16
MultiProtoCosine         | 0.1224 | 0.0442 | 0.1888 | 0.0541 | 0.1086     | 0.1613     | 16
PCA16+LogReg             | 0.0643 | 0.0459 | 0.1763 | 0.0424 | 0.0605     | 0.1404     | 16
PCA16+VecWeighted        | 0.0270 | 0.0430 | 0.1660 | 0.0430 | 0.0303     | 0.1488     | 16
PCA32+LogReg             | 0.0975 | 0.0407 | 0.2303 | 0.0471 | 0.0975     | 0.1906     | 16
PCA32+VecWeighted        | 0.0394 | 0.0401 | 0.1680 | 0.0413 | 0.0426     | 0.1538     | 16
PCAWhitenedCosine        | 0.2967 | 0.0395 | 0.5021 | 0.0587 | 0.2978     | 0.4525     | 16
StabilizedWhitenedCosine | 0.3216 | 0.0407 | 0.5062 | 0.0587 | 0.3293     | 0.4562     | 16
Tiny MLP                 | 0.3942 | 0.0465 | 0.5290 | 0.0610 | 0.3755     | 0.4783     | 16
Vec (Wgt)                | 0.3320 | 0.0529 | 0.4212 | 0.0640 | 0.3144     | 0.3770     | 16
WeightedEnsemble         | 0.3631 | 0.0436 | 0.5436 | 0.0599 | 0.3520     | 0.4912     | 16
XGBoost                  | 0.3983 | 0.0384 | 0.5041 | 0.0535 | 0.3768     | 0.4425     | 16

Method                   | TPR    | FPR    | TrTPR  | TrFPR  | MacroTPR | MacroFPR | Regions | TauMean | ms    | OK? 
---------------------------------------------------------------------------------------------------------------------
Cosine                   | 0.3029 | 0.0529 | 0.3150 | 0.0446 | 0.2906   | 0.0512   | 16      | 0.8506  | 41.3  | FAIL
AndBox-HC                | 0.2573 | 0.0483 | 0.2600 | 0.0440 | 0.2401   | 0.0532   | 16      | -0.0001 | 44.5  | PASS
PCAWhitenedCosine        | 0.2967 | 0.0395 | 0.3150 | 0.0434 | 0.2978   | 0.0353   | 16      | 1.3471  | 33.1  | PASS
Vec (Wgt)                | 0.3320 | 0.0529 | 0.3531 | 0.0446 | 0.3144   | 0.0497   | 16      | 0.8718  | 32.0  | FAIL
Log Reg                  | 0.1017 | 0.0401 | 0.1268 | 0.0452 | 0.1028   | 0.0375   | 16      | 0.5094  | 67.9  | PASS
LDA                      | 0.3506 | 0.0407 | 0.3023 | 0.0446 | 0.3502   | 0.0360   | 16      | 5.4547  | 55.7  | PASS
Tiny MLP                 | 0.3942 | 0.0465 | 0.4038 | 0.0440 | 0.3755   | 0.0461   | 16      | 0.5136  | 427.0 | PASS
MultiProtoCosine         | 0.1224 | 0.0442 | 0.1205 | 0.0452 | 0.1086   | 0.0412   | 16      | 0.9305  | 64.3  | PASS
WeightedEnsemble         | 0.3631 | 0.0436 | 0.3932 | 0.0428 | 0.3520   | 0.0337   | 16      | 0.7715  | 591.3 | PASS
XGBoost                  | 0.3983 | 0.0384 | 0.3932 | 0.0446 | 0.3768   | 0.0369   | 16      | 0.4721  | 117.0 | PASS
LDA1+LogReg              | 0.1058 | 0.0401 | 0.1268 | 0.0452 | 0.1057   | 0.0375   | 16      | 0.5093  | 64.7  | PASS
PCA16+LogReg             | 0.0643 | 0.0459 | 0.0846 | 0.0446 | 0.0605   | 0.0389   | 16      | 0.5095  | 74.8  | PASS
PCA32+LogReg             | 0.0975 | 0.0407 | 0.1226 | 0.0452 | 0.0975   | 0.0376   | 16      | 0.5095  | 79.2  | PASS
PCA16+VecWeighted        | 0.0270 | 0.0430 | 0.0465 | 0.0452 | 0.0303   | 0.0426   | 16      | 0.0144  | 49.9  | PASS
PCA32+VecWeighted        | 0.0394 | 0.0401 | 0.0613 | 0.0452 | 0.0426   | 0.0360   | 16      | 0.0204  | 53.1  | PASS
StabilizedWhitenedCosine | 0.3216 | 0.0407 | 0.3510 | 0.0440 | 0.3293   | 0.0377   | 16      | 1.3113  | 39.2  | PASS

[trial=7 seed=49] used_regions=16 split_stats={'skipped_region_insufficient_eval_mins': 957, 'skipped_region_min_h0_eval_after_sampling': 76, 'skipped_region_min_h1_eval_after_sampling': 54, 'used_regions': 16}
  local_fit_mode: pooled
  pooled_train: n0=1721 n1=482
  pooled_calib_eff: n0=3402 n1=955
[INFO] Cosine baseline routed to direct Hadamard sum (PrecomputedCosine)
[INFO] WeightedEnsemble Cosine judge routed to direct Hadamard sum
[DEBUG][WeightedEnsemble][fit_all_methods] context=local using_pure_calib=True H0_train=1721 H1_train=482 H0_calib_pure=1681 H1_calib_pure=473 H0_calib_eff=3402 H1_calib_eff=955
  [Ensemble] Judges routed to 'alt' input: PrecomputedCosine
  [WeightedEnsemble][DEBUG] fit_context=local external_calib_used=True H0_train=1721 H1_train=482 H0_calib=1681 H1_calib=473
[WeightedEnsemble] Fitted weights (alpha=0.0500, external calib):
  tau=0.8393, Pooled external calib: TPR=0.5624, FPR=0.0500
  PrecomputedCosine   : +0.6579
  PCAWhitenedCosine   : +0.1446
  XGBoost             : +0.0673
  Tiny MLP            : +0.0713
  LDA                 : +0.0589
  [WeightedEnsemble][DEBUG] collapse=False top_judge=PrecomputedCosine top_weight=0.6579
[DEBUG][WeightedEnsemble][fit_all_methods] context=matched_global_on_local using_pure_calib=True H0_train=1721 H1_train=482 H0_calib_pure=1681 H1_calib_pure=473 H0_calib_eff=3402 H1_calib_eff=955
  [Ensemble] Judges routed to 'alt' input: PrecomputedCosine
  [WeightedEnsemble][DEBUG] fit_context=matched_global_on_local external_calib_used=True H0_train=1721 H1_train=482 H0_calib=1681 H1_calib=473
[WeightedEnsemble] Fitted weights (alpha=0.0500, external calib):
  tau=0.8393, Pooled external calib: TPR=0.5624, FPR=0.0500
  PrecomputedCosine   : +0.6579
  PCAWhitenedCosine   : +0.1446
  XGBoost             : +0.0673
  Tiny MLP            : +0.0713
  LDA                 : +0.0589
  [WeightedEnsemble][DEBUG] collapse=False top_judge=PrecomputedCosine top_weight=0.6579

=== Matched Comparison: Local vs Global on Local-Tested Regions ===
Method                   | L-TPR  | L-FPR  | G-TPR  | G-FPR  | L-MacroTPR | G-MacroTPR | Regions
--------------------------------------------------------------------------------------------------------
AndBox-HC                | 0.2220 | 0.0535 | 0.3216 | 0.0547 | 0.2237     | 0.3083     | 16
Cosine                   | 0.2261 | 0.0477 | 0.3091 | 0.0535 | 0.2376     | 0.2986     | 16
LDA                      | 0.3320 | 0.0448 | 0.5021 | 0.0558 | 0.3303     | 0.4593     | 16
LDA1+LogReg              | 0.1183 | 0.0541 | 0.2614 | 0.0517 | 0.1170     | 0.2094     | 16
Log Reg                  | 0.1183 | 0.0541 | 0.2656 | 0.0535 | 0.1170     | 0.2138     | 16
MultiProtoCosine         | 0.1349 | 0.0407 | 0.1660 | 0.0395 | 0.1301     | 0.1328     | 16
PCA16+LogReg             | 0.0768 | 0.0547 | 0.2137 | 0.0599 | 0.0705     | 0.1671     | 16
PCA16+VecWeighted        | 0.0456 | 0.0424 | 0.0996 | 0.0448 | 0.0400     | 0.1000     | 16
PCA32+LogReg             | 0.1120 | 0.0535 | 0.2510 | 0.0552 | 0.1112     | 0.2008     | 16
PCA32+VecWeighted        | 0.0270 | 0.0471 | 0.1141 | 0.0436 | 0.0239     | 0.1127     | 16
PCAWhitenedCosine        | 0.3485 | 0.0453 | 0.4876 | 0.0523 | 0.3530     | 0.4414     | 16
StabilizedWhitenedCosine | 0.3506 | 0.0465 | 0.4751 | 0.0494 | 0.3473     | 0.4300     | 16
Tiny MLP                 | 0.3672 | 0.0436 | 0.4876 | 0.0488 | 0.3758     | 0.4417     | 16
Vec (Wgt)                | 0.2303 | 0.0465 | 0.4149 | 0.0517 | 0.2465     | 0.3718     | 16
WeightedEnsemble         | 0.3797 | 0.0506 | 0.5436 | 0.0506 | 0.3716     | 0.4861     | 16
XGBoost                  | 0.3133 | 0.0413 | 0.4979 | 0.0500 | 0.3174     | 0.4302     | 16

Method                   | TPR    | FPR    | TrTPR  | TrFPR  | MacroTPR | MacroFPR | Regions | TauMean | ms    | OK? 
---------------------------------------------------------------------------------------------------------------------
Cosine                   | 0.2261 | 0.0477 | 0.2368 | 0.0452 | 0.2376   | 0.0469   | 16      | 0.8630  | 43.8  | PASS
AndBox-HC                | 0.2220 | 0.0535 | 0.2326 | 0.0452 | 0.2237   | 0.0465   | 16      | -0.0000 | 46.8  | FAIL
PCAWhitenedCosine        | 0.3485 | 0.0453 | 0.3552 | 0.0446 | 0.3530   | 0.0402   | 16      | 1.3593  | 33.5  | PASS
Vec (Wgt)                | 0.2303 | 0.0465 | 0.2410 | 0.0452 | 0.2465   | 0.0406   | 16      | 0.8869  | 32.8  | PASS
Log Reg                  | 0.1183 | 0.0541 | 0.1290 | 0.0446 | 0.1170   | 0.0534   | 16      | 0.5093  | 67.1  | FAIL
LDA                      | 0.3320 | 0.0448 | 0.3087 | 0.0440 | 0.3303   | 0.0494   | 16      | 5.5558  | 55.3  | PASS
Tiny MLP                 | 0.3672 | 0.0436 | 0.3700 | 0.0452 | 0.3758   | 0.0420   | 16      | 0.5107  | 428.3 | PASS
MultiProtoCosine         | 0.1349 | 0.0407 | 0.1142 | 0.0446 | 0.1301   | 0.0350   | 16      | 0.9301  | 63.7  | PASS
WeightedEnsemble         | 0.3797 | 0.0506 | 0.3890 | 0.0434 | 0.3716   | 0.0539   | 16      | 1.0152  | 588.5 | FAIL
XGBoost                  | 0.3133 | 0.0413 | 0.3488 | 0.0446 | 0.3174   | 0.0355   | 16      | 0.4810  | 115.8 | PASS
LDA1+LogReg              | 0.1183 | 0.0541 | 0.1290 | 0.0446 | 0.1170   | 0.0534   | 16      | 0.5092  | 63.5  | FAIL
PCA16+LogReg             | 0.0768 | 0.0547 | 0.0846 | 0.0446 | 0.0705   | 0.0575   | 16      | 0.5094  | 74.6  | FAIL
PCA32+LogReg             | 0.1120 | 0.0535 | 0.1247 | 0.0446 | 0.1112   | 0.0542   | 16      | 0.5093  | 78.0  | FAIL
PCA16+VecWeighted        | 0.0456 | 0.0424 | 0.0423 | 0.0446 | 0.0400   | 0.0389   | 16      | 0.0154  | 49.1  | PASS
PCA32+VecWeighted        | 0.0270 | 0.0471 | 0.0444 | 0.0440 | 0.0239   | 0.0387   | 16      | 0.0239  | 52.4  | PASS
StabilizedWhitenedCosine | 0.3506 | 0.0465 | 0.3594 | 0.0440 | 0.3473   | 0.0462   | 16      | 1.3319  | 39.5  | PASS

[trial=8 seed=50] used_regions=16 split_stats={'skipped_region_insufficient_eval_mins': 957, 'skipped_region_min_h0_eval_after_sampling': 76, 'skipped_region_min_h1_eval_after_sampling': 54, 'used_regions': 16}
  local_fit_mode: pooled
  pooled_train: n0=1721 n1=482
  pooled_calib_eff: n0=3402 n1=955
[INFO] Cosine baseline routed to direct Hadamard sum (PrecomputedCosine)
[INFO] WeightedEnsemble Cosine judge routed to direct Hadamard sum
[DEBUG][WeightedEnsemble][fit_all_methods] context=local using_pure_calib=True H0_train=1721 H1_train=482 H0_calib_pure=1681 H1_calib_pure=473 H0_calib_eff=3402 H1_calib_eff=955
  [Ensemble] Judges routed to 'alt' input: PrecomputedCosine
  [WeightedEnsemble][DEBUG] fit_context=local external_calib_used=True H0_train=1721 H1_train=482 H0_calib=1681 H1_calib=473
[WeightedEnsemble] Fitted weights (alpha=0.0500, external calib):
  tau=0.6274, Pooled external calib: TPR=0.5645, FPR=0.0500
  PrecomputedCosine   : +0.4364
  PCAWhitenedCosine   : +0.0571
  XGBoost             : +0.1048
  Tiny MLP            : +0.3819
  LDA                 : +0.0199
  [WeightedEnsemble][DEBUG] collapse=False top_judge=PrecomputedCosine top_weight=0.4364
[DEBUG][WeightedEnsemble][fit_all_methods] context=matched_global_on_local using_pure_calib=True H0_train=1721 H1_train=482 H0_calib_pure=1681 H1_calib_pure=473 H0_calib_eff=3402 H1_calib_eff=955
  [Ensemble] Judges routed to 'alt' input: PrecomputedCosine
  [WeightedEnsemble][DEBUG] fit_context=matched_global_on_local external_calib_used=True H0_train=1721 H1_train=482 H0_calib=1681 H1_calib=473
[WeightedEnsemble] Fitted weights (alpha=0.0500, external calib):
  tau=0.6274, Pooled external calib: TPR=0.5645, FPR=0.0500
  PrecomputedCosine   : +0.4364
  PCAWhitenedCosine   : +0.0571
  XGBoost             : +0.1048
  Tiny MLP            : +0.3819
  LDA                 : +0.0199
  [WeightedEnsemble][DEBUG] collapse=False top_judge=PrecomputedCosine top_weight=0.4364

=== Matched Comparison: Local vs Global on Local-Tested Regions ===
Method                   | L-TPR  | L-FPR  | G-TPR  | G-FPR  | L-MacroTPR | G-MacroTPR | Regions
--------------------------------------------------------------------------------------------------------
AndBox-HC                | 0.2573 | 0.0424 | 0.3174 | 0.0407 | 0.2427     | 0.2933     | 16
Cosine                   | 0.2614 | 0.0302 | 0.3485 | 0.0413 | 0.2609     | 0.3327     | 16
LDA                      | 0.2801 | 0.0291 | 0.4979 | 0.0453 | 0.2580     | 0.4530     | 16
LDA1+LogReg              | 0.1224 | 0.0384 | 0.2967 | 0.0459 | 0.1165     | 0.2466     | 16
Log Reg                  | 0.1224 | 0.0395 | 0.2925 | 0.0465 | 0.1165     | 0.2418     | 16
MultiProtoCosine         | 0.1411 | 0.0483 | 0.1867 | 0.0547 | 0.1214     | 0.1573     | 16
PCA16+LogReg             | 0.0705 | 0.0366 | 0.2365 | 0.0483 | 0.0645     | 0.1980     | 16
PCA16+VecWeighted        | 0.0394 | 0.0459 | 0.1307 | 0.0448 | 0.0383     | 0.1207     | 16
PCA32+LogReg             | 0.1100 | 0.0390 | 0.2614 | 0.0453 | 0.1062     | 0.2175     | 16
PCA32+VecWeighted        | 0.0166 | 0.0471 | 0.1203 | 0.0448 | 0.0156     | 0.1099     | 16
PCAWhitenedCosine        | 0.3340 | 0.0331 | 0.5456 | 0.0465 | 0.3217     | 0.4995     | 16
StabilizedWhitenedCosine | 0.3278 | 0.0285 | 0.5353 | 0.0517 | 0.3125     | 0.4877     | 16
Tiny MLP                 | 0.3880 | 0.0320 | 0.5332 | 0.0459 | 0.3659     | 0.4815     | 16
Vec (Wgt)                | 0.2676 | 0.0302 | 0.4419 | 0.0442 | 0.2649     | 0.4001     | 16
WeightedEnsemble         | 0.4627 | 0.0337 | 0.5996 | 0.0471 | 0.4479     | 0.5512     | 16
XGBoost                  | 0.4336 | 0.0500 | 0.5311 | 0.0517 | 0.4288     | 0.4731     | 16

Method                   | TPR    | FPR    | TrTPR  | TrFPR  | MacroTPR | MacroFPR | Regions | TauMean | ms    | OK? 
---------------------------------------------------------------------------------------------------------------------
Cosine                   | 0.2614 | 0.0302 | 0.2347 | 0.0440 | 0.2609   | 0.0243   | 16      | 0.8580  | 41.5  | PASS
AndBox-HC                | 0.2573 | 0.0424 | 0.2495 | 0.0446 | 0.2427   | 0.0462   | 16      | -0.0001 | 46.2  | PASS
PCAWhitenedCosine        | 0.3340 | 0.0331 | 0.3129 | 0.0446 | 0.3217   | 0.0323   | 16      | 1.3339  | 33.4  | PASS
Vec (Wgt)                | 0.2676 | 0.0302 | 0.2389 | 0.0434 | 0.2649   | 0.0248   | 16      | 0.8802  | 32.8  | PASS
Log Reg                  | 0.1224 | 0.0395 | 0.0951 | 0.0446 | 0.1165   | 0.0347   | 16      | 0.5092  | 68.5  | PASS
LDA                      | 0.2801 | 0.0291 | 0.2748 | 0.0440 | 0.2580   | 0.0359   | 16      | 5.0962  | 57.1  | PASS
Tiny MLP                 | 0.3880 | 0.0320 | 0.3594 | 0.0446 | 0.3659   | 0.0258   | 16      | 0.4875  | 474.0 | PASS
MultiProtoCosine         | 0.1411 | 0.0483 | 0.1459 | 0.0446 | 0.1214   | 0.0500   | 16      | 0.9304  | 65.5  | PASS
WeightedEnsemble         | 0.4627 | 0.0337 | 0.4059 | 0.0440 | 0.4479   | 0.0272   | 16      | 0.7115  | 653.2 | PASS
XGBoost                  | 0.4336 | 0.0500 | 0.3953 | 0.0434 | 0.4288   | 0.0405   | 16      | 0.4666  | 116.7 | PASS
LDA1+LogReg              | 0.1224 | 0.0384 | 0.0951 | 0.0446 | 0.1165   | 0.0326   | 16      | 0.5092  | 64.6  | PASS
PCA16+LogReg             | 0.0705 | 0.0366 | 0.0571 | 0.0446 | 0.0645   | 0.0353   | 16      | 0.5094  | 75.9  | PASS
PCA32+LogReg             | 0.1100 | 0.0390 | 0.0909 | 0.0446 | 0.1062   | 0.0330   | 16      | 0.5093  | 79.5  | PASS
PCA16+VecWeighted        | 0.0394 | 0.0459 | 0.0613 | 0.0446 | 0.0383   | 0.0441   | 16      | 0.0147  | 50.2  | PASS
PCA32+VecWeighted        | 0.0166 | 0.0471 | 0.0233 | 0.0446 | 0.0156   | 0.0403   | 16      | 0.0247  | 53.7  | PASS
StabilizedWhitenedCosine | 0.3278 | 0.0285 | 0.3023 | 0.0446 | 0.3125   | 0.0283   | 16      | 1.3405  | 39.8  | PASS

[trial=9 seed=51] used_regions=16 split_stats={'skipped_region_insufficient_eval_mins': 957, 'skipped_region_min_h0_eval_after_sampling': 76, 'skipped_region_min_h1_eval_after_sampling': 54, 'used_regions': 16}
  local_fit_mode: pooled
  pooled_train: n0=1721 n1=482
  pooled_calib_eff: n0=3402 n1=955
[INFO] Cosine baseline routed to direct Hadamard sum (PrecomputedCosine)
[INFO] WeightedEnsemble Cosine judge routed to direct Hadamard sum
[DEBUG][WeightedEnsemble][fit_all_methods] context=local using_pure_calib=True H0_train=1721 H1_train=482 H0_calib_pure=1681 H1_calib_pure=473 H0_calib_eff=3402 H1_calib_eff=955
  [Ensemble] Judges routed to 'alt' input: PrecomputedCosine
  [WeightedEnsemble][DEBUG] fit_context=local external_calib_used=True H0_train=1721 H1_train=482 H0_calib=1681 H1_calib=473
[WeightedEnsemble] Fitted weights (alpha=0.0500, external calib):
  tau=0.6238, Pooled external calib: TPR=0.5899, FPR=0.0500
  PrecomputedCosine   : +0.1195
  PCAWhitenedCosine   : +0.3770
  XGBoost             : +0.2691
  Tiny MLP            : +0.2045
  LDA                 : +0.0298
  [WeightedEnsemble][DEBUG] collapse=False top_judge=PCAWhitenedCosine top_weight=0.3770
[DEBUG][WeightedEnsemble][fit_all_methods] context=matched_global_on_local using_pure_calib=True H0_train=1721 H1_train=482 H0_calib_pure=1681 H1_calib_pure=473 H0_calib_eff=3402 H1_calib_eff=955
  [Ensemble] Judges routed to 'alt' input: PrecomputedCosine
  [WeightedEnsemble][DEBUG] fit_context=matched_global_on_local external_calib_used=True H0_train=1721 H1_train=482 H0_calib=1681 H1_calib=473
[WeightedEnsemble] Fitted weights (alpha=0.0500, external calib):
  tau=0.6238, Pooled external calib: TPR=0.5899, FPR=0.0500
  PrecomputedCosine   : +0.1195
  PCAWhitenedCosine   : +0.3770
  XGBoost             : +0.2691
  Tiny MLP            : +0.2045
  LDA                 : +0.0298
  [WeightedEnsemble][DEBUG] collapse=False top_judge=PCAWhitenedCosine top_weight=0.3770

=== Matched Comparison: Local vs Global on Local-Tested Regions ===
Method                   | L-TPR  | L-FPR  | G-TPR  | G-FPR  | L-MacroTPR | G-MacroTPR | Regions
--------------------------------------------------------------------------------------------------------
AndBox-HC                | 0.2324 | 0.0506 | 0.3091 | 0.0500 | 0.2334     | 0.3073     | 16
Cosine                   | 0.2759 | 0.0424 | 0.3548 | 0.0587 | 0.2775     | 0.3525     | 16
LDA                      | 0.2448 | 0.0430 | 0.4336 | 0.0488 | 0.2423     | 0.3963     | 16
LDA1+LogReg              | 0.1805 | 0.0657 | 0.2925 | 0.0448 | 0.1865     | 0.2420     | 16
Log Reg                  | 0.1805 | 0.0663 | 0.2925 | 0.0448 | 0.1865     | 0.2420     | 16
MultiProtoCosine         | 0.0913 | 0.0424 | 0.1763 | 0.0465 | 0.0884     | 0.1503     | 16
PCA16+LogReg             | 0.0788 | 0.0558 | 0.1950 | 0.0390 | 0.0745     | 0.1616     | 16
PCA16+VecWeighted        | 0.0726 | 0.0517 | 0.2199 | 0.0453 | 0.0750     | 0.1954     | 16
PCA32+LogReg             | 0.1660 | 0.0622 | 0.2759 | 0.0448 | 0.1719     | 0.2295     | 16
PCA32+VecWeighted        | 0.1058 | 0.0477 | 0.2075 | 0.0384 | 0.1113     | 0.1868     | 16
PCAWhitenedCosine        | 0.3527 | 0.0419 | 0.5415 | 0.0535 | 0.3694     | 0.5041     | 16
StabilizedWhitenedCosine | 0.3423 | 0.0471 | 0.5187 | 0.0477 | 0.3626     | 0.4852     | 16
Tiny MLP                 | 0.3506 | 0.0436 | 0.4896 | 0.0459 | 0.3640     | 0.4461     | 16
Vec (Wgt)                | 0.2884 | 0.0430 | 0.4523 | 0.0506 | 0.2966     | 0.4182     | 16
WeightedEnsemble         | 0.3880 | 0.0436 | 0.5726 | 0.0541 | 0.4058     | 0.5313     | 16
XGBoost                  | 0.3568 | 0.0430 | 0.4668 | 0.0430 | 0.3723     | 0.4114     | 16

Method                   | TPR    | FPR    | TrTPR  | TrFPR  | MacroTPR | MacroFPR | Regions | TauMean | ms    | OK? 
---------------------------------------------------------------------------------------------------------------------
Cosine                   | 0.2759 | 0.0424 | 0.3066 | 0.0446 | 0.2775   | 0.0499   | 16      | 0.8492  | 40.6  | PASS
AndBox-HC                | 0.2324 | 0.0506 | 0.2347 | 0.0446 | 0.2334   | 0.0503   | 16      | -0.0001 | 44.1  | FAIL
PCAWhitenedCosine        | 0.3527 | 0.0419 | 0.3700 | 0.0446 | 0.3694   | 0.0395   | 16      | 1.3290  | 32.5  | PASS
Vec (Wgt)                | 0.2884 | 0.0430 | 0.3108 | 0.0446 | 0.2966   | 0.0483   | 16      | 0.8696  | 31.8  | PASS
Log Reg                  | 0.1805 | 0.0663 | 0.1903 | 0.0446 | 0.1865   | 0.0678   | 16      | 0.5091  | 66.3  | FAIL
LDA                      | 0.2448 | 0.0430 | 0.3256 | 0.0440 | 0.2423   | 0.0347   | 16      | 5.7504  | 55.1  | PASS
Tiny MLP                 | 0.3506 | 0.0436 | 0.3805 | 0.0446 | 0.3640   | 0.0466   | 16      | 0.4853  | 460.5 | PASS
MultiProtoCosine         | 0.0913 | 0.0424 | 0.1353 | 0.0446 | 0.0884   | 0.0403   | 16      | 0.9312  | 63.4  | PASS
WeightedEnsemble         | 0.3880 | 0.0436 | 0.4059 | 0.0440 | 0.4058   | 0.0435   | 16      | 0.8893  | 624.8 | PASS
XGBoost                  | 0.3568 | 0.0430 | 0.3636 | 0.0434 | 0.3723   | 0.0375   | 16      | 0.4704  | 116.5 | PASS
LDA1+LogReg              | 0.1805 | 0.0657 | 0.1903 | 0.0446 | 0.1865   | 0.0671   | 16      | 0.5091  | 64.5  | FAIL
PCA16+LogReg             | 0.0788 | 0.0558 | 0.0698 | 0.0446 | 0.0745   | 0.0495   | 16      | 0.5094  | 75.6  | FAIL
PCA32+LogReg             | 0.1660 | 0.0622 | 0.1734 | 0.0446 | 0.1719   | 0.0644   | 16      | 0.5092  | 81.7  | FAIL
PCA16+VecWeighted        | 0.0726 | 0.0517 | 0.0803 | 0.0446 | 0.0750   | 0.0506   | 16      | 0.0140  | 50.9  | FAIL
PCA32+VecWeighted        | 0.1058 | 0.0477 | 0.1099 | 0.0440 | 0.1113   | 0.0492   | 16      | 0.0224  | 53.7  | PASS
StabilizedWhitenedCosine | 0.3423 | 0.0471 | 0.3658 | 0.0446 | 0.3626   | 0.0398   | 16      | 1.2735  | 39.5  | PASS

[trial=10 seed=52] used_regions=16 split_stats={'skipped_region_insufficient_eval_mins': 957, 'skipped_region_min_h0_eval_after_sampling': 76, 'skipped_region_min_h1_eval_after_sampling': 54, 'used_regions': 16}
  local_fit_mode: pooled
  pooled_train: n0=1721 n1=482
  pooled_calib_eff: n0=3402 n1=955
[INFO] Cosine baseline routed to direct Hadamard sum (PrecomputedCosine)
[INFO] WeightedEnsemble Cosine judge routed to direct Hadamard sum
[DEBUG][WeightedEnsemble][fit_all_methods] context=local using_pure_calib=True H0_train=1721 H1_train=482 H0_calib_pure=1681 H1_calib_pure=473 H0_calib_eff=3402 H1_calib_eff=955
  [Ensemble] Judges routed to 'alt' input: PrecomputedCosine
  [WeightedEnsemble][DEBUG] fit_context=local external_calib_used=True H0_train=1721 H1_train=482 H0_calib=1681 H1_calib=473
[WeightedEnsemble] Fitted weights (alpha=0.0500, external calib):
  tau=0.8043, Pooled external calib: TPR=0.5328, FPR=0.0500
  PrecomputedCosine   : +0.5316
  PCAWhitenedCosine   : +0.2031
  XGBoost             : +0.0553
  Tiny MLP            : +0.1785
  LDA                 : +0.0315
  [WeightedEnsemble][DEBUG] collapse=False top_judge=PrecomputedCosine top_weight=0.5316
[DEBUG][WeightedEnsemble][fit_all_methods] context=matched_global_on_local using_pure_calib=True H0_train=1721 H1_train=482 H0_calib_pure=1681 H1_calib_pure=473 H0_calib_eff=3402 H1_calib_eff=955
  [Ensemble] Judges routed to 'alt' input: PrecomputedCosine
  [WeightedEnsemble][DEBUG] fit_context=matched_global_on_local external_calib_used=True H0_train=1721 H1_train=482 H0_calib=1681 H1_calib=473
[WeightedEnsemble] Fitted weights (alpha=0.0500, external calib):
  tau=0.8043, Pooled external calib: TPR=0.5328, FPR=0.0500
  PrecomputedCosine   : +0.5316
  PCAWhitenedCosine   : +0.2031
  XGBoost             : +0.0553
  Tiny MLP            : +0.1785
  LDA                 : +0.0315
  [WeightedEnsemble][DEBUG] collapse=False top_judge=PrecomputedCosine top_weight=0.5316

=== Matched Comparison: Local vs Global on Local-Tested Regions ===
Method                   | L-TPR  | L-FPR  | G-TPR  | G-FPR  | L-MacroTPR | G-MacroTPR | Regions
--------------------------------------------------------------------------------------------------------
AndBox-HC                | 0.2469 | 0.0436 | 0.3154 | 0.0529 | 0.2469     | 0.3036     | 16
Cosine                   | 0.2967 | 0.0558 | 0.3320 | 0.0576 | 0.2977     | 0.3281     | 16
LDA                      | 0.3154 | 0.0390 | 0.4668 | 0.0465 | 0.2980     | 0.4243     | 16
LDA1+LogReg              | 0.1452 | 0.0552 | 0.2697 | 0.0477 | 0.1407     | 0.2165     | 16
Log Reg                  | 0.1452 | 0.0552 | 0.2697 | 0.0471 | 0.1407     | 0.2165     | 16
MultiProtoCosine         | 0.1224 | 0.0372 | 0.2116 | 0.0576 | 0.1103     | 0.1643     | 16
PCA16+LogReg             | 0.0705 | 0.0552 | 0.2033 | 0.0459 | 0.0659     | 0.1615     | 16
PCA16+VecWeighted        | 0.0664 | 0.0453 | 0.1307 | 0.0477 | 0.0612     | 0.1127     | 16
PCA32+LogReg             | 0.1328 | 0.0570 | 0.2593 | 0.0477 | 0.1286     | 0.2070     | 16
PCA32+VecWeighted        | 0.0726 | 0.0436 | 0.1266 | 0.0436 | 0.0697     | 0.1092     | 16
PCAWhitenedCosine        | 0.3423 | 0.0465 | 0.4668 | 0.0424 | 0.3430     | 0.4238     | 16
StabilizedWhitenedCosine | 0.3382 | 0.0465 | 0.4710 | 0.0453 | 0.3435     | 0.4297     | 16
Tiny MLP                 | 0.4087 | 0.0483 | 0.5311 | 0.0465 | 0.3929     | 0.4891     | 16
Vec (Wgt)                | 0.3154 | 0.0610 | 0.4274 | 0.0506 | 0.3136     | 0.3839     | 16
WeightedEnsemble         | 0.3714 | 0.0355 | 0.5373 | 0.0407 | 0.3647     | 0.4911     | 16
XGBoost                  | 0.3589 | 0.0424 | 0.4834 | 0.0442 | 0.3577     | 0.4223     | 16

Method                   | TPR    | FPR    | TrTPR  | TrFPR  | MacroTPR | MacroFPR | Regions | TauMean | ms    | OK? 
---------------------------------------------------------------------------------------------------------------------
Cosine                   | 0.2967 | 0.0558 | 0.2431 | 0.0446 | 0.2977   | 0.0506   | 16      | 0.8518  | 44.5  | FAIL
AndBox-HC                | 0.2469 | 0.0436 | 0.2431 | 0.0452 | 0.2469   | 0.0354   | 16      | -0.0000 | 45.5  | PASS
PCAWhitenedCosine        | 0.3423 | 0.0465 | 0.3235 | 0.0452 | 0.3430   | 0.0410   | 16      | 1.4449  | 33.2  | PASS
Vec (Wgt)                | 0.3154 | 0.0610 | 0.2537 | 0.0440 | 0.3136   | 0.0546   | 16      | 0.8744  | 32.0  | FAIL
Log Reg                  | 0.1452 | 0.0552 | 0.1395 | 0.0446 | 0.1407   | 0.0523   | 16      | 0.5091  | 67.8  | FAIL
LDA                      | 0.3154 | 0.0390 | 0.3235 | 0.0434 | 0.2980   | 0.0370   | 16      | 5.0603  | 56.0  | PASS
Tiny MLP                 | 0.4087 | 0.0483 | 0.4080 | 0.0458 | 0.3929   | 0.0436   | 16      | 0.5394  | 418.5 | PASS
MultiProtoCosine         | 0.1224 | 0.0372 | 0.1353 | 0.0452 | 0.1103   | 0.0407   | 16      | 0.9306  | 63.9  | PASS
WeightedEnsemble         | 0.3714 | 0.0355 | 0.3552 | 0.0440 | 0.3647   | 0.0279   | 16      | 0.9442  | 578.8 | PASS
XGBoost                  | 0.3589 | 0.0424 | 0.3488 | 0.0446 | 0.3577   | 0.0330   | 16      | 0.4730  | 115.4 | PASS
LDA1+LogReg              | 0.1452 | 0.0552 | 0.1416 | 0.0446 | 0.1407   | 0.0523   | 16      | 0.5090  | 64.5  | FAIL
PCA16+LogReg             | 0.0705 | 0.0552 | 0.0761 | 0.0440 | 0.0659   | 0.0556   | 16      | 0.5093  | 75.5  | FAIL
PCA32+LogReg             | 0.1328 | 0.0570 | 0.1332 | 0.0446 | 0.1286   | 0.0547   | 16      | 0.5092  | 79.2  | FAIL
PCA16+VecWeighted        | 0.0664 | 0.0453 | 0.0613 | 0.0446 | 0.0612   | 0.0398   | 16      | 0.0160  | 49.8  | PASS
PCA32+VecWeighted        | 0.0726 | 0.0436 | 0.0698 | 0.0440 | 0.0697   | 0.0385   | 16      | 0.0225  | 53.3  | PASS
StabilizedWhitenedCosine | 0.3382 | 0.0465 | 0.3129 | 0.0452 | 0.3435   | 0.0423   | 16      | 1.4225  | 40.2  | PASS

[trial=11 seed=53] used_regions=16 split_stats={'skipped_region_insufficient_eval_mins': 957, 'skipped_region_min_h0_eval_after_sampling': 76, 'skipped_region_min_h1_eval_after_sampling': 54, 'used_regions': 16}
  local_fit_mode: pooled
  pooled_train: n0=1721 n1=482
  pooled_calib_eff: n0=3402 n1=955
[INFO] Cosine baseline routed to direct Hadamard sum (PrecomputedCosine)
[INFO] WeightedEnsemble Cosine judge routed to direct Hadamard sum
[DEBUG][WeightedEnsemble][fit_all_methods] context=local using_pure_calib=True H0_train=1721 H1_train=482 H0_calib_pure=1681 H1_calib_pure=473 H0_calib_eff=3402 H1_calib_eff=955
  [Ensemble] Judges routed to 'alt' input: PrecomputedCosine
  [WeightedEnsemble][DEBUG] fit_context=local external_calib_used=True H0_train=1721 H1_train=482 H0_calib=1681 H1_calib=473
[WeightedEnsemble] Fitted weights (alpha=0.0500, external calib):
  tau=0.7176, Pooled external calib: TPR=0.5560, FPR=0.0500
  PrecomputedCosine   : +0.1195
  PCAWhitenedCosine   : +0.3770
  XGBoost             : +0.2691
  Tiny MLP            : +0.2045
  LDA                 : +0.0298
  [WeightedEnsemble][DEBUG] collapse=False top_judge=PCAWhitenedCosine top_weight=0.3770
[DEBUG][WeightedEnsemble][fit_all_methods] context=matched_global_on_local using_pure_calib=True H0_train=1721 H1_train=482 H0_calib_pure=1681 H1_calib_pure=473 H0_calib_eff=3402 H1_calib_eff=955
  [Ensemble] Judges routed to 'alt' input: PrecomputedCosine
  [WeightedEnsemble][DEBUG] fit_context=matched_global_on_local external_calib_used=True H0_train=1721 H1_train=482 H0_calib=1681 H1_calib=473
[WeightedEnsemble] Fitted weights (alpha=0.0500, external calib):
  tau=0.7176, Pooled external calib: TPR=0.5560, FPR=0.0500
  PrecomputedCosine   : +0.1195
  PCAWhitenedCosine   : +0.3770
  XGBoost             : +0.2691
  Tiny MLP            : +0.2045
  LDA                 : +0.0298
  [WeightedEnsemble][DEBUG] collapse=False top_judge=PCAWhitenedCosine top_weight=0.3770

=== Matched Comparison: Local vs Global on Local-Tested Regions ===
Method                   | L-TPR  | L-FPR  | G-TPR  | G-FPR  | L-MacroTPR | G-MacroTPR | Regions
--------------------------------------------------------------------------------------------------------
AndBox-HC                | 0.2261 | 0.0448 | 0.2573 | 0.0407 | 0.2174     | 0.2402     | 16
Cosine                   | 0.2220 | 0.0488 | 0.2946 | 0.0465 | 0.2201     | 0.2795     | 16
LDA                      | 0.2510 | 0.0488 | 0.4979 | 0.0512 | 0.2447     | 0.4588     | 16
LDA1+LogReg              | 0.1058 | 0.0413 | 0.2676 | 0.0471 | 0.1058     | 0.2141     | 16
Log Reg                  | 0.1058 | 0.0419 | 0.2635 | 0.0471 | 0.1058     | 0.2111     | 16
MultiProtoCosine         | 0.1079 | 0.0355 | 0.1743 | 0.0529 | 0.0984     | 0.1520     | 16
PCA16+LogReg             | 0.0415 | 0.0378 | 0.1826 | 0.0488 | 0.0369     | 0.1398     | 16
PCA16+VecWeighted        | 0.0664 | 0.0547 | 0.2158 | 0.0488 | 0.0625     | 0.1875     | 16
PCA32+LogReg             | 0.0996 | 0.0401 | 0.2365 | 0.0488 | 0.1010     | 0.1867     | 16
PCA32+VecWeighted        | 0.0560 | 0.0529 | 0.2220 | 0.0459 | 0.0534     | 0.1951     | 16
PCAWhitenedCosine        | 0.3361 | 0.0459 | 0.4959 | 0.0477 | 0.3291     | 0.4474     | 16
StabilizedWhitenedCosine | 0.3008 | 0.0436 | 0.4834 | 0.0506 | 0.2964     | 0.4308     | 16
Tiny MLP                 | 0.3527 | 0.0488 | 0.4585 | 0.0424 | 0.3349     | 0.4045     | 16
Vec (Wgt)                | 0.2510 | 0.0494 | 0.4129 | 0.0576 | 0.2474     | 0.3663     | 16
WeightedEnsemble         | 0.3631 | 0.0448 | 0.5477 | 0.0471 | 0.3505     | 0.4966     | 16
XGBoost                  | 0.3091 | 0.0477 | 0.5062 | 0.0459 | 0.3009     | 0.4507     | 16

Method                   | TPR    | FPR    | TrTPR  | TrFPR  | MacroTPR | MacroFPR | Regions | TauMean | ms    | OK? 
---------------------------------------------------------------------------------------------------------------------
Cosine                   | 0.2220 | 0.0488 | 0.2537 | 0.0446 | 0.2201   | 0.0465   | 16      | 0.8555  | 48.9  | PASS
AndBox-HC                | 0.2261 | 0.0448 | 0.2368 | 0.0434 | 0.2174   | 0.0519   | 16      | -0.0000 | 50.3  | PASS
PCAWhitenedCosine        | 0.3361 | 0.0459 | 0.3721 | 0.0446 | 0.3291   | 0.0482   | 16      | 1.3006  | 34.8  | PASS
Vec (Wgt)                | 0.2510 | 0.0494 | 0.2706 | 0.0446 | 0.2474   | 0.0481   | 16      | 0.8783  | 35.4  | PASS
Log Reg                  | 0.1058 | 0.0419 | 0.1015 | 0.0440 | 0.1058   | 0.0341   | 16      | 0.5097  | 73.2  | PASS
LDA                      | 0.2510 | 0.0488 | 0.3066 | 0.0446 | 0.2447   | 0.0376   | 16      | 6.1708  | 61.3  | PASS
Tiny MLP                 | 0.3527 | 0.0488 | 0.3932 | 0.0446 | 0.3349   | 0.0485   | 16      | 0.4951  | 526.6 | PASS
MultiProtoCosine         | 0.1079 | 0.0355 | 0.1205 | 0.0440 | 0.0984   | 0.0251   | 16      | 0.9320  | 70.2  | PASS
WeightedEnsemble         | 0.3631 | 0.0448 | 0.4017 | 0.0434 | 0.3505   | 0.0441   | 16      | 0.8946  | 723.5 | PASS
XGBoost                  | 0.3091 | 0.0477 | 0.3383 | 0.0446 | 0.3009   | 0.0444   | 16      | 0.5032  | 121.7 | PASS
LDA1+LogReg              | 0.1058 | 0.0413 | 0.1015 | 0.0440 | 0.1058   | 0.0334   | 16      | 0.5096  | 70.3  | PASS
PCA16+LogReg             | 0.0415 | 0.0378 | 0.0571 | 0.0440 | 0.0369   | 0.0324   | 16      | 0.5098  | 80.6  | PASS
PCA32+LogReg             | 0.0996 | 0.0401 | 0.0951 | 0.0440 | 0.1010   | 0.0327   | 16      | 0.5097  | 83.8  | PASS
PCA16+VecWeighted        | 0.0664 | 0.0547 | 0.0634 | 0.0440 | 0.0625   | 0.0563   | 16      | 0.0148  | 53.6  | FAIL
PCA32+VecWeighted        | 0.0560 | 0.0529 | 0.0655 | 0.0428 | 0.0534   | 0.0535   | 16      | 0.0196  | 56.7  | FAIL
StabilizedWhitenedCosine | 0.3008 | 0.0436 | 0.3383 | 0.0446 | 0.2964   | 0.0465   | 16      | 1.3241  | 42.9  | PASS

[trial=12 seed=54] used_regions=16 split_stats={'skipped_region_insufficient_eval_mins': 957, 'skipped_region_min_h0_eval_after_sampling': 76, 'skipped_region_min_h1_eval_after_sampling': 54, 'used_regions': 16}
  local_fit_mode: pooled
  pooled_train: n0=1721 n1=482
  pooled_calib_eff: n0=3402 n1=955
[INFO] Cosine baseline routed to direct Hadamard sum (PrecomputedCosine)
[INFO] WeightedEnsemble Cosine judge routed to direct Hadamard sum
[DEBUG][WeightedEnsemble][fit_all_methods] context=local using_pure_calib=True H0_train=1721 H1_train=482 H0_calib_pure=1681 H1_calib_pure=473 H0_calib_eff=3402 H1_calib_eff=955
  [Ensemble] Judges routed to 'alt' input: PrecomputedCosine
  [WeightedEnsemble][DEBUG] fit_context=local external_calib_used=True H0_train=1721 H1_train=482 H0_calib=1681 H1_calib=473
[WeightedEnsemble] Fitted weights (alpha=0.0500, external calib):
  tau=0.6370, Pooled external calib: TPR=0.5285, FPR=0.0500
  PrecomputedCosine   : +0.4364
  PCAWhitenedCosine   : +0.0571
  XGBoost             : +0.1048
  Tiny MLP            : +0.3819
  LDA                 : +0.0199
  [WeightedEnsemble][DEBUG] collapse=False top_judge=PrecomputedCosine top_weight=0.4364
[DEBUG][WeightedEnsemble][fit_all_methods] context=matched_global_on_local using_pure_calib=True H0_train=1721 H1_train=482 H0_calib_pure=1681 H1_calib_pure=473 H0_calib_eff=3402 H1_calib_eff=955
  [Ensemble] Judges routed to 'alt' input: PrecomputedCosine
  [WeightedEnsemble][DEBUG] fit_context=matched_global_on_local external_calib_used=True H0_train=1721 H1_train=482 H0_calib=1681 H1_calib=473
[WeightedEnsemble] Fitted weights (alpha=0.0500, external calib):
  tau=0.6370, Pooled external calib: TPR=0.5285, FPR=0.0500
  PrecomputedCosine   : +0.4364
  PCAWhitenedCosine   : +0.0571
  XGBoost             : +0.1048
  Tiny MLP            : +0.3819
  LDA                 : +0.0199
  [WeightedEnsemble][DEBUG] collapse=False top_judge=PrecomputedCosine top_weight=0.4364

=== Matched Comparison: Local vs Global on Local-Tested Regions ===
Method                   | L-TPR  | L-FPR  | G-TPR  | G-FPR  | L-MacroTPR | G-MacroTPR | Regions
--------------------------------------------------------------------------------------------------------
AndBox-HC                | 0.2033 | 0.0459 | 0.2676 | 0.0471 | 0.1948     | 0.2577     | 16
Cosine                   | 0.2676 | 0.0366 | 0.3091 | 0.0407 | 0.2496     | 0.3023     | 16
LDA                      | 0.2884 | 0.0424 | 0.4502 | 0.0413 | 0.2835     | 0.4106     | 16
LDA1+LogReg              | 0.1618 | 0.0523 | 0.2614 | 0.0459 | 0.1622     | 0.2110     | 16
Log Reg                  | 0.1556 | 0.0523 | 0.2614 | 0.0477 | 0.1544     | 0.2110     | 16
MultiProtoCosine         | 0.1266 | 0.0523 | 0.1909 | 0.0477 | 0.1196     | 0.1651     | 16
PCA16+LogReg             | 0.0996 | 0.0523 | 0.2095 | 0.0640 | 0.0950     | 0.1713     | 16
PCA16+VecWeighted        | 0.0373 | 0.0343 | 0.0913 | 0.0529 | 0.0369     | 0.1010     | 16
PCA32+LogReg             | 0.1494 | 0.0529 | 0.2656 | 0.0523 | 0.1497     | 0.2141     | 16
PCA32+VecWeighted        | 0.0622 | 0.0413 | 0.0996 | 0.0558 | 0.0577     | 0.1103     | 16
PCAWhitenedCosine        | 0.3257 | 0.0401 | 0.4896 | 0.0477 | 0.3197     | 0.4466     | 16
StabilizedWhitenedCosine | 0.3320 | 0.0384 | 0.4959 | 0.0512 | 0.3248     | 0.4471     | 16
Tiny MLP                 | 0.3610 | 0.0378 | 0.4855 | 0.0424 | 0.3368     | 0.4346     | 16
Vec (Wgt)                | 0.2905 | 0.0395 | 0.3963 | 0.0390 | 0.2680     | 0.3624     | 16
WeightedEnsemble         | 0.3817 | 0.0419 | 0.5394 | 0.0459 | 0.3746     | 0.4880     | 16
XGBoost                  | 0.3382 | 0.0407 | 0.4606 | 0.0459 | 0.3417     | 0.3977     | 16

Method                   | TPR    | FPR    | TrTPR  | TrFPR  | MacroTPR | MacroFPR | Regions | TauMean | ms    | OK? 
---------------------------------------------------------------------------------------------------------------------
Cosine                   | 0.2676 | 0.0366 | 0.2812 | 0.0434 | 0.2496   | 0.0402   | 16      | 0.8524  | 43.7  | PASS
AndBox-HC                | 0.2033 | 0.0459 | 0.2241 | 0.0440 | 0.1948   | 0.0432   | 16      | -0.0000 | 45.3  | PASS
PCAWhitenedCosine        | 0.3257 | 0.0401 | 0.3214 | 0.0440 | 0.3197   | 0.0398   | 16      | 1.2893  | 33.5  | PASS
Vec (Wgt)                | 0.2905 | 0.0395 | 0.2812 | 0.0440 | 0.2680   | 0.0418   | 16      | 0.8746  | 33.0  | PASS
Log Reg                  | 0.1556 | 0.0523 | 0.1649 | 0.0452 | 0.1544   | 0.0586   | 16      | 0.5086  | 69.3  | FAIL
LDA                      | 0.2884 | 0.0424 | 0.2706 | 0.0440 | 0.2835   | 0.0380   | 16      | 5.6718  | 57.0  | PASS
Tiny MLP                 | 0.3610 | 0.0378 | 0.3552 | 0.0440 | 0.3368   | 0.0364   | 16      | 0.5001  | 467.5 | PASS
MultiProtoCosine         | 0.1266 | 0.0523 | 0.1247 | 0.0446 | 0.1196   | 0.0637   | 16      | 0.9295  | 65.0  | FAIL
WeightedEnsemble         | 0.3817 | 0.0419 | 0.3636 | 0.0440 | 0.3746   | 0.0385   | 16      | 0.7172  | 651.7 | PASS
XGBoost                  | 0.3382 | 0.0407 | 0.3488 | 0.0446 | 0.3417   | 0.0374   | 16      | 0.4699  | 116.7 | PASS
LDA1+LogReg              | 0.1618 | 0.0523 | 0.1712 | 0.0452 | 0.1622   | 0.0586   | 16      | 0.5085  | 66.0  | FAIL
PCA16+LogReg             | 0.0996 | 0.0523 | 0.1247 | 0.0452 | 0.0950   | 0.0572   | 16      | 0.5088  | 77.2  | FAIL
PCA32+LogReg             | 0.1494 | 0.0529 | 0.1543 | 0.0452 | 0.1497   | 0.0575   | 16      | 0.5087  | 81.1  | FAIL
PCA16+VecWeighted        | 0.0373 | 0.0343 | 0.0359 | 0.0446 | 0.0369   | 0.0416   | 16      | 0.0158  | 50.9  | PASS
PCA32+VecWeighted        | 0.0622 | 0.0413 | 0.0613 | 0.0446 | 0.0577   | 0.0382   | 16      | 0.0210  | 54.9  | PASS
StabilizedWhitenedCosine | 0.3320 | 0.0384 | 0.3340 | 0.0434 | 0.3248   | 0.0375   | 16      | 1.2526  | 40.6  | PASS

[trial=13 seed=55] used_regions=16 split_stats={'skipped_region_insufficient_eval_mins': 957, 'skipped_region_min_h0_eval_after_sampling': 76, 'skipped_region_min_h1_eval_after_sampling': 54, 'used_regions': 16}
  local_fit_mode: pooled
  pooled_train: n0=1721 n1=482
  pooled_calib_eff: n0=3402 n1=955
[INFO] Cosine baseline routed to direct Hadamard sum (PrecomputedCosine)
[INFO] WeightedEnsemble Cosine judge routed to direct Hadamard sum
[DEBUG][WeightedEnsemble][fit_all_methods] context=local using_pure_calib=True H0_train=1721 H1_train=482 H0_calib_pure=1681 H1_calib_pure=473 H0_calib_eff=3402 H1_calib_eff=955
  [Ensemble] Judges routed to 'alt' input: PrecomputedCosine
  [WeightedEnsemble][DEBUG] fit_context=local external_calib_used=True H0_train=1721 H1_train=482 H0_calib=1681 H1_calib=473
[WeightedEnsemble] Fitted weights (alpha=0.0500, external calib):
  tau=0.6445, Pooled external calib: TPR=0.5645, FPR=0.0500
  PrecomputedCosine   : +0.1298
  PCAWhitenedCosine   : +0.1391
  XGBoost             : +0.2872
  Tiny MLP            : +0.3596
  LDA                 : +0.0844
  [WeightedEnsemble][DEBUG] collapse=False top_judge=Tiny MLP top_weight=0.3596
[DEBUG][WeightedEnsemble][fit_all_methods] context=matched_global_on_local using_pure_calib=True H0_train=1721 H1_train=482 H0_calib_pure=1681 H1_calib_pure=473 H0_calib_eff=3402 H1_calib_eff=955
  [Ensemble] Judges routed to 'alt' input: PrecomputedCosine
  [WeightedEnsemble][DEBUG] fit_context=matched_global_on_local external_calib_used=True H0_train=1721 H1_train=482 H0_calib=1681 H1_calib=473
[WeightedEnsemble] Fitted weights (alpha=0.0500, external calib):
  tau=0.6445, Pooled external calib: TPR=0.5645, FPR=0.0500
  PrecomputedCosine   : +0.1298
  PCAWhitenedCosine   : +0.1391
  XGBoost             : +0.2872
  Tiny MLP            : +0.3596
  LDA                 : +0.0844
  [WeightedEnsemble][DEBUG] collapse=False top_judge=Tiny MLP top_weight=0.3596

=== Matched Comparison: Local vs Global on Local-Tested Regions ===
Method                   | L-TPR  | L-FPR  | G-TPR  | G-FPR  | L-MacroTPR | G-MacroTPR | Regions
--------------------------------------------------------------------------------------------------------
AndBox-HC                | 0.1867 | 0.0291 | 0.2697 | 0.0343 | 0.1825     | 0.2613     | 16
Cosine                   | 0.2448 | 0.0413 | 0.3071 | 0.0459 | 0.2449     | 0.3008     | 16
LDA                      | 0.3506 | 0.0360 | 0.5187 | 0.0494 | 0.3670     | 0.4741     | 16
LDA1+LogReg              | 0.1245 | 0.0448 | 0.2739 | 0.0535 | 0.1280     | 0.2245     | 16
Log Reg                  | 0.1245 | 0.0448 | 0.2822 | 0.0552 | 0.1280     | 0.2351     | 16
MultiProtoCosine         | 0.1100 | 0.0448 | 0.2075 | 0.0581 | 0.1036     | 0.1785     | 16
PCA16+LogReg             | 0.0705 | 0.0494 | 0.2261 | 0.0541 | 0.0766     | 0.1905     | 16
PCA16+VecWeighted        | 0.0498 | 0.0529 | 0.1639 | 0.0471 | 0.0581     | 0.1878     | 16
PCA32+LogReg             | 0.1183 | 0.0477 | 0.2676 | 0.0564 | 0.1226     | 0.2232     | 16
PCA32+VecWeighted        | 0.0892 | 0.0401 | 0.1929 | 0.0483 | 0.1041     | 0.2153     | 16
PCAWhitenedCosine        | 0.3714 | 0.0517 | 0.5041 | 0.0407 | 0.3880     | 0.4555     | 16
StabilizedWhitenedCosine | 0.3589 | 0.0465 | 0.4689 | 0.0395 | 0.3627     | 0.4270     | 16
Tiny MLP                 | 0.4087 | 0.0448 | 0.4917 | 0.0384 | 0.4071     | 0.4477     | 16
Vec (Wgt)                | 0.2718 | 0.0407 | 0.4108 | 0.0401 | 0.2704     | 0.3726     | 16
WeightedEnsemble         | 0.4170 | 0.0430 | 0.5643 | 0.0442 | 0.4224     | 0.5064     | 16
XGBoost                  | 0.3672 | 0.0413 | 0.5000 | 0.0395 | 0.3752     | 0.4295     | 16

Method                   | TPR    | FPR    | TrTPR  | TrFPR  | MacroTPR | MacroFPR | Regions | TauMean | ms    | OK? 
---------------------------------------------------------------------------------------------------------------------
Cosine                   | 0.2448 | 0.0413 | 0.2495 | 0.0446 | 0.2449   | 0.0400   | 16      | 0.8574  | 43.3  | PASS
AndBox-HC                | 0.1867 | 0.0291 | 0.2114 | 0.0428 | 0.1825   | 0.0177   | 16      | -0.0000 | 48.5  | PASS
PCAWhitenedCosine        | 0.3714 | 0.0517 | 0.3488 | 0.0434 | 0.3880   | 0.0431   | 16      | 1.2557  | 32.5  | FAIL
Vec (Wgt)                | 0.2718 | 0.0407 | 0.2770 | 0.0446 | 0.2704   | 0.0402   | 16      | 0.8825  | 33.5  | PASS
Log Reg                  | 0.1245 | 0.0448 | 0.1332 | 0.0446 | 0.1280   | 0.0550   | 16      | 0.5093  | 67.9  | PASS
LDA                      | 0.3506 | 0.0360 | 0.3235 | 0.0446 | 0.3670   | 0.0380   | 16      | 4.9703  | 57.1  | PASS
Tiny MLP                 | 0.4087 | 0.0448 | 0.4144 | 0.0440 | 0.4071   | 0.0438   | 16      | 0.4504  | 437.8 | PASS
MultiProtoCosine         | 0.1100 | 0.0448 | 0.1438 | 0.0446 | 0.1036   | 0.0458   | 16      | 0.9301  | 65.7  | PASS
WeightedEnsemble         | 0.4170 | 0.0430 | 0.4059 | 0.0446 | 0.4224   | 0.0405   | 16      | 0.8708  | 607.6 | PASS
XGBoost                  | 0.3672 | 0.0413 | 0.3784 | 0.0446 | 0.3752   | 0.0328   | 16      | 0.4718  | 117.7 | PASS
LDA1+LogReg              | 0.1245 | 0.0448 | 0.1332 | 0.0446 | 0.1280   | 0.0550   | 16      | 0.5092  | 64.8  | PASS
PCA16+LogReg             | 0.0705 | 0.0494 | 0.0740 | 0.0446 | 0.0766   | 0.0555   | 16      | 0.5094  | 76.4  | PASS
PCA32+LogReg             | 0.1183 | 0.0477 | 0.1268 | 0.0446 | 0.1226   | 0.0567   | 16      | 0.5093  | 80.5  | PASS
PCA16+VecWeighted        | 0.0498 | 0.0529 | 0.0761 | 0.0446 | 0.0581   | 0.0563   | 16      | 0.0136  | 50.6  | FAIL
PCA32+VecWeighted        | 0.0892 | 0.0401 | 0.0973 | 0.0440 | 0.1041   | 0.0468   | 16      | 0.0185  | 54.7  | PASS
StabilizedWhitenedCosine | 0.3589 | 0.0465 | 0.3488 | 0.0434 | 0.3627   | 0.0459   | 16      | 1.2368  | 40.5  | PASS

[trial=14 seed=56] used_regions=16 split_stats={'skipped_region_insufficient_eval_mins': 957, 'skipped_region_min_h0_eval_after_sampling': 76, 'skipped_region_min_h1_eval_after_sampling': 54, 'used_regions': 16}
  local_fit_mode: pooled
  pooled_train: n0=1721 n1=482
  pooled_calib_eff: n0=3402 n1=955
[INFO] Cosine baseline routed to direct Hadamard sum (PrecomputedCosine)
[INFO] WeightedEnsemble Cosine judge routed to direct Hadamard sum
[DEBUG][WeightedEnsemble][fit_all_methods] context=local using_pure_calib=True H0_train=1721 H1_train=482 H0_calib_pure=1681 H1_calib_pure=473 H0_calib_eff=3402 H1_calib_eff=955
  [Ensemble] Judges routed to 'alt' input: PrecomputedCosine
  [WeightedEnsemble][DEBUG] fit_context=local external_calib_used=True H0_train=1721 H1_train=482 H0_calib=1681 H1_calib=473
[WeightedEnsemble] Fitted weights (alpha=0.0500, external calib):
  tau=0.6296, Pooled external calib: TPR=0.5603, FPR=0.0500
  PrecomputedCosine   : +0.4364
  PCAWhitenedCosine   : +0.0571
  XGBoost             : +0.1048
  Tiny MLP            : +0.3819
  LDA                 : +0.0199
  [WeightedEnsemble][DEBUG] collapse=False top_judge=PrecomputedCosine top_weight=0.4364
[DEBUG][WeightedEnsemble][fit_all_methods] context=matched_global_on_local using_pure_calib=True H0_train=1721 H1_train=482 H0_calib_pure=1681 H1_calib_pure=473 H0_calib_eff=3402 H1_calib_eff=955
  [Ensemble] Judges routed to 'alt' input: PrecomputedCosine
  [WeightedEnsemble][DEBUG] fit_context=matched_global_on_local external_calib_used=True H0_train=1721 H1_train=482 H0_calib=1681 H1_calib=473
[WeightedEnsemble] Fitted weights (alpha=0.0500, external calib):
  tau=0.6296, Pooled external calib: TPR=0.5603, FPR=0.0500
  PrecomputedCosine   : +0.4364
  PCAWhitenedCosine   : +0.0571
  XGBoost             : +0.1048
  Tiny MLP            : +0.3819
  LDA                 : +0.0199
  [WeightedEnsemble][DEBUG] collapse=False top_judge=PrecomputedCosine top_weight=0.4364

=== Matched Comparison: Local vs Global on Local-Tested Regions ===
Method                   | L-TPR  | L-FPR  | G-TPR  | G-FPR  | L-MacroTPR | G-MacroTPR | Regions
--------------------------------------------------------------------------------------------------------
AndBox-HC                | 0.2407 | 0.0529 | 0.2925 | 0.0477 | 0.2354     | 0.2801     | 16
Cosine                   | 0.2759 | 0.0517 | 0.3174 | 0.0471 | 0.2761     | 0.3108     | 16
LDA                      | 0.3050 | 0.0297 | 0.4772 | 0.0483 | 0.2996     | 0.4359     | 16
LDA1+LogReg              | 0.1162 | 0.0413 | 0.2573 | 0.0453 | 0.1126     | 0.2097     | 16
Log Reg                  | 0.1141 | 0.0413 | 0.2469 | 0.0448 | 0.1103     | 0.2019     | 16
MultiProtoCosine         | 0.1203 | 0.0390 | 0.1929 | 0.0523 | 0.1168     | 0.1665     | 16
PCA16+LogReg             | 0.0747 | 0.0390 | 0.2012 | 0.0459 | 0.0712     | 0.1650     | 16
PCA16+VecWeighted        | 0.0187 | 0.0378 | 0.0788 | 0.0477 | 0.0165     | 0.0860     | 16
PCA32+LogReg             | 0.1141 | 0.0401 | 0.2448 | 0.0488 | 0.1096     | 0.2004     | 16
PCA32+VecWeighted        | 0.0228 | 0.0413 | 0.0788 | 0.0471 | 0.0179     | 0.0860     | 16
PCAWhitenedCosine        | 0.3527 | 0.0419 | 0.5062 | 0.0494 | 0.3562     | 0.4563     | 16
StabilizedWhitenedCosine | 0.3465 | 0.0401 | 0.4917 | 0.0535 | 0.3492     | 0.4439     | 16
Tiny MLP                 | 0.3402 | 0.0413 | 0.4564 | 0.0448 | 0.3343     | 0.3968     | 16
Vec (Wgt)                | 0.2842 | 0.0541 | 0.4149 | 0.0570 | 0.2845     | 0.3746     | 16
WeightedEnsemble         | 0.3942 | 0.0372 | 0.5104 | 0.0413 | 0.3919     | 0.4513     | 16
XGBoost                  | 0.4025 | 0.0430 | 0.4979 | 0.0477 | 0.4012     | 0.4247     | 16

Method                   | TPR    | FPR    | TrTPR  | TrFPR  | MacroTPR | MacroFPR | Regions | TauMean | ms    | OK? 
---------------------------------------------------------------------------------------------------------------------
Cosine                   | 0.2759 | 0.0517 | 0.2918 | 0.0446 | 0.2761   | 0.0475   | 16      | 0.8466  | 42.1  | FAIL
AndBox-HC                | 0.2407 | 0.0529 | 0.2918 | 0.0446 | 0.2354   | 0.0466   | 16      | -0.0001 | 48.2  | FAIL
PCAWhitenedCosine        | 0.3527 | 0.0419 | 0.3763 | 0.0446 | 0.3562   | 0.0394   | 16      | 1.1760  | 33.2  | PASS
Vec (Wgt)                | 0.2842 | 0.0541 | 0.2939 | 0.0446 | 0.2845   | 0.0515   | 16      | 0.8703  | 32.7  | FAIL
Log Reg                  | 0.1141 | 0.0413 | 0.1121 | 0.0446 | 0.1103   | 0.0391   | 16      | 0.5095  | 68.3  | PASS
LDA                      | 0.3050 | 0.0297 | 0.2981 | 0.0446 | 0.2996   | 0.0315   | 16      | 4.9782  | 56.2  | PASS
Tiny MLP                 | 0.3402 | 0.0413 | 0.3446 | 0.0446 | 0.3343   | 0.0425   | 16      | 0.4284  | 423.0 | PASS
MultiProtoCosine         | 0.1203 | 0.0390 | 0.1142 | 0.0440 | 0.1168   | 0.0361   | 16      | 0.9304  | 64.4  | PASS
WeightedEnsemble         | 0.3942 | 0.0372 | 0.4080 | 0.0440 | 0.3919   | 0.0424   | 16      | 0.6758  | 594.6 | PASS
XGBoost                  | 0.4025 | 0.0430 | 0.4165 | 0.0446 | 0.4012   | 0.0431   | 16      | 0.4438  | 116.5 | PASS
LDA1+LogReg              | 0.1162 | 0.0413 | 0.1142 | 0.0446 | 0.1126   | 0.0395   | 16      | 0.5095  | 64.4  | PASS
PCA16+LogReg             | 0.0747 | 0.0390 | 0.0655 | 0.0446 | 0.0712   | 0.0384   | 16      | 0.5097  | 75.3  | PASS
PCA32+LogReg             | 0.1141 | 0.0401 | 0.1057 | 0.0446 | 0.1096   | 0.0376   | 16      | 0.5095  | 79.7  | PASS
PCA16+VecWeighted        | 0.0187 | 0.0378 | 0.0211 | 0.0440 | 0.0165   | 0.0288   | 16      | 0.0169  | 49.8  | PASS
PCA32+VecWeighted        | 0.0228 | 0.0413 | 0.0359 | 0.0440 | 0.0179   | 0.0291   | 16      | 0.0236  | 53.4  | PASS
StabilizedWhitenedCosine | 0.3465 | 0.0401 | 0.3573 | 0.0446 | 0.3492   | 0.0403   | 16      | 1.2204  | 39.3  | PASS

[trial=15 seed=57] used_regions=16 split_stats={'skipped_region_insufficient_eval_mins': 957, 'skipped_region_min_h0_eval_after_sampling': 76, 'skipped_region_min_h1_eval_after_sampling': 54, 'used_regions': 16}
  local_fit_mode: pooled
  pooled_train: n0=1721 n1=482
  pooled_calib_eff: n0=3402 n1=955
[INFO] Cosine baseline routed to direct Hadamard sum (PrecomputedCosine)
[INFO] WeightedEnsemble Cosine judge routed to direct Hadamard sum
[DEBUG][WeightedEnsemble][fit_all_methods] context=local using_pure_calib=True H0_train=1721 H1_train=482 H0_calib_pure=1681 H1_calib_pure=473 H0_calib_eff=3402 H1_calib_eff=955
  [Ensemble] Judges routed to 'alt' input: PrecomputedCosine
  [WeightedEnsemble][DEBUG] fit_context=local external_calib_used=True H0_train=1721 H1_train=482 H0_calib=1681 H1_calib=473
[WeightedEnsemble] Fitted weights (alpha=0.0500, external calib):
  tau=0.6624, Pooled external calib: TPR=0.5941, FPR=0.0500
  PrecomputedCosine   : +0.3246
  PCAWhitenedCosine   : +0.1636
  XGBoost             : +0.2291
  Tiny MLP            : +0.2081
  LDA                 : +0.0747
  [WeightedEnsemble][DEBUG] collapse=False top_judge=PrecomputedCosine top_weight=0.3246
[DEBUG][WeightedEnsemble][fit_all_methods] context=matched_global_on_local using_pure_calib=True H0_train=1721 H1_train=482 H0_calib_pure=1681 H1_calib_pure=473 H0_calib_eff=3402 H1_calib_eff=955
  [Ensemble] Judges routed to 'alt' input: PrecomputedCosine
  [WeightedEnsemble][DEBUG] fit_context=matched_global_on_local external_calib_used=True H0_train=1721 H1_train=482 H0_calib=1681 H1_calib=473
[WeightedEnsemble] Fitted weights (alpha=0.0500, external calib):
  tau=0.6624, Pooled external calib: TPR=0.5941, FPR=0.0500
  PrecomputedCosine   : +0.3246
  PCAWhitenedCosine   : +0.1636
  XGBoost             : +0.2291
  Tiny MLP            : +0.2081
  LDA                 : +0.0747
  [WeightedEnsemble][DEBUG] collapse=False top_judge=PrecomputedCosine top_weight=0.3246

=== Matched Comparison: Local vs Global on Local-Tested Regions ===
Method                   | L-TPR  | L-FPR  | G-TPR  | G-FPR  | L-MacroTPR | G-MacroTPR | Regions
--------------------------------------------------------------------------------------------------------
AndBox-HC                | 0.2158 | 0.0395 | 0.2946 | 0.0535 | 0.2133     | 0.2986     | 16
Cosine                   | 0.2324 | 0.0366 | 0.2884 | 0.0471 | 0.2357     | 0.2849     | 16
LDA                      | 0.3900 | 0.0453 | 0.5290 | 0.0669 | 0.3896     | 0.4933     | 16
LDA1+LogReg              | 0.1432 | 0.0494 | 0.2676 | 0.0552 | 0.1500     | 0.2191     | 16
Log Reg                  | 0.1369 | 0.0500 | 0.2614 | 0.0547 | 0.1434     | 0.2145     | 16
MultiProtoCosine         | 0.1120 | 0.0372 | 0.1826 | 0.0483 | 0.0975     | 0.1604     | 16
PCA16+LogReg             | 0.0788 | 0.0488 | 0.1950 | 0.0500 | 0.0812     | 0.1583     | 16
PCA16+VecWeighted        | 0.0270 | 0.0453 | 0.0913 | 0.0535 | 0.0287     | 0.1058     | 16
PCA32+LogReg             | 0.1245 | 0.0523 | 0.2427 | 0.0541 | 0.1313     | 0.1995     | 16
PCA32+VecWeighted        | 0.0249 | 0.0453 | 0.0892 | 0.0529 | 0.0256     | 0.1032     | 16
PCAWhitenedCosine        | 0.3776 | 0.0517 | 0.5000 | 0.0622 | 0.3772     | 0.4605     | 16
StabilizedWhitenedCosine | 0.3465 | 0.0535 | 0.4772 | 0.0581 | 0.3545     | 0.4398     | 16
Tiny MLP                 | 0.4025 | 0.0587 | 0.5270 | 0.0657 | 0.3931     | 0.4834     | 16
Vec (Wgt)                | 0.2469 | 0.0366 | 0.4274 | 0.0564 | 0.2475     | 0.3845     | 16
WeightedEnsemble         | 0.4647 | 0.0593 | 0.5685 | 0.0657 | 0.4565     | 0.5282     | 16
XGBoost                  | 0.3817 | 0.0576 | 0.5083 | 0.0512 | 0.3807     | 0.4491     | 16

Method                   | TPR    | FPR    | TrTPR  | TrFPR  | MacroTPR | MacroFPR | Regions | TauMean | ms    | OK? 
---------------------------------------------------------------------------------------------------------------------
Cosine                   | 0.2324 | 0.0366 | 0.2791 | 0.0458 | 0.2357   | 0.0452   | 16      | 0.8548  | 44.4  | PASS
AndBox-HC                | 0.2158 | 0.0395 | 0.2135 | 0.0458 | 0.2133   | 0.0427   | 16      | -0.0000 | 47.8  | PASS
PCAWhitenedCosine        | 0.3776 | 0.0517 | 0.3615 | 0.0452 | 0.3772   | 0.0638   | 16      | 1.2429  | 33.8  | FAIL
Vec (Wgt)                | 0.2469 | 0.0366 | 0.2812 | 0.0452 | 0.2475   | 0.0418   | 16      | 0.8767  | 33.1  | PASS
Log Reg                  | 0.1369 | 0.0500 | 0.1311 | 0.0440 | 0.1434   | 0.0550   | 16      | 0.5093  | 68.6  | PASS
LDA                      | 0.3900 | 0.0453 | 0.4059 | 0.0440 | 0.3896   | 0.0576   | 16      | 3.9178  | 56.6  | PASS
Tiny MLP                 | 0.4025 | 0.0587 | 0.4207 | 0.0464 | 0.3931   | 0.0760   | 16      | 0.5107  | 429.8 | FAIL
MultiProtoCosine         | 0.1120 | 0.0372 | 0.1353 | 0.0440 | 0.0975   | 0.0418   | 16      | 0.9299  | 65.2  | PASS
WeightedEnsemble         | 0.4647 | 0.0593 | 0.4884 | 0.0446 | 0.4565   | 0.0785   | 16      | 0.7997  | 614.8 | FAIL
XGBoost                  | 0.3817 | 0.0576 | 0.3869 | 0.0446 | 0.3807   | 0.0538   | 16      | 0.4735  | 118.2 | FAIL
LDA1+LogReg              | 0.1432 | 0.0494 | 0.1332 | 0.0440 | 0.1500   | 0.0546   | 16      | 0.5092  | 66.7  | PASS
PCA16+LogReg             | 0.0788 | 0.0488 | 0.0973 | 0.0440 | 0.0812   | 0.0545   | 16      | 0.5097  | 77.9  | PASS
PCA32+LogReg             | 0.1245 | 0.0523 | 0.1247 | 0.0440 | 0.1313   | 0.0565   | 16      | 0.5094  | 81.9  | FAIL
PCA16+VecWeighted        | 0.0270 | 0.0453 | 0.0381 | 0.0446 | 0.0287   | 0.0499   | 16      | 0.0154  | 51.6  | PASS
PCA32+VecWeighted        | 0.0249 | 0.0453 | 0.0338 | 0.0446 | 0.0256   | 0.0482   | 16      | 0.0246  | 55.6  | PASS
StabilizedWhitenedCosine | 0.3465 | 0.0535 | 0.3552 | 0.0458 | 0.3545   | 0.0684   | 16      | 1.2557  | 41.3  | FAIL

[trial=16 seed=58] used_regions=16 split_stats={'skipped_region_insufficient_eval_mins': 957, 'skipped_region_min_h0_eval_after_sampling': 76, 'skipped_region_min_h1_eval_after_sampling': 54, 'used_regions': 16}
  local_fit_mode: pooled
  pooled_train: n0=1721 n1=482
  pooled_calib_eff: n0=3402 n1=955
[INFO] Cosine baseline routed to direct Hadamard sum (PrecomputedCosine)
[INFO] WeightedEnsemble Cosine judge routed to direct Hadamard sum
[DEBUG][WeightedEnsemble][fit_all_methods] context=local using_pure_calib=True H0_train=1721 H1_train=482 H0_calib_pure=1681 H1_calib_pure=473 H0_calib_eff=3402 H1_calib_eff=955
  [Ensemble] Judges routed to 'alt' input: PrecomputedCosine
  [WeightedEnsemble][DEBUG] fit_context=local external_calib_used=True H0_train=1721 H1_train=482 H0_calib=1681 H1_calib=473
[WeightedEnsemble] Fitted weights (alpha=0.0500, external calib):
  tau=0.6604, Pooled external calib: TPR=0.5708, FPR=0.0500
  PrecomputedCosine   : +0.4323
  PCAWhitenedCosine   : +0.1110
  XGBoost             : +0.2003
  Tiny MLP            : +0.2025
  LDA                 : +0.0539
  [WeightedEnsemble][DEBUG] collapse=False top_judge=PrecomputedCosine top_weight=0.4323
[DEBUG][WeightedEnsemble][fit_all_methods] context=matched_global_on_local using_pure_calib=True H0_train=1721 H1_train=482 H0_calib_pure=1681 H1_calib_pure=473 H0_calib_eff=3402 H1_calib_eff=955
  [Ensemble] Judges routed to 'alt' input: PrecomputedCosine
  [WeightedEnsemble][DEBUG] fit_context=matched_global_on_local external_calib_used=True H0_train=1721 H1_train=482 H0_calib=1681 H1_calib=473
[WeightedEnsemble] Fitted weights (alpha=0.0500, external calib):
  tau=0.6604, Pooled external calib: TPR=0.5708, FPR=0.0500
  PrecomputedCosine   : +0.4323
  PCAWhitenedCosine   : +0.1110
  XGBoost             : +0.2003
  Tiny MLP            : +0.2025
  LDA                 : +0.0539
  [WeightedEnsemble][DEBUG] collapse=False top_judge=PrecomputedCosine top_weight=0.4323

=== Matched Comparison: Local vs Global on Local-Tested Regions ===
Method                   | L-TPR  | L-FPR  | G-TPR  | G-FPR  | L-MacroTPR | G-MacroTPR | Regions
--------------------------------------------------------------------------------------------------------
AndBox-HC                | 0.2490 | 0.0320 | 0.2780 | 0.0413 | 0.2565     | 0.2814     | 16
Cosine                   | 0.2635 | 0.0407 | 0.3174 | 0.0453 | 0.2596     | 0.3175     | 16
LDA                      | 0.3797 | 0.0529 | 0.5539 | 0.0535 | 0.3725     | 0.5132     | 16
LDA1+LogReg              | 0.1846 | 0.0459 | 0.3091 | 0.0465 | 0.2048     | 0.2549     | 16
Log Reg                  | 0.1846 | 0.0459 | 0.3091 | 0.0465 | 0.2048     | 0.2549     | 16
MultiProtoCosine         | 0.1328 | 0.0605 | 0.1929 | 0.0610 | 0.1309     | 0.1658     | 16
PCA16+LogReg             | 0.0871 | 0.0384 | 0.2593 | 0.0558 | 0.0955     | 0.2161     | 16
PCA16+VecWeighted        | 0.0436 | 0.0500 | 0.0705 | 0.0430 | 0.0536     | 0.1020     | 16
PCA32+LogReg             | 0.1618 | 0.0413 | 0.2905 | 0.0488 | 0.1859     | 0.2374     | 16
PCA32+VecWeighted        | 0.0290 | 0.0419 | 0.0726 | 0.0436 | 0.0363     | 0.1048     | 16
PCAWhitenedCosine        | 0.3838 | 0.0436 | 0.5311 | 0.0570 | 0.3849     | 0.4866     | 16
StabilizedWhitenedCosine | 0.3506 | 0.0413 | 0.5062 | 0.0564 | 0.3498     | 0.4617     | 16
Tiny MLP                 | 0.4066 | 0.0360 | 0.5498 | 0.0576 | 0.3914     | 0.4982     | 16
Vec (Wgt)                | 0.2842 | 0.0372 | 0.4129 | 0.0448 | 0.2765     | 0.3783     | 16
WeightedEnsemble         | 0.4876 | 0.0494 | 0.6017 | 0.0558 | 0.4856     | 0.5503     | 16
XGBoost                  | 0.3423 | 0.0413 | 0.5145 | 0.0535 | 0.3463     | 0.4476     | 16

Method                   | TPR    | FPR    | TrTPR  | TrFPR  | MacroTPR | MacroFPR | Regions | TauMean | ms    | OK? 
---------------------------------------------------------------------------------------------------------------------
Cosine                   | 0.2635 | 0.0407 | 0.2431 | 0.0446 | 0.2596   | 0.0423   | 16      | 0.8533  | 41.6  | PASS
AndBox-HC                | 0.2490 | 0.0320 | 0.2326 | 0.0464 | 0.2565   | 0.0310   | 16      | -0.0001 | 44.4  | PASS
PCAWhitenedCosine        | 0.3838 | 0.0436 | 0.3636 | 0.0440 | 0.3849   | 0.0508   | 16      | 1.1614  | 32.0  | PASS
Vec (Wgt)                | 0.2842 | 0.0372 | 0.2854 | 0.0446 | 0.2765   | 0.0379   | 16      | 0.8701  | 31.6  | PASS
Log Reg                  | 0.1846 | 0.0459 | 0.1607 | 0.0446 | 0.2048   | 0.0487   | 16      | 0.5086  | 66.0  | PASS
LDA                      | 0.3797 | 0.0529 | 0.3319 | 0.0446 | 0.3725   | 0.0433   | 16      | 5.0472  | 54.9  | FAIL
Tiny MLP                 | 0.4066 | 0.0360 | 0.3531 | 0.0446 | 0.3914   | 0.0330   | 16      | 0.4992  | 429.5 | PASS
MultiProtoCosine         | 0.1328 | 0.0605 | 0.1332 | 0.0446 | 0.1309   | 0.0605   | 16      | 0.9295  | 71.7  | FAIL
WeightedEnsemble         | 0.4876 | 0.0494 | 0.4376 | 0.0446 | 0.4856   | 0.0524   | 16      | 0.8023  | 626.3 | PASS
XGBoost                  | 0.3423 | 0.0413 | 0.3087 | 0.0446 | 0.3463   | 0.0420   | 16      | 0.4795  | 118.7 | PASS
LDA1+LogReg              | 0.1846 | 0.0459 | 0.1628 | 0.0446 | 0.2048   | 0.0487   | 16      | 0.5085  | 66.0  | PASS
PCA16+LogReg             | 0.0871 | 0.0384 | 0.0677 | 0.0446 | 0.0955   | 0.0326   | 16      | 0.5090  | 76.5  | PASS
PCA32+LogReg             | 0.1618 | 0.0413 | 0.1438 | 0.0446 | 0.1859   | 0.0422   | 16      | 0.5087  | 82.2  | PASS
PCA16+VecWeighted        | 0.0436 | 0.0500 | 0.0338 | 0.0446 | 0.0536   | 0.0443   | 16      | 0.0169  | 52.1  | PASS
PCA32+VecWeighted        | 0.0290 | 0.0419 | 0.0317 | 0.0446 | 0.0363   | 0.0391   | 16      | 0.0291  | 56.0  | PASS
StabilizedWhitenedCosine | 0.3506 | 0.0413 | 0.3319 | 0.0440 | 0.3498   | 0.0499   | 16      | 1.1703  | 40.7  | PASS

[trial=17 seed=59] used_regions=16 split_stats={'skipped_region_insufficient_eval_mins': 957, 'skipped_region_min_h0_eval_after_sampling': 76, 'skipped_region_min_h1_eval_after_sampling': 54, 'used_regions': 16}
  local_fit_mode: pooled
  pooled_train: n0=1721 n1=482
  pooled_calib_eff: n0=3402 n1=955
[INFO] Cosine baseline routed to direct Hadamard sum (PrecomputedCosine)
[INFO] WeightedEnsemble Cosine judge routed to direct Hadamard sum
[DEBUG][WeightedEnsemble][fit_all_methods] context=local using_pure_calib=True H0_train=1721 H1_train=482 H0_calib_pure=1681 H1_calib_pure=473 H0_calib_eff=3402 H1_calib_eff=955
  [Ensemble] Judges routed to 'alt' input: PrecomputedCosine
  [WeightedEnsemble][DEBUG] fit_context=local external_calib_used=True H0_train=1721 H1_train=482 H0_calib=1681 H1_calib=473
[WeightedEnsemble] Fitted weights (alpha=0.0500, external calib):
  tau=0.7858, Pooled external calib: TPR=0.5370, FPR=0.0500
  PrecomputedCosine   : +0.5316
  PCAWhitenedCosine   : +0.2031
  XGBoost             : +0.0553
  Tiny MLP            : +0.1785
  LDA                 : +0.0315
  [WeightedEnsemble][DEBUG] collapse=False top_judge=PrecomputedCosine top_weight=0.5316
[DEBUG][WeightedEnsemble][fit_all_methods] context=matched_global_on_local using_pure_calib=True H0_train=1721 H1_train=482 H0_calib_pure=1681 H1_calib_pure=473 H0_calib_eff=3402 H1_calib_eff=955
  [Ensemble] Judges routed to 'alt' input: PrecomputedCosine
  [WeightedEnsemble][DEBUG] fit_context=matched_global_on_local external_calib_used=True H0_train=1721 H1_train=482 H0_calib=1681 H1_calib=473
[WeightedEnsemble] Fitted weights (alpha=0.0500, external calib):
  tau=0.7858, Pooled external calib: TPR=0.5370, FPR=0.0500
  PrecomputedCosine   : +0.5316
  PCAWhitenedCosine   : +0.2031
  XGBoost             : +0.0553
  Tiny MLP            : +0.1785
  LDA                 : +0.0315
  [WeightedEnsemble][DEBUG] collapse=False top_judge=PrecomputedCosine top_weight=0.5316

=== Matched Comparison: Local vs Global on Local-Tested Regions ===
Method                   | L-TPR  | L-FPR  | G-TPR  | G-FPR  | L-MacroTPR | G-MacroTPR | Regions
--------------------------------------------------------------------------------------------------------
AndBox-HC                | 0.2905 | 0.0453 | 0.3133 | 0.0407 | 0.2839     | 0.3028     | 16
Cosine                   | 0.2676 | 0.0506 | 0.3340 | 0.0610 | 0.2625     | 0.3179     | 16
LDA                      | 0.2759 | 0.0424 | 0.4668 | 0.0378 | 0.2586     | 0.4172     | 16
LDA1+LogReg              | 0.1266 | 0.0512 | 0.2552 | 0.0523 | 0.1250     | 0.2088     | 16
Log Reg                  | 0.1245 | 0.0506 | 0.2469 | 0.0535 | 0.1237     | 0.2022     | 16
MultiProtoCosine         | 0.1100 | 0.0436 | 0.1763 | 0.0413 | 0.1012     | 0.1514     | 16
PCA16+LogReg             | 0.0664 | 0.0512 | 0.2075 | 0.0535 | 0.0596     | 0.1673     | 16
PCA16+VecWeighted        | 0.0456 | 0.0552 | 0.1328 | 0.0517 | 0.0496     | 0.1270     | 16
PCA32+LogReg             | 0.1307 | 0.0547 | 0.2365 | 0.0541 | 0.1303     | 0.1935     | 16
PCA32+VecWeighted        | 0.0996 | 0.0605 | 0.1286 | 0.0494 | 0.0948     | 0.1239     | 16
PCAWhitenedCosine        | 0.3900 | 0.0413 | 0.5353 | 0.0535 | 0.3673     | 0.4766     | 16
StabilizedWhitenedCosine | 0.3838 | 0.0494 | 0.5145 | 0.0465 | 0.3689     | 0.4540     | 16
Tiny MLP                 | 0.3838 | 0.0430 | 0.5021 | 0.0459 | 0.3694     | 0.4407     | 16
Vec (Wgt)                | 0.2780 | 0.0500 | 0.4295 | 0.0547 | 0.2694     | 0.3844     | 16
WeightedEnsemble         | 0.4004 | 0.0436 | 0.5622 | 0.0465 | 0.3685     | 0.5066     | 16
XGBoost                  | 0.3693 | 0.0500 | 0.4938 | 0.0442 | 0.3573     | 0.4318     | 16

Method                   | TPR    | FPR    | TrTPR  | TrFPR  | MacroTPR | MacroFPR | Regions | TauMean | ms    | OK? 
---------------------------------------------------------------------------------------------------------------------
Cosine                   | 0.2676 | 0.0506 | 0.2706 | 0.0446 | 0.2625   | 0.0535   | 16      | 0.8517  | 44.2  | FAIL
AndBox-HC                | 0.2905 | 0.0453 | 0.2770 | 0.0446 | 0.2839   | 0.0597   | 16      | -0.0001 | 44.8  | PASS
PCAWhitenedCosine        | 0.3900 | 0.0413 | 0.3658 | 0.0446 | 0.3673   | 0.0450   | 16      | 1.3319  | 33.0  | PASS
Vec (Wgt)                | 0.2780 | 0.0500 | 0.3087 | 0.0440 | 0.2694   | 0.0532   | 16      | 0.8740  | 32.4  | PASS
Log Reg                  | 0.1245 | 0.0506 | 0.0973 | 0.0446 | 0.1237   | 0.0473   | 16      | 0.5094  | 67.3  | FAIL
LDA                      | 0.2759 | 0.0424 | 0.2918 | 0.0446 | 0.2586   | 0.0349   | 16      | 5.6819  | 55.9  | PASS
Tiny MLP                 | 0.3838 | 0.0430 | 0.3573 | 0.0446 | 0.3694   | 0.0507   | 16      | 0.4419  | 424.3 | PASS
MultiProtoCosine         | 0.1100 | 0.0436 | 0.1226 | 0.0458 | 0.1012   | 0.0421   | 16      | 0.9307  | 65.4  | PASS
WeightedEnsemble         | 0.4004 | 0.0436 | 0.3615 | 0.0446 | 0.3685   | 0.0456   | 16      | 0.9120  | 593.0 | PASS
XGBoost                  | 0.3693 | 0.0500 | 0.3742 | 0.0446 | 0.3573   | 0.0544   | 16      | 0.4580  | 118.8 | PASS
LDA1+LogReg              | 0.1266 | 0.0512 | 0.0994 | 0.0446 | 0.1250   | 0.0478   | 16      | 0.5094  | 65.2  | FAIL
PCA16+LogReg             | 0.0664 | 0.0512 | 0.0465 | 0.0446 | 0.0596   | 0.0463   | 16      | 0.5095  | 76.2  | FAIL
PCA32+LogReg             | 0.1307 | 0.0547 | 0.0867 | 0.0446 | 0.1303   | 0.0534   | 16      | 0.5095  | 79.8  | FAIL
PCA16+VecWeighted        | 0.0456 | 0.0552 | 0.0550 | 0.0446 | 0.0496   | 0.0523   | 16      | 0.0152  | 50.5  | FAIL
PCA32+VecWeighted        | 0.0996 | 0.0605 | 0.1015 | 0.0446 | 0.0948   | 0.0672   | 16      | 0.0198  | 53.8  | FAIL
StabilizedWhitenedCosine | 0.3838 | 0.0494 | 0.3679 | 0.0446 | 0.3689   | 0.0465   | 16      | 1.3062  | 39.6  | PASS

[trial=18 seed=60] used_regions=16 split_stats={'skipped_region_insufficient_eval_mins': 957, 'skipped_region_min_h0_eval_after_sampling': 76, 'skipped_region_min_h1_eval_after_sampling': 54, 'used_regions': 16}
  local_fit_mode: pooled
  pooled_train: n0=1721 n1=482
  pooled_calib_eff: n0=3402 n1=955
[INFO] Cosine baseline routed to direct Hadamard sum (PrecomputedCosine)
[INFO] WeightedEnsemble Cosine judge routed to direct Hadamard sum
[DEBUG][WeightedEnsemble][fit_all_methods] context=local using_pure_calib=True H0_train=1721 H1_train=482 H0_calib_pure=1681 H1_calib_pure=473 H0_calib_eff=3402 H1_calib_eff=955
  [Ensemble] Judges routed to 'alt' input: PrecomputedCosine
  [WeightedEnsemble][DEBUG] fit_context=local external_calib_used=True H0_train=1721 H1_train=482 H0_calib=1681 H1_calib=473
[WeightedEnsemble] Fitted weights (alpha=0.0500, external calib):
  tau=0.5809, Pooled external calib: TPR=0.5603, FPR=0.0500
  PrecomputedCosine   : +0.0595
  PCAWhitenedCosine   : +0.3558
  XGBoost             : +0.1566
  Tiny MLP            : +0.3547
  LDA                 : +0.0734
  [WeightedEnsemble][DEBUG] collapse=False top_judge=PCAWhitenedCosine top_weight=0.3558
[DEBUG][WeightedEnsemble][fit_all_methods] context=matched_global_on_local using_pure_calib=True H0_train=1721 H1_train=482 H0_calib_pure=1681 H1_calib_pure=473 H0_calib_eff=3402 H1_calib_eff=955
  [Ensemble] Judges routed to 'alt' input: PrecomputedCosine
  [WeightedEnsemble][DEBUG] fit_context=matched_global_on_local external_calib_used=True H0_train=1721 H1_train=482 H0_calib=1681 H1_calib=473
[WeightedEnsemble] Fitted weights (alpha=0.0500, external calib):
  tau=0.5809, Pooled external calib: TPR=0.5603, FPR=0.0500
  PrecomputedCosine   : +0.0595
  PCAWhitenedCosine   : +0.3558
  XGBoost             : +0.1566
  Tiny MLP            : +0.3547
  LDA                 : +0.0734
  [WeightedEnsemble][DEBUG] collapse=False top_judge=PCAWhitenedCosine top_weight=0.3558

=== Matched Comparison: Local vs Global on Local-Tested Regions ===
Method                   | L-TPR  | L-FPR  | G-TPR  | G-FPR  | L-MacroTPR | G-MacroTPR | Regions
--------------------------------------------------------------------------------------------------------
AndBox-HC                | 0.3029 | 0.0448 | 0.3485 | 0.0430 | 0.3058     | 0.3421     | 16
Cosine                   | 0.2822 | 0.0570 | 0.3402 | 0.0529 | 0.2880     | 0.3308     | 16
LDA                      | 0.4004 | 0.0483 | 0.5519 | 0.0488 | 0.4151     | 0.5111     | 16
LDA1+LogReg              | 0.1183 | 0.0297 | 0.2531 | 0.0401 | 0.1123     | 0.1980     | 16
Log Reg                  | 0.1203 | 0.0308 | 0.2531 | 0.0413 | 0.1139     | 0.1980     | 16
MultiProtoCosine         | 0.1369 | 0.0430 | 0.1888 | 0.0453 | 0.1265     | 0.1655     | 16
PCA16+LogReg             | 0.0560 | 0.0331 | 0.2054 | 0.0401 | 0.0479     | 0.1585     | 16
PCA16+VecWeighted        | 0.0519 | 0.0494 | 0.1763 | 0.0419 | 0.0495     | 0.1686     | 16
PCA32+LogReg             | 0.1100 | 0.0314 | 0.2490 | 0.0413 | 0.1073     | 0.1951     | 16
PCA32+VecWeighted        | 0.0913 | 0.0471 | 0.2116 | 0.0419 | 0.0952     | 0.2088     | 16
PCAWhitenedCosine        | 0.3631 | 0.0477 | 0.5477 | 0.0517 | 0.3702     | 0.4830     | 16
StabilizedWhitenedCosine | 0.3610 | 0.0517 | 0.5394 | 0.0488 | 0.3627     | 0.4723     | 16
Tiny MLP                 | 0.4398 | 0.0471 | 0.5124 | 0.0512 | 0.4282     | 0.4493     | 16
Vec (Wgt)                | 0.2988 | 0.0547 | 0.4647 | 0.0465 | 0.2994     | 0.4140     | 16
WeightedEnsemble         | 0.4793 | 0.0448 | 0.6120 | 0.0517 | 0.4884     | 0.5521     | 16
XGBoost                  | 0.3963 | 0.0395 | 0.4751 | 0.0430 | 0.3988     | 0.4127     | 16

Method                   | TPR    | FPR    | TrTPR  | TrFPR  | MacroTPR | MacroFPR | Regions | TauMean | ms    | OK? 
---------------------------------------------------------------------------------------------------------------------
Cosine                   | 0.2822 | 0.0570 | 0.2918 | 0.0440 | 0.2880   | 0.0591   | 16      | 0.8469  | 42.3  | FAIL
AndBox-HC                | 0.3029 | 0.0448 | 0.2918 | 0.0440 | 0.3058   | 0.0489   | 16      | -0.0001 | 46.1  | PASS
PCAWhitenedCosine        | 0.3631 | 0.0477 | 0.3488 | 0.0440 | 0.3702   | 0.0432   | 16      | 1.2654  | 34.0  | PASS
Vec (Wgt)                | 0.2988 | 0.0547 | 0.2939 | 0.0446 | 0.2994   | 0.0567   | 16      | 0.8684  | 32.9  | FAIL
Log Reg                  | 0.1203 | 0.0308 | 0.1015 | 0.0446 | 0.1139   | 0.0290   | 16      | 0.5093  | 68.4  | PASS
LDA                      | 0.4004 | 0.0483 | 0.3594 | 0.0446 | 0.4151   | 0.0568   | 16      | 3.9691  | 57.1  | PASS
Tiny MLP                 | 0.4398 | 0.0471 | 0.3932 | 0.0446 | 0.4282   | 0.0482   | 16      | 0.4295  | 429.9 | PASS
MultiProtoCosine         | 0.1369 | 0.0430 | 0.1078 | 0.0446 | 0.1265   | 0.0295   | 16      | 0.9313  | 66.9  | PASS
WeightedEnsemble         | 0.4793 | 0.0448 | 0.4376 | 0.0446 | 0.4884   | 0.0510   | 16      | 0.8320  | 616.4 | PASS
XGBoost                  | 0.3963 | 0.0395 | 0.3658 | 0.0440 | 0.3988   | 0.0370   | 16      | 0.4622  | 117.6 | PASS
LDA1+LogReg              | 0.1183 | 0.0297 | 0.1015 | 0.0446 | 0.1123   | 0.0269   | 16      | 0.5092  | 66.6  | PASS
PCA16+LogReg             | 0.0560 | 0.0331 | 0.0507 | 0.0446 | 0.0479   | 0.0270   | 16      | 0.5096  | 77.8  | PASS
PCA32+LogReg             | 0.1100 | 0.0314 | 0.1036 | 0.0446 | 0.1073   | 0.0298   | 16      | 0.5094  | 81.9  | PASS
PCA16+VecWeighted        | 0.0519 | 0.0494 | 0.0359 | 0.0446 | 0.0495   | 0.0424   | 16      | 0.0141  | 51.9  | PASS
PCA32+VecWeighted        | 0.0913 | 0.0471 | 0.0761 | 0.0446 | 0.0952   | 0.0461   | 16      | 0.0196  | 55.9  | PASS
StabilizedWhitenedCosine | 0.3610 | 0.0517 | 0.3467 | 0.0440 | 0.3627   | 0.0452   | 16      | 1.3054  | 40.6  | FAIL

[trial=19 seed=61] used_regions=16 split_stats={'skipped_region_insufficient_eval_mins': 957, 'skipped_region_min_h0_eval_after_sampling': 76, 'skipped_region_min_h1_eval_after_sampling': 54, 'used_regions': 16}
  local_fit_mode: pooled
  pooled_train: n0=1721 n1=482
  pooled_calib_eff: n0=3402 n1=955
[INFO] Cosine baseline routed to direct Hadamard sum (PrecomputedCosine)
[INFO] WeightedEnsemble Cosine judge routed to direct Hadamard sum
[DEBUG][WeightedEnsemble][fit_all_methods] context=local using_pure_calib=True H0_train=1721 H1_train=482 H0_calib_pure=1681 H1_calib_pure=473 H0_calib_eff=3402 H1_calib_eff=955
  [Ensemble] Judges routed to 'alt' input: PrecomputedCosine
  [WeightedEnsemble][DEBUG] fit_context=local external_calib_used=True H0_train=1721 H1_train=482 H0_calib=1681 H1_calib=473
[WeightedEnsemble] Fitted weights (alpha=0.0500, external calib):
  tau=0.6662, Pooled external calib: TPR=0.5793, FPR=0.0500
  PrecomputedCosine   : +0.4323
  PCAWhitenedCosine   : +0.1110
  XGBoost             : +0.2003
  Tiny MLP            : +0.2025
  LDA                 : +0.0539
  [WeightedEnsemble][DEBUG] collapse=False top_judge=PrecomputedCosine top_weight=0.4323
[DEBUG][WeightedEnsemble][fit_all_methods] context=matched_global_on_local using_pure_calib=True H0_train=1721 H1_train=482 H0_calib_pure=1681 H1_calib_pure=473 H0_calib_eff=3402 H1_calib_eff=955
  [Ensemble] Judges routed to 'alt' input: PrecomputedCosine
  [WeightedEnsemble][DEBUG] fit_context=matched_global_on_local external_calib_used=True H0_train=1721 H1_train=482 H0_calib=1681 H1_calib=473
[WeightedEnsemble] Fitted weights (alpha=0.0500, external calib):
  tau=0.6662, Pooled external calib: TPR=0.5793, FPR=0.0500
  PrecomputedCosine   : +0.4323
  PCAWhitenedCosine   : +0.1110
  XGBoost             : +0.2003
  Tiny MLP            : +0.2025
  LDA                 : +0.0539
  [WeightedEnsemble][DEBUG] collapse=False top_judge=PrecomputedCosine top_weight=0.4323

=== Matched Comparison: Local vs Global on Local-Tested Regions ===
Method                   | L-TPR  | L-FPR  | G-TPR  | G-FPR  | L-MacroTPR | G-MacroTPR | Regions
--------------------------------------------------------------------------------------------------------
AndBox-HC                | 0.2054 | 0.0523 | 0.2697 | 0.0587 | 0.2006     | 0.2596     | 16
Cosine                   | 0.2303 | 0.0558 | 0.3029 | 0.0547 | 0.2341     | 0.2966     | 16
LDA                      | 0.3423 | 0.0395 | 0.4730 | 0.0523 | 0.3390     | 0.4437     | 16
LDA1+LogReg              | 0.1224 | 0.0477 | 0.2531 | 0.0547 | 0.1142     | 0.2031     | 16
Log Reg                  | 0.1224 | 0.0483 | 0.2469 | 0.0552 | 0.1142     | 0.1982     | 16
MultiProtoCosine         | 0.1037 | 0.0331 | 0.1598 | 0.0384 | 0.0854     | 0.1220     | 16
PCA16+LogReg             | 0.0622 | 0.0488 | 0.2033 | 0.0552 | 0.0565     | 0.1653     | 16
PCA16+VecWeighted        | 0.0249 | 0.0453 | 0.0871 | 0.0471 | 0.0254     | 0.0957     | 16
PCA32+LogReg             | 0.1162 | 0.0512 | 0.2324 | 0.0558 | 0.1081     | 0.1881     | 16
PCA32+VecWeighted        | 0.0270 | 0.0488 | 0.0809 | 0.0453 | 0.0294     | 0.0882     | 16
PCAWhitenedCosine        | 0.4046 | 0.0436 | 0.5353 | 0.0610 | 0.4070     | 0.4762     | 16
StabilizedWhitenedCosine | 0.3942 | 0.0564 | 0.5187 | 0.0634 | 0.3917     | 0.4629     | 16
Tiny MLP                 | 0.4087 | 0.0587 | 0.5124 | 0.0616 | 0.4018     | 0.4477     | 16
Vec (Wgt)                | 0.2573 | 0.0570 | 0.4212 | 0.0587 | 0.2573     | 0.3747     | 16
WeightedEnsemble         | 0.4710 | 0.0628 | 0.5996 | 0.0634 | 0.4692     | 0.5443     | 16
XGBoost                  | 0.3651 | 0.0564 | 0.4730 | 0.0506 | 0.3747     | 0.4155     | 16

Method                   | TPR    | FPR    | TrTPR  | TrFPR  | MacroTPR | MacroFPR | Regions | TauMean | ms    | OK? 
---------------------------------------------------------------------------------------------------------------------
Cosine                   | 0.2303 | 0.0558 | 0.2896 | 0.0440 | 0.2341   | 0.0634   | 16      | 0.8511  | 43.4  | FAIL
AndBox-HC                | 0.2054 | 0.0523 | 0.2410 | 0.0446 | 0.2006   | 0.0399   | 16      | -0.0001 | 46.0  | FAIL
PCAWhitenedCosine        | 0.4046 | 0.0436 | 0.4101 | 0.0434 | 0.4070   | 0.0450   | 16      | 1.2204  | 33.6  | PASS
Vec (Wgt)                | 0.2573 | 0.0570 | 0.3023 | 0.0440 | 0.2573   | 0.0577   | 16      | 0.8762  | 33.4  | FAIL
Log Reg                  | 0.1224 | 0.0483 | 0.1438 | 0.0446 | 0.1142   | 0.0483   | 16      | 0.5093  | 68.0  | PASS
LDA                      | 0.3423 | 0.0395 | 0.3066 | 0.0440 | 0.3390   | 0.0406   | 16      | 5.4902  | 56.8  | PASS
Tiny MLP                 | 0.4087 | 0.0587 | 0.4334 | 0.0440 | 0.4018   | 0.0608   | 16      | 0.4276  | 426.8 | FAIL
MultiProtoCosine         | 0.1037 | 0.0331 | 0.1268 | 0.0452 | 0.0854   | 0.0356   | 16      | 0.9302  | 66.5  | PASS
WeightedEnsemble         | 0.4710 | 0.0628 | 0.4672 | 0.0446 | 0.4692   | 0.0578   | 16      | 0.8061  | 620.3 | FAIL
XGBoost                  | 0.3651 | 0.0564 | 0.3679 | 0.0446 | 0.3747   | 0.0526   | 16      | 0.4702  | 121.6 | FAIL
LDA1+LogReg              | 0.1224 | 0.0477 | 0.1438 | 0.0446 | 0.1142   | 0.0474   | 16      | 0.5092  | 68.1  | PASS
PCA16+LogReg             | 0.0622 | 0.0488 | 0.0634 | 0.0446 | 0.0565   | 0.0450   | 16      | 0.5095  | 86.5  | PASS
PCA32+LogReg             | 0.1162 | 0.0512 | 0.1395 | 0.0446 | 0.1081   | 0.0486   | 16      | 0.5094  | 85.8  | FAIL
PCA16+VecWeighted        | 0.0249 | 0.0453 | 0.0338 | 0.0446 | 0.0254   | 0.0349   | 16      | 0.0163  | 52.3  | PASS
PCA32+VecWeighted        | 0.0270 | 0.0488 | 0.0402 | 0.0440 | 0.0294   | 0.0384   | 16      | 0.0269  | 55.3  | PASS
StabilizedWhitenedCosine | 0.3942 | 0.0564 | 0.4017 | 0.0446 | 0.3917   | 0.0544   | 16      | 1.1686  | 41.4  | FAIL

[trial=20 seed=62] used_regions=16 split_stats={'skipped_region_insufficient_eval_mins': 957, 'skipped_region_min_h0_eval_after_sampling': 76, 'skipped_region_min_h1_eval_after_sampling': 54, 'used_regions': 16}
  local_fit_mode: pooled
  pooled_train: n0=1721 n1=482
  pooled_calib_eff: n0=3402 n1=955
[INFO] Cosine baseline routed to direct Hadamard sum (PrecomputedCosine)
[INFO] WeightedEnsemble Cosine judge routed to direct Hadamard sum
[DEBUG][WeightedEnsemble][fit_all_methods] context=local using_pure_calib=True H0_train=1721 H1_train=482 H0_calib_pure=1681 H1_calib_pure=473 H0_calib_eff=3402 H1_calib_eff=955
  [Ensemble] Judges routed to 'alt' input: PrecomputedCosine
  [WeightedEnsemble][DEBUG] fit_context=local external_calib_used=True H0_train=1721 H1_train=482 H0_calib=1681 H1_calib=473
[WeightedEnsemble] Fitted weights (alpha=0.0500, external calib):
  tau=1.0072, Pooled external calib: TPR=0.5307, FPR=0.0500
  PrecomputedCosine   : +0.0786
  PCAWhitenedCosine   : +0.2785
  XGBoost             : +0.3243
  Tiny MLP            : +0.1558
  LDA                 : +0.1628
  [WeightedEnsemble][DEBUG] collapse=False top_judge=XGBoost top_weight=0.3243
[DEBUG][WeightedEnsemble][fit_all_methods] context=matched_global_on_local using_pure_calib=True H0_train=1721 H1_train=482 H0_calib_pure=1681 H1_calib_pure=473 H0_calib_eff=3402 H1_calib_eff=955
  [Ensemble] Judges routed to 'alt' input: PrecomputedCosine
  [WeightedEnsemble][DEBUG] fit_context=matched_global_on_local external_calib_used=True H0_train=1721 H1_train=482 H0_calib=1681 H1_calib=473
[WeightedEnsemble] Fitted weights (alpha=0.0500, external calib):
  tau=1.0072, Pooled external calib: TPR=0.5307, FPR=0.0500
  PrecomputedCosine   : +0.0786
  PCAWhitenedCosine   : +0.2785
  XGBoost             : +0.3243
  Tiny MLP            : +0.1558
  LDA                 : +0.1628
  [WeightedEnsemble][DEBUG] collapse=False top_judge=XGBoost top_weight=0.3243

=== Matched Comparison: Local vs Global on Local-Tested Regions ===
Method                   | L-TPR  | L-FPR  | G-TPR  | G-FPR  | L-MacroTPR | G-MacroTPR | Regions
--------------------------------------------------------------------------------------------------------
AndBox-HC                | 0.2054 | 0.0500 | 0.2884 | 0.0471 | 0.1975     | 0.2783     | 16
Cosine                   | 0.2199 | 0.0407 | 0.3112 | 0.0570 | 0.2119     | 0.3009     | 16
LDA                      | 0.2614 | 0.0273 | 0.5207 | 0.0506 | 0.2456     | 0.4701     | 16
LDA1+LogReg              | 0.0975 | 0.0366 | 0.2739 | 0.0459 | 0.0996     | 0.2254     | 16
Log Reg                  | 0.0975 | 0.0366 | 0.2718 | 0.0453 | 0.0996     | 0.2242     | 16
MultiProtoCosine         | 0.1349 | 0.0430 | 0.2012 | 0.0483 | 0.1254     | 0.1747     | 16
PCA16+LogReg             | 0.0664 | 0.0413 | 0.2386 | 0.0471 | 0.0650     | 0.1976     | 16
PCA16+VecWeighted        | 0.0311 | 0.0419 | 0.1286 | 0.0465 | 0.0368     | 0.1496     | 16
PCA32+LogReg             | 0.0934 | 0.0366 | 0.2552 | 0.0453 | 0.0943     | 0.2103     | 16
PCA32+VecWeighted        | 0.0270 | 0.0424 | 0.1203 | 0.0488 | 0.0312     | 0.1411     | 16
PCAWhitenedCosine        | 0.3423 | 0.0448 | 0.5228 | 0.0547 | 0.3368     | 0.4733     | 16
StabilizedWhitenedCosine | 0.3589 | 0.0477 | 0.5062 | 0.0587 | 0.3584     | 0.4618     | 16
Tiny MLP                 | 0.3485 | 0.0436 | 0.4813 | 0.0471 | 0.3272     | 0.4275     | 16
Vec (Wgt)                | 0.2552 | 0.0395 | 0.4025 | 0.0517 | 0.2427     | 0.3659     | 16
WeightedEnsemble         | 0.3631 | 0.0331 | 0.5456 | 0.0488 | 0.3503     | 0.4955     | 16
XGBoost                  | 0.4046 | 0.0401 | 0.5436 | 0.0576 | 0.3827     | 0.4838     | 16

Method                   | TPR    | FPR    | TrTPR  | TrFPR  | MacroTPR | MacroFPR | Regions | TauMean | ms    | OK? 
---------------------------------------------------------------------------------------------------------------------
Cosine                   | 0.2199 | 0.0407 | 0.2347 | 0.0434 | 0.2119   | 0.0361   | 16      | 0.8586  | 42.9  | PASS
AndBox-HC                | 0.2054 | 0.0500 | 0.2326 | 0.0440 | 0.1975   | 0.0395   | 16      | -0.0000 | 47.4  | PASS
PCAWhitenedCosine        | 0.3423 | 0.0448 | 0.3404 | 0.0434 | 0.3368   | 0.0416   | 16      | 1.4071  | 35.1  | PASS
Vec (Wgt)                | 0.2552 | 0.0395 | 0.2685 | 0.0434 | 0.2427   | 0.0367   | 16      | 0.8797  | 34.3  | PASS
Log Reg                  | 0.0975 | 0.0366 | 0.0930 | 0.0440 | 0.0996   | 0.0256   | 16      | 0.5095  | 72.0  | PASS
LDA                      | 0.2614 | 0.0273 | 0.2537 | 0.0446 | 0.2456   | 0.0219   | 16      | 6.4470  | 60.8  | PASS
Tiny MLP                 | 0.3485 | 0.0436 | 0.3636 | 0.0440 | 0.3272   | 0.0434   | 16      | 0.4632  | 443.6 | PASS
MultiProtoCosine         | 0.1349 | 0.0430 | 0.1078 | 0.0446 | 0.1254   | 0.0388   | 16      | 0.9308  | 64.9  | PASS
WeightedEnsemble         | 0.3631 | 0.0331 | 0.3404 | 0.0440 | 0.3503   | 0.0313   | 16      | 1.4372  | 603.4 | PASS
XGBoost                  | 0.4046 | 0.0401 | 0.3996 | 0.0440 | 0.3827   | 0.0381   | 16      | 0.4652  | 116.8 | PASS
LDA1+LogReg              | 0.0975 | 0.0366 | 0.0930 | 0.0440 | 0.0996   | 0.0256   | 16      | 0.5094  | 65.7  | PASS
PCA16+LogReg             | 0.0664 | 0.0413 | 0.0465 | 0.0446 | 0.0650   | 0.0337   | 16      | 0.5095  | 77.0  | PASS
PCA32+LogReg             | 0.0934 | 0.0366 | 0.0888 | 0.0440 | 0.0943   | 0.0262   | 16      | 0.5095  | 81.5  | PASS
PCA16+VecWeighted        | 0.0311 | 0.0419 | 0.0423 | 0.0446 | 0.0368   | 0.0391   | 16      | 0.0143  | 51.2  | PASS
PCA32+VecWeighted        | 0.0270 | 0.0424 | 0.0233 | 0.0446 | 0.0312   | 0.0387   | 16      | 0.0240  | 54.5  | PASS
StabilizedWhitenedCosine | 0.3589 | 0.0477 | 0.3467 | 0.0440 | 0.3584   | 0.0451   | 16      | 1.3718  | 42.8  | PASS

[trial=21 seed=63] used_regions=16 split_stats={'skipped_region_insufficient_eval_mins': 957, 'skipped_region_min_h0_eval_after_sampling': 76, 'skipped_region_min_h1_eval_after_sampling': 54, 'used_regions': 16}
  local_fit_mode: pooled
  pooled_train: n0=1721 n1=482
  pooled_calib_eff: n0=3402 n1=955
[INFO] Cosine baseline routed to direct Hadamard sum (PrecomputedCosine)
[INFO] WeightedEnsemble Cosine judge routed to direct Hadamard sum
[DEBUG][WeightedEnsemble][fit_all_methods] context=local using_pure_calib=True H0_train=1721 H1_train=482 H0_calib_pure=1681 H1_calib_pure=473 H0_calib_eff=3402 H1_calib_eff=955
  [Ensemble] Judges routed to 'alt' input: PrecomputedCosine
  [WeightedEnsemble][DEBUG] fit_context=local external_calib_used=True H0_train=1721 H1_train=482 H0_calib=1681 H1_calib=473
[WeightedEnsemble] Fitted weights (alpha=0.0500, external calib):
  tau=0.9511, Pooled external calib: TPR=0.6004, FPR=0.0500
  PrecomputedCosine   : +0.7052
  PCAWhitenedCosine   : +0.1314
  XGBoost             : +0.0181
  Tiny MLP            : +0.0260
  LDA                 : +0.1193
  [WeightedEnsemble][DEBUG] collapse=False top_judge=PrecomputedCosine top_weight=0.7052
[DEBUG][WeightedEnsemble][fit_all_methods] context=matched_global_on_local using_pure_calib=True H0_train=1721 H1_train=482 H0_calib_pure=1681 H1_calib_pure=473 H0_calib_eff=3402 H1_calib_eff=955
  [Ensemble] Judges routed to 'alt' input: PrecomputedCosine
  [WeightedEnsemble][DEBUG] fit_context=matched_global_on_local external_calib_used=True H0_train=1721 H1_train=482 H0_calib=1681 H1_calib=473
[WeightedEnsemble] Fitted weights (alpha=0.0500, external calib):
  tau=0.9511, Pooled external calib: TPR=0.6004, FPR=0.0500
  PrecomputedCosine   : +0.7052
  PCAWhitenedCosine   : +0.1314
  XGBoost             : +0.0181
  Tiny MLP            : +0.0260
  LDA                 : +0.1193
  [WeightedEnsemble][DEBUG] collapse=False top_judge=PrecomputedCosine top_weight=0.7052

=== Matched Comparison: Local vs Global on Local-Tested Regions ===
Method                   | L-TPR  | L-FPR  | G-TPR  | G-FPR  | L-MacroTPR | G-MacroTPR | Regions
--------------------------------------------------------------------------------------------------------
AndBox-HC                | 0.2344 | 0.0477 | 0.3050 | 0.0517 | 0.2419     | 0.2978     | 16
Cosine                   | 0.2469 | 0.0378 | 0.3154 | 0.0419 | 0.2333     | 0.3076     | 16
LDA                      | 0.3651 | 0.0558 | 0.5124 | 0.0523 | 0.3622     | 0.4779     | 16
LDA1+LogReg              | 0.1639 | 0.0390 | 0.3008 | 0.0547 | 0.1622     | 0.2497     | 16
Log Reg                  | 0.1639 | 0.0390 | 0.3008 | 0.0552 | 0.1622     | 0.2497     | 16
MultiProtoCosine         | 0.1141 | 0.0500 | 0.1577 | 0.0581 | 0.1002     | 0.1209     | 16
PCA16+LogReg             | 0.1079 | 0.0378 | 0.2407 | 0.0622 | 0.1068     | 0.2038     | 16
PCA16+VecWeighted        | 0.0187 | 0.0471 | 0.0747 | 0.0494 | 0.0213     | 0.0833     | 16
PCA32+LogReg             | 0.1515 | 0.0390 | 0.2822 | 0.0529 | 0.1507     | 0.2363     | 16
PCA32+VecWeighted        | 0.0021 | 0.0355 | 0.0643 | 0.0477 | 0.0013     | 0.0713     | 16
PCAWhitenedCosine        | 0.3465 | 0.0401 | 0.4751 | 0.0593 | 0.3432     | 0.4129     | 16
StabilizedWhitenedCosine | 0.3402 | 0.0465 | 0.4834 | 0.0570 | 0.3383     | 0.4266     | 16
Tiny MLP                 | 0.3195 | 0.0390 | 0.4751 | 0.0570 | 0.3124     | 0.4156     | 16
Vec (Wgt)                | 0.2656 | 0.0401 | 0.4295 | 0.0459 | 0.2495     | 0.3848     | 16
WeightedEnsemble         | 0.3817 | 0.0500 | 0.5539 | 0.0616 | 0.3824     | 0.5075     | 16
XGBoost                  | 0.4129 | 0.0488 | 0.4938 | 0.0488 | 0.4029     | 0.4284     | 16

Method                   | TPR    | FPR    | TrTPR  | TrFPR  | MacroTPR | MacroFPR | Regions | TauMean | ms    | OK? 
---------------------------------------------------------------------------------------------------------------------
Cosine                   | 0.2469 | 0.0378 | 0.2643 | 0.0446 | 0.2333   | 0.0321   | 16      | 0.8586  | 41.9  | PASS
AndBox-HC                | 0.2344 | 0.0477 | 0.2495 | 0.0446 | 0.2419   | 0.0469   | 16      | -0.0000 | 49.6  | PASS
PCAWhitenedCosine        | 0.3465 | 0.0401 | 0.3615 | 0.0446 | 0.3432   | 0.0445   | 16      | 1.3330  | 33.4  | PASS
Vec (Wgt)                | 0.2656 | 0.0401 | 0.2833 | 0.0440 | 0.2495   | 0.0333   | 16      | 0.8830  | 34.0  | PASS
Log Reg                  | 0.1639 | 0.0390 | 0.1480 | 0.0446 | 0.1622   | 0.0516   | 16      | 0.5092  | 70.6  | PASS
LDA                      | 0.3651 | 0.0558 | 0.3721 | 0.0440 | 0.3622   | 0.0523   | 16      | 5.0272  | 58.4  | FAIL
Tiny MLP                 | 0.3195 | 0.0390 | 0.3340 | 0.0446 | 0.3124   | 0.0379   | 16      | 0.4794  | 430.5 | PASS
MultiProtoCosine         | 0.1141 | 0.0500 | 0.1628 | 0.0446 | 0.1002   | 0.0483   | 16      | 0.9290  | 67.2  | PASS
WeightedEnsemble         | 0.3817 | 0.0500 | 0.3848 | 0.0446 | 0.3824   | 0.0484   | 16      | 1.2759  | 596.0 | PASS
XGBoost                  | 0.4129 | 0.0488 | 0.4228 | 0.0446 | 0.4029   | 0.0501   | 16      | 0.4586  | 118.2 | PASS
LDA1+LogReg              | 0.1639 | 0.0390 | 0.1480 | 0.0446 | 0.1622   | 0.0516   | 16      | 0.5092  | 66.2  | PASS
PCA16+LogReg             | 0.1079 | 0.0378 | 0.0825 | 0.0446 | 0.1068   | 0.0459   | 16      | 0.5093  | 77.6  | PASS
PCA32+LogReg             | 0.1515 | 0.0390 | 0.1416 | 0.0446 | 0.1507   | 0.0488   | 16      | 0.5093  | 84.3  | PASS
PCA16+VecWeighted        | 0.0187 | 0.0471 | 0.0317 | 0.0428 | 0.0213   | 0.0383   | 16      | 0.0177  | 55.0  | PASS
PCA32+VecWeighted        | 0.0021 | 0.0355 | 0.0169 | 0.0452 | 0.0013   | 0.0322   | 16      | 0.0281  | 55.9  | PASS
StabilizedWhitenedCosine | 0.3402 | 0.0465 | 0.3636 | 0.0440 | 0.3383   | 0.0456   | 16      | 1.3348  | 40.8  | PASS

[trial=22 seed=64] used_regions=16 split_stats={'skipped_region_insufficient_eval_mins': 957, 'skipped_region_min_h0_eval_after_sampling': 76, 'skipped_region_min_h1_eval_after_sampling': 54, 'used_regions': 16}
  local_fit_mode: pooled
  pooled_train: n0=1721 n1=482
  pooled_calib_eff: n0=3402 n1=955
[INFO] Cosine baseline routed to direct Hadamard sum (PrecomputedCosine)
[INFO] WeightedEnsemble Cosine judge routed to direct Hadamard sum
[DEBUG][WeightedEnsemble][fit_all_methods] context=local using_pure_calib=True H0_train=1721 H1_train=482 H0_calib_pure=1681 H1_calib_pure=473 H0_calib_eff=3402 H1_calib_eff=955
  [Ensemble] Judges routed to 'alt' input: PrecomputedCosine
  [WeightedEnsemble][DEBUG] fit_context=local external_calib_used=True H0_train=1721 H1_train=482 H0_calib=1681 H1_calib=473
[WeightedEnsemble] Fitted weights (alpha=0.0500, external calib):
  tau=0.5714, Pooled external calib: TPR=0.6068, FPR=0.0500
  PrecomputedCosine   : +0.2832
  PCAWhitenedCosine   : +0.0456
  XGBoost             : +0.2004
  Tiny MLP            : +0.4151
  LDA                 : +0.0558
  [WeightedEnsemble][DEBUG] collapse=False top_judge=Tiny MLP top_weight=0.4151
[DEBUG][WeightedEnsemble][fit_all_methods] context=matched_global_on_local using_pure_calib=True H0_train=1721 H1_train=482 H0_calib_pure=1681 H1_calib_pure=473 H0_calib_eff=3402 H1_calib_eff=955
  [Ensemble] Judges routed to 'alt' input: PrecomputedCosine
  [WeightedEnsemble][DEBUG] fit_context=matched_global_on_local external_calib_used=True H0_train=1721 H1_train=482 H0_calib=1681 H1_calib=473
[WeightedEnsemble] Fitted weights (alpha=0.0500, external calib):
  tau=0.5714, Pooled external calib: TPR=0.6068, FPR=0.0500
  PrecomputedCosine   : +0.2832
  PCAWhitenedCosine   : +0.0456
  XGBoost             : +0.2004
  Tiny MLP            : +0.4151
  LDA                 : +0.0558
  [WeightedEnsemble][DEBUG] collapse=False top_judge=Tiny MLP top_weight=0.4151

=== Matched Comparison: Local vs Global on Local-Tested Regions ===
Method                   | L-TPR  | L-FPR  | G-TPR  | G-FPR  | L-MacroTPR | G-MacroTPR | Regions
--------------------------------------------------------------------------------------------------------
AndBox-HC                | 0.2116 | 0.0436 | 0.2905 | 0.0529 | 0.2098     | 0.2894     | 16
Cosine                   | 0.2573 | 0.0453 | 0.2842 | 0.0506 | 0.2548     | 0.2797     | 16
LDA                      | 0.3154 | 0.0401 | 0.5228 | 0.0535 | 0.3107     | 0.4884     | 16
LDA1+LogReg              | 0.1224 | 0.0465 | 0.2863 | 0.0640 | 0.1179     | 0.2341     | 16
Log Reg                  | 0.1224 | 0.0471 | 0.2842 | 0.0645 | 0.1179     | 0.2317     | 16
MultiProtoCosine         | 0.1183 | 0.0512 | 0.1743 | 0.0477 | 0.1064     | 0.1467     | 16
PCA16+LogReg             | 0.0871 | 0.0500 | 0.2324 | 0.0576 | 0.0816     | 0.1873     | 16
PCA16+VecWeighted        | 0.0539 | 0.0483 | 0.1556 | 0.0610 | 0.0565     | 0.1719     | 16
PCA32+LogReg             | 0.1100 | 0.0465 | 0.2635 | 0.0616 | 0.1057     | 0.2133     | 16
PCA32+VecWeighted        | 0.0664 | 0.0477 | 0.1680 | 0.0593 | 0.0696     | 0.1857     | 16
PCAWhitenedCosine        | 0.3133 | 0.0488 | 0.5290 | 0.0709 | 0.3140     | 0.4755     | 16
StabilizedWhitenedCosine | 0.3465 | 0.0506 | 0.5083 | 0.0599 | 0.3487     | 0.4597     | 16
Tiny MLP                 | 0.3299 | 0.0384 | 0.4461 | 0.0558 | 0.3243     | 0.3917     | 16
Vec (Wgt)                | 0.2697 | 0.0494 | 0.4066 | 0.0529 | 0.2616     | 0.3658     | 16
WeightedEnsemble         | 0.4149 | 0.0529 | 0.5581 | 0.0564 | 0.4225     | 0.5110     | 16
XGBoost                  | 0.3465 | 0.0471 | 0.4751 | 0.0488 | 0.3513     | 0.4183     | 16

Method                   | TPR    | FPR    | TrTPR  | TrFPR  | MacroTPR | MacroFPR | Regions | TauMean | ms    | OK? 
---------------------------------------------------------------------------------------------------------------------
Cosine                   | 0.2573 | 0.0453 | 0.3023 | 0.0446 | 0.2548   | 0.0398   | 16      | 0.8498  | 40.6  | PASS
AndBox-HC                | 0.2116 | 0.0436 | 0.2389 | 0.0446 | 0.2098   | 0.0468   | 16      | -0.0000 | 46.3  | PASS
PCAWhitenedCosine        | 0.3133 | 0.0488 | 0.3488 | 0.0446 | 0.3140   | 0.0507   | 16      | 1.3016  | 32.8  | PASS
Vec (Wgt)                | 0.2697 | 0.0494 | 0.3192 | 0.0446 | 0.2616   | 0.0469   | 16      | 0.8746  | 32.1  | PASS
Log Reg                  | 0.1224 | 0.0471 | 0.1311 | 0.0446 | 0.1179   | 0.0451   | 16      | 0.5091  | 66.4  | PASS
LDA                      | 0.3154 | 0.0401 | 0.3531 | 0.0446 | 0.3107   | 0.0447   | 16      | 4.5893  | 55.2  | PASS
Tiny MLP                 | 0.3299 | 0.0384 | 0.3594 | 0.0446 | 0.3243   | 0.0369   | 16      | 0.4014  | 416.1 | PASS
MultiProtoCosine         | 0.1183 | 0.0512 | 0.1353 | 0.0446 | 0.1064   | 0.0424   | 16      | 0.9308  | 63.9  | FAIL
WeightedEnsemble         | 0.4149 | 0.0529 | 0.4313 | 0.0446 | 0.4225   | 0.0471   | 16      | 0.7039  | 572.7 | FAIL
XGBoost                  | 0.3465 | 0.0471 | 0.3700 | 0.0446 | 0.3513   | 0.0406   | 16      | 0.4732  | 115.9 | PASS
LDA1+LogReg              | 0.1224 | 0.0465 | 0.1311 | 0.0440 | 0.1179   | 0.0442   | 16      | 0.5090  | 63.2  | PASS
PCA16+LogReg             | 0.0871 | 0.0500 | 0.0846 | 0.0446 | 0.0816   | 0.0488   | 16      | 0.5095  | 74.4  | PASS
PCA32+LogReg             | 0.1100 | 0.0465 | 0.1226 | 0.0446 | 0.1057   | 0.0447   | 16      | 0.5092  | 78.4  | PASS
PCA16+VecWeighted        | 0.0539 | 0.0483 | 0.0359 | 0.0440 | 0.0565   | 0.0455   | 16      | 0.0141  | 49.3  | PASS
PCA32+VecWeighted        | 0.0664 | 0.0477 | 0.0677 | 0.0434 | 0.0696   | 0.0450   | 16      | 0.0197  | 52.5  | PASS
StabilizedWhitenedCosine | 0.3465 | 0.0506 | 0.3721 | 0.0446 | 0.3487   | 0.0548   | 16      | 1.2335  | 38.9  | FAIL

[trial=23 seed=65] used_regions=16 split_stats={'skipped_region_insufficient_eval_mins': 957, 'skipped_region_min_h0_eval_after_sampling': 76, 'skipped_region_min_h1_eval_after_sampling': 54, 'used_regions': 16}
  local_fit_mode: pooled
  pooled_train: n0=1721 n1=482
  pooled_calib_eff: n0=3402 n1=955
[INFO] Cosine baseline routed to direct Hadamard sum (PrecomputedCosine)
[INFO] WeightedEnsemble Cosine judge routed to direct Hadamard sum
[DEBUG][WeightedEnsemble][fit_all_methods] context=local using_pure_calib=True H0_train=1721 H1_train=482 H0_calib_pure=1681 H1_calib_pure=473 H0_calib_eff=3402 H1_calib_eff=955
  [Ensemble] Judges routed to 'alt' input: PrecomputedCosine
  [WeightedEnsemble][DEBUG] fit_context=local external_calib_used=True H0_train=1721 H1_train=482 H0_calib=1681 H1_calib=473
[WeightedEnsemble] Fitted weights (alpha=0.0500, external calib):
  tau=0.7503, Pooled external calib: TPR=0.5645, FPR=0.0500
  PrecomputedCosine   : +0.4323
  PCAWhitenedCosine   : +0.1110
  XGBoost             : +0.2003
  Tiny MLP            : +0.2025
  LDA                 : +0.0539
  [WeightedEnsemble][DEBUG] collapse=False top_judge=PrecomputedCosine top_weight=0.4323
[DEBUG][WeightedEnsemble][fit_all_methods] context=matched_global_on_local using_pure_calib=True H0_train=1721 H1_train=482 H0_calib_pure=1681 H1_calib_pure=473 H0_calib_eff=3402 H1_calib_eff=955
  [Ensemble] Judges routed to 'alt' input: PrecomputedCosine
  [WeightedEnsemble][DEBUG] fit_context=matched_global_on_local external_calib_used=True H0_train=1721 H1_train=482 H0_calib=1681 H1_calib=473
[WeightedEnsemble] Fitted weights (alpha=0.0500, external calib):
  tau=0.7503, Pooled external calib: TPR=0.5645, FPR=0.0500
  PrecomputedCosine   : +0.4323
  PCAWhitenedCosine   : +0.1110
  XGBoost             : +0.2003
  Tiny MLP            : +0.2025
  LDA                 : +0.0539
  [WeightedEnsemble][DEBUG] collapse=False top_judge=PrecomputedCosine top_weight=0.4323

=== Matched Comparison: Local vs Global on Local-Tested Regions ===
Method                   | L-TPR  | L-FPR  | G-TPR  | G-FPR  | L-MacroTPR | G-MacroTPR | Regions
--------------------------------------------------------------------------------------------------------
AndBox-HC                | 0.2510 | 0.0378 | 0.3029 | 0.0355 | 0.2464     | 0.2971     | 16
Cosine                   | 0.2593 | 0.0355 | 0.3133 | 0.0378 | 0.2580     | 0.3101     | 16
LDA                      | 0.2490 | 0.0395 | 0.4896 | 0.0430 | 0.2524     | 0.4474     | 16
LDA1+LogReg              | 0.0934 | 0.0360 | 0.2573 | 0.0459 | 0.0956     | 0.2129     | 16
Log Reg                  | 0.0934 | 0.0360 | 0.2573 | 0.0453 | 0.0956     | 0.2129     | 16
MultiProtoCosine         | 0.1411 | 0.0564 | 0.1971 | 0.0500 | 0.1402     | 0.1724     | 16
PCA16+LogReg             | 0.0726 | 0.0390 | 0.2282 | 0.0488 | 0.0736     | 0.1859     | 16
PCA16+VecWeighted        | 0.0830 | 0.0442 | 0.1390 | 0.0558 | 0.0752     | 0.1324     | 16
PCA32+LogReg             | 0.0871 | 0.0360 | 0.2448 | 0.0459 | 0.0910     | 0.2026     | 16
PCA32+VecWeighted        | 0.0892 | 0.0442 | 0.1349 | 0.0541 | 0.0807     | 0.1283     | 16
PCAWhitenedCosine        | 0.3651 | 0.0488 | 0.4917 | 0.0436 | 0.3619     | 0.4399     | 16
StabilizedWhitenedCosine | 0.3216 | 0.0552 | 0.4813 | 0.0401 | 0.3175     | 0.4280     | 16
Tiny MLP                 | 0.3299 | 0.0494 | 0.4170 | 0.0297 | 0.3161     | 0.3664     | 16
Vec (Wgt)                | 0.2863 | 0.0355 | 0.4212 | 0.0360 | 0.2815     | 0.3816     | 16
WeightedEnsemble         | 0.3174 | 0.0390 | 0.5166 | 0.0395 | 0.3232     | 0.4642     | 16
XGBoost                  | 0.3340 | 0.0424 | 0.4647 | 0.0413 | 0.3294     | 0.4048     | 16

Method                   | TPR    | FPR    | TrTPR  | TrFPR  | MacroTPR | MacroFPR | Regions | TauMean | ms    | OK? 
---------------------------------------------------------------------------------------------------------------------
Cosine                   | 0.2593 | 0.0355 | 0.2495 | 0.0446 | 0.2580   | 0.0298   | 16      | 0.8558  | 45.8  | PASS
AndBox-HC                | 0.2510 | 0.0378 | 0.2431 | 0.0452 | 0.2464   | 0.0437   | 16      | -0.0000 | 50.3  | PASS
PCAWhitenedCosine        | 0.3651 | 0.0488 | 0.3552 | 0.0446 | 0.3619   | 0.0457   | 16      | 1.3421  | 34.2  | PASS
Vec (Wgt)                | 0.2863 | 0.0355 | 0.2664 | 0.0446 | 0.2815   | 0.0305   | 16      | 0.8794  | 34.6  | PASS
Log Reg                  | 0.0934 | 0.0360 | 0.0867 | 0.0446 | 0.0956   | 0.0284   | 16      | 0.5096  | 72.5  | PASS
LDA                      | 0.2490 | 0.0395 | 0.2622 | 0.0446 | 0.2524   | 0.0320   | 16      | 6.0619  | 60.3  | PASS
Tiny MLP                 | 0.3299 | 0.0494 | 0.3171 | 0.0446 | 0.3161   | 0.0394   | 16      | 0.3746  | 443.0 | PASS
MultiProtoCosine         | 0.1411 | 0.0564 | 0.1438 | 0.0446 | 0.1402   | 0.0641   | 16      | 0.9294  | 68.1  | FAIL
WeightedEnsemble         | 0.3174 | 0.0390 | 0.3404 | 0.0446 | 0.3232   | 0.0324   | 16      | 0.9097  | 640.7 | PASS
XGBoost                  | 0.3340 | 0.0424 | 0.3890 | 0.0446 | 0.3294   | 0.0337   | 16      | 0.4582  | 119.5 | PASS
LDA1+LogReg              | 0.0934 | 0.0360 | 0.0867 | 0.0446 | 0.0956   | 0.0284   | 16      | 0.5095  | 66.7  | PASS
PCA16+LogReg             | 0.0726 | 0.0390 | 0.0486 | 0.0446 | 0.0736   | 0.0327   | 16      | 0.5096  | 77.4  | PASS
PCA32+LogReg             | 0.0871 | 0.0360 | 0.0719 | 0.0446 | 0.0910   | 0.0296   | 16      | 0.5096  | 80.8  | PASS
PCA16+VecWeighted        | 0.0830 | 0.0442 | 0.0888 | 0.0446 | 0.0752   | 0.0414   | 16      | 0.0139  | 50.0  | PASS
PCA32+VecWeighted        | 0.0892 | 0.0442 | 0.0740 | 0.0446 | 0.0807   | 0.0430   | 16      | 0.0221  | 54.5  | PASS
StabilizedWhitenedCosine | 0.3216 | 0.0552 | 0.3298 | 0.0446 | 0.3175   | 0.0500   | 16      | 1.3477  | 40.3  | FAIL

[trial=24 seed=66] used_regions=16 split_stats={'skipped_region_insufficient_eval_mins': 957, 'skipped_region_min_h0_eval_after_sampling': 76, 'skipped_region_min_h1_eval_after_sampling': 54, 'used_regions': 16}
  local_fit_mode: pooled
  pooled_train: n0=1721 n1=482
  pooled_calib_eff: n0=3402 n1=955
[INFO] Cosine baseline routed to direct Hadamard sum (PrecomputedCosine)
[INFO] WeightedEnsemble Cosine judge routed to direct Hadamard sum
[DEBUG][WeightedEnsemble][fit_all_methods] context=local using_pure_calib=True H0_train=1721 H1_train=482 H0_calib_pure=1681 H1_calib_pure=473 H0_calib_eff=3402 H1_calib_eff=955
  [Ensemble] Judges routed to 'alt' input: PrecomputedCosine
  [WeightedEnsemble][DEBUG] fit_context=local external_calib_used=True H0_train=1721 H1_train=482 H0_calib=1681 H1_calib=473
[WeightedEnsemble] Fitted weights (alpha=0.0500, external calib):
  tau=0.5738, Pooled external calib: TPR=0.5476, FPR=0.0500
  PrecomputedCosine   : +0.1369
  PCAWhitenedCosine   : +0.3322
  XGBoost             : +0.4468
  Tiny MLP            : +0.0732
  LDA                 : +0.0110
  [WeightedEnsemble][DEBUG] collapse=False top_judge=XGBoost top_weight=0.4468
[DEBUG][WeightedEnsemble][fit_all_methods] context=matched_global_on_local using_pure_calib=True H0_train=1721 H1_train=482 H0_calib_pure=1681 H1_calib_pure=473 H0_calib_eff=3402 H1_calib_eff=955
  [Ensemble] Judges routed to 'alt' input: PrecomputedCosine
  [WeightedEnsemble][DEBUG] fit_context=matched_global_on_local external_calib_used=True H0_train=1721 H1_train=482 H0_calib=1681 H1_calib=473
[WeightedEnsemble] Fitted weights (alpha=0.0500, external calib):
  tau=0.5738, Pooled external calib: TPR=0.5476, FPR=0.0500
  PrecomputedCosine   : +0.1369
  PCAWhitenedCosine   : +0.3322
  XGBoost             : +0.4468
  Tiny MLP            : +0.0732
  LDA                 : +0.0110
  [WeightedEnsemble][DEBUG] collapse=False top_judge=XGBoost top_weight=0.4468

=== Matched Comparison: Local vs Global on Local-Tested Regions ===
Method                   | L-TPR  | L-FPR  | G-TPR  | G-FPR  | L-MacroTPR | G-MacroTPR | Regions
--------------------------------------------------------------------------------------------------------
AndBox-HC                | 0.1971 | 0.0337 | 0.2759 | 0.0337 | 0.1854     | 0.2559     | 16
Cosine                   | 0.2510 | 0.0331 | 0.3008 | 0.0355 | 0.2523     | 0.2920     | 16
LDA                      | 0.3568 | 0.0395 | 0.5104 | 0.0442 | 0.3558     | 0.4782     | 16
LDA1+LogReg              | 0.1224 | 0.0395 | 0.2593 | 0.0517 | 0.1224     | 0.2180     | 16
Log Reg                  | 0.1224 | 0.0401 | 0.2510 | 0.0512 | 0.1224     | 0.2108     | 16
MultiProtoCosine         | 0.1411 | 0.0500 | 0.1888 | 0.0459 | 0.1263     | 0.1265     | 16
PCA16+LogReg             | 0.0705 | 0.0407 | 0.1950 | 0.0529 | 0.0673     | 0.1623     | 16
PCA16+VecWeighted        | 0.0394 | 0.0442 | 0.1909 | 0.0488 | 0.0446     | 0.1527     | 16
PCA32+LogReg             | 0.1017 | 0.0401 | 0.2427 | 0.0547 | 0.1057     | 0.2015     | 16
PCA32+VecWeighted        | 0.0353 | 0.0390 | 0.1888 | 0.0494 | 0.0386     | 0.1491     | 16
PCAWhitenedCosine        | 0.3485 | 0.0401 | 0.5373 | 0.0453 | 0.3474     | 0.4910     | 16
StabilizedWhitenedCosine | 0.2967 | 0.0331 | 0.5083 | 0.0500 | 0.2951     | 0.4566     | 16
Tiny MLP                 | 0.3340 | 0.0355 | 0.5187 | 0.0442 | 0.3229     | 0.4658     | 16
Vec (Wgt)                | 0.2531 | 0.0337 | 0.4025 | 0.0372 | 0.2514     | 0.3610     | 16
WeightedEnsemble         | 0.3942 | 0.0407 | 0.5788 | 0.0483 | 0.3884     | 0.5227     | 16
XGBoost                  | 0.4398 | 0.0506 | 0.5000 | 0.0413 | 0.4278     | 0.4316     | 16

Method                   | TPR    | FPR    | TrTPR  | TrFPR  | MacroTPR | MacroFPR | Regions | TauMean | ms    | OK? 
---------------------------------------------------------------------------------------------------------------------
Cosine                   | 0.2510 | 0.0331 | 0.2178 | 0.0428 | 0.2523   | 0.0337   | 16      | 0.8572  | 40.4  | PASS
AndBox-HC                | 0.1971 | 0.0337 | 0.1903 | 0.0446 | 0.1854   | 0.0318   | 16      | -0.0000 | 43.6  | PASS
PCAWhitenedCosine        | 0.3485 | 0.0401 | 0.3277 | 0.0446 | 0.3474   | 0.0356   | 16      | 1.3443  | 32.4  | PASS
Vec (Wgt)                | 0.2531 | 0.0337 | 0.2326 | 0.0440 | 0.2514   | 0.0347   | 16      | 0.8771  | 31.6  | PASS
Log Reg                  | 0.1224 | 0.0401 | 0.0909 | 0.0446 | 0.1224   | 0.0379   | 16      | 0.5097  | 66.2  | PASS
LDA                      | 0.3568 | 0.0395 | 0.3044 | 0.0446 | 0.3558   | 0.0330   | 16      | 4.9437  | 54.7  | PASS
Tiny MLP                 | 0.3340 | 0.0355 | 0.3214 | 0.0440 | 0.3229   | 0.0347   | 16      | 0.4755  | 410.1 | PASS
MultiProtoCosine         | 0.1411 | 0.0500 | 0.1226 | 0.0440 | 0.1263   | 0.0535   | 16      | 0.9293  | 62.4  | PASS
WeightedEnsemble         | 0.3942 | 0.0407 | 0.3784 | 0.0440 | 0.3884   | 0.0376   | 16      | 0.7704  | 563.6 | PASS
XGBoost                  | 0.4398 | 0.0506 | 0.3996 | 0.0446 | 0.4278   | 0.0499   | 16      | 0.4506  | 115.8 | FAIL
LDA1+LogReg              | 0.1224 | 0.0395 | 0.0909 | 0.0446 | 0.1224   | 0.0370   | 16      | 0.5097  | 63.2  | PASS
PCA16+LogReg             | 0.0705 | 0.0407 | 0.0486 | 0.0446 | 0.0673   | 0.0370   | 16      | 0.5099  | 73.8  | PASS
PCA32+LogReg             | 0.1017 | 0.0401 | 0.0825 | 0.0446 | 0.1057   | 0.0368   | 16      | 0.5098  | 77.6  | PASS
PCA16+VecWeighted        | 0.0394 | 0.0442 | 0.0254 | 0.0446 | 0.0446   | 0.0431   | 16      | 0.0179  | 48.3  | PASS
PCA32+VecWeighted        | 0.0353 | 0.0390 | 0.0190 | 0.0446 | 0.0386   | 0.0440   | 16      | 0.0282  | 51.7  | PASS
StabilizedWhitenedCosine | 0.2967 | 0.0331 | 0.2791 | 0.0446 | 0.2951   | 0.0379   | 16      | 1.3301  | 39.1  | PASS

[trial=25 seed=67] used_regions=16 split_stats={'skipped_region_insufficient_eval_mins': 957, 'skipped_region_min_h0_eval_after_sampling': 76, 'skipped_region_min_h1_eval_after_sampling': 54, 'used_regions': 16}
  local_fit_mode: pooled
  pooled_train: n0=1721 n1=482
  pooled_calib_eff: n0=3402 n1=955
[INFO] Cosine baseline routed to direct Hadamard sum (PrecomputedCosine)
[INFO] WeightedEnsemble Cosine judge routed to direct Hadamard sum
[DEBUG][WeightedEnsemble][fit_all_methods] context=local using_pure_calib=True H0_train=1721 H1_train=482 H0_calib_pure=1681 H1_calib_pure=473 H0_calib_eff=3402 H1_calib_eff=955
  [Ensemble] Judges routed to 'alt' input: PrecomputedCosine
  [WeightedEnsemble][DEBUG] fit_context=local external_calib_used=True H0_train=1721 H1_train=482 H0_calib=1681 H1_calib=473
[WeightedEnsemble] Fitted weights (alpha=0.0500, external calib):
  tau=0.7055, Pooled external calib: TPR=0.5751, FPR=0.0500
  PrecomputedCosine   : +0.1817
  PCAWhitenedCosine   : +0.4603
  XGBoost             : +0.0868
  Tiny MLP            : +0.1854
  LDA                 : +0.0858
  [WeightedEnsemble][DEBUG] collapse=False top_judge=PCAWhitenedCosine top_weight=0.4603
[DEBUG][WeightedEnsemble][fit_all_methods] context=matched_global_on_local using_pure_calib=True H0_train=1721 H1_train=482 H0_calib_pure=1681 H1_calib_pure=473 H0_calib_eff=3402 H1_calib_eff=955
  [Ensemble] Judges routed to 'alt' input: PrecomputedCosine
  [WeightedEnsemble][DEBUG] fit_context=matched_global_on_local external_calib_used=True H0_train=1721 H1_train=482 H0_calib=1681 H1_calib=473
[WeightedEnsemble] Fitted weights (alpha=0.0500, external calib):
  tau=0.7055, Pooled external calib: TPR=0.5751, FPR=0.0500
  PrecomputedCosine   : +0.1817
  PCAWhitenedCosine   : +0.4603
  XGBoost             : +0.0868
  Tiny MLP            : +0.1854
  LDA                 : +0.0858
  [WeightedEnsemble][DEBUG] collapse=False top_judge=PCAWhitenedCosine top_weight=0.4603

=== Matched Comparison: Local vs Global on Local-Tested Regions ===
Method                   | L-TPR  | L-FPR  | G-TPR  | G-FPR  | L-MacroTPR | G-MacroTPR | Regions
--------------------------------------------------------------------------------------------------------
AndBox-HC                | 0.2386 | 0.0465 | 0.2946 | 0.0529 | 0.2243     | 0.2807     | 16
Cosine                   | 0.3174 | 0.0552 | 0.3382 | 0.0581 | 0.3000     | 0.3247     | 16
LDA                      | 0.2718 | 0.0320 | 0.4813 | 0.0477 | 0.2685     | 0.4432     | 16
LDA1+LogReg              | 0.1577 | 0.0506 | 0.3071 | 0.0599 | 0.1478     | 0.2461     | 16
Log Reg                  | 0.1577 | 0.0506 | 0.2988 | 0.0599 | 0.1478     | 0.2400     | 16
MultiProtoCosine         | 0.1369 | 0.0465 | 0.1867 | 0.0477 | 0.1264     | 0.1292     | 16
PCA16+LogReg             | 0.1079 | 0.0552 | 0.2261 | 0.0576 | 0.0951     | 0.1843     | 16
PCA16+VecWeighted        | 0.0332 | 0.0366 | 0.0871 | 0.0465 | 0.0334     | 0.0962     | 16
PCA32+LogReg             | 0.1515 | 0.0494 | 0.2863 | 0.0605 | 0.1410     | 0.2309     | 16
PCA32+VecWeighted        | 0.0270 | 0.0413 | 0.0892 | 0.0494 | 0.0286     | 0.0986     | 16
PCAWhitenedCosine        | 0.4129 | 0.0599 | 0.5228 | 0.0512 | 0.4055     | 0.4596     | 16
StabilizedWhitenedCosine | 0.3797 | 0.0570 | 0.5124 | 0.0564 | 0.3595     | 0.4458     | 16
Tiny MLP                 | 0.4170 | 0.0576 | 0.5083 | 0.0610 | 0.3895     | 0.4386     | 16
Vec (Wgt)                | 0.3382 | 0.0547 | 0.4440 | 0.0558 | 0.3202     | 0.3938     | 16
WeightedEnsemble         | 0.4212 | 0.0477 | 0.5871 | 0.0576 | 0.4145     | 0.5252     | 16
XGBoost                  | 0.4149 | 0.0500 | 0.5207 | 0.0558 | 0.4063     | 0.4508     | 16

Method                   | TPR    | FPR    | TrTPR  | TrFPR  | MacroTPR | MacroFPR | Regions | TauMean | ms    | OK? 
---------------------------------------------------------------------------------------------------------------------
Cosine                   | 0.3174 | 0.0552 | 0.3023 | 0.0446 | 0.3000   | 0.0483   | 16      | 0.8479  | 45.5  | FAIL
AndBox-HC                | 0.2386 | 0.0465 | 0.1628 | 0.0446 | 0.2243   | 0.0410   | 16      | -0.0001 | 51.4  | PASS
PCAWhitenedCosine        | 0.4129 | 0.0599 | 0.3784 | 0.0446 | 0.4055   | 0.0471   | 16      | 1.1691  | 35.2  | FAIL
Vec (Wgt)                | 0.3382 | 0.0547 | 0.3150 | 0.0446 | 0.3202   | 0.0444   | 16      | 0.8674  | 36.0  | FAIL
Log Reg                  | 0.1577 | 0.0506 | 0.1332 | 0.0440 | 0.1478   | 0.0503   | 16      | 0.5091  | 74.0  | FAIL
LDA                      | 0.2718 | 0.0320 | 0.2706 | 0.0446 | 0.2685   | 0.0296   | 16      | 5.7015  | 61.2  | PASS
Tiny MLP                 | 0.4170 | 0.0576 | 0.3869 | 0.0434 | 0.3895   | 0.0483   | 16      | 0.4447  | 442.5 | FAIL
MultiProtoCosine         | 0.1369 | 0.0465 | 0.1268 | 0.0446 | 0.1264   | 0.0567   | 16      | 0.9288  | 69.2  | PASS
WeightedEnsemble         | 0.4212 | 0.0477 | 0.3827 | 0.0446 | 0.4145   | 0.0408   | 16      | 1.0679  | 640.2 | PASS
XGBoost                  | 0.4149 | 0.0500 | 0.3805 | 0.0446 | 0.4063   | 0.0515   | 16      | 0.4613  | 123.0 | PASS
LDA1+LogReg              | 0.1577 | 0.0506 | 0.1332 | 0.0440 | 0.1478   | 0.0511   | 16      | 0.5090  | 69.3  | FAIL
PCA16+LogReg             | 0.1079 | 0.0552 | 0.1099 | 0.0446 | 0.0951   | 0.0606   | 16      | 0.5092  | 81.4  | FAIL
PCA32+LogReg             | 0.1515 | 0.0494 | 0.1290 | 0.0440 | 0.1410   | 0.0514   | 16      | 0.5092  | 85.1  | PASS
PCA16+VecWeighted        | 0.0332 | 0.0366 | 0.0296 | 0.0446 | 0.0334   | 0.0255   | 16      | 0.0147  | 54.2  | PASS
PCA32+VecWeighted        | 0.0270 | 0.0413 | 0.0296 | 0.0440 | 0.0286   | 0.0281   | 16      | 0.0211  | 58.1  | PASS
StabilizedWhitenedCosine | 0.3797 | 0.0570 | 0.3446 | 0.0440 | 0.3595   | 0.0433   | 16      | 1.2004  | 44.6  | FAIL

[trial=26 seed=68] used_regions=16 split_stats={'skipped_region_insufficient_eval_mins': 957, 'skipped_region_min_h0_eval_after_sampling': 76, 'skipped_region_min_h1_eval_after_sampling': 54, 'used_regions': 16}
  local_fit_mode: pooled
  pooled_train: n0=1721 n1=482
  pooled_calib_eff: n0=3402 n1=955
[INFO] Cosine baseline routed to direct Hadamard sum (PrecomputedCosine)
[INFO] WeightedEnsemble Cosine judge routed to direct Hadamard sum
[DEBUG][WeightedEnsemble][fit_all_methods] context=local using_pure_calib=True H0_train=1721 H1_train=482 H0_calib_pure=1681 H1_calib_pure=473 H0_calib_eff=3402 H1_calib_eff=955
  [Ensemble] Judges routed to 'alt' input: PrecomputedCosine
  [WeightedEnsemble][DEBUG] fit_context=local external_calib_used=True H0_train=1721 H1_train=482 H0_calib=1681 H1_calib=473
[WeightedEnsemble] Fitted weights (alpha=0.0500, external calib):
  tau=0.6382, Pooled external calib: TPR=0.5603, FPR=0.0500
  PrecomputedCosine   : +0.1298
  PCAWhitenedCosine   : +0.1391
  XGBoost             : +0.2872
  Tiny MLP            : +0.3596
  LDA                 : +0.0844
  [WeightedEnsemble][DEBUG] collapse=False top_judge=Tiny MLP top_weight=0.3596
[DEBUG][WeightedEnsemble][fit_all_methods] context=matched_global_on_local using_pure_calib=True H0_train=1721 H1_train=482 H0_calib_pure=1681 H1_calib_pure=473 H0_calib_eff=3402 H1_calib_eff=955
  [Ensemble] Judges routed to 'alt' input: PrecomputedCosine
  [WeightedEnsemble][DEBUG] fit_context=matched_global_on_local external_calib_used=True H0_train=1721 H1_train=482 H0_calib=1681 H1_calib=473
[WeightedEnsemble] Fitted weights (alpha=0.0500, external calib):
  tau=0.6382, Pooled external calib: TPR=0.5603, FPR=0.0500
  PrecomputedCosine   : +0.1298
  PCAWhitenedCosine   : +0.1391
  XGBoost             : +0.2872
  Tiny MLP            : +0.3596
  LDA                 : +0.0844
  [WeightedEnsemble][DEBUG] collapse=False top_judge=Tiny MLP top_weight=0.3596

=== Matched Comparison: Local vs Global on Local-Tested Regions ===
Method                   | L-TPR  | L-FPR  | G-TPR  | G-FPR  | L-MacroTPR | G-MacroTPR | Regions
--------------------------------------------------------------------------------------------------------
AndBox-HC                | 0.2656 | 0.0366 | 0.3423 | 0.0401 | 0.2564     | 0.3265     | 16
Cosine                   | 0.2635 | 0.0337 | 0.3320 | 0.0337 | 0.2633     | 0.3183     | 16
LDA                      | 0.2884 | 0.0471 | 0.5166 | 0.0488 | 0.2893     | 0.4892     | 16
LDA1+LogReg              | 0.1577 | 0.0407 | 0.2822 | 0.0500 | 0.1486     | 0.2294     | 16
Log Reg                  | 0.1577 | 0.0407 | 0.2822 | 0.0494 | 0.1486     | 0.2294     | 16
MultiProtoCosine         | 0.1349 | 0.0395 | 0.2075 | 0.0558 | 0.1253     | 0.1766     | 16
PCA16+LogReg             | 0.0705 | 0.0343 | 0.2054 | 0.0436 | 0.0679     | 0.1631     | 16
PCA16+VecWeighted        | 0.0871 | 0.0430 | 0.1639 | 0.0494 | 0.0771     | 0.1405     | 16
PCA32+LogReg             | 0.1494 | 0.0390 | 0.2531 | 0.0477 | 0.1397     | 0.2062     | 16
PCA32+VecWeighted        | 0.0913 | 0.0477 | 0.1701 | 0.0512 | 0.0844     | 0.1499     | 16
PCAWhitenedCosine        | 0.4004 | 0.0401 | 0.5581 | 0.0494 | 0.3834     | 0.5095     | 16
StabilizedWhitenedCosine | 0.3672 | 0.0436 | 0.5228 | 0.0453 | 0.3559     | 0.4704     | 16
Tiny MLP                 | 0.4274 | 0.0401 | 0.5311 | 0.0407 | 0.4146     | 0.4849     | 16
Vec (Wgt)                | 0.2863 | 0.0372 | 0.4668 | 0.0419 | 0.2791     | 0.4186     | 16
WeightedEnsemble         | 0.3838 | 0.0384 | 0.5705 | 0.0541 | 0.3814     | 0.5279     | 16
XGBoost                  | 0.4191 | 0.0494 | 0.5228 | 0.0517 | 0.4116     | 0.4608     | 16

Method                   | TPR    | FPR    | TrTPR  | TrFPR  | MacroTPR | MacroFPR | Regions | TauMean | ms    | OK? 
---------------------------------------------------------------------------------------------------------------------
Cosine                   | 0.2635 | 0.0337 | 0.1987 | 0.0440 | 0.2633   | 0.0359   | 16      | 0.8579  | 42.2  | PASS
AndBox-HC                | 0.2656 | 0.0366 | 0.2114 | 0.0440 | 0.2564   | 0.0397   | 16      | -0.0000 | 46.9  | PASS
PCAWhitenedCosine        | 0.4004 | 0.0401 | 0.3383 | 0.0440 | 0.3834   | 0.0388   | 16      | 1.3762  | 33.9  | PASS
Vec (Wgt)                | 0.2863 | 0.0372 | 0.2389 | 0.0440 | 0.2791   | 0.0382   | 16      | 0.8754  | 33.3  | PASS