------------------------------------
Sun 03 May 2026 19:08:28 IDT
SLURM_JOBID:		17311551
SLURM_JOB_NODELIST:	ise-cpu-intl-14
SLURM_SCRATCH_DIR:	
Allocated Resouces:	cpu - 4 / mem - 16384 MB / gpu - 
SLURM_GPU_INDEX:	
Running as malmatal from gilein account with normal QOS
------------------------------------
============================================================
NeighborCache Slurm task
task_id=45
job_id=17311551
array_job_id=17308330
hostname=ise-cpu-intl-14.auth.ad.bgu.ac.il
date_start=2026-05-03T19:08:28+03:00
pwd=/home/malmatal/Projects/Multi_Dim_Threshold
commands_file=NeighborCache/results/paper_experiments_slurm_20260503_134931/commands.txt
task_log=NeighborCache/results/paper_experiments_slurm_20260503_134931/task_logs/task_45.log
============================================================
Command:
/home/malmatal/.conda/envs/ec/bin/python -m NeighborCache.region_local_threshold.cli --data NeighborCache/data/h1h0_final.npz --region_key global_cluster --alpha 0.05 --tau_mode global --n_trials 50 --seed 46 --n_train 1270 --n_calib 100 --n_eval 1270 --hadamard_preprocess
============================================================
<frozen runpy>:128: RuntimeWarning: 'NeighborCache.region_local_threshold.cli' found in sys.modules after import of package 'NeighborCache.region_local_threshold', but prior to execution of 'NeighborCache.region_local_threshold.cli'; this may result in unpredictable behaviour
[INFO] Using features key='emb' dim=1024
[INFO] Applied Hadamard preprocessing (strategy=centroid_nearest, use_delta_vec=False, use_abs_diff=False) to X_main

=== Region Threshold Benchmark ===
dataset_npz=NeighborCache/data/h1h0_final.npz
region_key=global_cluster (resolved=global_cluster, unique=1103)
features=emb+hadamard rows=200000 dim=1024
text_pairs=text+region_anchor[centroid_nearest]
alpha=0.05 tie_mode=ge trials=50 base_seed=46
tau_mode=global
hadamard_preprocess=True
abs_diff_only_preprocess=False
use_delta_vec=False
use_abs_diff=False
normalize_data=False
filter_policy=none
train_cosine_policy_active=False
caps: train=1270 calib=100 eval=1270
mins: min_h0_eval=20 min_h1_eval=20
run_dir=/home/malmatal/Projects/Multi_Dim_Threshold/NeighborCache/outputs/region_local_threshold/run_20260503_190844

[trial=0 seed=46] GLOBAL mode — total_samples=200000
  total: h0=82063 h1=15019
  pooled_train:  n0=1270 n1=1270
  pooled_calib:  n0=100 n1=100
  pooled_eval:   n0=1270 n1=1270
  regions (for macro stats only): 1103
[INFO] Cosine baseline routed to direct Hadamard sum (PrecomputedCosine)
[INFO] WeightedEnsemble Cosine judge routed to direct Hadamard sum
  [Ensemble] Judges routed to 'alt' input: PrecomputedCosine
[WeightedEnsemble] Fitted weights (alpha=0.0500, external calib):
  tau=0.9529, Pooled external calib: TPR=0.6400, FPR=0.0500
  PrecomputedCosine   : +0.0119
  PCAWhitenedCosine   : +0.6928
  XGBoost             : +0.0859
  Tiny MLP            : +0.1783
  LDA                 : +0.0311

Method                   | TPR    | FPR    | TrTPR  | TrFPR  | MacroTPR | MacroFPR | Regions | TauMean | ms    | OK? 
---------------------------------------------------------------------------------------------------------------------
Cosine                   | 0.3795 | 0.0299 | 0.3700 | 0.0500 | 0.3441   | 0.0461   | 867     | 0.9830  | 118.7 | PASS
AndBox-HC                | 0.3929 | 0.0362 | 0.3900 | 0.0500 | 0.3617   | 0.0553   | 867     | 0.0001  | 55.6  | PASS
PCAWhitenedCosine        | 0.5055 | 0.0402 | 0.6100 | 0.0500 | 0.4270   | 0.0616   | 867     | 1.0358  | 95.8  | PASS
Vec (Wgt)                | 0.4685 | 0.0370 | 0.4800 | 0.0500 | 0.4209   | 0.0602   | 867     | 0.9467  | 95.8  | PASS
Log Reg                  | 0.1717 | 0.0331 | 0.1600 | 0.0500 | 0.1678   | 0.0464   | 867     | 0.5140  | 103.6 | PASS
LDA                      | 0.5551 | 0.0598 | 0.5600 | 0.0500 | 0.4598   | 0.0851   | 867     | 3.1211  | 99.2  | FAIL
Tiny MLP                 | 0.5189 | 0.0504 | 0.5900 | 0.0500 | 0.4268   | 0.0741   | 867     | 0.9037  | 321.5 | FAIL
MultiProtoCosine         | 0.0756 | 0.0354 | 0.0500 | 0.0500 | 0.0686   | 0.0427   | 867     | 0.9242  | 105.0 | PASS
WeightedEnsemble         | 0.5339 | 0.0441 | 0.6400 | 0.0500 | 0.4538   | 0.0716   | 867     | 0.9529  | 350.9 | PASS
XGBoost                  | 0.4157 | 0.0331 | 0.4800 | 0.0500 | 0.3692   | 0.0532   | 867     | 0.7477  | 67.1  | PASS
LDA1+LogReg              | 0.1724 | 0.0331 | 0.1600 | 0.0500 | 0.1683   | 0.0464   | 867     | 0.5140  | 101.1 | PASS
PCA16+LogReg             | 0.1614 | 0.0307 | 0.1500 | 0.0500 | 0.1549   | 0.0451   | 867     | 0.5138  | 104.6 | PASS
PCA32+LogReg             | 0.1795 | 0.0339 | 0.1700 | 0.0500 | 0.1752   | 0.0473   | 867     | 0.5132  | 106.1 | PASS
PCA16+VecWeighted        | 0.1197 | 0.0724 | 0.0900 | 0.0500 | 0.1068   | 0.0641   | 867     | 0.0272  | 102.3 | FAIL
PCA32+VecWeighted        | 0.0409 | 0.0394 | 0.0200 | 0.0500 | 0.0375   | 0.0178   | 867     | 0.0448  | 103.5 | PASS
StabilizedWhitenedCosine | 0.4709 | 0.0339 | 0.5500 | 0.0500 | 0.3956   | 0.0510   | 867     | 1.1053  | 99.3  | PASS

[trial=1 seed=47] GLOBAL mode — total_samples=200000
  total: h0=82063 h1=15019
  pooled_train:  n0=1270 n1=1270
  pooled_calib:  n0=100 n1=100
  pooled_eval:   n0=1270 n1=1270
  regions (for macro stats only): 1103
[INFO] Cosine baseline routed to direct Hadamard sum (PrecomputedCosine)
[INFO] WeightedEnsemble Cosine judge routed to direct Hadamard sum
  [Ensemble] Judges routed to 'alt' input: PrecomputedCosine
[WeightedEnsemble] Fitted weights (alpha=0.0500, external calib):
  tau=0.9861, Pooled external calib: TPR=0.6200, FPR=0.0500
  PrecomputedCosine   : +0.1287
  PCAWhitenedCosine   : +0.3555
  XGBoost             : +0.1143
  Tiny MLP            : +0.2967
  LDA                 : +0.1048

Method                   | TPR    | FPR    | TrTPR  | TrFPR  | MacroTPR | MacroFPR | Regions | TauMean | ms    | OK? 
---------------------------------------------------------------------------------------------------------------------
Cosine                   | 0.4709 | 0.0520 | 0.4600 | 0.0500 | 0.4217   | 0.0774   | 838     | 0.9597  | 97.3  | FAIL
AndBox-HC                | 0.3472 | 0.0386 | 0.3400 | 0.0500 | 0.2924   | 0.0578   | 838     | 0.0001  | 55.0  | PASS
PCAWhitenedCosine        | 0.4906 | 0.0323 | 0.5000 | 0.0500 | 0.3821   | 0.0542   | 838     | 1.1629  | 93.2  | PASS
Vec (Wgt)                | 0.4315 | 0.0323 | 0.4300 | 0.0500 | 0.3540   | 0.0464   | 838     | 0.9795  | 93.2  | PASS
Log Reg                  | 0.1701 | 0.0299 | 0.1800 | 0.0500 | 0.1387   | 0.0437   | 838     | 0.5156  | 102.1 | PASS
LDA                      | 0.4890 | 0.0378 | 0.4700 | 0.0500 | 0.3882   | 0.0636   | 838     | 4.4129  | 97.6  | PASS
Tiny MLP                 | 0.6024 | 0.0598 | 0.5500 | 0.0500 | 0.4919   | 0.0979   | 838     | 0.8566  | 277.3 | FAIL
MultiProtoCosine         | 0.0787 | 0.0386 | 0.0500 | 0.0500 | 0.0496   | 0.0417   | 838     | 0.9268  | 104.2 | PASS
WeightedEnsemble         | 0.6425 | 0.0661 | 0.6200 | 0.0500 | 0.5297   | 0.1037   | 838     | 0.9861  | 305.7 | FAIL
XGBoost                  | 0.4717 | 0.0433 | 0.4500 | 0.0500 | 0.4016   | 0.0619   | 838     | 0.7278  | 67.2  | PASS
LDA1+LogReg              | 0.1724 | 0.0299 | 0.1900 | 0.0500 | 0.1410   | 0.0437   | 838     | 0.5155  | 97.6  | PASS
PCA16+LogReg             | 0.1661 | 0.0291 | 0.2000 | 0.0500 | 0.1385   | 0.0432   | 838     | 0.5149  | 102.4 | PASS
PCA32+LogReg             | 0.1787 | 0.0283 | 0.2000 | 0.0500 | 0.1495   | 0.0423   | 838     | 0.5149  | 104.5 | PASS
PCA16+VecWeighted        | 0.0803 | 0.0354 | 0.0600 | 0.0500 | 0.0595   | 0.0472   | 838     | 0.0350  | 100.8 | PASS
PCA32+VecWeighted        | 0.0748 | 0.0213 | 0.0700 | 0.0500 | 0.0483   | 0.0277   | 838     | 0.0414  | 101.9 | PASS
StabilizedWhitenedCosine | 0.5378 | 0.0433 | 0.5400 | 0.0500 | 0.4231   | 0.0723   | 838     | 1.0199  | 97.6  | PASS

[trial=2 seed=48] GLOBAL mode — total_samples=200000
  total: h0=82063 h1=15019
  pooled_train:  n0=1270 n1=1270
  pooled_calib:  n0=100 n1=100
  pooled_eval:   n0=1270 n1=1270
  regions (for macro stats only): 1103
[INFO] Cosine baseline routed to direct Hadamard sum (PrecomputedCosine)
[INFO] WeightedEnsemble Cosine judge routed to direct Hadamard sum
  [Ensemble] Judges routed to 'alt' input: PrecomputedCosine
[WeightedEnsemble] Fitted weights (alpha=0.0500, external calib):
  tau=0.8505, Pooled external calib: TPR=0.5800, FPR=0.0500
  PrecomputedCosine   : +0.3209
  PCAWhitenedCosine   : +0.3118
  XGBoost             : +0.3183
  Tiny MLP            : +0.0373
  LDA                 : +0.0115

Method                   | TPR    | FPR    | TrTPR  | TrFPR  | MacroTPR | MacroFPR | Regions | TauMean | ms    | OK? 
---------------------------------------------------------------------------------------------------------------------
Cosine                   | 0.4528 | 0.0457 | 0.5400 | 0.0500 | 0.4121   | 0.0571   | 857     | 0.9604  | 97.7  | PASS
AndBox-HC                | 0.3024 | 0.0378 | 0.3700 | 0.0500 | 0.2710   | 0.0502   | 857     | 0.0001  | 54.5  | PASS
PCAWhitenedCosine        | 0.5402 | 0.0528 | 0.5700 | 0.0500 | 0.4504   | 0.0680   | 857     | 0.9323  | 94.6  | FAIL
Vec (Wgt)                | 0.4724 | 0.0323 | 0.5400 | 0.0500 | 0.4187   | 0.0436   | 857     | 0.9534  | 94.1  | PASS
Log Reg                  | 0.2213 | 0.0307 | 0.1800 | 0.0500 | 0.1992   | 0.0456   | 857     | 0.5119  | 102.9 | PASS
LDA                      | 0.4504 | 0.0346 | 0.4400 | 0.0500 | 0.3726   | 0.0462   | 857     | 4.0091  | 97.2  | PASS
Tiny MLP                 | 0.5811 | 0.0677 | 0.5400 | 0.0500 | 0.4922   | 0.0929   | 857     | 0.8151  | 276.6 | FAIL
MultiProtoCosine         | 0.0913 | 0.0299 | 0.0700 | 0.0500 | 0.0774   | 0.0347   | 857     | 0.9253  | 104.9 | PASS
WeightedEnsemble         | 0.5449 | 0.0512 | 0.5800 | 0.0500 | 0.4660   | 0.0680   | 857     | 0.8505  | 307.8 | FAIL
XGBoost                  | 0.4465 | 0.0394 | 0.4700 | 0.0500 | 0.3969   | 0.0535   | 857     | 0.7303  | 67.0  | PASS
LDA1+LogReg              | 0.2213 | 0.0307 | 0.1800 | 0.0500 | 0.1992   | 0.0456   | 857     | 0.5119  | 101.0 | PASS
PCA16+LogReg             | 0.1984 | 0.0283 | 0.1600 | 0.0500 | 0.1824   | 0.0405   | 857     | 0.5122  | 104.2 | PASS
PCA32+LogReg             | 0.2134 | 0.0291 | 0.1800 | 0.0500 | 0.1937   | 0.0422   | 857     | 0.5116  | 105.7 | PASS
PCA16+VecWeighted        | 0.0843 | 0.0299 | 0.0400 | 0.0500 | 0.0646   | 0.0310   | 857     | 0.0325  | 102.2 | PASS
PCA32+VecWeighted        | 0.0622 | 0.0339 | 0.0600 | 0.0500 | 0.0595   | 0.0394   | 857     | 0.0368  | 103.7 | PASS
StabilizedWhitenedCosine | 0.4693 | 0.0402 | 0.5000 | 0.0500 | 0.3918   | 0.0512   | 857     | 1.0902  | 98.4  | PASS

[trial=3 seed=49] GLOBAL mode — total_samples=200000
  total: h0=82063 h1=15019
  pooled_train:  n0=1270 n1=1270
  pooled_calib:  n0=100 n1=100
  pooled_eval:   n0=1270 n1=1270
  regions (for macro stats only): 1103
[INFO] Cosine baseline routed to direct Hadamard sum (PrecomputedCosine)
[INFO] WeightedEnsemble Cosine judge routed to direct Hadamard sum
  [Ensemble] Judges routed to 'alt' input: PrecomputedCosine
[WeightedEnsemble] Fitted weights (alpha=0.0500, external calib):
  tau=0.7687, Pooled external calib: TPR=0.6900, FPR=0.0500
  PrecomputedCosine   : +0.6579
  PCAWhitenedCosine   : +0.1446
  XGBoost             : +0.0673
  Tiny MLP            : +0.0713
  LDA                 : +0.0589

Method                   | TPR    | FPR    | TrTPR  | TrFPR  | MacroTPR | MacroFPR | Regions | TauMean | ms    | OK? 
---------------------------------------------------------------------------------------------------------------------
Cosine                   | 0.5504 | 0.0709 | 0.5700 | 0.0500 | 0.5136   | 0.1026   | 842     | 0.9150  | 98.6  | FAIL
AndBox-HC                | 0.5693 | 0.0929 | 0.5800 | 0.0500 | 0.5234   | 0.1246   | 842     | -0.0001 | 54.6  | FAIL
PCAWhitenedCosine        | 0.6307 | 0.0709 | 0.5900 | 0.0500 | 0.5286   | 0.0952   | 842     | 0.5882  | 93.0  | FAIL
Vec (Wgt)                | 0.5984 | 0.0984 | 0.6200 | 0.0500 | 0.5538   | 0.1352   | 842     | 0.8891  | 92.8  | FAIL
Log Reg                  | 0.3260 | 0.0701 | 0.3200 | 0.0500 | 0.2872   | 0.0907   | 842     | 0.5076  | 104.2 | FAIL
LDA                      | 0.6858 | 0.1039 | 0.6200 | 0.0500 | 0.5742   | 0.1405   | 842     | 1.6512  | 96.0  | FAIL
Tiny MLP                 | 0.6693 | 0.0811 | 0.5900 | 0.0500 | 0.5628   | 0.1135   | 842     | 0.7226  | 273.6 | FAIL
MultiProtoCosine         | 0.0937 | 0.0394 | 0.0600 | 0.0500 | 0.0600   | 0.0507   | 842     | 0.9248  | 102.4 | PASS
WeightedEnsemble         | 0.7220 | 0.1000 | 0.6900 | 0.0500 | 0.6288   | 0.1290   | 842     | 0.7687  | 305.5 | FAIL
XGBoost                  | 0.6071 | 0.0701 | 0.5800 | 0.0500 | 0.5437   | 0.0945   | 842     | 0.6204  | 66.6  | FAIL
LDA1+LogReg              | 0.3307 | 0.0709 | 0.3200 | 0.0500 | 0.2904   | 0.0915   | 842     | 0.5076  | 99.4  | FAIL
PCA16+LogReg             | 0.2929 | 0.0567 | 0.2800 | 0.0500 | 0.2547   | 0.0742   | 842     | 0.5083  | 103.2 | FAIL
PCA32+LogReg             | 0.3354 | 0.0693 | 0.3300 | 0.0500 | 0.2930   | 0.0899   | 842     | 0.5074  | 104.8 | FAIL
PCA16+VecWeighted        | 0.1945 | 0.0315 | 0.1900 | 0.0500 | 0.1596   | 0.0375   | 842     | 0.0255  | 101.0 | PASS
PCA32+VecWeighted        | 0.1583 | 0.0276 | 0.1500 | 0.0500 | 0.1192   | 0.0335   | 842     | 0.0321  | 102.3 | PASS
StabilizedWhitenedCosine | 0.6197 | 0.0701 | 0.5900 | 0.0500 | 0.5268   | 0.0977   | 842     | 0.5780  | 97.3  | FAIL

[trial=4 seed=50] GLOBAL mode — total_samples=200000
  total: h0=82063 h1=15019
  pooled_train:  n0=1270 n1=1270
  pooled_calib:  n0=100 n1=100
  pooled_eval:   n0=1270 n1=1270
  regions (for macro stats only): 1103
[INFO] Cosine baseline routed to direct Hadamard sum (PrecomputedCosine)
[INFO] WeightedEnsemble Cosine judge routed to direct Hadamard sum
  [Ensemble] Judges routed to 'alt' input: PrecomputedCosine
[WeightedEnsemble] Fitted weights (alpha=0.0500, external calib):
  tau=0.8668, Pooled external calib: TPR=0.6300, FPR=0.0500
  PrecomputedCosine   : +0.4364
  PCAWhitenedCosine   : +0.0571
  XGBoost             : +0.1048
  Tiny MLP            : +0.3819
  LDA                 : +0.0199

Method                   | TPR    | FPR    | TrTPR  | TrFPR  | MacroTPR | MacroFPR | Regions | TauMean | ms    | OK? 
---------------------------------------------------------------------------------------------------------------------
Cosine                   | 0.5630 | 0.0953 | 0.5500 | 0.0500 | 0.5318   | 0.1373   | 845     | 0.9132  | 98.1  | FAIL
AndBox-HC                | 0.4520 | 0.0717 | 0.4900 | 0.0500 | 0.4219   | 0.1012   | 845     | -0.0000 | 53.2  | FAIL
PCAWhitenedCosine        | 0.5465 | 0.0630 | 0.5300 | 0.0500 | 0.4541   | 0.0849   | 845     | 0.9445  | 91.6  | FAIL
Vec (Wgt)                | 0.5717 | 0.0913 | 0.5800 | 0.0500 | 0.5348   | 0.1337   | 845     | 0.8985  | 91.2  | FAIL
Log Reg                  | 0.3189 | 0.0449 | 0.2300 | 0.0500 | 0.2502   | 0.0653   | 845     | 0.5085  | 99.0  | PASS
LDA                      | 0.5677 | 0.0559 | 0.5100 | 0.0500 | 0.4666   | 0.0810   | 845     | 3.7034  | 94.5  | FAIL
Tiny MLP                 | 0.5921 | 0.0614 | 0.5100 | 0.0500 | 0.4824   | 0.0850   | 845     | 0.8916  | 314.5 | FAIL
MultiProtoCosine         | 0.0937 | 0.0472 | 0.0500 | 0.0500 | 0.0676   | 0.0539   | 845     | 0.9243  | 101.5 | PASS
WeightedEnsemble         | 0.6378 | 0.0669 | 0.6300 | 0.0500 | 0.5428   | 0.0971   | 845     | 0.8668  | 342.8 | FAIL
XGBoost                  | 0.4803 | 0.0598 | 0.5000 | 0.0500 | 0.4179   | 0.0892   | 845     | 0.7099  | 66.3  | FAIL
LDA1+LogReg              | 0.3197 | 0.0449 | 0.2300 | 0.0500 | 0.2506   | 0.0653   | 845     | 0.5085  | 96.6  | PASS
PCA16+LogReg             | 0.3465 | 0.0559 | 0.2600 | 0.0500 | 0.2776   | 0.0799   | 845     | 0.5078  | 100.5 | FAIL
PCA32+LogReg             | 0.3260 | 0.0457 | 0.2400 | 0.0500 | 0.2550   | 0.0659   | 845     | 0.5083  | 101.4 | PASS
PCA16+VecWeighted        | 0.1528 | 0.0630 | 0.1000 | 0.0500 | 0.1245   | 0.0606   | 845     | 0.0300  | 97.7  | FAIL
PCA32+VecWeighted        | 0.1378 | 0.0433 | 0.0900 | 0.0500 | 0.1151   | 0.0652   | 845     | 0.0360  | 99.4  | PASS
StabilizedWhitenedCosine | 0.4685 | 0.0480 | 0.4200 | 0.0500 | 0.3920   | 0.0663   | 845     | 1.1192  | 96.1  | PASS

[trial=5 seed=51] GLOBAL mode — total_samples=200000
  total: h0=82063 h1=15019
  pooled_train:  n0=1270 n1=1270
  pooled_calib:  n0=100 n1=100
  pooled_eval:   n0=1270 n1=1270
  regions (for macro stats only): 1103
[INFO] Cosine baseline routed to direct Hadamard sum (PrecomputedCosine)
[INFO] WeightedEnsemble Cosine judge routed to direct Hadamard sum
  [Ensemble] Judges routed to 'alt' input: PrecomputedCosine
[WeightedEnsemble] Fitted weights (alpha=0.0500, external calib):
  tau=1.1390, Pooled external calib: TPR=0.5700, FPR=0.0500
  PrecomputedCosine   : +0.1287
  PCAWhitenedCosine   : +0.3555
  XGBoost             : +0.1143
  Tiny MLP            : +0.2967
  LDA                 : +0.1048

Method                   | TPR    | FPR    | TrTPR  | TrFPR  | MacroTPR | MacroFPR | Regions | TauMean | ms    | OK? 
---------------------------------------------------------------------------------------------------------------------
Cosine                   | 0.3031 | 0.0244 | 0.2700 | 0.0500 | 0.2597   | 0.0369   | 842     | 0.9966  | 97.8  | PASS
AndBox-HC                | 0.2315 | 0.0260 | 0.2300 | 0.0500 | 0.2057   | 0.0387   | 842     | 0.0001  | 55.5  | PASS
PCAWhitenedCosine        | 0.5071 | 0.0488 | 0.4900 | 0.0500 | 0.4070   | 0.0690   | 842     | 1.1023  | 91.7  | PASS
Vec (Wgt)                | 0.3764 | 0.0181 | 0.3200 | 0.0500 | 0.3094   | 0.0288   | 842     | 0.9879  | 91.9  | PASS
Log Reg                  | 0.2795 | 0.0449 | 0.2800 | 0.0500 | 0.2397   | 0.0710   | 842     | 0.5097  | 99.6  | PASS
LDA                      | 0.5622 | 0.0504 | 0.5400 | 0.0500 | 0.4509   | 0.0671   | 842     | 3.6896  | 95.7  | FAIL
Tiny MLP                 | 0.5165 | 0.0472 | 0.5000 | 0.0500 | 0.4299   | 0.0687   | 842     | 0.9003  | 309.0 | PASS
MultiProtoCosine         | 0.1118 | 0.0409 | 0.1000 | 0.0500 | 0.0925   | 0.0503   | 842     | 0.9219  | 102.5 | PASS
WeightedEnsemble         | 0.5748 | 0.0535 | 0.5700 | 0.0500 | 0.4699   | 0.0768   | 842     | 1.1390  | 336.6 | FAIL
XGBoost                  | 0.3646 | 0.0260 | 0.3600 | 0.0500 | 0.3115   | 0.0420   | 842     | 0.7890  | 67.7  | PASS
LDA1+LogReg              | 0.2795 | 0.0449 | 0.2800 | 0.0500 | 0.2397   | 0.0710   | 842     | 0.5097  | 97.9  | PASS
PCA16+LogReg             | 0.2291 | 0.0362 | 0.2100 | 0.0500 | 0.1883   | 0.0563   | 842     | 0.5107  | 103.0 | PASS
PCA32+LogReg             | 0.2780 | 0.0425 | 0.2800 | 0.0500 | 0.2385   | 0.0669   | 842     | 0.5094  | 103.5 | PASS
PCA16+VecWeighted        | 0.0961 | 0.0268 | 0.0700 | 0.0500 | 0.0747   | 0.0310   | 842     | 0.0345  | 100.0 | PASS
PCA32+VecWeighted        | 0.0811 | 0.0181 | 0.0500 | 0.0500 | 0.0694   | 0.0251   | 842     | 0.0414  | 101.3 | PASS
StabilizedWhitenedCosine | 0.5402 | 0.0504 | 0.5800 | 0.0500 | 0.4443   | 0.0717   | 842     | 0.9185  | 96.3  | FAIL

[trial=6 seed=52] GLOBAL mode — total_samples=200000
  total: h0=82063 h1=15019
  pooled_train:  n0=1270 n1=1270
  pooled_calib:  n0=100 n1=100
  pooled_eval:   n0=1270 n1=1270
  regions (for macro stats only): 1103
[INFO] Cosine baseline routed to direct Hadamard sum (PrecomputedCosine)
[INFO] WeightedEnsemble Cosine judge routed to direct Hadamard sum
  [Ensemble] Judges routed to 'alt' input: PrecomputedCosine
[WeightedEnsemble] Fitted weights (alpha=0.0500, external calib):
  tau=0.9530, Pooled external calib: TPR=0.5200, FPR=0.0500
  PrecomputedCosine   : +0.1195
  PCAWhitenedCosine   : +0.3770
  XGBoost             : +0.2691
  Tiny MLP            : +0.2045
  LDA                 : +0.0298

Method                   | TPR    | FPR    | TrTPR  | TrFPR  | MacroTPR | MacroFPR | Regions | TauMean | ms    | OK? 
---------------------------------------------------------------------------------------------------------------------
Cosine                   | 0.3976 | 0.0417 | 0.3700 | 0.0500 | 0.3760   | 0.0588   | 862     | 0.9748  | 101.4 | PASS
AndBox-HC                | 0.3244 | 0.0457 | 0.3100 | 0.0500 | 0.3235   | 0.0615   | 862     | 0.0000  | 56.7  | PASS
PCAWhitenedCosine        | 0.4882 | 0.0449 | 0.5200 | 0.0500 | 0.4032   | 0.0688   | 862     | 1.0015  | 93.7  | PASS
Vec (Wgt)                | 0.4189 | 0.0394 | 0.4300 | 0.0500 | 0.3706   | 0.0614   | 862     | 0.9606  | 93.3  | PASS
Log Reg                  | 0.1961 | 0.0386 | 0.1400 | 0.0500 | 0.1786   | 0.0538   | 862     | 0.5130  | 101.1 | PASS
LDA                      | 0.2307 | 0.0110 | 0.2500 | 0.0500 | 0.1796   | 0.0168   | 862     | 5.8246  | 97.3  | PASS
Tiny MLP                 | 0.2937 | 0.0150 | 0.3000 | 0.0500 | 0.2266   | 0.0241   | 862     | 0.9612  | 314.9 | PASS
MultiProtoCosine         | 0.0827 | 0.0291 | 0.0700 | 0.0500 | 0.0672   | 0.0394   | 862     | 0.9260  | 103.6 | PASS
WeightedEnsemble         | 0.4827 | 0.0402 | 0.5200 | 0.0500 | 0.4040   | 0.0604   | 862     | 0.9530  | 342.4 | PASS
XGBoost                  | 0.4512 | 0.0465 | 0.4400 | 0.0500 | 0.4063   | 0.0683   | 862     | 0.7068  | 68.0  | PASS
LDA1+LogReg              | 0.1976 | 0.0386 | 0.1400 | 0.0500 | 0.1796   | 0.0538   | 862     | 0.5131  | 99.4  | PASS
PCA16+LogReg             | 0.1913 | 0.0331 | 0.1400 | 0.0500 | 0.1718   | 0.0489   | 862     | 0.5130  | 103.0 | PASS
PCA32+LogReg             | 0.1937 | 0.0354 | 0.1400 | 0.0500 | 0.1764   | 0.0492   | 862     | 0.5128  | 104.7 | PASS
PCA16+VecWeighted        | 0.0945 | 0.0512 | 0.0900 | 0.0500 | 0.1011   | 0.0538   | 862     | 0.0273  | 102.0 | FAIL
PCA32+VecWeighted        | 0.1386 | 0.0638 | 0.1300 | 0.0500 | 0.1415   | 0.0708   | 862     | 0.0291  | 102.9 | FAIL
StabilizedWhitenedCosine | 0.3850 | 0.0283 | 0.4000 | 0.0500 | 0.3117   | 0.0447   | 862     | 1.2484  | 98.2  | PASS

[trial=7 seed=53] GLOBAL mode — total_samples=200000
  total: h0=82063 h1=15019
  pooled_train:  n0=1270 n1=1270
  pooled_calib:  n0=100 n1=100
  pooled_eval:   n0=1270 n1=1270
  regions (for macro stats only): 1103
[INFO] Cosine baseline routed to direct Hadamard sum (PrecomputedCosine)
[INFO] WeightedEnsemble Cosine judge routed to direct Hadamard sum
  [Ensemble] Judges routed to 'alt' input: PrecomputedCosine
[WeightedEnsemble] Fitted weights (alpha=0.0500, external calib):
  tau=1.1839, Pooled external calib: TPR=0.5900, FPR=0.0500
  PrecomputedCosine   : +0.0941
  PCAWhitenedCosine   : +0.0219
  XGBoost             : +0.5951
  Tiny MLP            : +0.0583
  LDA                 : +0.2307

Method                   | TPR    | FPR    | TrTPR  | TrFPR  | MacroTPR | MacroFPR | Regions | TauMean | ms    | OK? 
---------------------------------------------------------------------------------------------------------------------
Cosine                   | 0.3811 | 0.0362 | 0.3700 | 0.0500 | 0.3260   | 0.0549   | 867     | 0.9867  | 95.7  | PASS
AndBox-HC                | 0.4071 | 0.0693 | 0.3600 | 0.0500 | 0.3656   | 0.0912   | 867     | 0.0000  | 54.7  | FAIL
PCAWhitenedCosine        | 0.5063 | 0.0457 | 0.5000 | 0.0500 | 0.4038   | 0.0651   | 867     | 1.0177  | 95.1  | PASS
Vec (Wgt)                | 0.4299 | 0.0307 | 0.4200 | 0.0500 | 0.3514   | 0.0484   | 867     | 0.9769  | 95.1  | PASS
Log Reg                  | 0.3118 | 0.0740 | 0.3000 | 0.0500 | 0.2712   | 0.0877   | 867     | 0.5094  | 103.0 | FAIL
LDA                      | 0.5866 | 0.0567 | 0.5500 | 0.0500 | 0.4723   | 0.0822   | 867     | 3.0556  | 99.9  | FAIL
Tiny MLP                 | 0.5882 | 0.0701 | 0.5700 | 0.0500 | 0.4815   | 0.0990   | 867     | 0.8669  | 322.2 | FAIL
MultiProtoCosine         | 0.0945 | 0.0559 | 0.1200 | 0.0500 | 0.0782   | 0.0609   | 867     | 0.9244  | 107.1 | FAIL
WeightedEnsemble         | 0.6024 | 0.0614 | 0.5900 | 0.0500 | 0.4906   | 0.0900   | 867     | 1.1839  | 352.4 | FAIL
XGBoost                  | 0.5394 | 0.0630 | 0.5400 | 0.0500 | 0.4573   | 0.0918   | 867     | 0.6893  | 68.4  | FAIL
LDA1+LogReg              | 0.3126 | 0.0740 | 0.3000 | 0.0500 | 0.2718   | 0.0877   | 867     | 0.5094  | 101.6 | FAIL
PCA16+LogReg             | 0.3528 | 0.0890 | 0.3200 | 0.0500 | 0.3025   | 0.1053   | 867     | 0.5085  | 105.9 | FAIL
PCA32+LogReg             | 0.3307 | 0.0780 | 0.3100 | 0.0500 | 0.2852   | 0.0926   | 867     | 0.5087  | 107.2 | FAIL
PCA16+VecWeighted        | 0.0205 | 0.0339 | 0.0600 | 0.0500 | 0.0259   | 0.0328   | 867     | 0.0330  | 102.8 | PASS
PCA32+VecWeighted        | 0.0181 | 0.0220 | 0.0100 | 0.0500 | 0.0226   | 0.0210   | 867     | 0.0463  | 104.3 | PASS
StabilizedWhitenedCosine | 0.3165 | 0.0181 | 0.3400 | 0.0500 | 0.2351   | 0.0275   | 867     | 1.4731  | 99.1  | PASS

[trial=8 seed=54] GLOBAL mode — total_samples=200000
  total: h0=82063 h1=15019
  pooled_train:  n0=1270 n1=1270
  pooled_calib:  n0=100 n1=100
  pooled_eval:   n0=1270 n1=1270
  regions (for macro stats only): 1103
[INFO] Cosine baseline routed to direct Hadamard sum (PrecomputedCosine)
[INFO] WeightedEnsemble Cosine judge routed to direct Hadamard sum
  [Ensemble] Judges routed to 'alt' input: PrecomputedCosine
[WeightedEnsemble] Fitted weights (alpha=0.0500, external calib):
  tau=0.8232, Pooled external calib: TPR=0.6000, FPR=0.0500
  PrecomputedCosine   : +0.2204
  PCAWhitenedCosine   : +0.3145
  XGBoost             : +0.1972
  Tiny MLP            : +0.2559
  LDA                 : +0.0120

Method                   | TPR    | FPR    | TrTPR  | TrFPR  | MacroTPR | MacroFPR | Regions | TauMean | ms    | OK? 
---------------------------------------------------------------------------------------------------------------------
Cosine                   | 0.4929 | 0.0567 | 0.4800 | 0.0500 | 0.4573   | 0.0837   | 864     | 0.9458  | 104.2 | FAIL
AndBox-HC                | 0.4102 | 0.0504 | 0.3500 | 0.0500 | 0.3862   | 0.0732   | 864     | 0.0000  | 56.8  | FAIL
PCAWhitenedCosine        | 0.5378 | 0.0496 | 0.5400 | 0.0500 | 0.4546   | 0.0689   | 864     | 0.8932  | 95.3  | PASS
Vec (Wgt)                | 0.5291 | 0.0598 | 0.5300 | 0.0500 | 0.4930   | 0.0882   | 864     | 0.9274  | 95.7  | FAIL
Log Reg                  | 0.2890 | 0.0630 | 0.3100 | 0.0500 | 0.2612   | 0.0871   | 864     | 0.5095  | 103.8 | FAIL
LDA                      | 0.5000 | 0.0472 | 0.4800 | 0.0500 | 0.3980   | 0.0681   | 864     | 4.0610  | 97.8  | PASS
Tiny MLP                 | 0.5134 | 0.0402 | 0.4700 | 0.0500 | 0.4069   | 0.0581   | 864     | 0.8988  | 276.7 | PASS
MultiProtoCosine         | 0.0937 | 0.0693 | 0.1500 | 0.0500 | 0.0892   | 0.0818   | 864     | 0.9198  | 105.4 | FAIL
WeightedEnsemble         | 0.5780 | 0.0551 | 0.6000 | 0.0500 | 0.4894   | 0.0825   | 864     | 0.8232  | 307.3 | FAIL
XGBoost                  | 0.5173 | 0.0543 | 0.4500 | 0.0500 | 0.4674   | 0.0795   | 864     | 0.6962  | 70.0  | FAIL
LDA1+LogReg              | 0.2890 | 0.0630 | 0.3100 | 0.0500 | 0.2612   | 0.0871   | 864     | 0.5096  | 100.4 | FAIL
PCA16+LogReg             | 0.2906 | 0.0630 | 0.3100 | 0.0500 | 0.2611   | 0.0866   | 864     | 0.5092  | 104.8 | FAIL
PCA32+LogReg             | 0.3071 | 0.0669 | 0.3400 | 0.0500 | 0.2805   | 0.0936   | 864     | 0.5088  | 106.9 | FAIL
PCA16+VecWeighted        | 0.1126 | 0.0417 | 0.0900 | 0.0500 | 0.0810   | 0.0475   | 864     | 0.0317  | 102.8 | PASS
PCA32+VecWeighted        | 0.0913 | 0.0512 | 0.0800 | 0.0500 | 0.0700   | 0.0534   | 864     | 0.0380  | 104.5 | FAIL
StabilizedWhitenedCosine | 0.5709 | 0.0559 | 0.5400 | 0.0500 | 0.4725   | 0.0816   | 864     | 0.8712  | 100.5 | FAIL

[trial=9 seed=55] GLOBAL mode — total_samples=200000
  total: h0=82063 h1=15019
  pooled_train:  n0=1270 n1=1270
  pooled_calib:  n0=100 n1=100
  pooled_eval:   n0=1270 n1=1270
  regions (for macro stats only): 1103
[INFO] Cosine baseline routed to direct Hadamard sum (PrecomputedCosine)
[INFO] WeightedEnsemble Cosine judge routed to direct Hadamard sum
  [Ensemble] Judges routed to 'alt' input: PrecomputedCosine
[WeightedEnsemble] Fitted weights (alpha=0.0500, external calib):
  tau=0.9822, Pooled external calib: TPR=0.6400, FPR=0.0500
  PrecomputedCosine   : +0.4352
  PCAWhitenedCosine   : +0.0957
  XGBoost             : +0.1866
  Tiny MLP            : +0.2341
  LDA                 : +0.0484

Method                   | TPR    | FPR    | TrTPR  | TrFPR  | MacroTPR | MacroFPR | Regions | TauMean | ms    | OK? 
---------------------------------------------------------------------------------------------------------------------
Cosine                   | 0.5094 | 0.0535 | 0.5500 | 0.0500 | 0.4665   | 0.0773   | 849     | 0.9457  | 96.5  | FAIL
AndBox-HC                | 0.3795 | 0.0457 | 0.4200 | 0.0500 | 0.3362   | 0.0658   | 849     | 0.0000  | 58.6  | PASS
PCAWhitenedCosine        | 0.4047 | 0.0236 | 0.4800 | 0.0500 | 0.2917   | 0.0319   | 849     | 1.3428  | 94.8  | PASS
Vec (Wgt)                | 0.5378 | 0.0567 | 0.5800 | 0.0500 | 0.4877   | 0.0836   | 849     | 0.9336  | 95.3  | FAIL
Log Reg                  | 0.3213 | 0.0764 | 0.3500 | 0.0500 | 0.2607   | 0.1007   | 849     | 0.5090  | 105.2 | FAIL
LDA                      | 0.4520 | 0.0323 | 0.5800 | 0.0500 | 0.3501   | 0.0461   | 849     | 4.2964  | 99.0  | PASS
Tiny MLP                 | 0.4724 | 0.0402 | 0.5900 | 0.0500 | 0.3721   | 0.0552   | 849     | 0.9137  | 279.3 | PASS
MultiProtoCosine         | 0.1016 | 0.0717 | 0.0900 | 0.0500 | 0.0716   | 0.0817   | 849     | 0.9202  | 106.9 | FAIL
WeightedEnsemble         | 0.5252 | 0.0409 | 0.6400 | 0.0500 | 0.4219   | 0.0576   | 849     | 0.9822  | 310.9 | PASS
XGBoost                  | 0.5378 | 0.0535 | 0.6200 | 0.0500 | 0.4562   | 0.0763   | 849     | 0.6762  | 69.2  | FAIL
LDA1+LogReg              | 0.3213 | 0.0764 | 0.3500 | 0.0500 | 0.2607   | 0.1007   | 849     | 0.5091  | 100.8 | FAIL
PCA16+LogReg             | 0.3079 | 0.0748 | 0.3500 | 0.0500 | 0.2445   | 0.1005   | 849     | 0.5091  | 105.1 | FAIL
PCA32+LogReg             | 0.3031 | 0.0701 | 0.3500 | 0.0500 | 0.2404   | 0.0912   | 849     | 0.5090  | 108.4 | FAIL
PCA16+VecWeighted        | 0.1811 | 0.1370 | 0.1900 | 0.0500 | 0.1511   | 0.1442   | 849     | 0.0199  | 103.7 | FAIL
PCA32+VecWeighted        | 0.1811 | 0.0961 | 0.1800 | 0.0500 | 0.1497   | 0.1051   | 849     | 0.0263  | 104.4 | FAIL
StabilizedWhitenedCosine | 0.3764 | 0.0205 | 0.4700 | 0.0500 | 0.2763   | 0.0264   | 849     | 1.3821  | 99.1  | PASS

[trial=10 seed=56] GLOBAL mode — total_samples=200000
  total: h0=82063 h1=15019
  pooled_train:  n0=1270 n1=1270
  pooled_calib:  n0=100 n1=100
  pooled_eval:   n0=1270 n1=1270
  regions (for macro stats only): 1103
[INFO] Cosine baseline routed to direct Hadamard sum (PrecomputedCosine)
[INFO] WeightedEnsemble Cosine judge routed to direct Hadamard sum
  [Ensemble] Judges routed to 'alt' input: PrecomputedCosine
[WeightedEnsemble] Fitted weights (alpha=0.0500, external calib):
  tau=0.8702, Pooled external calib: TPR=0.5100, FPR=0.0500
  PrecomputedCosine   : +0.4364
  PCAWhitenedCosine   : +0.0571
  XGBoost             : +0.1048
  Tiny MLP            : +0.3819
  LDA                 : +0.0199

Method                   | TPR    | FPR    | TrTPR  | TrFPR  | MacroTPR | MacroFPR | Regions | TauMean | ms    | OK? 
---------------------------------------------------------------------------------------------------------------------
Cosine                   | 0.4157 | 0.0362 | 0.3300 | 0.0500 | 0.3621   | 0.0509   | 880     | 0.9757  | 98.4  | PASS
AndBox-HC                | 0.2205 | 0.0213 | 0.1200 | 0.0500 | 0.1849   | 0.0298   | 880     | 0.0001  | 64.1  | PASS
PCAWhitenedCosine        | 0.4268 | 0.0291 | 0.3700 | 0.0500 | 0.3432   | 0.0382   | 880     | 1.2569  | 98.6  | PASS
Vec (Wgt)                | 0.4496 | 0.0323 | 0.3600 | 0.0500 | 0.3765   | 0.0443   | 880     | 0.9661  | 98.2  | PASS
Log Reg                  | 0.1898 | 0.0331 | 0.2300 | 0.0500 | 0.1871   | 0.0464   | 880     | 0.5118  | 107.1 | PASS
LDA                      | 0.5079 | 0.0504 | 0.4000 | 0.0500 | 0.3965   | 0.0697   | 880     | 3.9226  | 101.0 | FAIL
Tiny MLP                 | 0.5504 | 0.0472 | 0.4900 | 0.0500 | 0.4474   | 0.0638   | 880     | 0.8364  | 280.8 | PASS
MultiProtoCosine         | 0.0504 | 0.0244 | 0.0600 | 0.0500 | 0.0403   | 0.0286   | 880     | 0.9292  | 109.4 | PASS
WeightedEnsemble         | 0.5835 | 0.0520 | 0.5100 | 0.0500 | 0.4860   | 0.0705   | 880     | 0.8702  | 310.8 | FAIL
XGBoost                  | 0.4685 | 0.0362 | 0.3300 | 0.0500 | 0.4021   | 0.0460   | 880     | 0.7216  | 70.4  | PASS
LDA1+LogReg              | 0.1898 | 0.0323 | 0.2300 | 0.0500 | 0.1871   | 0.0458   | 880     | 0.5118  | 103.8 | PASS
PCA16+LogReg             | 0.1693 | 0.0283 | 0.2200 | 0.0500 | 0.1660   | 0.0397   | 880     | 0.5119  | 108.3 | PASS
PCA32+LogReg             | 0.1748 | 0.0276 | 0.2100 | 0.0500 | 0.1699   | 0.0388   | 880     | 0.5119  | 109.4 | PASS
PCA16+VecWeighted        | 0.0283 | 0.0299 | 0.0100 | 0.0500 | 0.0205   | 0.0125   | 880     | 0.0446  | 105.0 | PASS
PCA32+VecWeighted        | 0.0551 | 0.0457 | 0.0400 | 0.0500 | 0.0386   | 0.0136   | 880     | 0.0458  | 106.9 | PASS
StabilizedWhitenedCosine | 0.5165 | 0.0433 | 0.4700 | 0.0500 | 0.4221   | 0.0601   | 880     | 0.9754  | 102.1 | PASS

[trial=11 seed=57] GLOBAL mode — total_samples=200000
  total: h0=82063 h1=15019
  pooled_train:  n0=1270 n1=1270
  pooled_calib:  n0=100 n1=100
  pooled_eval:   n0=1270 n1=1270
  regions (for macro stats only): 1103
[INFO] Cosine baseline routed to direct Hadamard sum (PrecomputedCosine)
[INFO] WeightedEnsemble Cosine judge routed to direct Hadamard sum
  [Ensemble] Judges routed to 'alt' input: PrecomputedCosine
[WeightedEnsemble] Fitted weights (alpha=0.0500, external calib):
  tau=0.7810, Pooled external calib: TPR=0.7000, FPR=0.0500
  PrecomputedCosine   : +0.4364
  PCAWhitenedCosine   : +0.0571
  XGBoost             : +0.1048
  Tiny MLP            : +0.3819
  LDA                 : +0.0199

Method                   | TPR    | FPR    | TrTPR  | TrFPR  | MacroTPR | MacroFPR | Regions | TauMean | ms    | OK? 
---------------------------------------------------------------------------------------------------------------------
Cosine                   | 0.5417 | 0.0669 | 0.5200 | 0.0500 | 0.4987   | 0.1005   | 849     | 0.9299  | 97.6  | FAIL
AndBox-HC                | 0.5433 | 0.0858 | 0.5500 | 0.0500 | 0.5148   | 0.1158   | 849     | -0.0001 | 56.1  | FAIL
PCAWhitenedCosine        | 0.5843 | 0.0685 | 0.6000 | 0.0500 | 0.4817   | 0.1029   | 849     | 0.7346  | 94.1  | FAIL
Vec (Wgt)                | 0.5709 | 0.0780 | 0.5400 | 0.0500 | 0.5242   | 0.1111   | 849     | 0.9144  | 93.9  | FAIL
Log Reg                  | 0.1307 | 0.0197 | 0.1600 | 0.0500 | 0.1168   | 0.0317   | 849     | 0.5158  | 102.6 | PASS
LDA                      | 0.5512 | 0.0598 | 0.6000 | 0.0500 | 0.4386   | 0.0879   | 849     | 3.3424  | 96.8  | FAIL
Tiny MLP                 | 0.5449 | 0.0614 | 0.5700 | 0.0500 | 0.4422   | 0.0899   | 849     | 0.8809  | 319.6 | FAIL
MultiProtoCosine         | 0.0606 | 0.0276 | 0.0900 | 0.0500 | 0.0403   | 0.0365   | 849     | 0.9279  | 106.5 | PASS
WeightedEnsemble         | 0.6819 | 0.0866 | 0.7000 | 0.0500 | 0.5914   | 0.1253   | 849     | 0.7810  | 351.3 | FAIL
XGBoost                  | 0.4465 | 0.0362 | 0.4500 | 0.0500 | 0.3908   | 0.0575   | 849     | 0.7392  | 69.0  | PASS
LDA1+LogReg              | 0.1307 | 0.0213 | 0.1600 | 0.0500 | 0.1168   | 0.0338   | 849     | 0.5158  | 98.6  | PASS
PCA16+LogReg             | 0.1276 | 0.0181 | 0.1600 | 0.0500 | 0.1127   | 0.0282   | 849     | 0.5157  | 102.8 | PASS
PCA32+LogReg             | 0.1339 | 0.0213 | 0.1600 | 0.0500 | 0.1196   | 0.0351   | 849     | 0.5153  | 106.3 | PASS
PCA16+VecWeighted        | 0.1205 | 0.0646 | 0.0700 | 0.0500 | 0.1100   | 0.0628   | 849     | 0.0291  | 100.8 | FAIL
PCA32+VecWeighted        | 0.1362 | 0.0780 | 0.0700 | 0.0500 | 0.1278   | 0.0665   | 849     | 0.0299  | 102.6 | FAIL
StabilizedWhitenedCosine | 0.5906 | 0.0630 | 0.6000 | 0.0500 | 0.4992   | 0.0984   | 849     | 0.7696  | 97.8  | FAIL

[trial=12 seed=58] GLOBAL mode — total_samples=200000
  total: h0=82063 h1=15019
  pooled_train:  n0=1270 n1=1270
  pooled_calib:  n0=100 n1=100
  pooled_eval:   n0=1270 n1=1270
  regions (for macro stats only): 1103
[INFO] Cosine baseline routed to direct Hadamard sum (PrecomputedCosine)
[INFO] WeightedEnsemble Cosine judge routed to direct Hadamard sum
  [Ensemble] Judges routed to 'alt' input: PrecomputedCosine
[WeightedEnsemble] Fitted weights (alpha=0.0500, external calib):
  tau=0.6437, Pooled external calib: TPR=0.6400, FPR=0.0500
  PrecomputedCosine   : +0.1369
  PCAWhitenedCosine   : +0.3322
  XGBoost             : +0.4468
  Tiny MLP            : +0.0732
  LDA                 : +0.0110

Method                   | TPR    | FPR    | TrTPR  | TrFPR  | MacroTPR | MacroFPR | Regions | TauMean | ms    | OK? 
---------------------------------------------------------------------------------------------------------------------
Cosine                   | 0.5370 | 0.0866 | 0.4100 | 0.0500 | 0.5205   | 0.1241   | 847     | 0.9259  | 112.4 | FAIL
AndBox-HC                | 0.4024 | 0.0756 | 0.2900 | 0.0500 | 0.4022   | 0.1045   | 847     | 0.0000  | 55.5  | FAIL
PCAWhitenedCosine        | 0.6433 | 0.0906 | 0.5900 | 0.0500 | 0.5300   | 0.1273   | 847     | 0.6038  | 92.4  | FAIL
Vec (Wgt)                | 0.4976 | 0.0598 | 0.3800 | 0.0500 | 0.4666   | 0.0907   | 847     | 0.9437  | 93.6  | FAIL
Log Reg                  | 0.2772 | 0.0591 | 0.2300 | 0.0500 | 0.2468   | 0.0810   | 847     | 0.5094  | 102.7 | FAIL
LDA                      | 0.4598 | 0.0480 | 0.3600 | 0.0500 | 0.3735   | 0.0693   | 847     | 3.9915  | 96.5  | PASS
Tiny MLP                 | 0.5346 | 0.0551 | 0.4300 | 0.0500 | 0.4314   | 0.0828   | 847     | 0.8591  | 276.5 | FAIL
MultiProtoCosine         | 0.1110 | 0.0858 | 0.0800 | 0.0500 | 0.0983   | 0.0833   | 847     | 0.9196  | 103.0 | FAIL
WeightedEnsemble         | 0.6685 | 0.0937 | 0.6400 | 0.0500 | 0.5788   | 0.1328   | 847     | 0.6437  | 304.4 | FAIL
XGBoost                  | 0.5756 | 0.0780 | 0.4600 | 0.0500 | 0.5314   | 0.1148   | 847     | 0.6504  | 68.2  | FAIL
LDA1+LogReg              | 0.2795 | 0.0591 | 0.2300 | 0.0500 | 0.2487   | 0.0810   | 847     | 0.5093  | 100.4 | FAIL
PCA16+LogReg             | 0.2787 | 0.0583 | 0.2700 | 0.0500 | 0.2483   | 0.0810   | 847     | 0.5094  | 102.7 | FAIL
PCA32+LogReg             | 0.2819 | 0.0598 | 0.2400 | 0.0500 | 0.2545   | 0.0818   | 847     | 0.5089  | 104.3 | FAIL
PCA16+VecWeighted        | 0.0929 | 0.0591 | 0.1300 | 0.0500 | 0.0863   | 0.0709   | 847     | 0.0290  | 102.2 | FAIL
PCA32+VecWeighted        | 0.0677 | 0.0307 | 0.1000 | 0.0500 | 0.0608   | 0.0412   | 847     | 0.0362  | 103.1 | PASS
StabilizedWhitenedCosine | 0.6528 | 0.0882 | 0.5800 | 0.0500 | 0.5691   | 0.1221   | 847     | 0.5589  | 98.8  | FAIL

[trial=13 seed=59] GLOBAL mode — total_samples=200000
  total: h0=82063 h1=15019
  pooled_train:  n0=1270 n1=1270
  pooled_calib:  n0=100 n1=100
  pooled_eval:   n0=1270 n1=1270
  regions (for macro stats only): 1103
[INFO] Cosine baseline routed to direct Hadamard sum (PrecomputedCosine)
[INFO] WeightedEnsemble Cosine judge routed to direct Hadamard sum
  [Ensemble] Judges routed to 'alt' input: PrecomputedCosine
[WeightedEnsemble] Fitted weights (alpha=0.0500, external calib):
  tau=0.9135, Pooled external calib: TPR=0.6000, FPR=0.0500
  PrecomputedCosine   : +1.0000
  PCAWhitenedCosine   : +0.0000
  XGBoost             : +0.0000
  Tiny MLP            : +0.0000
  LDA                 : +0.0000

Method                   | TPR    | FPR    | TrTPR  | TrFPR  | MacroTPR | MacroFPR | Regions | TauMean | ms    | OK? 
---------------------------------------------------------------------------------------------------------------------
Cosine                   | 0.5535 | 0.0874 | 0.6000 | 0.0500 | 0.5008   | 0.1202   | 853     | 0.9135  | 95.9  | FAIL
AndBox-HC                | 0.5118 | 0.0756 | 0.5300 | 0.0500 | 0.4616   | 0.1086   | 853     | -0.0000 | 57.9  | FAIL
PCAWhitenedCosine        | 0.5764 | 0.0583 | 0.5700 | 0.0500 | 0.4748   | 0.0861   | 853     | 0.7121  | 92.6  | FAIL
Vec (Wgt)                | 0.5433 | 0.0756 | 0.5900 | 0.0500 | 0.4853   | 0.1086   | 853     | 0.9129  | 92.4  | FAIL
Log Reg                  | 0.2850 | 0.0630 | 0.3000 | 0.0500 | 0.2295   | 0.0848   | 853     | 0.5090  | 100.2 | FAIL
LDA                      | 0.5244 | 0.0591 | 0.4800 | 0.0500 | 0.4268   | 0.0838   | 853     | 3.1286  | 96.4  | FAIL
Tiny MLP                 | 0.5063 | 0.0551 | 0.4600 | 0.0500 | 0.4186   | 0.0799   | 853     | 0.8737  | 273.5 | FAIL
MultiProtoCosine         | 0.0929 | 0.0425 | 0.1200 | 0.0500 | 0.0711   | 0.0545   | 853     | 0.9226  | 102.3 | PASS
WeightedEnsemble         | 0.5535 | 0.0874 | 0.6000 | 0.0500 | 0.5008   | 0.1202   | 853     | 0.9135  | 299.7 | FAIL
XGBoost                  | 0.5575 | 0.0803 | 0.5300 | 0.0500 | 0.4712   | 0.1187   | 853     | 0.6430  | 71.3  | FAIL
LDA1+LogReg              | 0.2850 | 0.0630 | 0.3200 | 0.0500 | 0.2295   | 0.0848   | 853     | 0.5090  | 97.3  | FAIL
PCA16+LogReg             | 0.3409 | 0.0787 | 0.3900 | 0.0500 | 0.2707   | 0.1056   | 853     | 0.5075  | 100.5 | FAIL
PCA32+LogReg             | 0.3197 | 0.0693 | 0.3500 | 0.0500 | 0.2565   | 0.0927   | 853     | 0.5080  | 101.4 | FAIL
PCA16+VecWeighted        | 0.0110 | 0.0268 | 0.0000 | 0.0500 | 0.0118   | 0.0073   | 853     | 0.0416  | 98.3  | PASS
PCA32+VecWeighted        | 0.0291 | 0.0339 | 0.0400 | 0.0500 | 0.0264   | 0.0195   | 853     | 0.0443  | 99.9  | PASS
StabilizedWhitenedCosine | 0.5866 | 0.0709 | 0.6000 | 0.0500 | 0.5043   | 0.1026   | 853     | 0.5873  | 97.6  | FAIL

[trial=14 seed=60] GLOBAL mode — total_samples=200000
  total: h0=82063 h1=15019
  pooled_train:  n0=1270 n1=1270
  pooled_calib:  n0=100 n1=100
  pooled_eval:   n0=1270 n1=1270
  regions (for macro stats only): 1103
[INFO] Cosine baseline routed to direct Hadamard sum (PrecomputedCosine)
[INFO] WeightedEnsemble Cosine judge routed to direct Hadamard sum
  [Ensemble] Judges routed to 'alt' input: PrecomputedCosine
[WeightedEnsemble] Fitted weights (alpha=0.0500, external calib):
  tau=1.1910, Pooled external calib: TPR=0.4700, FPR=0.0500
  PrecomputedCosine   : +0.6233
  PCAWhitenedCosine   : +0.0087
  XGBoost             : +0.0054
  Tiny MLP            : +0.2691
  LDA                 : +0.0935

Method                   | TPR    | FPR    | TrTPR  | TrFPR  | MacroTPR | MacroFPR | Regions | TauMean | ms    | OK? 
---------------------------------------------------------------------------------------------------------------------
Cosine                   | 0.3039 | 0.0276 | 0.2600 | 0.0500 | 0.2728   | 0.0326   | 845     | 0.9947  | 96.0  | PASS
AndBox-HC                | 0.3465 | 0.0315 | 0.2700 | 0.0500 | 0.3041   | 0.0410   | 845     | 0.0000  | 54.4  | PASS
PCAWhitenedCosine        | 0.3780 | 0.0244 | 0.3400 | 0.0500 | 0.2854   | 0.0352   | 845     | 1.2897  | 90.9  | PASS
Vec (Wgt)                | 0.4024 | 0.0276 | 0.3000 | 0.0500 | 0.3430   | 0.0368   | 845     | 0.9798  | 88.6  | PASS
Log Reg                  | 0.2559 | 0.0535 | 0.2200 | 0.0500 | 0.2224   | 0.0734   | 845     | 0.5102  | 96.2  | FAIL
LDA                      | 0.4000 | 0.0244 | 0.4000 | 0.0500 | 0.3030   | 0.0362   | 845     | 4.3159  | 95.7  | PASS
Tiny MLP                 | 0.4567 | 0.0283 | 0.4700 | 0.0500 | 0.3470   | 0.0413   | 845     | 0.8996  | 268.8 | PASS
MultiProtoCosine         | 0.0929 | 0.0354 | 0.1000 | 0.0500 | 0.0681   | 0.0389   | 845     | 0.9248  | 102.0 | PASS
WeightedEnsemble         | 0.4441 | 0.0307 | 0.4700 | 0.0500 | 0.3588   | 0.0458   | 845     | 1.1910  | 301.6 | PASS
XGBoost                  | 0.4512 | 0.0488 | 0.3900 | 0.0500 | 0.3905   | 0.0622   | 845     | 0.7227  | 68.7  | PASS
LDA1+LogReg              | 0.2583 | 0.0535 | 0.2200 | 0.0500 | 0.2236   | 0.0734   | 845     | 0.5102  | 98.1  | FAIL
PCA16+LogReg             | 0.2583 | 0.0535 | 0.2200 | 0.0500 | 0.2269   | 0.0734   | 845     | 0.5098  | 103.1 | FAIL
PCA32+LogReg             | 0.2724 | 0.0543 | 0.2200 | 0.0500 | 0.2420   | 0.0736   | 845     | 0.5094  | 103.7 | FAIL
PCA16+VecWeighted        | 0.0638 | 0.0315 | 0.0300 | 0.0500 | 0.0533   | 0.0352   | 845     | 0.0348  | 99.6  | PASS
PCA32+VecWeighted        | 0.1220 | 0.0386 | 0.0600 | 0.0500 | 0.0919   | 0.0460   | 845     | 0.0353  | 101.3 | PASS
StabilizedWhitenedCosine | 0.4016 | 0.0323 | 0.3200 | 0.0500 | 0.3104   | 0.0462   | 845     | 1.1546  | 96.0  | PASS

[trial=15 seed=61] GLOBAL mode — total_samples=200000
  total: h0=82063 h1=15019
  pooled_train:  n0=1270 n1=1270
  pooled_calib:  n0=100 n1=100
  pooled_eval:   n0=1270 n1=1270
  regions (for macro stats only): 1103
[INFO] Cosine baseline routed to direct Hadamard sum (PrecomputedCosine)
[INFO] WeightedEnsemble Cosine judge routed to direct Hadamard sum
  [Ensemble] Judges routed to 'alt' input: PrecomputedCosine
[WeightedEnsemble] Fitted weights (alpha=0.0500, external calib):
  tau=0.7863, Pooled external calib: TPR=0.6800, FPR=0.0500
  PrecomputedCosine   : +0.2610
  PCAWhitenedCosine   : +0.2348
  XGBoost             : +0.2127
  Tiny MLP            : +0.2846
  LDA                 : +0.0070

Method                   | TPR    | FPR    | TrTPR  | TrFPR  | MacroTPR | MacroFPR | Regions | TauMean | ms    | OK? 
---------------------------------------------------------------------------------------------------------------------
Cosine                   | 0.3567 | 0.0291 | 0.4000 | 0.0500 | 0.3080   | 0.0357   | 860     | 0.9860  | 91.0  | PASS
AndBox-HC                | 0.2583 | 0.0386 | 0.2800 | 0.0500 | 0.2308   | 0.0492   | 860     | 0.0001  | 59.9  | PASS
PCAWhitenedCosine        | 0.5701 | 0.0512 | 0.6200 | 0.0500 | 0.4599   | 0.0749   | 860     | 0.7845  | 94.1  | FAIL
Vec (Wgt)                | 0.4850 | 0.0457 | 0.5400 | 0.0500 | 0.4270   | 0.0630   | 860     | 0.9404  | 94.2  | PASS
Log Reg                  | 0.1709 | 0.0276 | 0.2000 | 0.0500 | 0.1518   | 0.0361   | 860     | 0.5128  | 104.9 | PASS
LDA                      | 0.5213 | 0.0425 | 0.5800 | 0.0500 | 0.4205   | 0.0646   | 860     | 3.7991  | 97.6  | PASS
Tiny MLP                 | 0.5055 | 0.0339 | 0.5000 | 0.0500 | 0.4018   | 0.0538   | 860     | 0.8793  | 276.5 | PASS
MultiProtoCosine         | 0.0701 | 0.0370 | 0.1000 | 0.0500 | 0.0529   | 0.0435   | 860     | 0.9225  | 105.6 | PASS
WeightedEnsemble         | 0.5961 | 0.0535 | 0.6800 | 0.0500 | 0.4898   | 0.0773   | 860     | 0.7863  | 306.7 | FAIL
XGBoost                  | 0.3740 | 0.0268 | 0.4000 | 0.0500 | 0.3184   | 0.0376   | 860     | 0.7625  | 69.9  | PASS
LDA1+LogReg              | 0.1709 | 0.0276 | 0.2000 | 0.0500 | 0.1518   | 0.0361   | 860     | 0.5128  | 101.0 | PASS
PCA16+LogReg             | 0.1646 | 0.0268 | 0.1800 | 0.0500 | 0.1464   | 0.0341   | 860     | 0.5125  | 105.5 | PASS
PCA32+LogReg             | 0.1732 | 0.0252 | 0.1900 | 0.0500 | 0.1540   | 0.0332   | 860     | 0.5123  | 105.9 | PASS
PCA16+VecWeighted        | 0.0559 | 0.0417 | 0.0700 | 0.0500 | 0.0498   | 0.0412   | 860     | 0.0340  | 102.6 | PASS
PCA32+VecWeighted        | 0.0913 | 0.0449 | 0.1200 | 0.0500 | 0.0786   | 0.0511   | 860     | 0.0351  | 103.1 | PASS
StabilizedWhitenedCosine | 0.4646 | 0.0378 | 0.5000 | 0.0500 | 0.3749   | 0.0571   | 860     | 1.0689  | 99.2  | PASS

[trial=16 seed=62] GLOBAL mode — total_samples=200000
  total: h0=82063 h1=15019
  pooled_train:  n0=1270 n1=1270
  pooled_calib:  n0=100 n1=100
  pooled_eval:   n0=1270 n1=1270
  regions (for macro stats only): 1103
[INFO] Cosine baseline routed to direct Hadamard sum (PrecomputedCosine)
[INFO] WeightedEnsemble Cosine judge routed to direct Hadamard sum
  [Ensemble] Judges routed to 'alt' input: PrecomputedCosine
[WeightedEnsemble] Fitted weights (alpha=0.0500, external calib):
  tau=1.1003, Pooled external calib: TPR=0.6100, FPR=0.0500
  PrecomputedCosine   : +0.0952
  PCAWhitenedCosine   : +0.1209
  XGBoost             : +0.1325
  Tiny MLP            : +0.4665
  LDA                 : +0.1851

Method                   | TPR    | FPR    | TrTPR  | TrFPR  | MacroTPR | MacroFPR | Regions | TauMean | ms    | OK? 
---------------------------------------------------------------------------------------------------------------------
Cosine                   | 0.4921 | 0.0630 | 0.5000 | 0.0500 | 0.4399   | 0.0824   | 859     | 0.9451  | 113.1 | FAIL
AndBox-HC                | 0.4953 | 0.0709 | 0.4700 | 0.0500 | 0.4417   | 0.0920   | 859     | 0.0000  | 56.1  | FAIL
PCAWhitenedCosine        | 0.5843 | 0.0685 | 0.5600 | 0.0500 | 0.4750   | 0.0960   | 859     | 0.8401  | 94.0  | FAIL
Vec (Wgt)                | 0.5276 | 0.0622 | 0.5200 | 0.0500 | 0.4674   | 0.0830   | 859     | 0.9372  | 93.6  | FAIL
Log Reg                  | 0.3102 | 0.0748 | 0.3000 | 0.0500 | 0.2697   | 0.0892   | 859     | 0.5102  | 102.3 | FAIL
LDA                      | 0.6213 | 0.0740 | 0.5900 | 0.0500 | 0.5088   | 0.1002   | 859     | 2.7884  | 97.1  | FAIL
Tiny MLP                 | 0.6457 | 0.0780 | 0.6100 | 0.0500 | 0.5315   | 0.1085   | 859     | 0.7986  | 276.5 | FAIL
MultiProtoCosine         | 0.1150 | 0.0772 | 0.1000 | 0.0500 | 0.0973   | 0.0793   | 859     | 0.9210  | 103.8 | FAIL
WeightedEnsemble         | 0.6457 | 0.0756 | 0.6100 | 0.0500 | 0.5296   | 0.1026   | 859     | 1.1003  | 308.2 | FAIL
XGBoost                  | 0.5370 | 0.0559 | 0.5400 | 0.0500 | 0.4690   | 0.0793   | 859     | 0.6929  | 67.7  | FAIL
LDA1+LogReg              | 0.3126 | 0.0748 | 0.3000 | 0.0500 | 0.2708   | 0.0892   | 859     | 0.5103  | 99.7  | FAIL
PCA16+LogReg             | 0.2906 | 0.0701 | 0.3000 | 0.0500 | 0.2451   | 0.0832   | 859     | 0.5106  | 103.5 | FAIL
PCA32+LogReg             | 0.3142 | 0.0732 | 0.3000 | 0.0500 | 0.2678   | 0.0873   | 859     | 0.5101  | 103.5 | FAIL
PCA16+VecWeighted        | 0.0008 | 0.0126 | 0.0000 | 0.0500 | 0.0018   | 0.0017   | 859     | 0.0588  | 100.1 | PASS
PCA32+VecWeighted        | 0.0008 | 0.0110 | 0.0000 | 0.0500 | 0.0018   | 0.0031   | 859     | 0.0693  | 103.1 | PASS
StabilizedWhitenedCosine | 0.5906 | 0.0661 | 0.5200 | 0.0500 | 0.4903   | 0.0905   | 859     | 0.8292  | 97.6  | FAIL

[trial=17 seed=63] GLOBAL mode — total_samples=200000
  total: h0=82063 h1=15019
  pooled_train:  n0=1270 n1=1270
  pooled_calib:  n0=100 n1=100
  pooled_eval:   n0=1270 n1=1270
  regions (for macro stats only): 1103
[INFO] Cosine baseline routed to direct Hadamard sum (PrecomputedCosine)
[INFO] WeightedEnsemble Cosine judge routed to direct Hadamard sum
  [Ensemble] Judges routed to 'alt' input: PrecomputedCosine
[WeightedEnsemble] Fitted weights (alpha=0.0500, external calib):
  tau=0.8317, Pooled external calib: TPR=0.6300, FPR=0.0500
  PrecomputedCosine   : +0.2610
  PCAWhitenedCosine   : +0.2348
  XGBoost             : +0.2127
  Tiny MLP            : +0.2846
  LDA                 : +0.0070

Method                   | TPR    | FPR    | TrTPR  | TrFPR  | MacroTPR | MacroFPR | Regions | TauMean | ms    | OK? 
---------------------------------------------------------------------------------------------------------------------
Cosine                   | 0.4402 | 0.0409 | 0.4600 | 0.0500 | 0.3916   | 0.0538   | 860     | 0.9709  | 110.5 | PASS
AndBox-HC                | 0.4079 | 0.0472 | 0.4500 | 0.0500 | 0.3585   | 0.0631   | 860     | 0.0000  | 56.8  | PASS
PCAWhitenedCosine        | 0.5488 | 0.0575 | 0.5900 | 0.0500 | 0.4579   | 0.0828   | 860     | 0.8399  | 94.8  | FAIL
Vec (Wgt)                | 0.4961 | 0.0488 | 0.5600 | 0.0500 | 0.4308   | 0.0683   | 860     | 0.9508  | 94.8  | PASS
Log Reg                  | 0.2150 | 0.0528 | 0.2400 | 0.0500 | 0.1882   | 0.0633   | 860     | 0.5116  | 105.9 | FAIL
LDA                      | 0.3008 | 0.0236 | 0.3500 | 0.0500 | 0.2486   | 0.0313   | 860     | 5.1266  | 98.9  | PASS
Tiny MLP                 | 0.2701 | 0.0197 | 0.2600 | 0.0500 | 0.2158   | 0.0271   | 860     | 0.9726  | 277.6 | PASS
MultiProtoCosine         | 0.0890 | 0.0567 | 0.0700 | 0.0500 | 0.0721   | 0.0602   | 860     | 0.9228  | 105.0 | FAIL
WeightedEnsemble         | 0.5528 | 0.0504 | 0.6300 | 0.0500 | 0.4687   | 0.0742   | 860     | 0.8317  | 309.1 | FAIL
XGBoost                  | 0.4992 | 0.0528 | 0.5400 | 0.0500 | 0.4354   | 0.0713   | 860     | 0.6973  | 69.5  | FAIL
LDA1+LogReg              | 0.2150 | 0.0528 | 0.2400 | 0.0500 | 0.1882   | 0.0633   | 860     | 0.5116  | 102.4 | FAIL
PCA16+LogReg             | 0.2299 | 0.0575 | 0.2400 | 0.0500 | 0.2019   | 0.0696   | 860     | 0.5107  | 104.1 | FAIL
PCA32+LogReg             | 0.2276 | 0.0551 | 0.2400 | 0.0500 | 0.1996   | 0.0684   | 860     | 0.5110  | 105.4 | FAIL
PCA16+VecWeighted        | 0.0748 | 0.0654 | 0.0700 | 0.0500 | 0.0580   | 0.0574   | 860     | 0.0281  | 102.0 | FAIL
PCA32+VecWeighted        | 0.0756 | 0.0638 | 0.0600 | 0.0500 | 0.0585   | 0.0402   | 860     | 0.0345  | 103.6 | FAIL
StabilizedWhitenedCosine | 0.4827 | 0.0441 | 0.5000 | 0.0500 | 0.4034   | 0.0624   | 860     | 0.9647  | 100.6 | PASS

[trial=18 seed=64] GLOBAL mode — total_samples=200000
  total: h0=82063 h1=15019
  pooled_train:  n0=1270 n1=1270
  pooled_calib:  n0=100 n1=100
  pooled_eval:   n0=1270 n1=1270
  regions (for macro stats only): 1103
[INFO] Cosine baseline routed to direct Hadamard sum (PrecomputedCosine)
[INFO] WeightedEnsemble Cosine judge routed to direct Hadamard sum
  [Ensemble] Judges routed to 'alt' input: PrecomputedCosine
[WeightedEnsemble] Fitted weights (alpha=0.0500, external calib):
  tau=0.7906, Pooled external calib: TPR=0.7300, FPR=0.0500
  PrecomputedCosine   : +0.0000
  PCAWhitenedCosine   : +0.0000
  XGBoost             : +0.0000
  Tiny MLP            : +1.0000
  LDA                 : +0.0000

Method                   | TPR    | FPR    | TrTPR  | TrFPR  | MacroTPR | MacroFPR | Regions | TauMean | ms    | OK? 
---------------------------------------------------------------------------------------------------------------------
Cosine                   | 0.3472 | 0.0244 | 0.3600 | 0.0500 | 0.2852   | 0.0374   | 861     | 0.9913  | 111.6 | PASS
AndBox-HC                | 0.4118 | 0.0488 | 0.4700 | 0.0500 | 0.3600   | 0.0730   | 861     | 0.0000  | 55.7  | PASS
PCAWhitenedCosine        | 0.5709 | 0.0567 | 0.6500 | 0.0500 | 0.4500   | 0.0753   | 861     | 0.9148  | 93.1  | FAIL
Vec (Wgt)                | 0.5126 | 0.0465 | 0.5500 | 0.0500 | 0.4257   | 0.0742   | 861     | 0.9461  | 93.2  | PASS
Log Reg                  | 0.2260 | 0.0465 | 0.2600 | 0.0500 | 0.1800   | 0.0633   | 861     | 0.5119  | 101.4 | PASS
LDA                      | 0.5898 | 0.0661 | 0.6800 | 0.0500 | 0.4857   | 0.0903   | 861     | 3.4068  | 96.4  | FAIL
Tiny MLP                 | 0.6465 | 0.0850 | 0.7300 | 0.0500 | 0.5253   | 0.1149   | 861     | 0.7906  | 273.1 | FAIL
MultiProtoCosine         | 0.0717 | 0.0268 | 0.0600 | 0.0500 | 0.0466   | 0.0268   | 861     | 0.9261  | 102.3 | PASS
WeightedEnsemble         | 0.6465 | 0.0850 | 0.7300 | 0.0500 | 0.5253   | 0.1149   | 861     | 0.7906  | 303.6 | FAIL
XGBoost                  | 0.5031 | 0.0465 | 0.4600 | 0.0500 | 0.4134   | 0.0702   | 861     | 0.7163  | 69.5  | PASS
LDA1+LogReg              | 0.2276 | 0.0465 | 0.2600 | 0.0500 | 0.1824   | 0.0633   | 861     | 0.5119  | 98.4  | PASS
PCA16+LogReg             | 0.2559 | 0.0559 | 0.2800 | 0.0500 | 0.2032   | 0.0756   | 861     | 0.5110  | 102.2 | FAIL
PCA32+LogReg             | 0.2339 | 0.0496 | 0.2800 | 0.0500 | 0.1874   | 0.0685   | 861     | 0.5113  | 105.4 | PASS
PCA16+VecWeighted        | 0.0386 | 0.0197 | 0.0300 | 0.0500 | 0.0451   | 0.0244   | 861     | 0.0335  | 100.8 | PASS
PCA32+VecWeighted        | 0.0543 | 0.0409 | 0.0500 | 0.0500 | 0.0528   | 0.0301   | 861     | 0.0384  | 101.5 | PASS
StabilizedWhitenedCosine | 0.5370 | 0.0441 | 0.5700 | 0.0500 | 0.4243   | 0.0633   | 861     | 0.9591  | 98.3  | PASS

[trial=19 seed=65] GLOBAL mode — total_samples=200000
  total: h0=82063 h1=15019
  pooled_train:  n0=1270 n1=1270
  pooled_calib:  n0=100 n1=100
  pooled_eval:   n0=1270 n1=1270
  regions (for macro stats only): 1103
[INFO] Cosine baseline routed to direct Hadamard sum (PrecomputedCosine)
[INFO] WeightedEnsemble Cosine judge routed to direct Hadamard sum
  [Ensemble] Judges routed to 'alt' input: PrecomputedCosine
[WeightedEnsemble] Fitted weights (alpha=0.0500, external calib):
  tau=0.7391, Pooled external calib: TPR=0.7400, FPR=0.0500
  PrecomputedCosine   : +0.4323
  PCAWhitenedCosine   : +0.1110
  XGBoost             : +0.2003
  Tiny MLP            : +0.2025
  LDA                 : +0.0539

Method                   | TPR    | FPR    | TrTPR  | TrFPR  | MacroTPR | MacroFPR | Regions | TauMean | ms    | OK? 
---------------------------------------------------------------------------------------------------------------------
Cosine                   | 0.4677 | 0.0488 | 0.4700 | 0.0500 | 0.4415   | 0.0699   | 855     | 0.9555  | 96.0  | PASS
AndBox-HC                | 0.3724 | 0.0449 | 0.3200 | 0.0500 | 0.3474   | 0.0653   | 855     | 0.0000  | 55.6  | PASS
PCAWhitenedCosine        | 0.6449 | 0.0850 | 0.6900 | 0.0500 | 0.5491   | 0.1236   | 855     | 0.5498  | 93.3  | FAIL
Vec (Wgt)                | 0.5528 | 0.0677 | 0.5500 | 0.0500 | 0.5173   | 0.0947   | 855     | 0.9141  | 93.1  | FAIL
Log Reg                  | 0.3772 | 0.0709 | 0.3100 | 0.0500 | 0.3136   | 0.0966   | 855     | 0.5068  | 100.4 | FAIL
LDA                      | 0.6094 | 0.0724 | 0.6300 | 0.0500 | 0.5125   | 0.0972   | 855     | 2.5948  | 95.9  | FAIL
Tiny MLP                 | 0.6803 | 0.0858 | 0.6800 | 0.0500 | 0.5834   | 0.1225   | 855     | 0.7286  | 274.5 | FAIL
MultiProtoCosine         | 0.1118 | 0.0795 | 0.0700 | 0.0500 | 0.0953   | 0.0926   | 855     | 0.9172  | 102.5 | FAIL
WeightedEnsemble         | 0.7142 | 0.0984 | 0.7400 | 0.0500 | 0.6302   | 0.1412   | 855     | 0.7391  | 305.3 | FAIL
XGBoost                  | 0.5150 | 0.0488 | 0.5500 | 0.0500 | 0.4550   | 0.0714   | 855     | 0.6902  | 68.8  | PASS
LDA1+LogReg              | 0.3583 | 0.0724 | 0.3100 | 0.0500 | 0.2975   | 0.1002   | 855     | 0.5072  | 100.6 | FAIL
PCA16+LogReg             | 0.3417 | 0.0701 | 0.3200 | 0.0500 | 0.2812   | 0.0952   | 855     | 0.5075  | 102.9 | FAIL
PCA32+LogReg             | 0.3693 | 0.0685 | 0.3200 | 0.0500 | 0.3046   | 0.0921   | 855     | 0.5070  | 105.3 | FAIL
PCA16+VecWeighted        | 0.0913 | 0.0236 | 0.0400 | 0.0500 | 0.0665   | 0.0298   | 855     | 0.0330  | 100.9 | PASS
PCA32+VecWeighted        | 0.1677 | 0.0677 | 0.0600 | 0.0500 | 0.1418   | 0.0732   | 855     | 0.0268  | 101.8 | FAIL
StabilizedWhitenedCosine | 0.6638 | 0.0945 | 0.7100 | 0.0500 | 0.5686   | 0.1292   | 855     | 0.4654  | 97.7  | FAIL

[trial=20 seed=66] GLOBAL mode — total_samples=200000
  total: h0=82063 h1=15019
  pooled_train:  n0=1270 n1=1270
  pooled_calib:  n0=100 n1=100
  pooled_eval:   n0=1270 n1=1270
  regions (for macro stats only): 1103
[INFO] Cosine baseline routed to direct Hadamard sum (PrecomputedCosine)
[INFO] WeightedEnsemble Cosine judge routed to direct Hadamard sum
  [Ensemble] Judges routed to 'alt' input: PrecomputedCosine
[WeightedEnsemble] Fitted weights (alpha=0.0500, external calib):
  tau=1.0600, Pooled external calib: TPR=0.6000, FPR=0.0500
  PrecomputedCosine   : +0.4176
  PCAWhitenedCosine   : +0.3460
  XGBoost             : +0.0864
  Tiny MLP            : +0.0990
  LDA                 : +0.0511

Method                   | TPR    | FPR    | TrTPR  | TrFPR  | MacroTPR | MacroFPR | Regions | TauMean | ms    | OK? 
---------------------------------------------------------------------------------------------------------------------
Cosine                   | 0.3000 | 0.0197 | 0.3600 | 0.0500 | 0.2652   | 0.0276   | 875     | 0.9953  | 103.8 | PASS
AndBox-HC                | 0.1118 | 0.0118 | 0.1200 | 0.0500 | 0.0907   | 0.0193   | 875     | 0.0001  | 57.1  | PASS
PCAWhitenedCosine        | 0.4906 | 0.0331 | 0.5600 | 0.0500 | 0.3990   | 0.0544   | 875     | 1.0952  | 95.2  | PASS
Vec (Wgt)                | 0.3504 | 0.0157 | 0.4400 | 0.0500 | 0.2947   | 0.0232   | 875     | 0.9889  | 94.8  | PASS
Log Reg                  | 0.1654 | 0.0244 | 0.1500 | 0.0500 | 0.1409   | 0.0392   | 875     | 0.5140  | 103.9 | PASS
LDA                      | 0.3795 | 0.0283 | 0.4800 | 0.0500 | 0.3071   | 0.0394   | 875     | 4.4185  | 98.1  | PASS
Tiny MLP                 | 0.4417 | 0.0339 | 0.5400 | 0.0500 | 0.3622   | 0.0490   | 875     | 0.9081  | 276.5 | PASS
MultiProtoCosine         | 0.1094 | 0.0748 | 0.1300 | 0.0500 | 0.0901   | 0.0823   | 875     | 0.9210  | 102.9 | FAIL
WeightedEnsemble         | 0.5126 | 0.0331 | 0.6000 | 0.0500 | 0.4140   | 0.0521   | 875     | 1.0600  | 305.3 | PASS
XGBoost                  | 0.3354 | 0.0134 | 0.4000 | 0.0500 | 0.2760   | 0.0232   | 875     | 0.7740  | 67.6  | PASS
LDA1+LogReg              | 0.1654 | 0.0244 | 0.1500 | 0.0500 | 0.1409   | 0.0392   | 875     | 0.5140  | 98.2  | PASS
PCA16+LogReg             | 0.1630 | 0.0252 | 0.1500 | 0.0500 | 0.1412   | 0.0400   | 875     | 0.5135  | 102.7 | PASS
PCA32+LogReg             | 0.1646 | 0.0244 | 0.1600 | 0.0500 | 0.1421   | 0.0392   | 875     | 0.5135  | 104.5 | PASS
PCA16+VecWeighted        | 0.0394 | 0.0370 | 0.0500 | 0.0500 | 0.0436   | 0.0303   | 875     | 0.0305  | 100.2 | PASS
PCA32+VecWeighted        | 0.0827 | 0.0449 | 0.1100 | 0.0500 | 0.0751   | 0.0396   | 875     | 0.0336  | 101.6 | PASS
StabilizedWhitenedCosine | 0.4339 | 0.0252 | 0.4700 | 0.0500 | 0.3468   | 0.0370   | 875     | 1.1624  | 98.0  | PASS

[trial=21 seed=67] GLOBAL mode — total_samples=200000
  total: h0=82063 h1=15019
  pooled_train:  n0=1270 n1=1270
  pooled_calib:  n0=100 n1=100
  pooled_eval:   n0=1270 n1=1270
  regions (for macro stats only): 1103
[INFO] Cosine baseline routed to direct Hadamard sum (PrecomputedCosine)
[INFO] WeightedEnsemble Cosine judge routed to direct Hadamard sum
  [Ensemble] Judges routed to 'alt' input: PrecomputedCosine
[WeightedEnsemble] Fitted weights (alpha=0.0500, external calib):
  tau=0.9521, Pooled external calib: TPR=0.4500, FPR=0.0500
  PrecomputedCosine   : +0.1369
  PCAWhitenedCosine   : +0.3322
  XGBoost             : +0.4468
  Tiny MLP            : +0.0732
  LDA                 : +0.0110

Method                   | TPR    | FPR    | TrTPR  | TrFPR  | MacroTPR | MacroFPR | Regions | TauMean | ms    | OK? 
---------------------------------------------------------------------------------------------------------------------
Cosine                   | 0.2811 | 0.0157 | 0.2400 | 0.0500 | 0.2560   | 0.0276   | 854     | 0.9963  | 102.5 | PASS
AndBox-HC                | 0.2024 | 0.0142 | 0.2400 | 0.0500 | 0.1790   | 0.0241   | 854     | 0.0001  | 55.4  | PASS
PCAWhitenedCosine        | 0.3465 | 0.0213 | 0.3400 | 0.0500 | 0.2497   | 0.0356   | 854     | 1.4467  | 92.2  | PASS
Vec (Wgt)                | 0.2795 | 0.0134 | 0.3100 | 0.0500 | 0.2234   | 0.0253   | 854     | 0.9953  | 92.4  | PASS
Log Reg                  | 0.1213 | 0.0189 | 0.0900 | 0.0500 | 0.1075   | 0.0322   | 854     | 0.5145  | 100.3 | PASS
LDA                      | 0.1740 | 0.0087 | 0.1300 | 0.0500 | 0.1349   | 0.0180   | 854     | 6.0828  | 96.1  | PASS
Tiny MLP                 | 0.2331 | 0.0079 | 0.2100 | 0.0500 | 0.1620   | 0.0154   | 854     | 0.9671  | 274.2 | PASS
MultiProtoCosine         | 0.0780 | 0.0417 | 0.0500 | 0.0500 | 0.0639   | 0.0496   | 854     | 0.9239  | 104.2 | PASS
WeightedEnsemble         | 0.4339 | 0.0252 | 0.4500 | 0.0500 | 0.3461   | 0.0434   | 854     | 0.9521  | 303.5 | PASS
XGBoost                  | 0.3173 | 0.0150 | 0.2500 | 0.0500 | 0.2570   | 0.0263   | 854     | 0.7841  | 69.8  | PASS
LDA1+LogReg              | 0.1220 | 0.0197 | 0.1000 | 0.0500 | 0.1094   | 0.0340   | 854     | 0.5145  | 100.0 | PASS
PCA16+LogReg             | 0.1362 | 0.0228 | 0.1000 | 0.0500 | 0.1234   | 0.0375   | 854     | 0.5133  | 101.9 | PASS
PCA32+LogReg             | 0.1354 | 0.0220 | 0.1000 | 0.0500 | 0.1199   | 0.0375   | 854     | 0.5134  | 102.9 | PASS
PCA16+VecWeighted        | 0.1480 | 0.0780 | 0.0900 | 0.0500 | 0.1169   | 0.0599   | 854     | 0.0264  | 99.7  | FAIL
PCA32+VecWeighted        | 0.1283 | 0.0945 | 0.1000 | 0.0500 | 0.1193   | 0.0638   | 854     | 0.0292  | 101.1 | FAIL
StabilizedWhitenedCosine | 0.3780 | 0.0299 | 0.3500 | 0.0500 | 0.2922   | 0.0473   | 854     | 1.2561  | 95.8  | PASS

[trial=22 seed=68] GLOBAL mode — total_samples=200000
  total: h0=82063 h1=15019
  pooled_train:  n0=1270 n1=1270
  pooled_calib:  n0=100 n1=100
  pooled_eval:   n0=1270 n1=1270
  regions (for macro stats only): 1103
[INFO] Cosine baseline routed to direct Hadamard sum (PrecomputedCosine)
[INFO] WeightedEnsemble Cosine judge routed to direct Hadamard sum
  [Ensemble] Judges routed to 'alt' input: PrecomputedCosine
[WeightedEnsemble] Fitted weights (alpha=0.0500, external calib):
  tau=0.8993, Pooled external calib: TPR=0.5800, FPR=0.0500
  PrecomputedCosine   : +0.3209
  PCAWhitenedCosine   : +0.3118
  XGBoost             : +0.3183
  Tiny MLP            : +0.0373
  LDA                 : +0.0115

Method                   | TPR    | FPR    | TrTPR  | TrFPR  | MacroTPR | MacroFPR | Regions | TauMean | ms    | OK? 
---------------------------------------------------------------------------------------------------------------------
Cosine                   | 0.4236 | 0.0425 | 0.5600 | 0.0500 | 0.4065   | 0.0603   | 869     | 0.9668  | 99.0  | PASS
AndBox-HC                | 0.3811 | 0.0449 | 0.4500 | 0.0500 | 0.3528   | 0.0626   | 869     | 0.0000  | 56.8  | PASS
PCAWhitenedCosine        | 0.5362 | 0.0472 | 0.5700 | 0.0500 | 0.4284   | 0.0711   | 869     | 0.9122  | 94.5  | PASS
Vec (Wgt)                | 0.4378 | 0.0378 | 0.5700 | 0.0500 | 0.3944   | 0.0568   | 869     | 0.9530  | 94.0  | PASS
Log Reg                  | 0.1362 | 0.0244 | 0.1400 | 0.0500 | 0.1183   | 0.0366   | 869     | 0.5154  | 102.4 | PASS
LDA                      | 0.2346 | 0.0157 | 0.2500 | 0.0500 | 0.1796   | 0.0225   | 869     | 6.1585  | 97.2  | PASS
Tiny MLP                 | 0.2976 | 0.0165 | 0.3100 | 0.0500 | 0.2185   | 0.0227   | 869     | 0.9724  | 274.4 | PASS
MultiProtoCosine         | 0.1126 | 0.0606 | 0.1000 | 0.0500 | 0.0971   | 0.0699   | 869     | 0.9179  | 103.8 | FAIL
WeightedEnsemble         | 0.4953 | 0.0386 | 0.5800 | 0.0500 | 0.3959   | 0.0564   | 869     | 0.8993  | 302.4 | PASS
XGBoost                  | 0.3953 | 0.0220 | 0.4500 | 0.0500 | 0.3304   | 0.0323   | 869     | 0.7467  | 68.0  | PASS
LDA1+LogReg              | 0.1354 | 0.0244 | 0.1400 | 0.0500 | 0.1181   | 0.0366   | 869     | 0.5154  | 98.8  | PASS
PCA16+LogReg             | 0.1276 | 0.0213 | 0.1400 | 0.0500 | 0.1118   | 0.0329   | 869     | 0.5154  | 104.0 | PASS
PCA32+LogReg             | 0.1283 | 0.0220 | 0.1400 | 0.0500 | 0.1134   | 0.0335   | 869     | 0.5153  | 104.7 | PASS
PCA16+VecWeighted        | 0.0244 | 0.0283 | 0.0300 | 0.0500 | 0.0213   | 0.0281   | 869     | 0.0374  | 101.4 | PASS
PCA32+VecWeighted        | 0.0165 | 0.0157 | 0.0100 | 0.0500 | 0.0112   | 0.0171   | 869     | 0.0443  | 102.8 | PASS
StabilizedWhitenedCosine | 0.4386 | 0.0307 | 0.5100 | 0.0500 | 0.3493   | 0.0469   | 869     | 1.1512  | 98.7  | PASS

[trial=23 seed=69] GLOBAL mode — total_samples=200000
  total: h0=82063 h1=15019
  pooled_train:  n0=1270 n1=1270
  pooled_calib:  n0=100 n1=100
  pooled_eval:   n0=1270 n1=1270
  regions (for macro stats only): 1103
[INFO] Cosine baseline routed to direct Hadamard sum (PrecomputedCosine)
[INFO] WeightedEnsemble Cosine judge routed to direct Hadamard sum
  [Ensemble] Judges routed to 'alt' input: PrecomputedCosine
[WeightedEnsemble] Fitted weights (alpha=0.0500, external calib):
  tau=1.2635, Pooled external calib: TPR=0.4200, FPR=0.0500
  PrecomputedCosine   : +0.0656
  PCAWhitenedCosine   : +0.4602
  XGBoost             : +0.1200
  Tiny MLP            : +0.2889
  LDA                 : +0.0653

Method                   | TPR    | FPR    | TrTPR  | TrFPR  | MacroTPR | MacroFPR | Regions | TauMean | ms    | OK? 
---------------------------------------------------------------------------------------------------------------------
Cosine                   | 0.3268 | 0.0315 | 0.2800 | 0.0500 | 0.2893   | 0.0450   | 854     | 0.9922  | 112.5 | PASS
AndBox-HC                | 0.2654 | 0.0236 | 0.2200 | 0.0500 | 0.2334   | 0.0294   | 854     | 0.0001  | 56.5  | PASS
PCAWhitenedCosine        | 0.4409 | 0.0268 | 0.4100 | 0.0500 | 0.3476   | 0.0414   | 854     | 1.2485  | 93.0  | PASS
Vec (Wgt)                | 0.4000 | 0.0339 | 0.3700 | 0.0500 | 0.3415   | 0.0455   | 854     | 0.9792  | 92.7  | PASS
Log Reg                  | 0.2055 | 0.0661 | 0.2200 | 0.0500 | 0.1979   | 0.0828   | 854     | 0.5135  | 100.5 | FAIL
LDA                      | 0.3346 | 0.0197 | 0.2700 | 0.0500 | 0.2558   | 0.0294   | 854     | 5.3451  | 97.0  | PASS
Tiny MLP                 | 0.3921 | 0.0228 | 0.3600 | 0.0500 | 0.2969   | 0.0353   | 854     | 0.9292  | 274.9 | PASS
MultiProtoCosine         | 0.1094 | 0.0921 | 0.1400 | 0.0500 | 0.1001   | 0.0943   | 854     | 0.9198  | 104.2 | FAIL
WeightedEnsemble         | 0.4472 | 0.0276 | 0.4200 | 0.0500 | 0.3446   | 0.0399   | 854     | 1.2635  | 303.6 | PASS
XGBoost                  | 0.2748 | 0.0134 | 0.2100 | 0.0500 | 0.2180   | 0.0193   | 854     | 0.7866  | 68.1  | PASS
LDA1+LogReg              | 0.2055 | 0.0661 | 0.2200 | 0.0500 | 0.1979   | 0.0828   | 854     | 0.5136  | 98.8  | FAIL
PCA16+LogReg             | 0.2252 | 0.0693 | 0.2300 | 0.0500 | 0.2127   | 0.0868   | 854     | 0.5126  | 102.8 | FAIL
PCA32+LogReg             | 0.2000 | 0.0622 | 0.2200 | 0.0500 | 0.1940   | 0.0781   | 854     | 0.5134  | 104.9 | FAIL
PCA16+VecWeighted        | 0.0291 | 0.0906 | 0.0300 | 0.0500 | 0.0311   | 0.0364   | 854     | 0.0314  | 100.8 | FAIL
PCA32+VecWeighted        | 0.0197 | 0.0591 | 0.0200 | 0.0500 | 0.0317   | 0.0245   | 854     | 0.0396  | 101.9 | FAIL
StabilizedWhitenedCosine | 0.3575 | 0.0189 | 0.3700 | 0.0500 | 0.2893   | 0.0303   | 854     | 1.3244  | 97.4  | PASS

[trial=24 seed=70] GLOBAL mode — total_samples=200000
  total: h0=82063 h1=15019
  pooled_train:  n0=1270 n1=1270
  pooled_calib:  n0=100 n1=100
  pooled_eval:   n0=1270 n1=1270
  regions (for macro stats only): 1103
[INFO] Cosine baseline routed to direct Hadamard sum (PrecomputedCosine)
[INFO] WeightedEnsemble Cosine judge routed to direct Hadamard sum
  [Ensemble] Judges routed to 'alt' input: PrecomputedCosine
[WeightedEnsemble] Fitted weights (alpha=0.0500, external calib):
  tau=1.6275, Pooled external calib: TPR=0.5900, FPR=0.0500
  PrecomputedCosine   : +0.0361
  PCAWhitenedCosine   : +0.0348
  XGBoost             : +0.1549
  Tiny MLP            : +0.3211
  LDA                 : +0.4530

Method                   | TPR    | FPR    | TrTPR  | TrFPR  | MacroTPR | MacroFPR | Regions | TauMean | ms    | OK? 
---------------------------------------------------------------------------------------------------------------------
Cosine                   | 0.4394 | 0.0346 | 0.3900 | 0.0500 | 0.3917   | 0.0509   | 856     | 0.9693  | 107.1 | PASS
AndBox-HC                | 0.1102 | 0.0047 | 0.0800 | 0.0500 | 0.1028   | 0.0076   | 856     | 0.0001  | 55.5  | PASS
PCAWhitenedCosine        | 0.4433 | 0.0276 | 0.3600 | 0.0500 | 0.3359   | 0.0446   | 856     | 1.2043  | 92.4  | PASS
Vec (Wgt)                | 0.4835 | 0.0378 | 0.4300 | 0.0500 | 0.4258   | 0.0576   | 856     | 0.9536  | 92.6  | PASS
Log Reg                  | 0.2898 | 0.0638 | 0.2300 | 0.0500 | 0.2424   | 0.0791   | 856     | 0.5103  | 100.7 | FAIL
LDA                      | 0.5906 | 0.0677 | 0.5800 | 0.0500 | 0.4585   | 0.0923   | 856     | 2.6218  | 95.5  | FAIL
Tiny MLP                 | 0.5614 | 0.0622 | 0.5600 | 0.0500 | 0.4422   | 0.0915   | 856     | 0.8539  | 275.3 | FAIL
MultiProtoCosine         | 0.1118 | 0.0598 | 0.1100 | 0.0500 | 0.0905   | 0.0710   | 856     | 0.9215  | 101.4 | FAIL
WeightedEnsemble         | 0.5906 | 0.0661 | 0.5900 | 0.0500 | 0.4587   | 0.0918   | 856     | 1.6275  | 303.9 | FAIL
XGBoost                  | 0.5394 | 0.0551 | 0.4800 | 0.0500 | 0.4660   | 0.0809   | 856     | 0.6713  | 67.9  | FAIL
LDA1+LogReg              | 0.2906 | 0.0630 | 0.2300 | 0.0500 | 0.2424   | 0.0782   | 856     | 0.5104  | 97.7  | FAIL
PCA16+LogReg             | 0.3126 | 0.0685 | 0.2600 | 0.0500 | 0.2588   | 0.0849   | 856     | 0.5096  | 102.2 | FAIL
PCA32+LogReg             | 0.2913 | 0.0646 | 0.2300 | 0.0500 | 0.2459   | 0.0808   | 856     | 0.5098  | 103.1 | FAIL
PCA16+VecWeighted        | 0.0449 | 0.0803 | 0.0300 | 0.0500 | 0.0350   | 0.0662   | 856     | 0.0303  | 99.2  | FAIL
PCA32+VecWeighted        | 0.0205 | 0.0496 | 0.0100 | 0.0500 | 0.0157   | 0.0466   | 856     | 0.0390  | 102.0 | PASS
StabilizedWhitenedCosine | 0.4906 | 0.0378 | 0.4000 | 0.0500 | 0.3948   | 0.0553   | 856     | 0.9875  | 96.6  | PASS

[trial=25 seed=71] GLOBAL mode — total_samples=200000
  total: h0=82063 h1=15019
  pooled_train:  n0=1270 n1=1270
  pooled_calib:  n0=100 n1=100
  pooled_eval:   n0=1270 n1=1270
  regions (for macro stats only): 1103
[INFO] Cosine baseline routed to direct Hadamard sum (PrecomputedCosine)
[INFO] WeightedEnsemble Cosine judge routed to direct Hadamard sum
  [Ensemble] Judges routed to 'alt' input: PrecomputedCosine
[WeightedEnsemble] Fitted weights (alpha=0.0500, external calib):
  tau=0.7878, Pooled external calib: TPR=0.7700, FPR=0.0500
  PrecomputedCosine   : +0.0656
  PCAWhitenedCosine   : +0.4602
  XGBoost             : +0.1200
  Tiny MLP            : +0.2889
  LDA                 : +0.0653

Method                   | TPR    | FPR    | TrTPR  | TrFPR  | MacroTPR | MacroFPR | Regions | TauMean | ms    | OK? 
---------------------------------------------------------------------------------------------------------------------
Cosine                   | 0.4409 | 0.0433 | 0.3800 | 0.0500 | 0.4198   | 0.0692   | 863     | 0.9710  | 108.4 | PASS
AndBox-HC                | 0.2929 | 0.0252 | 0.2200 | 0.0500 | 0.2816   | 0.0392   | 863     | 0.0001  | 54.6  | PASS
PCAWhitenedCosine        | 0.6504 | 0.0843 | 0.7200 | 0.0500 | 0.5433   | 0.1249   | 863     | 0.6335  | 93.8  | FAIL
Vec (Wgt)                | 0.5346 | 0.0606 | 0.4700 | 0.0500 | 0.4922   | 0.0968   | 863     | 0.9337  | 93.8  | FAIL
Log Reg                  | 0.2386 | 0.0472 | 0.2000 | 0.0500 | 0.1992   | 0.0678   | 863     | 0.5133  | 103.4 | PASS
LDA                      | 0.6551 | 0.0882 | 0.7600 | 0.0500 | 0.5405   | 0.1202   | 863     | 2.6363  | 97.1  | FAIL
Tiny MLP                 | 0.6441 | 0.0787 | 0.7200 | 0.0500 | 0.5426   | 0.1090   | 863     | 0.7964  | 275.4 | FAIL
MultiProtoCosine         | 0.0827 | 0.0433 | 0.1000 | 0.0500 | 0.0533   | 0.0498   | 863     | 0.9254  | 105.8 | PASS
WeightedEnsemble         | 0.6701 | 0.0795 | 0.7700 | 0.0500 | 0.5560   | 0.1157   | 863     | 0.7878  | 306.8 | FAIL
XGBoost                  | 0.5031 | 0.0449 | 0.5100 | 0.0500 | 0.4467   | 0.0709   | 863     | 0.7089  | 68.4  | PASS
LDA1+LogReg              | 0.2394 | 0.0480 | 0.2000 | 0.0500 | 0.2011   | 0.0686   | 863     | 0.5132  | 100.4 | PASS
PCA16+LogReg             | 0.2433 | 0.0480 | 0.2200 | 0.0500 | 0.2051   | 0.0674   | 863     | 0.5129  | 103.8 | PASS
PCA32+LogReg             | 0.2559 | 0.0512 | 0.2200 | 0.0500 | 0.2143   | 0.0712   | 863     | 0.5124  | 105.5 | FAIL
PCA16+VecWeighted        | 0.1024 | 0.0339 | 0.0900 | 0.0500 | 0.0854   | 0.0383   | 863     | 0.0355  | 101.0 | PASS
PCA32+VecWeighted        | 0.0551 | 0.0236 | 0.0600 | 0.0500 | 0.0374   | 0.0186   | 863     | 0.0480  | 102.7 | PASS
StabilizedWhitenedCosine | 0.6323 | 0.0803 | 0.6500 | 0.0500 | 0.5456   | 0.1226   | 863     | 0.6763  | 96.9  | FAIL

[trial=26 seed=72] GLOBAL mode — total_samples=200000
  total: h0=82063 h1=15019
  pooled_train:  n0=1270 n1=1270
  pooled_calib:  n0=100 n1=100
  pooled_eval:   n0=1270 n1=1270
  regions (for macro stats only): 1103
[INFO] Cosine baseline routed to direct Hadamard sum (PrecomputedCosine)
[INFO] WeightedEnsemble Cosine judge routed to direct Hadamard sum
  [Ensemble] Judges routed to 'alt' input: PrecomputedCosine
[WeightedEnsemble] Fitted weights (alpha=0.0500, external calib):
  tau=0.8035, Pooled external calib: TPR=0.7300, FPR=0.0500
  PrecomputedCosine   : +0.4323
  PCAWhitenedCosine   : +0.1110
  XGBoost             : +0.2003
  Tiny MLP            : +0.2025
  LDA                 : +0.0539

Method                   | TPR    | FPR    | TrTPR  | TrFPR  | MacroTPR | MacroFPR | Regions | TauMean | ms    | OK? 
---------------------------------------------------------------------------------------------------------------------
Cosine                   | 0.4591 | 0.0567 | 0.4800 | 0.0500 | 0.4232   | 0.0856   | 852     | 0.9613  | 109.3 | FAIL
AndBox-HC                | 0.4520 | 0.0583 | 0.4600 | 0.0500 | 0.4064   | 0.0825   | 852     | 0.0000  | 55.6  | FAIL
PCAWhitenedCosine        | 0.6551 | 0.0866 | 0.6600 | 0.0500 | 0.5496   | 0.1237   | 852     | 0.5082  | 92.7  | FAIL
Vec (Wgt)                | 0.5205 | 0.0669 | 0.5300 | 0.0500 | 0.4830   | 0.0979   | 852     | 0.9314  | 92.8  | FAIL
Log Reg                  | 0.2780 | 0.0598 | 0.2300 | 0.0500 | 0.2412   | 0.0802   | 852     | 0.5101  | 101.2 | FAIL
LDA                      | 0.6370 | 0.0661 | 0.7100 | 0.0500 | 0.5276   | 0.0934   | 852     | 2.5982  | 96.2  | FAIL
Tiny MLP                 | 0.6465 | 0.0677 | 0.6900 | 0.0500 | 0.5395   | 0.0945   | 852     | 0.7968  | 275.1 | FAIL
MultiProtoCosine         | 0.0945 | 0.0835 | 0.0800 | 0.0500 | 0.0881   | 0.0988   | 852     | 0.9200  | 101.5 | FAIL
WeightedEnsemble         | 0.6866 | 0.0756 | 0.7300 | 0.0500 | 0.5884   | 0.1063   | 852     | 0.8035  | 303.7 | FAIL
XGBoost                  | 0.5205 | 0.0622 | 0.5700 | 0.0500 | 0.4639   | 0.0862   | 852     | 0.6898  | 69.3  | FAIL
LDA1+LogReg              | 0.2780 | 0.0598 | 0.2300 | 0.0500 | 0.2412   | 0.0802   | 852     | 0.5101  | 97.7  | FAIL
PCA16+LogReg             | 0.2929 | 0.0701 | 0.2300 | 0.0500 | 0.2583   | 0.0907   | 852     | 0.5094  | 101.5 | FAIL
PCA32+LogReg             | 0.2819 | 0.0583 | 0.2300 | 0.0500 | 0.2454   | 0.0785   | 852     | 0.5099  | 102.9 | FAIL
PCA16+VecWeighted        | 0.0858 | 0.0520 | 0.0900 | 0.0500 | 0.0765   | 0.0530   | 852     | 0.0296  | 98.9  | FAIL
PCA32+VecWeighted        | 0.0339 | 0.0205 | 0.0300 | 0.0500 | 0.0410   | 0.0236   | 852     | 0.0432  | 100.2 | PASS
StabilizedWhitenedCosine | 0.6134 | 0.0685 | 0.6700 | 0.0500 | 0.5224   | 0.0954   | 852     | 0.6627  | 96.6  | FAIL

[trial=27 seed=73] GLOBAL mode — total_samples=200000
  total: h0=82063 h1=15019
  pooled_train:  n0=1270 n1=1270
  pooled_calib:  n0=100 n1=100
  pooled_eval:   n0=1270 n1=1270
  regions (for macro stats only): 1103
[INFO] Cosine baseline routed to direct Hadamard sum (PrecomputedCosine)
[INFO] WeightedEnsemble Cosine judge routed to direct Hadamard sum
  [Ensemble] Judges routed to 'alt' input: PrecomputedCosine
[WeightedEnsemble] Fitted weights (alpha=0.0500, external calib):
  tau=1.3721, Pooled external calib: TPR=0.5900, FPR=0.0500
  PrecomputedCosine   : +0.1058
  PCAWhitenedCosine   : +0.0804
  XGBoost             : +0.3319
  Tiny MLP            : +0.2065
  LDA                 : +0.2754

Method                   | TPR    | FPR    | TrTPR  | TrFPR  | MacroTPR | MacroFPR | Regions | TauMean | ms    | OK? 
---------------------------------------------------------------------------------------------------------------------
Cosine                   | 0.4835 | 0.0543 | 0.5100 | 0.0500 | 0.4328   | 0.0872   | 845     | 0.9561  | 86.4  | FAIL
AndBox-HC                | 0.3000 | 0.0339 | 0.3700 | 0.0500 | 0.2505   | 0.0491   | 845     | 0.0001  | 61.1  | PASS
PCAWhitenedCosine        | 0.3630 | 0.0236 | 0.4000 | 0.0500 | 0.2737   | 0.0433   | 845     | 1.4576  | 92.2  | PASS
Vec (Wgt)                | 0.5039 | 0.0465 | 0.5200 | 0.0500 | 0.4392   | 0.0750   | 845     | 0.9558  | 92.0  | PASS
Log Reg                  | 0.2780 | 0.0551 | 0.2500 | 0.0500 | 0.2328   | 0.0801   | 845     | 0.5112  | 98.7  | FAIL
LDA                      | 0.5520 | 0.0638 | 0.5500 | 0.0500 | 0.4369   | 0.0986   | 845     | 3.5398  | 95.3  | FAIL
Tiny MLP                 | 0.4047 | 0.0291 | 0.3700 | 0.0500 | 0.3115   | 0.0485   | 845     | 0.9383  | 316.7 | PASS
MultiProtoCosine         | 0.1417 | 0.0898 | 0.1200 | 0.0500 | 0.1259   | 0.1001   | 845     | 0.9164  | 101.0 | FAIL
WeightedEnsemble         | 0.5890 | 0.0693 | 0.5900 | 0.0500 | 0.4807   | 0.1094   | 845     | 1.3721  | 451.6 | FAIL
XGBoost                  | 0.5362 | 0.0535 | 0.5300 | 0.0500 | 0.4712   | 0.0872   | 845     | 0.6827  | 67.4  | FAIL
LDA1+LogReg              | 0.2780 | 0.0543 | 0.2500 | 0.0500 | 0.2328   | 0.0784   | 845     | 0.5113  | 96.2  | FAIL
PCA16+LogReg             | 0.3189 | 0.0575 | 0.3300 | 0.0500 | 0.2582   | 0.0827   | 845     | 0.5101  | 101.2 | FAIL
PCA32+LogReg             | 0.3047 | 0.0559 | 0.2900 | 0.0500 | 0.2470   | 0.0819   | 845     | 0.5104  | 104.0 | FAIL
PCA16+VecWeighted        | 0.2409 | 0.0598 | 0.2200 | 0.0500 | 0.1950   | 0.0748   | 845     | 0.0258  | 99.0  | FAIL
PCA32+VecWeighted        | 0.1685 | 0.0559 | 0.1600 | 0.0500 | 0.1529   | 0.0720   | 845     | 0.0315  | 101.7 | FAIL
StabilizedWhitenedCosine | 0.4906 | 0.0441 | 0.5200 | 0.0500 | 0.3919   | 0.0703   | 845     | 1.0537  | 96.8  | PASS

[trial=28 seed=74] GLOBAL mode — total_samples=200000
  total: h0=82063 h1=15019
  pooled_train:  n0=1270 n1=1270
  pooled_calib:  n0=100 n1=100
  pooled_eval:   n0=1270 n1=1270
  regions (for macro stats only): 1103
[INFO] Cosine baseline routed to direct Hadamard sum (PrecomputedCosine)
[INFO] WeightedEnsemble Cosine judge routed to direct Hadamard sum
  [Ensemble] Judges routed to 'alt' input: PrecomputedCosine
[WeightedEnsemble] Fitted weights (alpha=0.0500, external calib):
  tau=0.8117, Pooled external calib: TPR=0.7300, FPR=0.0500
  PrecomputedCosine   : +0.5316
  PCAWhitenedCosine   : +0.2031
  XGBoost             : +0.0553
  Tiny MLP            : +0.1785
  LDA                 : +0.0315

Method                   | TPR    | FPR    | TrTPR  | TrFPR  | MacroTPR | MacroFPR | Regions | TauMean | ms    | OK? 
---------------------------------------------------------------------------------------------------------------------
Cosine                   | 0.5094 | 0.0606 | 0.5100 | 0.0500 | 0.4672   | 0.0831   | 841     | 0.9442  | 110.7 | FAIL
AndBox-HC                | 0.5260 | 0.0669 | 0.5000 | 0.0500 | 0.4906   | 0.0887   | 841     | -0.0000 | 54.7  | FAIL
PCAWhitenedCosine        | 0.6575 | 0.0858 | 0.6700 | 0.0500 | 0.5565   | 0.1103   | 841     | 0.5531  | 90.4  | FAIL
Vec (Wgt)                | 0.5717 | 0.0843 | 0.5400 | 0.0500 | 0.5241   | 0.1103   | 841     | 0.8964  | 90.8  | FAIL
Log Reg                  | 0.3890 | 0.1055 | 0.4000 | 0.0500 | 0.3547   | 0.1254   | 841     | 0.5074  | 100.3 | FAIL
LDA                      | 0.5362 | 0.0591 | 0.5600 | 0.0500 | 0.4326   | 0.0824   | 841     | 3.7809  | 94.6  | FAIL
Tiny MLP                 | 0.5299 | 0.0551 | 0.5700 | 0.0500 | 0.4237   | 0.0803   | 841     | 0.8842  | 273.4 | FAIL
MultiProtoCosine         | 0.1717 | 0.1126 | 0.2100 | 0.0500 | 0.1403   | 0.1203   | 841     | 0.9136  | 100.2 | FAIL
WeightedEnsemble         | 0.6622 | 0.0898 | 0.7300 | 0.0500 | 0.5771   | 0.1181   | 841     | 0.8117  | 301.5 | FAIL
XGBoost                  | 0.5071 | 0.0496 | 0.4800 | 0.0500 | 0.4411   | 0.0672   | 841     | 0.7004  | 68.5  | PASS
LDA1+LogReg              | 0.3882 | 0.1063 | 0.4000 | 0.0500 | 0.3537   | 0.1271   | 841     | 0.5074  | 96.6  | FAIL
PCA16+LogReg             | 0.3866 | 0.1094 | 0.4000 | 0.0500 | 0.3522   | 0.1296   | 841     | 0.5071  | 99.7  | FAIL
PCA32+LogReg             | 0.4000 | 0.1134 | 0.4100 | 0.0500 | 0.3687   | 0.1366   | 841     | 0.5068  | 101.2 | FAIL
PCA16+VecWeighted        | 0.2268 | 0.0756 | 0.2400 | 0.0500 | 0.2109   | 0.0875   | 841     | 0.0220  | 97.9  | FAIL
PCA32+VecWeighted        | 0.2496 | 0.1008 | 0.2400 | 0.0500 | 0.2226   | 0.1183   | 841     | 0.0225  | 99.7  | FAIL
StabilizedWhitenedCosine | 0.6472 | 0.0835 | 0.6800 | 0.0500 | 0.5540   | 0.1176   | 841     | 0.5596  | 95.2  | FAIL

[trial=29 seed=75] GLOBAL mode — total_samples=200000
  total: h0=82063 h1=15019
  pooled_train:  n0=1270 n1=1270
  pooled_calib:  n0=100 n1=100
  pooled_eval:   n0=1270 n1=1270
  regions (for macro stats only): 1103
[INFO] Cosine baseline routed to direct Hadamard sum (PrecomputedCosine)
[INFO] WeightedEnsemble Cosine judge routed to direct Hadamard sum
  [Ensemble] Judges routed to 'alt' input: PrecomputedCosine
[WeightedEnsemble] Fitted weights (alpha=0.0500, external calib):
  tau=0.3528, Pooled external calib: TPR=0.6500, FPR=0.0500
  PrecomputedCosine   : +0.0000
  PCAWhitenedCosine   : +1.0000
  XGBoost             : +0.0000
  Tiny MLP            : +0.0000
  LDA                 : +0.0000

Method                   | TPR    | FPR    | TrTPR  | TrFPR  | MacroTPR | MacroFPR | Regions | TauMean | ms    | OK? 
---------------------------------------------------------------------------------------------------------------------
Cosine                   | 0.5079 | 0.0630 | 0.4200 | 0.0500 | 0.4817   | 0.0855   | 835     | 0.9458  | 91.6  | FAIL
AndBox-HC                | 0.4055 | 0.0417 | 0.3600 | 0.0500 | 0.3881   | 0.0592   | 835     | 0.0000  | 57.5  | PASS
PCAWhitenedCosine        | 0.7094 | 0.1008 | 0.6500 | 0.0500 | 0.6238   | 0.1414   | 835     | 0.3528  | 91.4  | FAIL
Vec (Wgt)                | 0.5181 | 0.0567 | 0.4500 | 0.0500 | 0.4918   | 0.0790   | 835     | 0.9439  | 91.4  | FAIL
Log Reg                  | 0.2386 | 0.0417 | 0.2100 | 0.0500 | 0.1975   | 0.0582   | 835     | 0.5109  | 99.5  | PASS
LDA                      | 0.5094 | 0.0378 | 0.5000 | 0.0500 | 0.4148   | 0.0546   | 835     | 3.5690  | 94.4  | PASS
Tiny MLP                 | 0.5047 | 0.0409 | 0.5300 | 0.0500 | 0.4067   | 0.0604   | 835     | 0.9091  | 316.3 | PASS
MultiProtoCosine         | 0.0780 | 0.0331 | 0.0800 | 0.0500 | 0.0606   | 0.0344   | 835     | 0.9271  | 100.9 | PASS
WeightedEnsemble         | 0.7094 | 0.1008 | 0.6500 | 0.0500 | 0.6238   | 0.1414   | 835     | 0.3528  | 346.8 | FAIL
XGBoost                  | 0.5496 | 0.0535 | 0.4900 | 0.0500 | 0.5024   | 0.0722   | 835     | 0.6655  | 68.6  | FAIL
LDA1+LogReg              | 0.2386 | 0.0425 | 0.2100 | 0.0500 | 0.1975   | 0.0591   | 835     | 0.5109  | 96.6  | PASS
PCA16+LogReg             | 0.2425 | 0.0433 | 0.2400 | 0.0500 | 0.2018   | 0.0609   | 835     | 0.5104  | 102.0 | PASS
PCA32+LogReg             | 0.2512 | 0.0425 | 0.2100 | 0.0500 | 0.2087   | 0.0591   | 835     | 0.5103  | 101.3 | PASS
PCA16+VecWeighted        | 0.0063 | 0.0346 | 0.0000 | 0.0500 | 0.0093   | 0.0218   | 835     | 0.0385  | 98.2  | PASS
PCA32+VecWeighted        | 0.0260 | 0.0457 | 0.0300 | 0.0500 | 0.0235   | 0.0287   | 835     | 0.0418  | 98.7  | PASS
StabilizedWhitenedCosine | 0.6961 | 0.0969 | 0.6200 | 0.0500 | 0.6240   | 0.1348   | 835     | 0.3120  | 95.9  | FAIL

[trial=30 seed=76] GLOBAL mode — total_samples=200000
  total: h0=82063 h1=15019
  pooled_train:  n0=1270 n1=1270
  pooled_calib:  n0=100 n1=100
  pooled_eval:   n0=1270 n1=1270
  regions (for macro stats only): 1103
[INFO] Cosine baseline routed to direct Hadamard sum (PrecomputedCosine)
[INFO] WeightedEnsemble Cosine judge routed to direct Hadamard sum
  [Ensemble] Judges routed to 'alt' input: PrecomputedCosine
[WeightedEnsemble] Fitted weights (alpha=0.0500, external calib):
  tau=0.8693, Pooled external calib: TPR=0.6200, FPR=0.0500
  PrecomputedCosine   : +0.4364
  PCAWhitenedCosine   : +0.0571
  XGBoost             : +0.1048
  Tiny MLP            : +0.3819
  LDA                 : +0.0199

Method                   | TPR    | FPR    | TrTPR  | TrFPR  | MacroTPR | MacroFPR | Regions | TauMean | ms    | OK? 
---------------------------------------------------------------------------------------------------------------------
Cosine                   | 0.5039 | 0.0598 | 0.5700 | 0.0500 | 0.4738   | 0.0745   | 870     | 0.9425  | 90.0  | FAIL
AndBox-HC                | 0.3921 | 0.0370 | 0.4700 | 0.0500 | 0.3611   | 0.0473   | 870     | 0.0001  | 57.9  | PASS
PCAWhitenedCosine        | 0.5197 | 0.0425 | 0.5400 | 0.0500 | 0.4320   | 0.0621   | 870     | 0.9957  | 92.9  | PASS
Vec (Wgt)                | 0.5362 | 0.0630 | 0.5600 | 0.0500 | 0.4938   | 0.0837   | 870     | 0.9222  | 93.2  | FAIL
Log Reg                  | 0.2079 | 0.0362 | 0.1700 | 0.0500 | 0.1706   | 0.0488   | 870     | 0.5131  | 102.7 | PASS
LDA                      | 0.4890 | 0.0409 | 0.4800 | 0.0500 | 0.4007   | 0.0618   | 870     | 4.0903  | 96.6  | PASS
Tiny MLP                 | 0.5638 | 0.0559 | 0.5700 | 0.0500 | 0.4733   | 0.0799   | 870     | 0.8541  | 271.9 | FAIL
MultiProtoCosine         | 0.0921 | 0.0409 | 0.1000 | 0.0500 | 0.0667   | 0.0453   | 870     | 0.9253  | 103.2 | PASS
WeightedEnsemble         | 0.5992 | 0.0583 | 0.6200 | 0.0500 | 0.5171   | 0.0847   | 870     | 0.8693  | 303.3 | FAIL
XGBoost                  | 0.5858 | 0.0646 | 0.5800 | 0.0500 | 0.5329   | 0.0863   | 870     | 0.6476  | 69.2  | FAIL
LDA1+LogReg              | 0.2079 | 0.0354 | 0.1700 | 0.0500 | 0.1706   | 0.0483   | 870     | 0.5131  | 99.3  | PASS
PCA16+LogReg             | 0.1843 | 0.0339 | 0.1600 | 0.0500 | 0.1518   | 0.0457   | 870     | 0.5133  | 103.8 | PASS
PCA32+LogReg             | 0.2008 | 0.0362 | 0.1700 | 0.0500 | 0.1656   | 0.0500   | 870     | 0.5129  | 105.5 | PASS
PCA16+VecWeighted        | 0.0685 | 0.0402 | 0.0500 | 0.0500 | 0.0598   | 0.0453   | 870     | 0.0313  | 101.6 | PASS
PCA32+VecWeighted        | 0.0488 | 0.0339 | 0.0300 | 0.0500 | 0.0497   | 0.0354   | 870     | 0.0393  | 102.1 | PASS
StabilizedWhitenedCosine | 0.5504 | 0.0417 | 0.5600 | 0.0500 | 0.4581   | 0.0579   | 870     | 0.9308  | 97.6  | PASS

[trial=31 seed=77] GLOBAL mode — total_samples=200000
  total: h0=82063 h1=15019
  pooled_train:  n0=1270 n1=1270
  pooled_calib:  n0=100 n1=100
  pooled_eval:   n0=1270 n1=1270
  regions (for macro stats only): 1103
[INFO] Cosine baseline routed to direct Hadamard sum (PrecomputedCosine)
[INFO] WeightedEnsemble Cosine judge routed to direct Hadamard sum
  [Ensemble] Judges routed to 'alt' input: PrecomputedCosine
[WeightedEnsemble] Fitted weights (alpha=0.0500, external calib):
  tau=0.5530, Pooled external calib: TPR=0.8200, FPR=0.0500
  PrecomputedCosine   : +0.4176
  PCAWhitenedCosine   : +0.3460
  XGBoost             : +0.0864
  Tiny MLP            : +0.0990
  LDA                 : +0.0511

Method                   | TPR    | FPR    | TrTPR  | TrFPR  | MacroTPR | MacroFPR | Regions | TauMean | ms    | OK? 
---------------------------------------------------------------------------------------------------------------------
Cosine                   | 0.5236 | 0.0606 | 0.4900 | 0.0500 | 0.4872   | 0.0867   | 851     | 0.9320  | 91.7  | FAIL
AndBox-HC                | 0.4409 | 0.0567 | 0.4200 | 0.0500 | 0.4038   | 0.0760   | 851     | -0.0000 | 59.8  | FAIL
PCAWhitenedCosine        | 0.6732 | 0.0913 | 0.7000 | 0.0500 | 0.5617   | 0.1188   | 851     | 0.4632  | 92.4  | FAIL
Vec (Wgt)                | 0.5701 | 0.0764 | 0.5500 | 0.0500 | 0.5244   | 0.1125   | 851     | 0.9039  | 91.6  | FAIL
Log Reg                  | 0.3827 | 0.0858 | 0.3000 | 0.0500 | 0.3270   | 0.1059   | 851     | 0.5065  | 99.9  | FAIL
LDA                      | 0.5882 | 0.0717 | 0.6300 | 0.0500 | 0.4835   | 0.1019   | 851     | 2.6034  | 95.2  | FAIL
Tiny MLP                 | 0.6654 | 0.0890 | 0.7200 | 0.0500 | 0.5585   | 0.1192   | 851     | 0.7440  | 276.1 | FAIL
MultiProtoCosine         | 0.1087 | 0.0614 | 0.1400 | 0.0500 | 0.0882   | 0.0620   | 851     | 0.9236  | 101.3 | FAIL
WeightedEnsemble         | 0.7394 | 0.1276 | 0.8200 | 0.0500 | 0.6429   | 0.1707   | 851     | 0.5530  | 306.6 | FAIL
XGBoost                  | 0.6142 | 0.0898 | 0.6000 | 0.0500 | 0.5475   | 0.1161   | 851     | 0.6019  | 68.9  | FAIL
LDA1+LogReg              | 0.3827 | 0.0850 | 0.3000 | 0.0500 | 0.3270   | 0.1042   | 851     | 0.5065  | 99.5  | FAIL
PCA16+LogReg             | 0.3843 | 0.0795 | 0.2900 | 0.0500 | 0.3301   | 0.1016   | 851     | 0.5064  | 101.0 | FAIL
PCA32+LogReg             | 0.3803 | 0.0819 | 0.2900 | 0.0500 | 0.3257   | 0.1028   | 851     | 0.5064  | 102.9 | FAIL
PCA16+VecWeighted        | 0.1906 | 0.0567 | 0.1600 | 0.0500 | 0.1641   | 0.0615   | 851     | 0.0245  | 101.1 | FAIL
PCA32+VecWeighted        | 0.2000 | 0.0551 | 0.2000 | 0.0500 | 0.1615   | 0.0549   | 851     | 0.0282  | 101.4 | FAIL
StabilizedWhitenedCosine | 0.6299 | 0.0827 | 0.6500 | 0.0500 | 0.5378   | 0.1101   | 851     | 0.4974  | 97.1  | FAIL

[trial=32 seed=78] GLOBAL mode — total_samples=200000
  total: h0=82063 h1=15019
  pooled_train:  n0=1270 n1=1270
  pooled_calib:  n0=100 n1=100
  pooled_eval:   n0=1270 n1=1270
  regions (for macro stats only): 1103
[INFO] Cosine baseline routed to direct Hadamard sum (PrecomputedCosine)
[INFO] WeightedEnsemble Cosine judge routed to direct Hadamard sum
  [Ensemble] Judges routed to 'alt' input: PrecomputedCosine
[WeightedEnsemble] Fitted weights (alpha=0.0500, external calib):
  tau=1.9080, Pooled external calib: TPR=0.4000, FPR=0.0500
  PrecomputedCosine   : +0.0558
  PCAWhitenedCosine   : +0.3307
  XGBoost             : +0.2565
  Tiny MLP            : +0.1195
  LDA                 : +0.2374

Method                   | TPR    | FPR    | TrTPR  | TrFPR  | MacroTPR | MacroFPR | Regions | TauMean | ms    | OK? 
---------------------------------------------------------------------------------------------------------------------
Cosine                   | 0.4173 | 0.0441 | 0.3800 | 0.0500 | 0.3864   | 0.0603   | 862     | 0.9757  | 97.8  | PASS
AndBox-HC                | 0.2378 | 0.0346 | 0.2700 | 0.0500 | 0.2157   | 0.0452   | 862     | 0.0000  | 57.2  | PASS
PCAWhitenedCosine        | 0.2606 | 0.0110 | 0.2500 | 0.0500 | 0.1956   | 0.0155   | 862     | 1.6872  | 94.4  | PASS
Vec (Wgt)                | 0.4630 | 0.0480 | 0.4600 | 0.0500 | 0.4218   | 0.0673   | 862     | 0.9558  | 94.5  | PASS
Log Reg                  | 0.3331 | 0.0882 | 0.3300 | 0.0500 | 0.2887   | 0.1000   | 862     | 0.5081  | 103.1 | FAIL
LDA                      | 0.3756 | 0.0236 | 0.3800 | 0.0500 | 0.2917   | 0.0337   | 862     | 4.9616  | 98.4  | PASS
Tiny MLP                 | 0.3102 | 0.0118 | 0.3200 | 0.0500 | 0.2365   | 0.0183   | 862     | 0.9491  | 274.8 | PASS
MultiProtoCosine         | 0.0811 | 0.0386 | 0.0800 | 0.0500 | 0.0642   | 0.0403   | 862     | 0.9242  | 104.2 | PASS
WeightedEnsemble         | 0.3992 | 0.0220 | 0.4000 | 0.0500 | 0.3089   | 0.0323   | 862     | 1.9080  | 304.1 | PASS
XGBoost                  | 0.3102 | 0.0181 | 0.2600 | 0.0500 | 0.2601   | 0.0279   | 862     | 0.7812  | 70.5  | PASS
LDA1+LogReg              | 0.3331 | 0.0882 | 0.3300 | 0.0500 | 0.2887   | 0.1000   | 862     | 0.5081  | 101.7 | FAIL
PCA16+LogReg             | 0.3323 | 0.0898 | 0.3400 | 0.0500 | 0.2859   | 0.1050   | 862     | 0.5077  | 105.3 | FAIL
PCA32+LogReg             | 0.3354 | 0.0850 | 0.3400 | 0.0500 | 0.2900   | 0.1000   | 862     | 0.5079  | 105.9 | FAIL
PCA16+VecWeighted        | 0.1047 | 0.0394 | 0.1500 | 0.0500 | 0.0744   | 0.0414   | 862     | 0.0314  | 101.9 | PASS
PCA32+VecWeighted        | 0.0992 | 0.0606 | 0.1000 | 0.0500 | 0.0704   | 0.0584   | 862     | 0.0337  | 104.0 | FAIL
StabilizedWhitenedCosine | 0.3520 | 0.0205 | 0.3300 | 0.0500 | 0.2837   | 0.0303   | 862     | 1.3747  | 99.5  | PASS

[trial=33 seed=79] GLOBAL mode — total_samples=200000
  total: h0=82063 h1=15019
  pooled_train:  n0=1270 n1=1270
  pooled_calib:  n0=100 n1=100
  pooled_eval:   n0=1270 n1=1270
  regions (for macro stats only): 1103
[INFO] Cosine baseline routed to direct Hadamard sum (PrecomputedCosine)
[INFO] WeightedEnsemble Cosine judge routed to direct Hadamard sum
  [Ensemble] Judges routed to 'alt' input: PrecomputedCosine
[WeightedEnsemble] Fitted weights (alpha=0.0500, external calib):
  tau=0.9622, Pooled external calib: TPR=0.5900, FPR=0.0500
  PrecomputedCosine   : +0.0652
  PCAWhitenedCosine   : +0.4878
  XGBoost             : +0.2661
  Tiny MLP            : +0.0535
  LDA                 : +0.1273

Method                   | TPR    | FPR    | TrTPR  | TrFPR  | MacroTPR | MacroFPR | Regions | TauMean | ms    | OK? 
---------------------------------------------------------------------------------------------------------------------
Cosine                   | 0.4748 | 0.0598 | 0.4300 | 0.0500 | 0.4432   | 0.0888   | 852     | 0.9496  | 101.9 | FAIL
AndBox-HC                | 0.4591 | 0.0654 | 0.4000 | 0.0500 | 0.4338   | 0.0942   | 852     | 0.0000  | 57.2  | FAIL
PCAWhitenedCosine        | 0.5874 | 0.0543 | 0.5600 | 0.0500 | 0.4774   | 0.0887   | 852     | 0.8622  | 92.7  | FAIL
Vec (Wgt)                | 0.5386 | 0.0740 | 0.5100 | 0.0500 | 0.5028   | 0.1127   | 852     | 0.9167  | 92.5  | FAIL
Log Reg                  | 0.1787 | 0.0362 | 0.1600 | 0.0500 | 0.1627   | 0.0594   | 852     | 0.5132  | 102.7 | PASS
LDA                      | 0.5268 | 0.0480 | 0.5000 | 0.0500 | 0.4151   | 0.0692   | 852     | 3.5111  | 95.4  | PASS
Tiny MLP                 | 0.5394 | 0.0520 | 0.5300 | 0.0500 | 0.4339   | 0.0823   | 852     | 0.8567  | 276.4 | FAIL
MultiProtoCosine         | 0.0764 | 0.0465 | 0.0900 | 0.0500 | 0.0640   | 0.0527   | 852     | 0.9252  | 102.3 | PASS
WeightedEnsemble         | 0.6063 | 0.0622 | 0.5900 | 0.0500 | 0.4901   | 0.0950   | 852     | 0.9622  | 306.4 | FAIL
XGBoost                  | 0.5189 | 0.0598 | 0.5100 | 0.0500 | 0.4612   | 0.0899   | 852     | 0.6724  | 70.0  | FAIL
LDA1+LogReg              | 0.1795 | 0.0362 | 0.1600 | 0.0500 | 0.1630   | 0.0594   | 852     | 0.5132  | 98.6  | PASS
PCA16+LogReg             | 0.1819 | 0.0370 | 0.1600 | 0.0500 | 0.1637   | 0.0580   | 852     | 0.5129  | 101.6 | PASS
PCA32+LogReg             | 0.1953 | 0.0409 | 0.1600 | 0.0500 | 0.1764   | 0.0642   | 852     | 0.5122  | 103.7 | PASS
PCA16+VecWeighted        | 0.1386 | 0.0228 | 0.1000 | 0.0500 | 0.1118   | 0.0273   | 852     | 0.0355  | 99.3  | PASS
PCA32+VecWeighted        | 0.1567 | 0.0394 | 0.1100 | 0.0500 | 0.1378   | 0.0449   | 852     | 0.0344  | 102.7 | PASS
StabilizedWhitenedCosine | 0.5898 | 0.0732 | 0.5400 | 0.0500 | 0.4942   | 0.1140   | 852     | 0.7906  | 97.4  | FAIL

[trial=34 seed=80] GLOBAL mode — total_samples=200000
  total: h0=82063 h1=15019
  pooled_train:  n0=1270 n1=1270
  pooled_calib:  n0=100 n1=100
  pooled_eval:   n0=1270 n1=1270
  regions (for macro stats only): 1103
[INFO] Cosine baseline routed to direct Hadamard sum (PrecomputedCosine)
[INFO] WeightedEnsemble Cosine judge routed to direct Hadamard sum
  [Ensemble] Judges routed to 'alt' input: PrecomputedCosine
[WeightedEnsemble] Fitted weights (alpha=0.0500, external calib):
  tau=0.9635, Pooled external calib: TPR=0.6700, FPR=0.0500
  PrecomputedCosine   : +0.2384
  PCAWhitenedCosine   : +0.0694
  XGBoost             : +0.3911
  Tiny MLP            : +0.1122
  LDA                 : +0.1888

Method                   | TPR    | FPR    | TrTPR  | TrFPR  | MacroTPR | MacroFPR | Regions | TauMean | ms    | OK? 
---------------------------------------------------------------------------------------------------------------------
Cosine                   | 0.6008 | 0.1094 | 0.5300 | 0.0500 | 0.5744   | 0.1577   | 873     | 0.8921  | 97.6  | FAIL
AndBox-HC                | 0.6465 | 0.1394 | 0.5800 | 0.0500 | 0.6169   | 0.1837   | 873     | -0.0001 | 57.9  | FAIL
PCAWhitenedCosine        | 0.5748 | 0.0685 | 0.5500 | 0.0500 | 0.4725   | 0.1117   | 873     | 0.8620  | 94.8  | FAIL
Vec (Wgt)                | 0.6661 | 0.1346 | 0.5900 | 0.0500 | 0.6329   | 0.1859   | 873     | 0.8591  | 95.2  | FAIL
Log Reg                  | 0.3441 | 0.0669 | 0.3200 | 0.0500 | 0.2948   | 0.0940   | 873     | 0.5086  | 102.9 | FAIL
LDA                      | 0.6441 | 0.0976 | 0.6400 | 0.0500 | 0.5547   | 0.1409   | 873     | 2.6337  | 98.2  | FAIL
Tiny MLP                 | 0.5583 | 0.0606 | 0.5500 | 0.0500 | 0.4655   | 0.0961   | 873     | 0.8909  | 278.1 | FAIL
MultiProtoCosine         | 0.1071 | 0.0606 | 0.1000 | 0.0500 | 0.0839   | 0.0619   | 873     | 0.9208  | 106.9 | FAIL
WeightedEnsemble         | 0.6843 | 0.1031 | 0.6700 | 0.0500 | 0.5932   | 0.1463   | 873     | 0.9635  | 306.4 | FAIL
XGBoost                  | 0.6213 | 0.0913 | 0.6200 | 0.0500 | 0.5550   | 0.1331   | 873     | 0.6230  | 66.0  | FAIL
LDA1+LogReg              | 0.3441 | 0.0669 | 0.3200 | 0.0500 | 0.2948   | 0.0940   | 873     | 0.5086  | 102.0 | FAIL
PCA16+LogReg             | 0.3512 | 0.0717 | 0.3200 | 0.0500 | 0.2952   | 0.0988   | 873     | 0.5081  | 104.8 | FAIL
PCA32+LogReg             | 0.3638 | 0.0724 | 0.3300 | 0.0500 | 0.3089   | 0.1002   | 873     | 0.5078  | 107.1 | FAIL
PCA16+VecWeighted        | 0.0402 | 0.0409 | 0.0600 | 0.0500 | 0.0554   | 0.0443   | 873     | 0.0326  | 102.4 | PASS
PCA32+VecWeighted        | 0.1236 | 0.0717 | 0.1100 | 0.0500 | 0.1213   | 0.0730   | 873     | 0.0314  | 103.7 | FAIL
StabilizedWhitenedCosine | 0.5535 | 0.0685 | 0.5000 | 0.0500 | 0.4513   | 0.1002   | 873     | 0.9090  | 99.0  | FAIL

[trial=35 seed=81] GLOBAL mode — total_samples=200000
  total: h0=82063 h1=15019
  pooled_train:  n0=1270 n1=1270
  pooled_calib:  n0=100 n1=100
  pooled_eval:   n0=1270 n1=1270
  regions (for macro stats only): 1103
[INFO] Cosine baseline routed to direct Hadamard sum (PrecomputedCosine)
[INFO] WeightedEnsemble Cosine judge routed to direct Hadamard sum
  [Ensemble] Judges routed to 'alt' input: PrecomputedCosine
[WeightedEnsemble] Fitted weights (alpha=0.0500, external calib):
  tau=1.1009, Pooled external calib: TPR=0.7300, FPR=0.0500
  PrecomputedCosine   : +0.0558
  PCAWhitenedCosine   : +0.3307
  XGBoost             : +0.2565
  Tiny MLP            : +0.1195
  LDA                 : +0.2374

Method                   | TPR    | FPR    | TrTPR  | TrFPR  | MacroTPR | MacroFPR | Regions | TauMean | ms    | OK? 
---------------------------------------------------------------------------------------------------------------------
Cosine                   | 0.5031 | 0.0583 | 0.5700 | 0.0500 | 0.4790   | 0.0837   | 860     | 0.9308  | 96.0  | FAIL
AndBox-HC                | 0.4890 | 0.0677 | 0.6300 | 0.0500 | 0.4706   | 0.0959   | 860     | -0.0000 | 57.1  | FAIL
PCAWhitenedCosine        | 0.5693 | 0.0543 | 0.6700 | 0.0500 | 0.4840   | 0.0694   | 860     | 0.8304  | 94.6  | FAIL
Vec (Wgt)                | 0.5315 | 0.0575 | 0.5900 | 0.0500 | 0.5040   | 0.0880   | 860     | 0.9245  | 93.7  | FAIL
Log Reg                  | 0.3307 | 0.0843 | 0.3700 | 0.0500 | 0.2842   | 0.1056   | 860     | 0.5079  | 101.3 | FAIL
LDA                      | 0.5378 | 0.0591 | 0.6200 | 0.0500 | 0.4602   | 0.0829   | 860     | 3.2336  | 98.2  | FAIL
Tiny MLP                 | 0.6213 | 0.0898 | 0.7300 | 0.0500 | 0.5399   | 0.1233   | 860     | 0.7863  | 318.4 | FAIL
MultiProtoCosine         | 0.1276 | 0.1008 | 0.1500 | 0.0500 | 0.1022   | 0.1094   | 860     | 0.9175  | 104.0 | FAIL
WeightedEnsemble         | 0.6283 | 0.0803 | 0.7300 | 0.0500 | 0.5313   | 0.1116   | 860     | 1.1009  | 347.9 | FAIL
XGBoost                  | 0.5047 | 0.0543 | 0.6200 | 0.0500 | 0.4445   | 0.0804   | 860     | 0.6877  | 70.9  | FAIL
LDA1+LogReg              | 0.3291 | 0.0835 | 0.3700 | 0.0500 | 0.2824   | 0.1052   | 860     | 0.5080  | 100.9 | FAIL
PCA16+LogReg             | 0.3205 | 0.0827 | 0.3500 | 0.0500 | 0.2739   | 0.1027   | 860     | 0.5079  | 102.9 | FAIL
PCA32+LogReg             | 0.3197 | 0.0795 | 0.3600 | 0.0500 | 0.2736   | 0.1008   | 860     | 0.5080  | 104.8 | FAIL
PCA16+VecWeighted        | 0.1504 | 0.0661 | 0.1700 | 0.0500 | 0.1465   | 0.0766   | 860     | 0.0279  | 101.4 | FAIL
PCA32+VecWeighted        | 0.1126 | 0.0315 | 0.1400 | 0.0500 | 0.1017   | 0.0473   | 860     | 0.0363  | 103.3 | PASS
StabilizedWhitenedCosine | 0.5094 | 0.0386 | 0.6100 | 0.0500 | 0.4350   | 0.0491   | 860     | 0.9305  | 97.9  | PASS

[trial=36 seed=82] GLOBAL mode — total_samples=200000
  total: h0=82063 h1=15019
  pooled_train:  n0=1270 n1=1270
  pooled_calib:  n0=100 n1=100
  pooled_eval:   n0=1270 n1=1270
  regions (for macro stats only): 1103
[INFO] Cosine baseline routed to direct Hadamard sum (PrecomputedCosine)
[INFO] WeightedEnsemble Cosine judge routed to direct Hadamard sum
  [Ensemble] Judges routed to 'alt' input: PrecomputedCosine
[WeightedEnsemble] Fitted weights (alpha=0.0500, external calib):
  tau=0.7418, Pooled external calib: TPR=0.6800, FPR=0.0500
  PrecomputedCosine   : +0.0000
  PCAWhitenedCosine   : +0.0000
  XGBoost             : +0.0000
  Tiny MLP            : +1.0000
  LDA                 : +0.0000

Method                   | TPR    | FPR    | TrTPR  | TrFPR  | MacroTPR | MacroFPR | Regions | TauMean | ms    | OK? 
---------------------------------------------------------------------------------------------------------------------
Cosine                   | 0.4000 | 0.0307 | 0.4000 | 0.0500 | 0.3673   | 0.0464   | 850     | 0.9772  | 91.1  | PASS
AndBox-HC                | 0.3362 | 0.0276 | 0.3800 | 0.0500 | 0.3093   | 0.0401   | 850     | 0.0000  | 58.5  | PASS
PCAWhitenedCosine        | 0.4890 | 0.0457 | 0.5300 | 0.0500 | 0.3870   | 0.0630   | 850     | 0.9801  | 93.9  | PASS
Vec (Wgt)                | 0.4244 | 0.0307 | 0.4900 | 0.0500 | 0.3698   | 0.0483   | 850     | 0.9661  | 93.5  | PASS
Log Reg                  | 0.3173 | 0.0654 | 0.3100 | 0.0500 | 0.2781   | 0.0893   | 850     | 0.5083  | 100.8 | FAIL
LDA                      | 0.5780 | 0.0669 | 0.6300 | 0.0500 | 0.4691   | 0.0889   | 850     | 2.7350  | 96.4  | FAIL
Tiny MLP                 | 0.6299 | 0.0740 | 0.6800 | 0.0500 | 0.5186   | 0.0938   | 850     | 0.7418  | 274.0 | FAIL
MultiProtoCosine         | 0.0827 | 0.0567 | 0.0800 | 0.0500 | 0.0741   | 0.0665   | 850     | 0.9217  | 102.3 | FAIL
WeightedEnsemble         | 0.6299 | 0.0740 | 0.6800 | 0.0500 | 0.5186   | 0.0938   | 850     | 0.7418  | 304.9 | FAIL
XGBoost                  | 0.4567 | 0.0370 | 0.4900 | 0.0500 | 0.4013   | 0.0529   | 850     | 0.7091  | 70.1  | PASS
LDA1+LogReg              | 0.3173 | 0.0654 | 0.3100 | 0.0500 | 0.2781   | 0.0893   | 850     | 0.5083  | 99.1  | FAIL
PCA16+LogReg             | 0.2803 | 0.0535 | 0.2800 | 0.0500 | 0.2470   | 0.0750   | 850     | 0.5088  | 103.2 | FAIL
PCA32+LogReg             | 0.2890 | 0.0528 | 0.2900 | 0.0500 | 0.2546   | 0.0758   | 850     | 0.5087  | 105.6 | FAIL
PCA16+VecWeighted        | 0.0449 | 0.0449 | 0.0600 | 0.0500 | 0.0512   | 0.0504   | 850     | 0.0295  | 100.2 | PASS
PCA32+VecWeighted        | 0.0874 | 0.0661 | 0.0800 | 0.0500 | 0.0716   | 0.0701   | 850     | 0.0322  | 102.3 | FAIL
StabilizedWhitenedCosine | 0.4913 | 0.0370 | 0.5600 | 0.0500 | 0.4006   | 0.0478   | 850     | 0.9476  | 98.9  | PASS

[trial=37 seed=83] GLOBAL mode — total_samples=200000
  total: h0=82063 h1=15019
  pooled_train:  n0=1270 n1=1270
  pooled_calib:  n0=100 n1=100
  pooled_eval:   n0=1270 n1=1270
  regions (for macro stats only): 1103
[INFO] Cosine baseline routed to direct Hadamard sum (PrecomputedCosine)
[INFO] WeightedEnsemble Cosine judge routed to direct Hadamard sum
  [Ensemble] Judges routed to 'alt' input: PrecomputedCosine
[WeightedEnsemble] Fitted weights (alpha=0.0500, external calib):
  tau=0.5638, Pooled external calib: TPR=0.6300, FPR=0.0500
  PrecomputedCosine   : +0.0000
  PCAWhitenedCosine   : +0.0000
  XGBoost             : +1.0000
  Tiny MLP            : +0.0000
  LDA                 : +0.0000

Method                   | TPR    | FPR    | TrTPR  | TrFPR  | MacroTPR | MacroFPR | Regions | TauMean | ms    | OK? 
---------------------------------------------------------------------------------------------------------------------
Cosine                   | 0.6669 | 0.1441 | 0.5700 | 0.0500 | 0.6434   | 0.1860   | 870     | 0.8715  | 94.6  | FAIL
AndBox-HC                | 0.6559 | 0.1520 | 0.5900 | 0.0500 | 0.6306   | 0.1873   | 870     | -0.0002 | 58.1  | FAIL
PCAWhitenedCosine        | 0.6575 | 0.0764 | 0.5900 | 0.0500 | 0.5557   | 0.1118   | 870     | 0.5745  | 95.1  | FAIL
Vec (Wgt)                | 0.6724 | 0.1441 | 0.6100 | 0.0500 | 0.6413   | 0.1943   | 870     | 0.8608  | 95.0  | FAIL
Log Reg                  | 0.2268 | 0.0567 | 0.1700 | 0.0500 | 0.2004   | 0.0748   | 870     | 0.5112  | 103.3 | FAIL
LDA                      | 0.3992 | 0.0244 | 0.3500 | 0.0500 | 0.2956   | 0.0411   | 870     | 4.5637  | 98.5  | PASS
Tiny MLP                 | 0.3913 | 0.0189 | 0.3500 | 0.0500 | 0.2881   | 0.0334   | 870     | 0.9602  | 318.6 | PASS
MultiProtoCosine         | 0.0858 | 0.0528 | 0.0700 | 0.0500 | 0.0677   | 0.0583   | 870     | 0.9251  | 104.7 | FAIL
WeightedEnsemble         | 0.6819 | 0.1331 | 0.6300 | 0.0500 | 0.6198   | 0.1747   | 870     | 0.5638  | 347.4 | FAIL
XGBoost                  | 0.6819 | 0.1331 | 0.6300 | 0.0500 | 0.6198   | 0.1747   | 870     | 0.5638  | 68.0  | FAIL
LDA1+LogReg              | 0.2291 | 0.0559 | 0.1700 | 0.0500 | 0.2030   | 0.0740   | 870     | 0.5112  | 100.5 | FAIL
PCA16+LogReg             | 0.2197 | 0.0535 | 0.1800 | 0.0500 | 0.1951   | 0.0715   | 870     | 0.5113  | 103.6 | FAIL
PCA32+LogReg             | 0.2268 | 0.0535 | 0.1800 | 0.0500 | 0.2013   | 0.0718   | 870     | 0.5110  | 105.9 | FAIL
PCA16+VecWeighted        | 0.0724 | 0.0425 | 0.0600 | 0.0500 | 0.0611   | 0.0392   | 870     | 0.0279  | 101.4 | PASS
PCA32+VecWeighted        | 0.0921 | 0.0409 | 0.0900 | 0.0500 | 0.0771   | 0.0409   | 870     | 0.0333  | 103.2 | PASS
StabilizedWhitenedCosine | 0.6945 | 0.1118 | 0.6500 | 0.0500 | 0.6145   | 0.1523   | 870     | 0.3715  | 98.9  | FAIL

[trial=38 seed=84] GLOBAL mode — total_samples=200000
  total: h0=82063 h1=15019
  pooled_train:  n0=1270 n1=1270
  pooled_calib:  n0=100 n1=100
  pooled_eval:   n0=1270 n1=1270
  regions (for macro stats only): 1103
[INFO] Cosine baseline routed to direct Hadamard sum (PrecomputedCosine)
[INFO] WeightedEnsemble Cosine judge routed to direct Hadamard sum
  [Ensemble] Judges routed to 'alt' input: PrecomputedCosine
[WeightedEnsemble] Fitted weights (alpha=0.0500, external calib):
  tau=0.8607, Pooled external calib: TPR=0.5500, FPR=0.0500
  PrecomputedCosine   : +0.1369
  PCAWhitenedCosine   : +0.3322
  XGBoost             : +0.4468
  Tiny MLP            : +0.0732
  LDA                 : +0.0110

Method                   | TPR    | FPR    | TrTPR  | TrFPR  | MacroTPR | MacroFPR | Regions | TauMean | ms    | OK? 
---------------------------------------------------------------------------------------------------------------------
Cosine                   | 0.3976 | 0.0315 | 0.4500 | 0.0500 | 0.3438   | 0.0451   | 878     | 0.9794  | 98.2  | PASS
AndBox-HC                | 0.3803 | 0.0488 | 0.4700 | 0.0500 | 0.3614   | 0.0619   | 878     | 0.0000  | 59.3  | PASS
PCAWhitenedCosine        | 0.3803 | 0.0220 | 0.4100 | 0.0500 | 0.2976   | 0.0307   | 878     | 1.3038  | 95.7  | PASS
Vec (Wgt)                | 0.4370 | 0.0331 | 0.4700 | 0.0500 | 0.3747   | 0.0478   | 878     | 0.9674  | 95.9  | PASS
Log Reg                  | 0.2378 | 0.0441 | 0.2400 | 0.0500 | 0.1957   | 0.0538   | 878     | 0.5109  | 103.4 | PASS
LDA                      | 0.2362 | 0.0157 | 0.3000 | 0.0500 | 0.1724   | 0.0239   | 878     | 5.8302  | 98.7  | PASS
Tiny MLP                 | 0.2724 | 0.0197 | 0.3400 | 0.0500 | 0.2119   | 0.0293   | 878     | 0.9812  | 320.3 | PASS
MultiProtoCosine         | 0.1008 | 0.0709 | 0.0900 | 0.0500 | 0.0811   | 0.0707   | 878     | 0.9199  | 106.6 | FAIL
WeightedEnsemble         | 0.4913 | 0.0331 | 0.5500 | 0.0500 | 0.4036   | 0.0519   | 878     | 0.8607  | 348.3 | PASS
XGBoost                  | 0.3465 | 0.0189 | 0.3600 | 0.0500 | 0.2870   | 0.0294   | 878     | 0.7785  | 69.5  | PASS
LDA1+LogReg              | 0.2386 | 0.0441 | 0.2400 | 0.0500 | 0.1960   | 0.0538   | 878     | 0.5109  | 101.7 | PASS
PCA16+LogReg             | 0.2307 | 0.0417 | 0.2200 | 0.0500 | 0.1914   | 0.0494   | 878     | 0.5109  | 104.5 | PASS
PCA32+LogReg             | 0.2528 | 0.0472 | 0.2600 | 0.0500 | 0.2054   | 0.0553   | 878     | 0.5103  | 107.5 | PASS
PCA16+VecWeighted        | 0.1606 | 0.0669 | 0.1400 | 0.0500 | 0.1298   | 0.0722   | 878     | 0.0255  | 103.3 | FAIL
PCA32+VecWeighted        | 0.2031 | 0.1016 | 0.2200 | 0.0500 | 0.1628   | 0.1058   | 878     | 0.0243  | 104.8 | FAIL
StabilizedWhitenedCosine | 0.3953 | 0.0268 | 0.4300 | 0.0500 | 0.3146   | 0.0365   | 878     | 1.1948  | 99.7  | PASS

[trial=39 seed=85] GLOBAL mode — total_samples=200000
  total: h0=82063 h1=15019
  pooled_train:  n0=1270 n1=1270
  pooled_calib:  n0=100 n1=100
  pooled_eval:   n0=1270 n1=1270
  regions (for macro stats only): 1103
[INFO] Cosine baseline routed to direct Hadamard sum (PrecomputedCosine)
[INFO] WeightedEnsemble Cosine judge routed to direct Hadamard sum
  [Ensemble] Judges routed to 'alt' input: PrecomputedCosine
[WeightedEnsemble] Fitted weights (alpha=0.0500, external calib):
  tau=0.6761, Pooled external calib: TPR=0.7100, FPR=0.0500
  PrecomputedCosine   : +0.1195
  PCAWhitenedCosine   : +0.3770
  XGBoost             : +0.2691
  Tiny MLP            : +0.2045
  LDA                 : +0.0298

Method                   | TPR    | FPR    | TrTPR  | TrFPR  | MacroTPR | MacroFPR | Regions | TauMean | ms    | OK? 
---------------------------------------------------------------------------------------------------------------------
Cosine                   | 0.4866 | 0.0512 | 0.5100 | 0.0500 | 0.4561   | 0.0793   | 866     | 0.9526  | 98.4  | FAIL
AndBox-HC                | 0.3953 | 0.0425 | 0.4100 | 0.0500 | 0.3784   | 0.0650   | 866     | 0.0000  | 59.1  | PASS
PCAWhitenedCosine        | 0.6102 | 0.0709 | 0.6600 | 0.0500 | 0.5328   | 0.0974   | 866     | 0.6524  | 93.4  | FAIL
Vec (Wgt)                | 0.5346 | 0.0606 | 0.5400 | 0.0500 | 0.5039   | 0.0916   | 866     | 0.9285  | 93.1  | FAIL
Log Reg                  | 0.1323 | 0.0181 | 0.1900 | 0.0500 | 0.1223   | 0.0229   | 866     | 0.5141  | 100.3 | PASS
LDA                      | 0.5346 | 0.0409 | 0.5300 | 0.0500 | 0.4438   | 0.0589   | 866     | 3.2007  | 96.6  | PASS
Tiny MLP                 | 0.5740 | 0.0465 | 0.6100 | 0.0500 | 0.4763   | 0.0685   | 866     | 0.8220  | 273.0 | PASS
MultiProtoCosine         | 0.0559 | 0.0268 | 0.0500 | 0.0500 | 0.0476   | 0.0233   | 866     | 0.9298  | 103.5 | PASS
WeightedEnsemble         | 0.6614 | 0.0756 | 0.7100 | 0.0500 | 0.5811   | 0.1087   | 866     | 0.6761  | 303.1 | FAIL
XGBoost                  | 0.5181 | 0.0488 | 0.5500 | 0.0500 | 0.4673   | 0.0741   | 866     | 0.6872  | 68.3  | PASS
LDA1+LogReg              | 0.1339 | 0.0181 | 0.1900 | 0.0500 | 0.1236   | 0.0229   | 866     | 0.5141  | 97.9  | PASS
PCA16+LogReg             | 0.1378 | 0.0181 | 0.1800 | 0.0500 | 0.1276   | 0.0241   | 866     | 0.5135  | 101.8 | PASS
PCA32+LogReg             | 0.1378 | 0.0189 | 0.1900 | 0.0500 | 0.1291   | 0.0246   | 866     | 0.5132  | 103.3 | PASS
PCA16+VecWeighted        | 0.0591 | 0.0520 | 0.0500 | 0.0500 | 0.0635   | 0.0515   | 866     | 0.0323  | 101.1 | FAIL
PCA32+VecWeighted        | 0.0441 | 0.0394 | 0.0500 | 0.0500 | 0.0444   | 0.0380   | 866     | 0.0390  | 101.7 | PASS
StabilizedWhitenedCosine | 0.6110 | 0.0685 | 0.6500 | 0.0500 | 0.5312   | 0.1027   | 866     | 0.6525  | 98.7  | FAIL

[trial=40 seed=86] GLOBAL mode — total_samples=200000
  total: h0=82063 h1=15019
  pooled_train:  n0=1270 n1=1270
  pooled_calib:  n0=100 n1=100
  pooled_eval:   n0=1270 n1=1270
  regions (for macro stats only): 1103
[INFO] Cosine baseline routed to direct Hadamard sum (PrecomputedCosine)
[INFO] WeightedEnsemble Cosine judge routed to direct Hadamard sum
  [Ensemble] Judges routed to 'alt' input: PrecomputedCosine
[WeightedEnsemble] Fitted weights (alpha=0.0500, external calib):
  tau=1.1097, Pooled external calib: TPR=0.5500, FPR=0.0500
  PrecomputedCosine   : +0.1287
  PCAWhitenedCosine   : +0.3555
  XGBoost             : +0.1143
  Tiny MLP            : +0.2967
  LDA                 : +0.1048

Method                   | TPR    | FPR    | TrTPR  | TrFPR  | MacroTPR | MacroFPR | Regions | TauMean | ms    | OK? 
---------------------------------------------------------------------------------------------------------------------
Cosine                   | 0.4378 | 0.0339 | 0.4300 | 0.0500 | 0.4012   | 0.0485   | 836     | 0.9769  | 91.4  | PASS
AndBox-HC                | 0.3165 | 0.0323 | 0.3100 | 0.0500 | 0.2853   | 0.0475   | 836     | 0.0001  | 55.0  | PASS
PCAWhitenedCosine        | 0.5205 | 0.0520 | 0.4700 | 0.0500 | 0.4279   | 0.0746   | 836     | 0.9554  | 90.0  | FAIL
Vec (Wgt)                | 0.4976 | 0.0409 | 0.4800 | 0.0500 | 0.4461   | 0.0658   | 836     | 0.9538  | 90.9  | PASS
Log Reg                  | 0.2732 | 0.0496 | 0.2500 | 0.0500 | 0.2355   | 0.0734   | 836     | 0.5099  | 98.2  | PASS
LDA                      | 0.4402 | 0.0394 | 0.4100 | 0.0500 | 0.3352   | 0.0600   | 836     | 4.2954  | 93.7  | PASS
Tiny MLP                 | 0.4898 | 0.0472 | 0.4800 | 0.0500 | 0.3878   | 0.0730   | 836     | 0.8853  | 272.7 | PASS
MultiProtoCosine         | 0.0701 | 0.0425 | 0.0800 | 0.0500 | 0.0617   | 0.0584   | 836     | 0.9246  | 101.6 | PASS
WeightedEnsemble         | 0.5417 | 0.0551 | 0.5500 | 0.0500 | 0.4391   | 0.0804   | 836     | 1.1097  | 299.2 | FAIL
XGBoost                  | 0.5181 | 0.0543 | 0.5100 | 0.0500 | 0.4686   | 0.0798   | 836     | 0.7085  | 68.0  | FAIL
LDA1+LogReg              | 0.2732 | 0.0496 | 0.2500 | 0.0500 | 0.2361   | 0.0734   | 836     | 0.5099  | 96.3  | PASS
PCA16+LogReg             | 0.2764 | 0.0488 | 0.2700 | 0.0500 | 0.2304   | 0.0726   | 836     | 0.5100  | 101.8 | PASS
PCA32+LogReg             | 0.2890 | 0.0559 | 0.2600 | 0.0500 | 0.2492   | 0.0790   | 836     | 0.5092  | 101.2 | FAIL
PCA16+VecWeighted        | 0.1945 | 0.0465 | 0.1900 | 0.0500 | 0.1604   | 0.0536   | 836     | 0.0266  | 97.7  | PASS
PCA32+VecWeighted        | 0.1543 | 0.0409 | 0.1400 | 0.0500 | 0.1121   | 0.0446   | 836     | 0.0340  | 100.5 | PASS
StabilizedWhitenedCosine | 0.5378 | 0.0559 | 0.5200 | 0.0500 | 0.4476   | 0.0830   | 836     | 0.8852  | 94.9  | FAIL

[trial=41 seed=87] GLOBAL mode — total_samples=200000
  total: h0=82063 h1=15019
  pooled_train:  n0=1270 n1=1270
  pooled_calib:  n0=100 n1=100
  pooled_eval:   n0=1270 n1=1270
  regions (for macro stats only): 1103
[INFO] Cosine baseline routed to direct Hadamard sum (PrecomputedCosine)
[INFO] WeightedEnsemble Cosine judge routed to direct Hadamard sum
  [Ensemble] Judges routed to 'alt' input: PrecomputedCosine
[WeightedEnsemble] Fitted weights (alpha=0.0500, external calib):
  tau=0.9368, Pooled external calib: TPR=0.4900, FPR=0.0500
  PrecomputedCosine   : +1.0000
  PCAWhitenedCosine   : +0.0000
  XGBoost             : +0.0000
  Tiny MLP            : +0.0000
  LDA                 : +0.0000

Method                   | TPR    | FPR    | TrTPR  | TrFPR  | MacroTPR | MacroFPR | Regions | TauMean | ms    | OK? 
---------------------------------------------------------------------------------------------------------------------
Cosine                   | 0.5205 | 0.0520 | 0.4900 | 0.0500 | 0.4874   | 0.0720   | 868     | 0.9368  | 98.6  | FAIL
AndBox-HC                | 0.5236 | 0.0669 | 0.5200 | 0.0500 | 0.4897   | 0.0922   | 868     | -0.0000 | 58.4  | FAIL
PCAWhitenedCosine        | 0.4567 | 0.0276 | 0.3800 | 0.0500 | 0.3619   | 0.0387   | 868     | 1.2539  | 96.2  | PASS
Vec (Wgt)                | 0.4961 | 0.0339 | 0.4500 | 0.0500 | 0.4480   | 0.0516   | 868     | 0.9459  | 95.8  | PASS
Log Reg                  | 0.1811 | 0.0268 | 0.1800 | 0.0500 | 0.1526   | 0.0360   | 868     | 0.5142  | 104.0 | PASS
LDA                      | 0.4496 | 0.0315 | 0.3900 | 0.0500 | 0.3504   | 0.0423   | 868     | 4.3371  | 98.8  | PASS
Tiny MLP                 | 0.3772 | 0.0220 | 0.2800 | 0.0500 | 0.2962   | 0.0278   | 868     | 0.9612  | 278.8 | PASS
MultiProtoCosine         | 0.0709 | 0.0260 | 0.0500 | 0.0500 | 0.0524   | 0.0260   | 868     | 0.9257  | 106.9 | PASS
WeightedEnsemble         | 0.5205 | 0.0520 | 0.4900 | 0.0500 | 0.4874   | 0.0720   | 868     | 0.9368  | 310.3 | FAIL
XGBoost                  | 0.5228 | 0.0496 | 0.4700 | 0.0500 | 0.4672   | 0.0728   | 868     | 0.6813  | 70.0  | PASS
LDA1+LogReg              | 0.1819 | 0.0268 | 0.1800 | 0.0500 | 0.1536   | 0.0360   | 868     | 0.5142  | 102.6 | PASS
PCA16+LogReg             | 0.1937 | 0.0260 | 0.1900 | 0.0500 | 0.1549   | 0.0352   | 868     | 0.5135  | 107.1 | PASS
PCA32+LogReg             | 0.1827 | 0.0252 | 0.1800 | 0.0500 | 0.1546   | 0.0346   | 868     | 0.5135  | 108.7 | PASS
PCA16+VecWeighted        | 0.0984 | 0.0630 | 0.1000 | 0.0500 | 0.0950   | 0.0648   | 868     | 0.0259  | 105.0 | FAIL
PCA32+VecWeighted        | 0.0850 | 0.0323 | 0.0700 | 0.0500 | 0.0722   | 0.0343   | 868     | 0.0353  | 105.3 | PASS
StabilizedWhitenedCosine | 0.4724 | 0.0236 | 0.4100 | 0.0500 | 0.3906   | 0.0337   | 868     | 1.1055  | 100.0 | PASS

[trial=42 seed=88] GLOBAL mode — total_samples=200000
  total: h0=82063 h1=15019
  pooled_train:  n0=1270 n1=1270
  pooled_calib:  n0=100 n1=100
  pooled_eval:   n0=1270 n1=1270
  regions (for macro stats only): 1103
[INFO] Cosine baseline routed to direct Hadamard sum (PrecomputedCosine)
[INFO] WeightedEnsemble Cosine judge routed to direct Hadamard sum
  [Ensemble] Judges routed to 'alt' input: PrecomputedCosine
[WeightedEnsemble] Fitted weights (alpha=0.0500, external calib):
  tau=0.6949, Pooled external calib: TPR=0.5600, FPR=0.0500
  PrecomputedCosine   : +0.0000
  PCAWhitenedCosine   : +0.0000
  XGBoost             : +1.0000
  Tiny MLP            : +0.0000
  LDA                 : +0.0000

Method                   | TPR    | FPR    | TrTPR  | TrFPR  | MacroTPR | MacroFPR | Regions | TauMean | ms    | OK? 
---------------------------------------------------------------------------------------------------------------------
Cosine                   | 0.4630 | 0.0409 | 0.5000 | 0.0500 | 0.4147   | 0.0593   | 852     | 0.9594  | 90.7  | PASS
AndBox-HC                | 0.2677 | 0.0236 | 0.3600 | 0.0500 | 0.2288   | 0.0335   | 852     | 0.0001  | 58.3  | PASS
PCAWhitenedCosine        | 0.5614 | 0.0472 | 0.5200 | 0.0500 | 0.4534   | 0.0647   | 852     | 0.8869  | 92.9  | PASS
Vec (Wgt)                | 0.5071 | 0.0472 | 0.5400 | 0.0500 | 0.4481   | 0.0656   | 852     | 0.9423  | 93.2  | PASS
Log Reg                  | 0.3480 | 0.0984 | 0.3200 | 0.0500 | 0.3022   | 0.1228   | 852     | 0.5085  | 101.9 | FAIL
LDA                      | 0.4496 | 0.0339 | 0.4000 | 0.0500 | 0.3504   | 0.0482   | 852     | 4.5349  | 96.0  | PASS
Tiny MLP                 | 0.5858 | 0.0520 | 0.5500 | 0.0500 | 0.4794   | 0.0745   | 852     | 0.8227  | 274.8 | FAIL
MultiProtoCosine         | 0.1063 | 0.0732 | 0.1100 | 0.0500 | 0.0896   | 0.0827   | 852     | 0.9194  | 102.1 | FAIL
WeightedEnsemble         | 0.4913 | 0.0425 | 0.5600 | 0.0500 | 0.4232   | 0.0590   | 852     | 0.6949  | 303.1 | PASS
XGBoost                  | 0.4913 | 0.0425 | 0.5600 | 0.0500 | 0.4232   | 0.0590   | 852     | 0.6949  | 70.1  | PASS
LDA1+LogReg              | 0.3480 | 0.0976 | 0.3200 | 0.0500 | 0.3022   | 0.1226   | 852     | 0.5085  | 99.3  | FAIL
PCA16+LogReg             | 0.3181 | 0.0850 | 0.3000 | 0.0500 | 0.2690   | 0.1078   | 852     | 0.5092  | 103.3 | FAIL
PCA32+LogReg             | 0.3323 | 0.0858 | 0.2900 | 0.0500 | 0.2868   | 0.1072   | 852     | 0.5088  | 103.5 | FAIL
PCA16+VecWeighted        | 0.2157 | 0.0488 | 0.2800 | 0.0500 | 0.1702   | 0.0684   | 852     | 0.0235  | 99.3  | PASS
PCA32+VecWeighted        | 0.2315 | 0.0630 | 0.2900 | 0.0500 | 0.1925   | 0.0869   | 852     | 0.0228  | 100.6 | FAIL
StabilizedWhitenedCosine | 0.5134 | 0.0386 | 0.4800 | 0.0500 | 0.4063   | 0.0576   | 852     | 0.9607  | 98.6  | PASS

[trial=43 seed=89] GLOBAL mode — total_samples=200000
  total: h0=82063 h1=15019
  pooled_train:  n0=1270 n1=1270
  pooled_calib:  n0=100 n1=100
  pooled_eval:   n0=1270 n1=1270
  regions (for macro stats only): 1103
[INFO] Cosine baseline routed to direct Hadamard sum (PrecomputedCosine)
[INFO] WeightedEnsemble Cosine judge routed to direct Hadamard sum
  [Ensemble] Judges routed to 'alt' input: PrecomputedCosine
[WeightedEnsemble] Fitted weights (alpha=0.0500, external calib):
  tau=0.7475, Pooled external calib: TPR=0.6300, FPR=0.0500
  PrecomputedCosine   : +0.2204
  PCAWhitenedCosine   : +0.3145
  XGBoost             : +0.1972
  Tiny MLP            : +0.2559
  LDA                 : +0.0120

Method                   | TPR    | FPR    | TrTPR  | TrFPR  | MacroTPR | MacroFPR | Regions | TauMean | ms    | OK? 
---------------------------------------------------------------------------------------------------------------------
Cosine                   | 0.5189 | 0.0630 | 0.5400 | 0.0500 | 0.4804   | 0.0973   | 870     | 0.9331  | 93.4  | FAIL
AndBox-HC                | 0.4213 | 0.0472 | 0.4400 | 0.0500 | 0.3871   | 0.0685   | 870     | 0.0000  | 61.3  | PASS