------------------------------------
Sun 03 May 2026 13:49:46 IDT
SLURM_JOBID:		17308333
SLURM_JOB_NODELIST:	ise-cpu256-01
SLURM_SCRATCH_DIR:	/scratch/malmatal/17308333
Allocated Resouces:	cpu - 4 / mem - 16384 MB / gpu - 
SLURM_GPU_INDEX:	
Running as malmatal from gilein account with normal QOS
------------------------------------
============================================================
NeighborCache Slurm task
task_id=3
job_id=17308333
array_job_id=17308330
hostname=ise-cpu256-01.auth.ad.bgu.ac.il
date_start=2026-05-03T13:49:47+03:00
pwd=/home/malmatal/Projects/Multi_Dim_Threshold
commands_file=NeighborCache/results/paper_experiments_slurm_20260503_134931/commands.txt
task_log=NeighborCache/results/paper_experiments_slurm_20260503_134931/task_logs/task_3.log
============================================================
Command:
/home/malmatal/.conda/envs/ec/bin/python -m NeighborCache.region_local_threshold.cli --data NeighborCache/data/h1h0_final.npz --region_key global_cluster --alpha 0.03 --tau_mode global --n_trials 50 --seed 42 --n_train 1270 --n_calib 1240 --n_eval 1270 --hadamard_preprocess
============================================================
<frozen runpy>:128: RuntimeWarning: 'NeighborCache.region_local_threshold.cli' found in sys.modules after import of package 'NeighborCache.region_local_threshold', but prior to execution of 'NeighborCache.region_local_threshold.cli'; this may result in unpredictable behaviour
[INFO] Using features key='emb' dim=1024
[INFO] Applied Hadamard preprocessing (strategy=centroid_nearest, use_delta_vec=False, use_abs_diff=False) to X_main

=== Region Threshold Benchmark ===
dataset_npz=NeighborCache/data/h1h0_final.npz
region_key=global_cluster (resolved=global_cluster, unique=1103)
features=emb+hadamard rows=200000 dim=1024
text_pairs=text+region_anchor[centroid_nearest]
alpha=0.03 tie_mode=ge trials=50 base_seed=42
tau_mode=global
hadamard_preprocess=True
abs_diff_only_preprocess=False
use_delta_vec=False
use_abs_diff=False
normalize_data=False
filter_policy=none
train_cosine_policy_active=False
caps: train=1270 calib=1240 eval=1270
mins: min_h0_eval=20 min_h1_eval=20
run_dir=/home/malmatal/Projects/Multi_Dim_Threshold/NeighborCache/outputs/region_local_threshold/run_20260503_135032

[trial=0 seed=42] GLOBAL mode — total_samples=200000
  total: h0=82063 h1=15019
  pooled_train:  n0=1270 n1=1270
  pooled_calib:  n0=1240 n1=1240
  pooled_eval:   n0=1270 n1=1270
  regions (for macro stats only): 1103
[INFO] Cosine baseline routed to direct Hadamard sum (PrecomputedCosine)
[INFO] WeightedEnsemble Cosine judge routed to direct Hadamard sum
  [Ensemble] Judges routed to 'alt' input: PrecomputedCosine
[WeightedEnsemble] Fitted weights (alpha=0.0300, external calib):
  tau=0.9248, Pooled external calib: TPR=0.5556, FPR=0.0298
  PrecomputedCosine   : +0.1195
  PCAWhitenedCosine   : +0.3770
  XGBoost             : +0.2691
  Tiny MLP            : +0.2045
  LDA                 : +0.0298

Method                   | TPR    | FPR    | TrTPR  | TrFPR  | MacroTPR | MacroFPR | Regions | TauMean | ms   | OK? 
--------------------------------------------------------------------------------------------------------------------
Cosine                   | 0.3874 | 0.0394 | 0.4081 | 0.0298 | 0.3616   | 0.0534   | 868     | 0.9786  | 81.0 | FAIL
AndBox-HC                | 0.2929 | 0.0378 | 0.3234 | 0.0298 | 0.2959   | 0.0533   | 868     | 0.0000  | 34.8 | FAIL
PCAWhitenedCosine        | 0.4346 | 0.0299 | 0.4887 | 0.0298 | 0.3544   | 0.0499   | 868     | 1.0883  | 29.8 | PASS
Vec (Wgt)                | 0.4252 | 0.0331 | 0.4540 | 0.0298 | 0.3757   | 0.0538   | 868     | 0.9634  | 30.1 | FAIL
Log Reg                  | 0.1850 | 0.0354 | 0.1903 | 0.0298 | 0.1622   | 0.0577   | 868     | 0.5133  | 35.6 | FAIL
LDA                      | 0.3976 | 0.0323 | 0.4355 | 0.0298 | 0.3134   | 0.0510   | 868     | 4.3997  | 33.3 | FAIL
Tiny MLP                 | 0.4740 | 0.0339 | 0.5056 | 0.0298 | 0.3760   | 0.0563   | 868     | 0.8737  | 35.0 | FAIL
MultiProtoCosine         | 0.0551 | 0.0323 | 0.0524 | 0.0298 | 0.0477   | 0.0385   | 868     | 0.9279  | 38.8 | FAIL
WeightedEnsemble         | 0.4992 | 0.0378 | 0.5556 | 0.0298 | 0.4109   | 0.0667   | 868     | 0.9248  | 72.9 | FAIL
XGBoost                  | 0.4087 | 0.0339 | 0.4516 | 0.0298 | 0.3557   | 0.0519   | 868     | 0.7240  | 62.8 | FAIL
LDA1+LogReg              | 0.1843 | 0.0354 | 0.1903 | 0.0298 | 0.1619   | 0.0577   | 868     | 0.5134  | 33.6 | FAIL
PCA16+LogReg             | 0.1866 | 0.0354 | 0.1944 | 0.0298 | 0.1640   | 0.0577   | 868     | 0.5129  | 35.3 | FAIL
PCA32+LogReg             | 0.2055 | 0.0362 | 0.2073 | 0.0298 | 0.1724   | 0.0586   | 868     | 0.5125  | 36.7 | FAIL
PCA16+VecWeighted        | 0.0205 | 0.0244 | 0.0323 | 0.0298 | 0.0271   | 0.0267   | 868     | 0.0321  | 34.6 | PASS
PCA32+VecWeighted        | 0.0291 | 0.0205 | 0.0411 | 0.0298 | 0.0292   | 0.0259   | 868     | 0.0404  | 35.6 | PASS
StabilizedWhitenedCosine | 0.4520 | 0.0291 | 0.4677 | 0.0298 | 0.3808   | 0.0505   | 868     | 1.0737  | 33.5 | PASS

[trial=1 seed=43] GLOBAL mode — total_samples=200000
  total: h0=82063 h1=15019
  pooled_train:  n0=1270 n1=1270
  pooled_calib:  n0=1240 n1=1240
  pooled_eval:   n0=1270 n1=1270
  regions (for macro stats only): 1103
[INFO] Cosine baseline routed to direct Hadamard sum (PrecomputedCosine)
[INFO] WeightedEnsemble Cosine judge routed to direct Hadamard sum
  [Ensemble] Judges routed to 'alt' input: PrecomputedCosine
[WeightedEnsemble] Fitted weights (alpha=0.0300, external calib):
  tau=1.0628, Pooled external calib: TPR=0.4419, FPR=0.0298
  PrecomputedCosine   : +0.2832
  PCAWhitenedCosine   : +0.0456
  XGBoost             : +0.2004
  Tiny MLP            : +0.4151
  LDA                 : +0.0558

Method                   | TPR    | FPR    | TrTPR  | TrFPR  | MacroTPR | MacroFPR | Regions | TauMean | ms   | OK? 
--------------------------------------------------------------------------------------------------------------------
Cosine                   | 0.3331 | 0.0220 | 0.3363 | 0.0298 | 0.2957   | 0.0329   | 850     | 0.9934  | 59.3 | PASS
AndBox-HC                | 0.3008 | 0.0354 | 0.3129 | 0.0298 | 0.2719   | 0.0520   | 850     | 0.0000  | 39.2 | FAIL
PCAWhitenedCosine        | 0.4386 | 0.0283 | 0.4379 | 0.0298 | 0.3352   | 0.0463   | 850     | 1.1760  | 29.6 | PASS
Vec (Wgt)                | 0.3913 | 0.0268 | 0.4145 | 0.0298 | 0.3429   | 0.0430   | 850     | 0.9746  | 29.7 | PASS
Log Reg                  | 0.1228 | 0.0181 | 0.1452 | 0.0298 | 0.1186   | 0.0293   | 850     | 0.5162  | 35.4 | PASS
LDA                      | 0.4362 | 0.0268 | 0.4234 | 0.0298 | 0.3293   | 0.0395   | 850     | 4.4376  | 32.5 | PASS
Tiny MLP                 | 0.4213 | 0.0189 | 0.4258 | 0.0298 | 0.3119   | 0.0300   | 850     | 0.9189  | 34.7 | PASS
MultiProtoCosine         | 0.0457 | 0.0220 | 0.0540 | 0.0298 | 0.0412   | 0.0239   | 850     | 0.9299  | 38.0 | PASS
WeightedEnsemble         | 0.4520 | 0.0260 | 0.4419 | 0.0298 | 0.3448   | 0.0397   | 850     | 1.0628  | 71.3 | PASS
XGBoost                  | 0.4283 | 0.0299 | 0.4315 | 0.0298 | 0.3684   | 0.0438   | 850     | 0.7429  | 61.9 | PASS
LDA1+LogReg              | 0.1228 | 0.0173 | 0.1452 | 0.0298 | 0.1186   | 0.0284   | 850     | 0.5163  | 33.4 | PASS
PCA16+LogReg             | 0.1244 | 0.0189 | 0.1468 | 0.0298 | 0.1212   | 0.0288   | 850     | 0.5157  | 35.5 | PASS
PCA32+LogReg             | 0.1220 | 0.0165 | 0.1460 | 0.0298 | 0.1197   | 0.0267   | 850     | 0.5157  | 36.7 | PASS
PCA16+VecWeighted        | 0.0835 | 0.0189 | 0.0798 | 0.0298 | 0.0625   | 0.0207   | 850     | 0.0300  | 34.6 | PASS
PCA32+VecWeighted        | 0.1472 | 0.0244 | 0.1363 | 0.0298 | 0.1093   | 0.0269   | 850     | 0.0284  | 35.6 | PASS
StabilizedWhitenedCosine | 0.4488 | 0.0244 | 0.4516 | 0.0298 | 0.3529   | 0.0373   | 850     | 1.1060  | 32.9 | PASS

[trial=2 seed=44] GLOBAL mode — total_samples=200000
  total: h0=82063 h1=15019
  pooled_train:  n0=1270 n1=1270
  pooled_calib:  n0=1240 n1=1240
  pooled_eval:   n0=1270 n1=1270
  regions (for macro stats only): 1103
[INFO] Cosine baseline routed to direct Hadamard sum (PrecomputedCosine)
[INFO] WeightedEnsemble Cosine judge routed to direct Hadamard sum
  [Ensemble] Judges routed to 'alt' input: PrecomputedCosine
[WeightedEnsemble] Fitted weights (alpha=0.0300, external calib):
  tau=1.6682, Pooled external calib: TPR=0.4556, FPR=0.0298
  PrecomputedCosine   : +0.0558
  PCAWhitenedCosine   : +0.3307
  XGBoost             : +0.2565
  Tiny MLP            : +0.1195
  LDA                 : +0.2374

Method                   | TPR    | FPR    | TrTPR  | TrFPR  | MacroTPR | MacroFPR | Regions | TauMean | ms   | OK? 
--------------------------------------------------------------------------------------------------------------------
Cosine                   | 0.3425 | 0.0283 | 0.3548 | 0.0298 | 0.3139   | 0.0419   | 868     | 0.9905  | 60.1 | PASS
AndBox-HC                | 0.2795 | 0.0228 | 0.2871 | 0.0298 | 0.2508   | 0.0354   | 868     | 0.0000  | 37.4 | PASS
PCAWhitenedCosine        | 0.3898 | 0.0236 | 0.4056 | 0.0298 | 0.2851   | 0.0389   | 868     | 1.2765  | 28.9 | PASS
Vec (Wgt)                | 0.4142 | 0.0331 | 0.4218 | 0.0298 | 0.3532   | 0.0516   | 868     | 0.9777  | 28.6 | FAIL
Log Reg                  | 0.1921 | 0.0299 | 0.1581 | 0.0298 | 0.1568   | 0.0470   | 868     | 0.5147  | 34.9 | PASS
LDA                      | 0.4079 | 0.0339 | 0.4226 | 0.0298 | 0.3210   | 0.0524   | 868     | 4.3420  | 31.8 | FAIL
Tiny MLP                 | 0.4039 | 0.0315 | 0.4097 | 0.0298 | 0.3051   | 0.0509   | 868     | 0.9015  | 33.6 | FAIL
MultiProtoCosine         | 0.0764 | 0.0409 | 0.0605 | 0.0298 | 0.0483   | 0.0483   | 868     | 0.9256  | 38.4 | FAIL
WeightedEnsemble         | 0.4472 | 0.0346 | 0.4556 | 0.0298 | 0.3496   | 0.0535   | 868     | 1.6682  | 70.2 | FAIL
XGBoost                  | 0.3598 | 0.0260 | 0.3669 | 0.0298 | 0.3016   | 0.0393   | 868     | 0.7617  | 60.3 | PASS
LDA1+LogReg              | 0.1921 | 0.0299 | 0.1589 | 0.0298 | 0.1568   | 0.0470   | 868     | 0.5146  | 32.8 | PASS
PCA16+LogReg             | 0.1945 | 0.0283 | 0.1605 | 0.0298 | 0.1626   | 0.0422   | 868     | 0.5142  | 34.5 | PASS
PCA32+LogReg             | 0.2008 | 0.0307 | 0.1694 | 0.0298 | 0.1669   | 0.0472   | 868     | 0.5137  | 37.0 | FAIL
PCA16+VecWeighted        | 0.0827 | 0.0307 | 0.0790 | 0.0298 | 0.0623   | 0.0444   | 868     | 0.0301  | 34.1 | FAIL
PCA32+VecWeighted        | 0.0528 | 0.0213 | 0.0508 | 0.0298 | 0.0429   | 0.0304   | 868     | 0.0388  | 35.5 | PASS
StabilizedWhitenedCosine | 0.4197 | 0.0291 | 0.4347 | 0.0298 | 0.3174   | 0.0452   | 868     | 1.1139  | 35.0 | PASS

[trial=3 seed=45] GLOBAL mode — total_samples=200000
  total: h0=82063 h1=15019
  pooled_train:  n0=1270 n1=1270
  pooled_calib:  n0=1240 n1=1240
  pooled_eval:   n0=1270 n1=1270
  regions (for macro stats only): 1103
[INFO] Cosine baseline routed to direct Hadamard sum (PrecomputedCosine)
[INFO] WeightedEnsemble Cosine judge routed to direct Hadamard sum
  [Ensemble] Judges routed to 'alt' input: PrecomputedCosine
[WeightedEnsemble] Fitted weights (alpha=0.0300, external calib):
  tau=0.8823, Pooled external calib: TPR=0.4855, FPR=0.0298
  PrecomputedCosine   : +0.1369
  PCAWhitenedCosine   : +0.3322
  XGBoost             : +0.4468
  Tiny MLP            : +0.0732
  LDA                 : +0.0110

Method                   | TPR    | FPR    | TrTPR  | TrFPR  | MacroTPR | MacroFPR | Regions | TauMean | ms   | OK? 
--------------------------------------------------------------------------------------------------------------------
Cosine                   | 0.3685 | 0.0315 | 0.3750 | 0.0298 | 0.3359   | 0.0467   | 854     | 0.9886  | 55.6 | FAIL
AndBox-HC                | 0.2402 | 0.0283 | 0.2419 | 0.0298 | 0.2043   | 0.0440   | 854     | 0.0000  | 39.8 | PASS
PCAWhitenedCosine        | 0.4606 | 0.0260 | 0.4532 | 0.0298 | 0.3663   | 0.0364   | 854     | 1.1228  | 28.7 | PASS
Vec (Wgt)                | 0.4433 | 0.0354 | 0.4460 | 0.0298 | 0.3800   | 0.0518   | 854     | 0.9730  | 28.5 | FAIL
Log Reg                  | 0.1764 | 0.0339 | 0.1669 | 0.0298 | 0.1598   | 0.0482   | 854     | 0.5152  | 35.7 | FAIL
LDA                      | 0.4339 | 0.0260 | 0.3952 | 0.0298 | 0.3366   | 0.0347   | 854     | 4.5342  | 33.7 | PASS
Tiny MLP                 | 0.4433 | 0.0252 | 0.4185 | 0.0298 | 0.3572   | 0.0315   | 854     | 0.9253  | 33.6 | PASS
MultiProtoCosine         | 0.0811 | 0.0315 | 0.0653 | 0.0298 | 0.0616   | 0.0366   | 854     | 0.9279  | 37.1 | FAIL
WeightedEnsemble         | 0.5016 | 0.0291 | 0.4855 | 0.0298 | 0.4018   | 0.0387   | 854     | 0.8823  | 70.1 | PASS
XGBoost                  | 0.4567 | 0.0339 | 0.4371 | 0.0298 | 0.3929   | 0.0433   | 854     | 0.7306  | 59.9 | FAIL
LDA1+LogReg              | 0.1764 | 0.0339 | 0.1677 | 0.0298 | 0.1598   | 0.0482   | 854     | 0.5152  | 31.9 | FAIL
PCA16+LogReg             | 0.1858 | 0.0331 | 0.1718 | 0.0298 | 0.1632   | 0.0476   | 854     | 0.5149  | 33.8 | FAIL
PCA32+LogReg             | 0.1906 | 0.0331 | 0.1742 | 0.0298 | 0.1668   | 0.0476   | 854     | 0.5148  | 34.5 | FAIL
PCA16+VecWeighted        | 0.1661 | 0.0323 | 0.1548 | 0.0298 | 0.1454   | 0.0423   | 854     | 0.0306  | 32.4 | FAIL
PCA32+VecWeighted        | 0.1134 | 0.0244 | 0.1008 | 0.0298 | 0.0879   | 0.0304   | 854     | 0.0371  | 33.4 | PASS
StabilizedWhitenedCosine | 0.4598 | 0.0260 | 0.4556 | 0.0298 | 0.3590   | 0.0334   | 854     | 1.1136  | 32.7 | PASS

[trial=4 seed=46] GLOBAL mode — total_samples=200000
  total: h0=82063 h1=15019
  pooled_train:  n0=1270 n1=1270
  pooled_calib:  n0=1240 n1=1240
  pooled_eval:   n0=1270 n1=1270
  regions (for macro stats only): 1103
[INFO] Cosine baseline routed to direct Hadamard sum (PrecomputedCosine)
[INFO] WeightedEnsemble Cosine judge routed to direct Hadamard sum
  [Ensemble] Judges routed to 'alt' input: PrecomputedCosine
[WeightedEnsemble] Fitted weights (alpha=0.0300, external calib):
  tau=1.1199, Pooled external calib: TPR=0.5016, FPR=0.0298
  PrecomputedCosine   : +0.0595
  PCAWhitenedCosine   : +0.3558
  XGBoost             : +0.1566
  Tiny MLP            : +0.3547
  LDA                 : +0.0734

Method                   | TPR    | FPR    | TrTPR  | TrFPR  | MacroTPR | MacroFPR | Regions | TauMean | ms   | OK? 
--------------------------------------------------------------------------------------------------------------------
Cosine                   | 0.3685 | 0.0315 | 0.3702 | 0.0298 | 0.3322   | 0.0455   | 871     | 0.9851  | 55.8 | FAIL
AndBox-HC                | 0.2827 | 0.0268 | 0.2758 | 0.0298 | 0.2604   | 0.0414   | 871     | 0.0000  | 40.4 | PASS
PCAWhitenedCosine        | 0.4835 | 0.0386 | 0.4629 | 0.0298 | 0.4046   | 0.0578   | 871     | 1.1306  | 30.3 | FAIL
Vec (Wgt)                | 0.4228 | 0.0307 | 0.4242 | 0.0298 | 0.3720   | 0.0434   | 871     | 0.9658  | 30.1 | FAIL
Log Reg                  | 0.1472 | 0.0323 | 0.1548 | 0.0298 | 0.1384   | 0.0428   | 871     | 0.5149  | 36.4 | FAIL
LDA                      | 0.4551 | 0.0457 | 0.4435 | 0.0298 | 0.3704   | 0.0619   | 871     | 4.0788  | 32.3 | FAIL
Tiny MLP                 | 0.4551 | 0.0386 | 0.4387 | 0.0298 | 0.3720   | 0.0561   | 871     | 0.9420  | 33.9 | FAIL
MultiProtoCosine         | 0.0669 | 0.0362 | 0.0685 | 0.0298 | 0.0557   | 0.0364   | 871     | 0.9257  | 38.4 | FAIL
WeightedEnsemble         | 0.5094 | 0.0370 | 0.5016 | 0.0298 | 0.4173   | 0.0512   | 871     | 1.1199  | 72.9 | FAIL
XGBoost                  | 0.3976 | 0.0291 | 0.3911 | 0.0298 | 0.3579   | 0.0408   | 871     | 0.7677  | 63.7 | PASS
LDA1+LogReg              | 0.1488 | 0.0323 | 0.1548 | 0.0298 | 0.1405   | 0.0428   | 871     | 0.5149  | 33.7 | FAIL
PCA16+LogReg             | 0.1488 | 0.0291 | 0.1452 | 0.0298 | 0.1357   | 0.0394   | 871     | 0.5147  | 36.0 | PASS
PCA32+LogReg             | 0.1512 | 0.0323 | 0.1573 | 0.0298 | 0.1419   | 0.0428   | 871     | 0.5144  | 36.9 | FAIL
PCA16+VecWeighted        | 0.0772 | 0.0260 | 0.0661 | 0.0298 | 0.0705   | 0.0234   | 871     | 0.0341  | 34.5 | PASS
PCA32+VecWeighted        | 0.0291 | 0.0165 | 0.0185 | 0.0298 | 0.0273   | 0.0061   | 871     | 0.0490  | 36.2 | PASS
StabilizedWhitenedCosine | 0.4496 | 0.0268 | 0.4403 | 0.0298 | 0.3690   | 0.0410   | 871     | 1.1831  | 32.9 | PASS

[trial=5 seed=47] GLOBAL mode — total_samples=200000
  total: h0=82063 h1=15019
  pooled_train:  n0=1270 n1=1270
  pooled_calib:  n0=1240 n1=1240
  pooled_eval:   n0=1270 n1=1270
  regions (for macro stats only): 1103
[INFO] Cosine baseline routed to direct Hadamard sum (PrecomputedCosine)
[INFO] WeightedEnsemble Cosine judge routed to direct Hadamard sum
  [Ensemble] Judges routed to 'alt' input: PrecomputedCosine
[WeightedEnsemble] Fitted weights (alpha=0.0300, external calib):
  tau=0.9770, Pooled external calib: TPR=0.5113, FPR=0.0298
  PrecomputedCosine   : +0.4364
  PCAWhitenedCosine   : +0.0571
  XGBoost             : +0.1048
  Tiny MLP            : +0.3819
  LDA                 : +0.0199

Method                   | TPR    | FPR    | TrTPR  | TrFPR  | MacroTPR | MacroFPR | Regions | TauMean | ms   | OK? 
--------------------------------------------------------------------------------------------------------------------
Cosine                   | 0.3354 | 0.0189 | 0.3435 | 0.0298 | 0.2852   | 0.0268   | 852     | 0.9919  | 44.3 | PASS
AndBox-HC                | 0.2449 | 0.0181 | 0.2500 | 0.0298 | 0.2392   | 0.0267   | 852     | 0.0000  | 46.1 | PASS
PCAWhitenedCosine        | 0.4472 | 0.0339 | 0.4661 | 0.0298 | 0.3477   | 0.0493   | 852     | 1.2099  | 28.1 | FAIL
Vec (Wgt)                | 0.3953 | 0.0244 | 0.4315 | 0.0298 | 0.3196   | 0.0345   | 852     | 0.9826  | 27.9 | PASS
Log Reg                  | 0.1496 | 0.0354 | 0.1685 | 0.0298 | 0.1365   | 0.0454   | 852     | 0.5157  | 34.3 | FAIL
LDA                      | 0.3622 | 0.0197 | 0.3790 | 0.0298 | 0.2754   | 0.0257   | 852     | 5.1550  | 30.7 | PASS
Tiny MLP                 | 0.3866 | 0.0181 | 0.4113 | 0.0298 | 0.2945   | 0.0252   | 852     | 0.9472  | 33.1 | PASS
MultiProtoCosine         | 0.0567 | 0.0252 | 0.0637 | 0.0298 | 0.0404   | 0.0285   | 852     | 0.9293  | 36.8 | PASS
WeightedEnsemble         | 0.4661 | 0.0260 | 0.5097 | 0.0290 | 0.3815   | 0.0354   | 852     | 0.9784  | 69.8 | PASS
XGBoost                  | 0.3764 | 0.0197 | 0.3919 | 0.0298 | 0.3070   | 0.0279   | 852     | 0.7722  | 60.2 | PASS
LDA1+LogReg              | 0.1520 | 0.0354 | 0.1694 | 0.0298 | 0.1385   | 0.0454   | 852     | 0.5156  | 31.5 | FAIL
PCA16+LogReg             | 0.1528 | 0.0362 | 0.1645 | 0.0298 | 0.1410   | 0.0458   | 852     | 0.5153  | 34.0 | FAIL
PCA32+LogReg             | 0.1606 | 0.0362 | 0.1806 | 0.0298 | 0.1484   | 0.0458   | 852     | 0.5149  | 34.9 | FAIL
PCA16+VecWeighted        | 0.0772 | 0.0402 | 0.0750 | 0.0298 | 0.0595   | 0.0458   | 852     | 0.0351  | 32.6 | FAIL
PCA32+VecWeighted        | 0.0906 | 0.0339 | 0.0847 | 0.0298 | 0.0642   | 0.0387   | 852     | 0.0383  | 34.1 | FAIL
StabilizedWhitenedCosine | 0.4449 | 0.0291 | 0.4548 | 0.0298 | 0.3421   | 0.0410   | 852     | 1.2107  | 31.9 | PASS

[trial=6 seed=48] GLOBAL mode — total_samples=200000
  total: h0=82063 h1=15019
  pooled_train:  n0=1270 n1=1270
  pooled_calib:  n0=1240 n1=1240
  pooled_eval:   n0=1270 n1=1270
  regions (for macro stats only): 1103
[INFO] Cosine baseline routed to direct Hadamard sum (PrecomputedCosine)
[INFO] WeightedEnsemble Cosine judge routed to direct Hadamard sum
  [Ensemble] Judges routed to 'alt' input: PrecomputedCosine
[WeightedEnsemble] Fitted weights (alpha=0.0300, external calib):
  tau=1.0225, Pooled external calib: TPR=0.4766, FPR=0.0298
  PrecomputedCosine   : +0.2832
  PCAWhitenedCosine   : +0.0456
  XGBoost             : +0.2004
  Tiny MLP            : +0.4151
  LDA                 : +0.0558

Method                   | TPR    | FPR    | TrTPR  | TrFPR  | MacroTPR | MacroFPR | Regions | TauMean | ms   | OK? 
--------------------------------------------------------------------------------------------------------------------
Cosine                   | 0.3906 | 0.0244 | 0.3968 | 0.0298 | 0.3734   | 0.0381   | 856     | 0.9797  | 48.6 | PASS
AndBox-HC                | 0.2346 | 0.0220 | 0.2177 | 0.0298 | 0.2012   | 0.0324   | 856     | 0.0000  | 45.2 | PASS
PCAWhitenedCosine        | 0.3961 | 0.0291 | 0.4056 | 0.0298 | 0.3323   | 0.0452   | 856     | 1.2832  | 28.8 | PASS
Vec (Wgt)                | 0.4386 | 0.0307 | 0.4540 | 0.0298 | 0.4058   | 0.0506   | 856     | 0.9670  | 28.3 | FAIL
Log Reg                  | 0.1937 | 0.0331 | 0.2056 | 0.0298 | 0.1682   | 0.0490   | 856     | 0.5123  | 34.5 | FAIL
LDA                      | 0.4386 | 0.0299 | 0.4177 | 0.0298 | 0.3608   | 0.0443   | 856     | 4.2086  | 32.0 | PASS
Tiny MLP                 | 0.4331 | 0.0323 | 0.3976 | 0.0298 | 0.3435   | 0.0484   | 856     | 0.9213  | 33.4 | FAIL
MultiProtoCosine         | 0.0874 | 0.0370 | 0.0831 | 0.0298 | 0.0637   | 0.0377   | 856     | 0.9261  | 36.8 | FAIL
WeightedEnsemble         | 0.4906 | 0.0299 | 0.4766 | 0.0298 | 0.4237   | 0.0449   | 856     | 1.0225  | 69.6 | PASS
XGBoost                  | 0.3929 | 0.0236 | 0.3806 | 0.0298 | 0.3688   | 0.0358   | 856     | 0.7588  | 59.2 | PASS
LDA1+LogReg              | 0.1961 | 0.0331 | 0.2073 | 0.0298 | 0.1701   | 0.0490   | 856     | 0.5123  | 31.3 | FAIL
PCA16+LogReg             | 0.1843 | 0.0315 | 0.1944 | 0.0298 | 0.1607   | 0.0467   | 856     | 0.5122  | 33.3 | FAIL
PCA32+LogReg             | 0.1953 | 0.0323 | 0.2040 | 0.0298 | 0.1678   | 0.0488   | 856     | 0.5119  | 34.6 | FAIL
PCA16+VecWeighted        | 0.0685 | 0.0370 | 0.0790 | 0.0298 | 0.0461   | 0.0428   | 856     | 0.0330  | 32.5 | FAIL
PCA32+VecWeighted        | 0.0307 | 0.0331 | 0.0476 | 0.0298 | 0.0329   | 0.0408   | 856     | 0.0388  | 33.6 | FAIL
StabilizedWhitenedCosine | 0.4110 | 0.0299 | 0.4194 | 0.0298 | 0.3381   | 0.0456   | 856     | 1.2151  | 31.9 | PASS

[trial=7 seed=49] GLOBAL mode — total_samples=200000
  total: h0=82063 h1=15019
  pooled_train:  n0=1270 n1=1270
  pooled_calib:  n0=1240 n1=1240
  pooled_eval:   n0=1270 n1=1270
  regions (for macro stats only): 1103
[INFO] Cosine baseline routed to direct Hadamard sum (PrecomputedCosine)
[INFO] WeightedEnsemble Cosine judge routed to direct Hadamard sum
  [Ensemble] Judges routed to 'alt' input: PrecomputedCosine
[WeightedEnsemble] Fitted weights (alpha=0.0300, external calib):
  tau=0.9602, Pooled external calib: TPR=0.5218, FPR=0.0298
  PrecomputedCosine   : +0.0477
  PCAWhitenedCosine   : +0.4884
  XGBoost             : +0.3290
  Tiny MLP            : +0.0838
  LDA                 : +0.0511

Method                   | TPR    | FPR    | TrTPR  | TrFPR  | MacroTPR | MacroFPR | Regions | TauMean | ms   | OK? 
--------------------------------------------------------------------------------------------------------------------
Cosine                   | 0.3756 | 0.0299 | 0.3694 | 0.0298 | 0.3306   | 0.0435   | 868     | 0.9852  | 46.4 | PASS
AndBox-HC                | 0.3724 | 0.0433 | 0.3629 | 0.0298 | 0.3435   | 0.0533   | 868     | -0.0000 | 46.8 | FAIL
PCAWhitenedCosine        | 0.5142 | 0.0402 | 0.5024 | 0.0298 | 0.3988   | 0.0599   | 868     | 0.9757  | 28.7 | FAIL
Vec (Wgt)                | 0.4504 | 0.0339 | 0.4565 | 0.0298 | 0.3923   | 0.0489   | 868     | 0.9643  | 28.7 | FAIL
Log Reg                  | 0.2197 | 0.0441 | 0.1887 | 0.0298 | 0.1809   | 0.0670   | 868     | 0.5113  | 35.3 | FAIL
LDA                      | 0.4709 | 0.0425 | 0.4371 | 0.0298 | 0.3621   | 0.0631   | 868     | 4.3577  | 31.8 | FAIL
Tiny MLP                 | 0.5055 | 0.0425 | 0.4726 | 0.0298 | 0.3898   | 0.0601   | 868     | 0.8881  | 33.6 | FAIL
MultiProtoCosine         | 0.0622 | 0.0315 | 0.0685 | 0.0298 | 0.0448   | 0.0337   | 868     | 0.9282  | 38.2 | FAIL
WeightedEnsemble         | 0.5339 | 0.0417 | 0.5218 | 0.0298 | 0.4228   | 0.0635   | 868     | 0.9602  | 70.4 | FAIL
XGBoost                  | 0.4819 | 0.0370 | 0.4758 | 0.0298 | 0.4126   | 0.0550   | 868     | 0.7078  | 60.4 | FAIL
LDA1+LogReg              | 0.2236 | 0.0449 | 0.1903 | 0.0298 | 0.1830   | 0.0687   | 868     | 0.5113  | 32.1 | FAIL
PCA16+LogReg             | 0.2220 | 0.0449 | 0.1952 | 0.0298 | 0.1800   | 0.0671   | 868     | 0.5108  | 34.2 | FAIL
PCA32+LogReg             | 0.2291 | 0.0457 | 0.2008 | 0.0298 | 0.1883   | 0.0689   | 868     | 0.5107  | 35.2 | FAIL
PCA16+VecWeighted        | 0.2110 | 0.0299 | 0.1863 | 0.0298 | 0.1634   | 0.0366   | 868     | 0.0260  | 33.3 | PASS
PCA32+VecWeighted        | 0.1874 | 0.0362 | 0.1621 | 0.0298 | 0.1375   | 0.0538   | 868     | 0.0318  | 34.1 | FAIL
StabilizedWhitenedCosine | 0.4866 | 0.0291 | 0.4702 | 0.0298 | 0.3896   | 0.0510   | 868     | 1.0157  | 32.6 | PASS

[trial=8 seed=50] GLOBAL mode — total_samples=200000
  total: h0=82063 h1=15019
  pooled_train:  n0=1270 n1=1270
  pooled_calib:  n0=1240 n1=1240
  pooled_eval:   n0=1270 n1=1270
  regions (for macro stats only): 1103
[INFO] Cosine baseline routed to direct Hadamard sum (PrecomputedCosine)
[INFO] WeightedEnsemble Cosine judge routed to direct Hadamard sum
  [Ensemble] Judges routed to 'alt' input: PrecomputedCosine
[WeightedEnsemble] Fitted weights (alpha=0.0300, external calib):
  tau=1.0117, Pooled external calib: TPR=0.4524, FPR=0.0298
  PrecomputedCosine   : +0.4364
  PCAWhitenedCosine   : +0.0571
  XGBoost             : +0.1048
  Tiny MLP            : +0.3819
  LDA                 : +0.0199

Method                   | TPR    | FPR    | TrTPR  | TrFPR  | MacroTPR | MacroFPR | Regions | TauMean | ms   | OK? 
--------------------------------------------------------------------------------------------------------------------
Cosine                   | 0.3748 | 0.0252 | 0.3573 | 0.0298 | 0.3263   | 0.0422   | 859     | 0.9881  | 32.2 | PASS
AndBox-HC                | 0.2472 | 0.0189 | 0.2379 | 0.0298 | 0.2182   | 0.0301   | 859     | 0.0000  | 37.2 | PASS
PCAWhitenedCosine        | 0.3969 | 0.0236 | 0.3903 | 0.0298 | 0.3072   | 0.0417   | 859     | 1.3777  | 31.2 | PASS
Vec (Wgt)                | 0.4323 | 0.0236 | 0.4137 | 0.0298 | 0.3492   | 0.0414   | 859     | 0.9794  | 29.5 | PASS
Log Reg                  | 0.2071 | 0.0236 | 0.2153 | 0.0298 | 0.1802   | 0.0386   | 859     | 0.5105  | 36.0 | PASS
LDA                      | 0.4638 | 0.0181 | 0.4411 | 0.0298 | 0.3497   | 0.0293   | 859     | 4.9441  | 31.8 | PASS
Tiny MLP                 | 0.4000 | 0.0220 | 0.4113 | 0.0298 | 0.2974   | 0.0362   | 859     | 0.9619  | 34.1 | PASS
MultiProtoCosine         | 0.0512 | 0.0370 | 0.0629 | 0.0298 | 0.0332   | 0.0481   | 859     | 0.9292  | 37.2 | FAIL
WeightedEnsemble         | 0.4606 | 0.0181 | 0.4524 | 0.0298 | 0.3645   | 0.0330   | 859     | 1.0117  | 71.3 | PASS
XGBoost                  | 0.4024 | 0.0189 | 0.3831 | 0.0298 | 0.3277   | 0.0320   | 859     | 0.7730  | 61.2 | PASS
LDA1+LogReg              | 0.2102 | 0.0236 | 0.2194 | 0.0298 | 0.1821   | 0.0386   | 859     | 0.5104  | 32.2 | PASS
PCA16+LogReg             | 0.2102 | 0.0252 | 0.2274 | 0.0298 | 0.1807   | 0.0407   | 859     | 0.5099  | 34.8 | PASS
PCA32+LogReg             | 0.2134 | 0.0236 | 0.2331 | 0.0298 | 0.1838   | 0.0386   | 859     | 0.5101  | 35.6 | PASS
PCA16+VecWeighted        | 0.0835 | 0.0276 | 0.0815 | 0.0298 | 0.0767   | 0.0410   | 859     | 0.0366  | 33.4 | PASS
PCA32+VecWeighted        | 0.0780 | 0.0307 | 0.0871 | 0.0298 | 0.0743   | 0.0484   | 859     | 0.0410  | 34.4 | FAIL
StabilizedWhitenedCosine | 0.3945 | 0.0197 | 0.3653 | 0.0298 | 0.3063   | 0.0337   | 859     | 1.3451  | 32.1 | PASS

[trial=9 seed=51] GLOBAL mode — total_samples=200000
  total: h0=82063 h1=15019
  pooled_train:  n0=1270 n1=1270
  pooled_calib:  n0=1240 n1=1240
  pooled_eval:   n0=1270 n1=1270
  regions (for macro stats only): 1103
[INFO] Cosine baseline routed to direct Hadamard sum (PrecomputedCosine)
[INFO] WeightedEnsemble Cosine judge routed to direct Hadamard sum
  [Ensemble] Judges routed to 'alt' input: PrecomputedCosine
[WeightedEnsemble] Fitted weights (alpha=0.0300, external calib):
  tau=1.1540, Pooled external calib: TPR=0.4895, FPR=0.0298
  PrecomputedCosine   : +0.6579
  PCAWhitenedCosine   : +0.1446
  XGBoost             : +0.0673
  Tiny MLP            : +0.0713
  LDA                 : +0.0589

Method                   | TPR    | FPR    | TrTPR  | TrFPR  | MacroTPR | MacroFPR | Regions | TauMean | ms   | OK? 
--------------------------------------------------------------------------------------------------------------------
Cosine                   | 0.3449 | 0.0244 | 0.3403 | 0.0298 | 0.3010   | 0.0362   | 870     | 0.9923  | 49.8 | PASS
AndBox-HC                | 0.2764 | 0.0189 | 0.2782 | 0.0282 | 0.2411   | 0.0297   | 870     | 0.0000  | 46.0 | PASS
PCAWhitenedCosine        | 0.4016 | 0.0291 | 0.4177 | 0.0290 | 0.3077   | 0.0387   | 870     | 1.3105  | 29.2 | PASS
Vec (Wgt)                | 0.4150 | 0.0283 | 0.4306 | 0.0290 | 0.3347   | 0.0462   | 870     | 0.9825  | 28.9 | PASS
Log Reg                  | 0.1937 | 0.0315 | 0.2177 | 0.0298 | 0.1585   | 0.0511   | 870     | 0.5116  | 35.3 | FAIL
LDA                      | 0.4047 | 0.0323 | 0.4169 | 0.0298 | 0.3086   | 0.0478   | 870     | 4.7788  | 32.1 | FAIL
Tiny MLP                 | 0.4016 | 0.0260 | 0.3871 | 0.0298 | 0.3061   | 0.0395   | 870     | 0.9504  | 33.9 | PASS
MultiProtoCosine         | 0.0638 | 0.0299 | 0.0839 | 0.0298 | 0.0514   | 0.0399   | 870     | 0.9251  | 38.0 | PASS
WeightedEnsemble         | 0.4717 | 0.0307 | 0.4895 | 0.0298 | 0.3623   | 0.0478   | 870     | 1.1540  | 71.6 | FAIL
XGBoost                  | 0.3780 | 0.0252 | 0.3758 | 0.0298 | 0.3188   | 0.0371   | 870     | 0.7834  | 60.7 | PASS
LDA1+LogReg              | 0.1937 | 0.0315 | 0.2177 | 0.0298 | 0.1585   | 0.0511   | 870     | 0.5115  | 33.2 | FAIL
PCA16+LogReg             | 0.1890 | 0.0291 | 0.2040 | 0.0298 | 0.1499   | 0.0471   | 870     | 0.5115  | 34.9 | PASS
PCA32+LogReg             | 0.2000 | 0.0307 | 0.2177 | 0.0298 | 0.1644   | 0.0506   | 870     | 0.5110  | 36.1 | FAIL
PCA16+VecWeighted        | 0.0709 | 0.0268 | 0.0911 | 0.0298 | 0.0659   | 0.0342   | 870     | 0.0345  | 34.9 | PASS
PCA32+VecWeighted        | 0.0732 | 0.0228 | 0.0774 | 0.0290 | 0.0676   | 0.0310   | 870     | 0.0394  | 34.9 | PASS
StabilizedWhitenedCosine | 0.3906 | 0.0189 | 0.3911 | 0.0298 | 0.2976   | 0.0265   | 870     | 1.3235  | 32.7 | PASS

[trial=10 seed=52] GLOBAL mode — total_samples=200000
  total: h0=82063 h1=15019
  pooled_train:  n0=1270 n1=1270
  pooled_calib:  n0=1240 n1=1240
  pooled_eval:   n0=1270 n1=1270
  regions (for macro stats only): 1103
[INFO] Cosine baseline routed to direct Hadamard sum (PrecomputedCosine)
[INFO] WeightedEnsemble Cosine judge routed to direct Hadamard sum
  [Ensemble] Judges routed to 'alt' input: PrecomputedCosine
[WeightedEnsemble] Fitted weights (alpha=0.0300, external calib):
  tau=0.9475, Pooled external calib: TPR=0.4331, FPR=0.0298
  PrecomputedCosine   : +0.1369
  PCAWhitenedCosine   : +0.3322
  XGBoost             : +0.4468
  Tiny MLP            : +0.0732
  LDA                 : +0.0110

Method                   | TPR    | FPR    | TrTPR  | TrFPR  | MacroTPR | MacroFPR | Regions | TauMean | ms   | OK? 
--------------------------------------------------------------------------------------------------------------------
Cosine                   | 0.3102 | 0.0291 | 0.2984 | 0.0298 | 0.2694   | 0.0389   | 861     | 0.9936  | 48.2 | PASS
AndBox-HC                | 0.2425 | 0.0339 | 0.2274 | 0.0298 | 0.2133   | 0.0438   | 861     | 0.0000  | 44.8 | FAIL
PCAWhitenedCosine        | 0.4189 | 0.0252 | 0.4097 | 0.0298 | 0.3272   | 0.0418   | 861     | 1.2579  | 28.6 | PASS
Vec (Wgt)                | 0.4150 | 0.0276 | 0.3984 | 0.0298 | 0.3474   | 0.0447   | 861     | 0.9724  | 28.3 | PASS
Log Reg                  | 0.1795 | 0.0315 | 0.1653 | 0.0298 | 0.1537   | 0.0428   | 861     | 0.5147  | 34.4 | FAIL
LDA                      | 0.4110 | 0.0276 | 0.3895 | 0.0298 | 0.3357   | 0.0457   | 861     | 4.6264  | 31.5 | PASS
Tiny MLP                 | 0.4134 | 0.0244 | 0.3879 | 0.0298 | 0.3380   | 0.0401   | 861     | 0.9283  | 33.4 | PASS
MultiProtoCosine         | 0.0945 | 0.0354 | 0.0823 | 0.0298 | 0.0617   | 0.0357   | 861     | 0.9260  | 37.2 | FAIL
WeightedEnsemble         | 0.4528 | 0.0260 | 0.4331 | 0.0298 | 0.3677   | 0.0423   | 861     | 0.9475  | 69.2 | PASS
XGBoost                  | 0.3937 | 0.0244 | 0.3726 | 0.0298 | 0.3366   | 0.0337   | 861     | 0.7491  | 59.7 | PASS
LDA1+LogReg              | 0.1803 | 0.0307 | 0.1661 | 0.0298 | 0.1532   | 0.0425   | 861     | 0.5146  | 31.7 | FAIL
PCA16+LogReg             | 0.1811 | 0.0323 | 0.1702 | 0.0298 | 0.1525   | 0.0445   | 861     | 0.5139  | 33.9 | FAIL
PCA32+LogReg             | 0.1874 | 0.0339 | 0.1798 | 0.0298 | 0.1638   | 0.0467   | 861     | 0.5135  | 37.8 | FAIL
PCA16+VecWeighted        | 0.0661 | 0.0220 | 0.0685 | 0.0298 | 0.0673   | 0.0285   | 861     | 0.0323  | 34.5 | PASS
PCA32+VecWeighted        | 0.0748 | 0.0323 | 0.0750 | 0.0298 | 0.0758   | 0.0334   | 861     | 0.0351  | 36.0 | FAIL
StabilizedWhitenedCosine | 0.4047 | 0.0220 | 0.3847 | 0.0298 | 0.3206   | 0.0376   | 861     | 1.2399  | 33.0 | PASS

[trial=11 seed=53] GLOBAL mode — total_samples=200000
  total: h0=82063 h1=15019
  pooled_train:  n0=1270 n1=1270
  pooled_calib:  n0=1240 n1=1240
  pooled_eval:   n0=1270 n1=1270
  regions (for macro stats only): 1103
[INFO] Cosine baseline routed to direct Hadamard sum (PrecomputedCosine)
[INFO] WeightedEnsemble Cosine judge routed to direct Hadamard sum
  [Ensemble] Judges routed to 'alt' input: PrecomputedCosine
[WeightedEnsemble] Fitted weights (alpha=0.0300, external calib):
  tau=1.5620, Pooled external calib: TPR=0.5024, FPR=0.0298
  PrecomputedCosine   : +0.2483
  PCAWhitenedCosine   : +0.3105
  XGBoost             : +0.1971
  Tiny MLP            : +0.0346
  LDA                 : +0.2095

Method                   | TPR    | FPR    | TrTPR  | TrFPR  | MacroTPR | MacroFPR | Regions | TauMean | ms   | OK? 
--------------------------------------------------------------------------------------------------------------------
Cosine                   | 0.3236 | 0.0213 | 0.3387 | 0.0298 | 0.2831   | 0.0308   | 861     | 0.9936  | 42.9 | PASS
AndBox-HC                | 0.2213 | 0.0197 | 0.2637 | 0.0298 | 0.2013   | 0.0291   | 861     | 0.0000  | 48.6 | PASS
PCAWhitenedCosine        | 0.4205 | 0.0283 | 0.4234 | 0.0298 | 0.3125   | 0.0396   | 861     | 1.2930  | 29.3 | PASS
Vec (Wgt)                | 0.4094 | 0.0244 | 0.4282 | 0.0298 | 0.3372   | 0.0408   | 861     | 0.9772  | 29.0 | PASS
Log Reg                  | 0.1685 | 0.0378 | 0.1621 | 0.0298 | 0.1423   | 0.0495   | 861     | 0.5151  | 35.2 | FAIL
LDA                      | 0.3866 | 0.0283 | 0.4274 | 0.0298 | 0.3068   | 0.0420   | 861     | 4.5471  | 31.8 | PASS
Tiny MLP                 | 0.4150 | 0.0409 | 0.4540 | 0.0298 | 0.3198   | 0.0601   | 861     | 0.9404  | 33.6 | FAIL
MultiProtoCosine         | 0.0945 | 0.0236 | 0.0758 | 0.0298 | 0.0697   | 0.0279   | 861     | 0.9300  | 36.5 | PASS
WeightedEnsemble         | 0.4732 | 0.0394 | 0.5024 | 0.0298 | 0.3681   | 0.0554   | 861     | 1.5620  | 69.8 | FAIL
XGBoost                  | 0.3724 | 0.0213 | 0.3782 | 0.0298 | 0.3063   | 0.0326   | 861     | 0.7754  | 60.7 | PASS
LDA1+LogReg              | 0.1685 | 0.0386 | 0.1621 | 0.0298 | 0.1423   | 0.0512   | 861     | 0.5150  | 32.3 | FAIL
PCA16+LogReg             | 0.1693 | 0.0370 | 0.1621 | 0.0298 | 0.1431   | 0.0478   | 861     | 0.5147  | 34.2 | FAIL
PCA32+LogReg             | 0.1764 | 0.0378 | 0.1718 | 0.0298 | 0.1493   | 0.0495   | 861     | 0.5145  | 36.5 | FAIL
PCA16+VecWeighted        | 0.0244 | 0.0260 | 0.0177 | 0.0298 | 0.0350   | 0.0221   | 861     | 0.0345  | 34.2 | PASS
PCA32+VecWeighted        | 0.0213 | 0.0189 | 0.0185 | 0.0298 | 0.0270   | 0.0136   | 861     | 0.0453  | 34.6 | PASS
StabilizedWhitenedCosine | 0.4055 | 0.0323 | 0.4113 | 0.0298 | 0.3111   | 0.0491   | 861     | 1.2180  | 31.8 | FAIL

[trial=12 seed=54] GLOBAL mode — total_samples=200000
  total: h0=82063 h1=15019
  pooled_train:  n0=1270 n1=1270
  pooled_calib:  n0=1240 n1=1240
  pooled_eval:   n0=1270 n1=1270
  regions (for macro stats only): 1103
[INFO] Cosine baseline routed to direct Hadamard sum (PrecomputedCosine)
[INFO] WeightedEnsemble Cosine judge routed to direct Hadamard sum
  [Ensemble] Judges routed to 'alt' input: PrecomputedCosine
[WeightedEnsemble] Fitted weights (alpha=0.0300, external calib):
  tau=1.4064, Pooled external calib: TPR=0.4968, FPR=0.0298
  PrecomputedCosine   : +0.1270
  PCAWhitenedCosine   : +0.4131
  XGBoost             : +0.2315
  Tiny MLP            : +0.0777
  LDA                 : +0.1507

Method                   | TPR    | FPR    | TrTPR  | TrFPR  | MacroTPR | MacroFPR | Regions | TauMean | ms   | OK? 
--------------------------------------------------------------------------------------------------------------------
Cosine                   | 0.4189 | 0.0346 | 0.4024 | 0.0298 | 0.3729   | 0.0562   | 850     | 0.9775  | 54.8 | FAIL
AndBox-HC                | 0.3354 | 0.0346 | 0.3218 | 0.0298 | 0.3009   | 0.0527   | 850     | 0.0000  | 37.6 | FAIL
PCAWhitenedCosine        | 0.4551 | 0.0339 | 0.4613 | 0.0298 | 0.3492   | 0.0498   | 850     | 1.1693  | 28.1 | FAIL
Vec (Wgt)                | 0.4394 | 0.0244 | 0.4274 | 0.0298 | 0.3625   | 0.0450   | 850     | 0.9744  | 27.8 | PASS
Log Reg                  | 0.1874 | 0.0157 | 0.1645 | 0.0298 | 0.1710   | 0.0253   | 850     | 0.5137  | 33.7 | PASS
LDA                      | 0.4236 | 0.0283 | 0.4427 | 0.0298 | 0.3159   | 0.0424   | 850     | 4.8023  | 30.7 | PASS
Tiny MLP                 | 0.4748 | 0.0386 | 0.4823 | 0.0298 | 0.3560   | 0.0580   | 850     | 0.9210  | 33.1 | FAIL
MultiProtoCosine         | 0.0669 | 0.0315 | 0.0621 | 0.0298 | 0.0600   | 0.0351   | 850     | 0.9270  | 36.5 | FAIL
WeightedEnsemble         | 0.4913 | 0.0370 | 0.4968 | 0.0298 | 0.3807   | 0.0546   | 850     | 1.4064  | 68.9 | FAIL
XGBoost                  | 0.4370 | 0.0268 | 0.4218 | 0.0298 | 0.3717   | 0.0433   | 850     | 0.7428  | 59.7 | PASS
LDA1+LogReg              | 0.1874 | 0.0157 | 0.1645 | 0.0298 | 0.1710   | 0.0253   | 850     | 0.5137  | 32.2 | PASS
PCA16+LogReg             | 0.1906 | 0.0157 | 0.1669 | 0.0298 | 0.1691   | 0.0253   | 850     | 0.5133  | 33.9 | PASS
PCA32+LogReg             | 0.1882 | 0.0150 | 0.1645 | 0.0298 | 0.1713   | 0.0250   | 850     | 0.5133  | 35.9 | PASS
PCA16+VecWeighted        | 0.0756 | 0.0244 | 0.0694 | 0.0298 | 0.0652   | 0.0262   | 850     | 0.0352  | 34.1 | PASS
PCA32+VecWeighted        | 0.0622 | 0.0299 | 0.0718 | 0.0298 | 0.0564   | 0.0313   | 850     | 0.0433  | 35.5 | PASS
StabilizedWhitenedCosine | 0.4165 | 0.0244 | 0.4355 | 0.0298 | 0.3152   | 0.0399   | 850     | 1.2536  | 32.2 | PASS

[trial=13 seed=55] GLOBAL mode — total_samples=200000
  total: h0=82063 h1=15019
  pooled_train:  n0=1270 n1=1270
  pooled_calib:  n0=1240 n1=1240
  pooled_eval:   n0=1270 n1=1270
  regions (for macro stats only): 1103
[INFO] Cosine baseline routed to direct Hadamard sum (PrecomputedCosine)
[INFO] WeightedEnsemble Cosine judge routed to direct Hadamard sum
  [Ensemble] Judges routed to 'alt' input: PrecomputedCosine
[WeightedEnsemble] Fitted weights (alpha=0.0300, external calib):
  tau=0.9353, Pooled external calib: TPR=0.4798, FPR=0.0298
  PrecomputedCosine   : +0.2610
  PCAWhitenedCosine   : +0.2348
  XGBoost             : +0.2127
  Tiny MLP            : +0.2846
  LDA                 : +0.0070

Method                   | TPR    | FPR    | TrTPR  | TrFPR  | MacroTPR | MacroFPR | Regions | TauMean | ms   | OK? 
--------------------------------------------------------------------------------------------------------------------
Cosine                   | 0.3646 | 0.0299 | 0.3476 | 0.0298 | 0.3156   | 0.0391   | 864     | 0.9901  | 70.4 | PASS
AndBox-HC                | 0.3071 | 0.0268 | 0.2968 | 0.0298 | 0.2854   | 0.0365   | 864     | 0.0000  | 38.3 | PASS
PCAWhitenedCosine        | 0.4472 | 0.0276 | 0.4355 | 0.0298 | 0.3635   | 0.0409   | 864     | 1.2523  | 29.3 | PASS
Vec (Wgt)                | 0.4197 | 0.0276 | 0.4274 | 0.0298 | 0.3495   | 0.0374   | 864     | 0.9851  | 29.1 | PASS
Log Reg                  | 0.1480 | 0.0260 | 0.1694 | 0.0298 | 0.1331   | 0.0362   | 864     | 0.5140  | 35.2 | PASS
LDA                      | 0.4409 | 0.0283 | 0.4468 | 0.0298 | 0.3563   | 0.0458   | 864     | 4.3463  | 32.3 | PASS
Tiny MLP                 | 0.4559 | 0.0307 | 0.4379 | 0.0298 | 0.3742   | 0.0505   | 864     | 0.9298  | 34.8 | FAIL
MultiProtoCosine         | 0.0504 | 0.0291 | 0.0597 | 0.0298 | 0.0407   | 0.0368   | 864     | 0.9287  | 37.9 | PASS
WeightedEnsemble         | 0.4772 | 0.0276 | 0.4798 | 0.0298 | 0.3954   | 0.0415   | 864     | 0.9353  | 71.6 | PASS
XGBoost                  | 0.4315 | 0.0315 | 0.4250 | 0.0298 | 0.3662   | 0.0437   | 864     | 0.7411  | 61.8 | FAIL
LDA1+LogReg              | 0.1504 | 0.0260 | 0.1702 | 0.0298 | 0.1363   | 0.0362   | 864     | 0.5140  | 32.5 | PASS
PCA16+LogReg             | 0.1504 | 0.0252 | 0.1669 | 0.0298 | 0.1357   | 0.0344   | 864     | 0.5137  | 34.9 | PASS
PCA32+LogReg             | 0.1528 | 0.0268 | 0.1774 | 0.0298 | 0.1373   | 0.0379   | 864     | 0.5135  | 36.3 | PASS
PCA16+VecWeighted        | 0.0654 | 0.0307 | 0.0710 | 0.0298 | 0.0533   | 0.0313   | 864     | 0.0301  | 34.0 | FAIL
PCA32+VecWeighted        | 0.0969 | 0.0244 | 0.0984 | 0.0298 | 0.0721   | 0.0356   | 864     | 0.0385  | 34.9 | PASS
StabilizedWhitenedCosine | 0.4394 | 0.0244 | 0.4387 | 0.0298 | 0.3617   | 0.0318   | 864     | 1.2616  | 32.5 | PASS

[trial=14 seed=56] GLOBAL mode — total_samples=200000
  total: h0=82063 h1=15019
  pooled_train:  n0=1270 n1=1270
  pooled_calib:  n0=1240 n1=1240
  pooled_eval:   n0=1270 n1=1270
  regions (for macro stats only): 1103
[INFO] Cosine baseline routed to direct Hadamard sum (PrecomputedCosine)
[INFO] WeightedEnsemble Cosine judge routed to direct Hadamard sum
  [Ensemble] Judges routed to 'alt' input: PrecomputedCosine
[WeightedEnsemble] Fitted weights (alpha=0.0300, external calib):
  tau=1.2229, Pooled external calib: TPR=0.5024, FPR=0.0298
  PrecomputedCosine   : +0.2403
  PCAWhitenedCosine   : +0.0431
  XGBoost             : +0.3540
  Tiny MLP            : +0.2364
  LDA                 : +0.1263

Method                   | TPR    | FPR    | TrTPR  | TrFPR  | MacroTPR | MacroFPR | Regions | TauMean | ms   | OK? 
--------------------------------------------------------------------------------------------------------------------
Cosine                   | 0.3732 | 0.0276 | 0.3702 | 0.0298 | 0.3298   | 0.0424   | 860     | 0.9853  | 48.4 | PASS
AndBox-HC                | 0.2520 | 0.0236 | 0.2331 | 0.0298 | 0.2220   | 0.0386   | 860     | 0.0000  | 36.6 | PASS
PCAWhitenedCosine        | 0.4520 | 0.0370 | 0.4315 | 0.0298 | 0.3512   | 0.0520   | 860     | 1.2269  | 28.4 | FAIL
Vec (Wgt)                | 0.4496 | 0.0402 | 0.4427 | 0.0298 | 0.3915   | 0.0614   | 860     | 0.9679  | 28.1 | FAIL
Log Reg                  | 0.1795 | 0.0386 | 0.1847 | 0.0298 | 0.1491   | 0.0559   | 860     | 0.5121  | 34.1 | FAIL
LDA                      | 0.4575 | 0.0472 | 0.4371 | 0.0298 | 0.3624   | 0.0619   | 860     | 4.3978  | 31.0 | FAIL
Tiny MLP                 | 0.5016 | 0.0433 | 0.4839 | 0.0298 | 0.3994   | 0.0596   | 860     | 0.8720  | 33.1 | FAIL
MultiProtoCosine         | 0.0535 | 0.0331 | 0.0565 | 0.0298 | 0.0340   | 0.0361   | 860     | 0.9278  | 37.1 | FAIL
WeightedEnsemble         | 0.5063 | 0.0480 | 0.5024 | 0.0298 | 0.4141   | 0.0635   | 860     | 1.2229  | 69.2 | FAIL
XGBoost                  | 0.4315 | 0.0370 | 0.4177 | 0.0298 | 0.3648   | 0.0580   | 860     | 0.7382  | 59.3 | FAIL
LDA1+LogReg              | 0.1795 | 0.0386 | 0.1847 | 0.0298 | 0.1491   | 0.0559   | 860     | 0.5121  | 31.6 | FAIL
PCA16+LogReg             | 0.1811 | 0.0402 | 0.1911 | 0.0298 | 0.1524   | 0.0583   | 860     | 0.5116  | 33.9 | FAIL
PCA32+LogReg             | 0.1866 | 0.0386 | 0.1935 | 0.0298 | 0.1532   | 0.0559   | 860     | 0.5114  | 34.9 | FAIL
PCA16+VecWeighted        | 0.0165 | 0.0252 | 0.0250 | 0.0298 | 0.0135   | 0.0147   | 860     | 0.0451  | 33.0 | PASS
PCA32+VecWeighted        | 0.0228 | 0.0276 | 0.0323 | 0.0298 | 0.0147   | 0.0107   | 860     | 0.0545  | 33.9 | PASS
StabilizedWhitenedCosine | 0.4748 | 0.0409 | 0.4468 | 0.0290 | 0.3724   | 0.0567   | 860     | 1.1015  | 31.4 | FAIL

[trial=15 seed=57] GLOBAL mode — total_samples=200000
  total: h0=82063 h1=15019
  pooled_train:  n0=1270 n1=1270
  pooled_calib:  n0=1240 n1=1240
  pooled_eval:   n0=1270 n1=1270
  regions (for macro stats only): 1103
[INFO] Cosine baseline routed to direct Hadamard sum (PrecomputedCosine)
[INFO] WeightedEnsemble Cosine judge routed to direct Hadamard sum
  [Ensemble] Judges routed to 'alt' input: PrecomputedCosine
[WeightedEnsemble] Fitted weights (alpha=0.0300, external calib):
  tau=0.9664, Pooled external calib: TPR=0.4927, FPR=0.0298
  PrecomputedCosine   : +0.4364
  PCAWhitenedCosine   : +0.0571
  XGBoost             : +0.1048
  Tiny MLP            : +0.3819
  LDA                 : +0.0199

Method                   | TPR    | FPR    | TrTPR  | TrFPR  | MacroTPR | MacroFPR | Regions | TauMean | ms   | OK? 
--------------------------------------------------------------------------------------------------------------------
Cosine                   | 0.3307 | 0.0291 | 0.3476 | 0.0298 | 0.2851   | 0.0418   | 841     | 0.9917  | 56.4 | PASS
AndBox-HC                | 0.2606 | 0.0339 | 0.2815 | 0.0298 | 0.2193   | 0.0508   | 841     | 0.0000  | 39.9 | FAIL
PCAWhitenedCosine        | 0.4228 | 0.0315 | 0.4218 | 0.0298 | 0.3154   | 0.0455   | 841     | 1.2672  | 28.4 | FAIL
Vec (Wgt)                | 0.4181 | 0.0354 | 0.4339 | 0.0298 | 0.3400   | 0.0520   | 841     | 0.9788  | 27.8 | FAIL
Log Reg                  | 0.1528 | 0.0291 | 0.1468 | 0.0298 | 0.1233   | 0.0338   | 841     | 0.5148  | 33.7 | PASS
LDA                      | 0.4276 | 0.0362 | 0.4210 | 0.0298 | 0.3185   | 0.0527   | 841     | 4.4822  | 30.5 | FAIL
Tiny MLP                 | 0.4150 | 0.0331 | 0.4169 | 0.0298 | 0.3125   | 0.0452   | 841     | 0.9469  | 33.6 | FAIL
MultiProtoCosine         | 0.0717 | 0.0315 | 0.0637 | 0.0298 | 0.0470   | 0.0270   | 841     | 0.9275  | 36.9 | FAIL
WeightedEnsemble         | 0.4827 | 0.0370 | 0.4927 | 0.0298 | 0.3793   | 0.0528   | 841     | 0.9664  | 70.4 | FAIL
XGBoost                  | 0.4094 | 0.0331 | 0.4169 | 0.0298 | 0.3310   | 0.0469   | 841     | 0.7507  | 59.9 | FAIL
LDA1+LogReg              | 0.1535 | 0.0291 | 0.1468 | 0.0298 | 0.1234   | 0.0338   | 841     | 0.5148  | 31.7 | PASS
PCA16+LogReg             | 0.1496 | 0.0283 | 0.1419 | 0.0298 | 0.1221   | 0.0330   | 841     | 0.5147  | 34.0 | PASS
PCA32+LogReg             | 0.1528 | 0.0283 | 0.1516 | 0.0298 | 0.1251   | 0.0335   | 841     | 0.5144  | 34.7 | PASS
PCA16+VecWeighted        | 0.0693 | 0.0339 | 0.0831 | 0.0298 | 0.0689   | 0.0344   | 841     | 0.0343  | 33.4 | FAIL
PCA32+VecWeighted        | 0.0764 | 0.0402 | 0.0726 | 0.0298 | 0.0676   | 0.0362   | 841     | 0.0378  | 34.0 | FAIL
StabilizedWhitenedCosine | 0.4039 | 0.0268 | 0.4161 | 0.0298 | 0.3012   | 0.0382   | 841     | 1.3101  | 30.9 | PASS

[trial=16 seed=58] GLOBAL mode — total_samples=200000
  total: h0=82063 h1=15019
  pooled_train:  n0=1270 n1=1270
  pooled_calib:  n0=1240 n1=1240
  pooled_eval:   n0=1270 n1=1270
  regions (for macro stats only): 1103
[INFO] Cosine baseline routed to direct Hadamard sum (PrecomputedCosine)
[INFO] WeightedEnsemble Cosine judge routed to direct Hadamard sum
  [Ensemble] Judges routed to 'alt' input: PrecomputedCosine
[WeightedEnsemble] Fitted weights (alpha=0.0300, external calib):
  tau=1.1295, Pooled external calib: TPR=0.4532, FPR=0.0298
  PrecomputedCosine   : +0.0477
  PCAWhitenedCosine   : +0.4884
  XGBoost             : +0.3290
  Tiny MLP            : +0.0838
  LDA                 : +0.0511

Method                   | TPR    | FPR    | TrTPR  | TrFPR  | MacroTPR | MacroFPR | Regions | TauMean | ms   | OK? 
--------------------------------------------------------------------------------------------------------------------
Cosine                   | 0.3874 | 0.0283 | 0.3500 | 0.0298 | 0.3330   | 0.0434   | 869     | 0.9864  | 31.1 | PASS
AndBox-HC                | 0.2843 | 0.0244 | 0.2605 | 0.0298 | 0.2631   | 0.0368   | 869     | 0.0000  | 68.4 | PASS
PCAWhitenedCosine        | 0.4622 | 0.0252 | 0.4202 | 0.0298 | 0.3541   | 0.0390   | 869     | 1.2355  | 29.8 | PASS
Vec (Wgt)                | 0.4291 | 0.0260 | 0.3927 | 0.0298 | 0.3421   | 0.0407   | 869     | 0.9836  | 29.3 | PASS
Log Reg                  | 0.1929 | 0.0260 | 0.1597 | 0.0298 | 0.1509   | 0.0385   | 869     | 0.5130  | 35.4 | PASS
LDA                      | 0.3787 | 0.0173 | 0.3460 | 0.0298 | 0.2736   | 0.0221   | 869     | 4.9021  | 32.5 | PASS
Tiny MLP                 | 0.4252 | 0.0197 | 0.4016 | 0.0298 | 0.3132   | 0.0258   | 869     | 0.9284  | 34.8 | PASS
MultiProtoCosine         | 0.0622 | 0.0252 | 0.0653 | 0.0298 | 0.0491   | 0.0303   | 869     | 0.9269  | 38.8 | PASS
WeightedEnsemble         | 0.4882 | 0.0283 | 0.4532 | 0.0298 | 0.3714   | 0.0407   | 869     | 1.1295  | 72.1 | PASS
XGBoost                  | 0.4268 | 0.0291 | 0.3742 | 0.0298 | 0.3497   | 0.0461   | 869     | 0.7567  | 61.6 | PASS
LDA1+LogReg              | 0.1929 | 0.0260 | 0.1605 | 0.0298 | 0.1509   | 0.0385   | 869     | 0.5129  | 33.5 | PASS
PCA16+LogReg             | 0.1945 | 0.0236 | 0.1637 | 0.0298 | 0.1449   | 0.0353   | 869     | 0.5128  | 35.4 | PASS
PCA32+LogReg             | 0.1992 | 0.0260 | 0.1661 | 0.0298 | 0.1577   | 0.0378   | 869     | 0.5121  | 36.7 | PASS
PCA16+VecWeighted        | 0.0795 | 0.0252 | 0.0702 | 0.0298 | 0.0531   | 0.0241   | 869     | 0.0326  | 34.6 | PASS
PCA32+VecWeighted        | 0.0732 | 0.0276 | 0.0661 | 0.0298 | 0.0537   | 0.0311   | 869     | 0.0363  | 35.8 | PASS
StabilizedWhitenedCosine | 0.4906 | 0.0228 | 0.4492 | 0.0298 | 0.3781   | 0.0336   | 869     | 1.0935  | 33.1 | PASS

[trial=17 seed=59] GLOBAL mode — total_samples=200000
  total: h0=82063 h1=15019
  pooled_train:  n0=1270 n1=1270
  pooled_calib:  n0=1240 n1=1240
  pooled_eval:   n0=1270 n1=1270
  regions (for macro stats only): 1103
[INFO] Cosine baseline routed to direct Hadamard sum (PrecomputedCosine)
[INFO] WeightedEnsemble Cosine judge routed to direct Hadamard sum
  [Ensemble] Judges routed to 'alt' input: PrecomputedCosine
[WeightedEnsemble] Fitted weights (alpha=0.0300, external calib):
  tau=1.2922, Pooled external calib: TPR=0.4266, FPR=0.0298
  PrecomputedCosine   : +0.1817
  PCAWhitenedCosine   : +0.4603
  XGBoost             : +0.0868
  Tiny MLP            : +0.1854
  LDA                 : +0.0858

Method                   | TPR    | FPR    | TrTPR  | TrFPR  | MacroTPR | MacroFPR | Regions | TauMean | ms   | OK? 
--------------------------------------------------------------------------------------------------------------------
Cosine                   | 0.3386 | 0.0323 | 0.3323 | 0.0298 | 0.3076   | 0.0511   | 862     | 0.9910  | 33.6 | FAIL
AndBox-HC                | 0.2409 | 0.0252 | 0.2339 | 0.0298 | 0.2253   | 0.0383   | 862     | 0.0000  | 37.6 | PASS
PCAWhitenedCosine        | 0.4205 | 0.0291 | 0.4024 | 0.0298 | 0.3553   | 0.0448   | 862     | 1.2034  | 36.8 | PASS
Vec (Wgt)                | 0.3898 | 0.0291 | 0.4048 | 0.0298 | 0.3371   | 0.0487   | 862     | 0.9801  | 28.8 | PASS
Log Reg                  | 0.1134 | 0.0205 | 0.1218 | 0.0290 | 0.1028   | 0.0346   | 862     | 0.5152  | 34.5 | PASS
LDA                      | 0.3575 | 0.0236 | 0.3516 | 0.0298 | 0.2929   | 0.0359   | 862     | 4.9735  | 31.8 | PASS
Tiny MLP                 | 0.3488 | 0.0213 | 0.3403 | 0.0298 | 0.2768   | 0.0327   | 862     | 0.9583  | 34.3 | PASS
MultiProtoCosine         | 0.0559 | 0.0315 | 0.0718 | 0.0298 | 0.0562   | 0.0277   | 862     | 0.9263  | 37.2 | FAIL
WeightedEnsemble         | 0.4409 | 0.0307 | 0.4266 | 0.0298 | 0.3729   | 0.0477   | 862     | 1.2922  | 71.3 | FAIL
XGBoost                  | 0.3622 | 0.0283 | 0.3750 | 0.0298 | 0.3042   | 0.0475   | 862     | 0.7567  | 61.4 | PASS
LDA1+LogReg              | 0.1142 | 0.0205 | 0.1218 | 0.0290 | 0.1037   | 0.0346   | 862     | 0.5152  | 32.4 | PASS
PCA16+LogReg             | 0.1220 | 0.0244 | 0.1379 | 0.0298 | 0.1118   | 0.0402   | 862     | 0.5139  | 35.0 | PASS
PCA32+LogReg             | 0.1236 | 0.0228 | 0.1395 | 0.0298 | 0.1133   | 0.0383   | 862     | 0.5140  | 36.8 | PASS
PCA16+VecWeighted        | 0.0094 | 0.0315 | 0.0137 | 0.0298 | 0.0132   | 0.0182   | 862     | 0.0395  | 33.9 | FAIL
PCA32+VecWeighted        | 0.0134 | 0.0331 | 0.0274 | 0.0298 | 0.0145   | 0.0213   | 862     | 0.0448  | 35.5 | FAIL
StabilizedWhitenedCosine | 0.4039 | 0.0244 | 0.4016 | 0.0298 | 0.3301   | 0.0390   | 862     | 1.1700  | 32.9 | PASS

[trial=18 seed=60] GLOBAL mode — total_samples=200000
  total: h0=82063 h1=15019
  pooled_train:  n0=1270 n1=1270
  pooled_calib:  n0=1240 n1=1240
  pooled_eval:   n0=1270 n1=1270
  regions (for macro stats only): 1103
[INFO] Cosine baseline routed to direct Hadamard sum (PrecomputedCosine)
[INFO] WeightedEnsemble Cosine judge routed to direct Hadamard sum
  [Ensemble] Judges routed to 'alt' input: PrecomputedCosine
[WeightedEnsemble] Fitted weights (alpha=0.0300, external calib):
  tau=0.9017, Pooled external calib: TPR=0.4540, FPR=0.0298
  PrecomputedCosine   : +0.0000
  PCAWhitenedCosine   : +0.0000
  XGBoost             : +0.0000
  Tiny MLP            : +1.0000
  LDA                 : +0.0000

Method                   | TPR    | FPR    | TrTPR  | TrFPR  | MacroTPR | MacroFPR | Regions | TauMean | ms   | OK? 
--------------------------------------------------------------------------------------------------------------------
Cosine                   | 0.3252 | 0.0213 | 0.3153 | 0.0298 | 0.2891   | 0.0351   | 837     | 0.9934  | 55.3 | PASS
AndBox-HC                | 0.2315 | 0.0244 | 0.2427 | 0.0298 | 0.2232   | 0.0387   | 837     | 0.0000  | 41.1 | PASS
PCAWhitenedCosine        | 0.3961 | 0.0236 | 0.3935 | 0.0298 | 0.3219   | 0.0402   | 837     | 1.2268  | 29.4 | PASS
Vec (Wgt)                | 0.3984 | 0.0260 | 0.3952 | 0.0298 | 0.3500   | 0.0470   | 837     | 0.9792  | 28.8 | PASS
Log Reg                  | 0.1701 | 0.0244 | 0.1540 | 0.0298 | 0.1509   | 0.0412   | 837     | 0.5140  | 34.7 | PASS
LDA                      | 0.4551 | 0.0252 | 0.4355 | 0.0298 | 0.3649   | 0.0439   | 837     | 4.0430  | 31.3 | PASS
Tiny MLP                 | 0.4598 | 0.0252 | 0.4540 | 0.0298 | 0.3722   | 0.0419   | 837     | 0.9017  | 33.3 | PASS
MultiProtoCosine         | 0.0874 | 0.0299 | 0.0742 | 0.0298 | 0.0624   | 0.0386   | 837     | 0.9269  | 37.1 | PASS
WeightedEnsemble         | 0.4598 | 0.0252 | 0.4540 | 0.0298 | 0.3722   | 0.0419   | 837     | 0.9017  | 70.4 | PASS
XGBoost                  | 0.3724 | 0.0228 | 0.3766 | 0.0298 | 0.3189   | 0.0355   | 837     | 0.7503  | 60.2 | PASS
LDA1+LogReg              | 0.1717 | 0.0252 | 0.1573 | 0.0298 | 0.1522   | 0.0430   | 837     | 0.5140  | 31.7 | PASS
PCA16+LogReg             | 0.1756 | 0.0283 | 0.1621 | 0.0298 | 0.1566   | 0.0493   | 837     | 0.5134  | 33.9 | PASS
PCA32+LogReg             | 0.1803 | 0.0291 | 0.1677 | 0.0298 | 0.1609   | 0.0484   | 837     | 0.5131  | 35.4 | PASS
PCA16+VecWeighted        | 0.0409 | 0.0307 | 0.0524 | 0.0298 | 0.0458   | 0.0339   | 837     | 0.0364  | 32.7 | FAIL
PCA32+VecWeighted        | 0.0764 | 0.0362 | 0.0815 | 0.0298 | 0.0692   | 0.0428   | 837     | 0.0396  | 33.8 | FAIL
StabilizedWhitenedCosine | 0.3709 | 0.0236 | 0.3653 | 0.0298 | 0.3084   | 0.0402   | 837     | 1.2296  | 32.4 | PASS

[trial=19 seed=61] GLOBAL mode — total_samples=200000
  total: h0=82063 h1=15019
  pooled_train:  n0=1270 n1=1270
  pooled_calib:  n0=1240 n1=1240
  pooled_eval:   n0=1270 n1=1270
  regions (for macro stats only): 1103
[INFO] Cosine baseline routed to direct Hadamard sum (PrecomputedCosine)
[INFO] WeightedEnsemble Cosine judge routed to direct Hadamard sum
  [Ensemble] Judges routed to 'alt' input: PrecomputedCosine
[WeightedEnsemble] Fitted weights (alpha=0.0300, external calib):
  tau=0.9608, Pooled external calib: TPR=0.4935, FPR=0.0298
  PrecomputedCosine   : +0.4364
  PCAWhitenedCosine   : +0.0571
  XGBoost             : +0.1048
  Tiny MLP            : +0.3819
  LDA                 : +0.0199

Method                   | TPR    | FPR    | TrTPR  | TrFPR  | MacroTPR | MacroFPR | Regions | TauMean | ms   | OK? 
--------------------------------------------------------------------------------------------------------------------
Cosine                   | 0.3677 | 0.0283 | 0.3645 | 0.0298 | 0.3155   | 0.0465   | 852     | 0.9867  | 29.5 | PASS
AndBox-HC                | 0.2945 | 0.0276 | 0.3024 | 0.0298 | 0.2547   | 0.0445   | 852     | 0.0000  | 41.6 | PASS
PCAWhitenedCosine        | 0.4748 | 0.0409 | 0.4476 | 0.0298 | 0.3759   | 0.0686   | 852     | 1.1744  | 33.8 | FAIL
Vec (Wgt)                | 0.4441 | 0.0394 | 0.4548 | 0.0298 | 0.3790   | 0.0636   | 852     | 0.9595  | 28.4 | FAIL
Log Reg                  | 0.2102 | 0.0315 | 0.1887 | 0.0298 | 0.1737   | 0.0441   | 852     | 0.5121  | 34.3 | FAIL
LDA                      | 0.4701 | 0.0346 | 0.4661 | 0.0298 | 0.3722   | 0.0544   | 852     | 4.2674  | 31.4 | FAIL
Tiny MLP                 | 0.4969 | 0.0425 | 0.4903 | 0.0298 | 0.4085   | 0.0662   | 852     | 0.8923  | 33.1 | FAIL
MultiProtoCosine         | 0.0646 | 0.0220 | 0.0605 | 0.0298 | 0.0483   | 0.0271   | 852     | 0.9246  | 37.0 | PASS
WeightedEnsemble         | 0.4984 | 0.0323 | 0.4935 | 0.0298 | 0.4074   | 0.0545   | 852     | 0.9608  | 70.9 | FAIL
XGBoost                  | 0.3969 | 0.0252 | 0.3903 | 0.0298 | 0.3308   | 0.0410   | 852     | 0.7593  | 60.8 | PASS
LDA1+LogReg              | 0.2118 | 0.0315 | 0.1911 | 0.0298 | 0.1750   | 0.0441   | 852     | 0.5121  | 32.0 | FAIL
PCA16+LogReg             | 0.2173 | 0.0315 | 0.1944 | 0.0298 | 0.1750   | 0.0441   | 852     | 0.5116  | 33.7 | FAIL
PCA32+LogReg             | 0.2339 | 0.0307 | 0.2113 | 0.0298 | 0.1864   | 0.0436   | 852     | 0.5114  | 34.6 | FAIL
PCA16+VecWeighted        | 0.0496 | 0.0323 | 0.0476 | 0.0298 | 0.0306   | 0.0283   | 852     | 0.0362  | 32.6 | FAIL
PCA32+VecWeighted        | 0.0795 | 0.0323 | 0.0766 | 0.0298 | 0.0571   | 0.0355   | 852     | 0.0389  | 33.7 | FAIL
StabilizedWhitenedCosine | 0.4378 | 0.0394 | 0.4145 | 0.0298 | 0.3522   | 0.0654   | 852     | 1.2380  | 32.1 | FAIL

[trial=20 seed=62] GLOBAL mode — total_samples=200000
  total: h0=82063 h1=15019
  pooled_train:  n0=1270 n1=1270
  pooled_calib:  n0=1240 n1=1240
  pooled_eval:   n0=1270 n1=1270
  regions (for macro stats only): 1103
[INFO] Cosine baseline routed to direct Hadamard sum (PrecomputedCosine)
[INFO] WeightedEnsemble Cosine judge routed to direct Hadamard sum
  [Ensemble] Judges routed to 'alt' input: PrecomputedCosine
[WeightedEnsemble] Fitted weights (alpha=0.0300, external calib):
  tau=1.1826, Pooled external calib: TPR=0.5040, FPR=0.0298
  PrecomputedCosine   : +0.0595
  PCAWhitenedCosine   : +0.3558
  XGBoost             : +0.1566
  Tiny MLP            : +0.3547
  LDA                 : +0.0734

Method                   | TPR    | FPR    | TrTPR  | TrFPR  | MacroTPR | MacroFPR | Regions | TauMean | ms   | OK? 
--------------------------------------------------------------------------------------------------------------------
Cosine                   | 0.4039 | 0.0331 | 0.3863 | 0.0298 | 0.3563   | 0.0483   | 858     | 0.9841  | 56.6 | FAIL
AndBox-HC                | 0.3528 | 0.0346 | 0.3089 | 0.0298 | 0.3118   | 0.0515   | 858     | 0.0000  | 41.2 | FAIL
PCAWhitenedCosine        | 0.4606 | 0.0346 | 0.4266 | 0.0298 | 0.3759   | 0.0522   | 858     | 1.3064  | 28.5 | FAIL
Vec (Wgt)                | 0.4567 | 0.0378 | 0.4355 | 0.0298 | 0.3883   | 0.0572   | 858     | 0.9799  | 28.2 | FAIL
Log Reg                  | 0.1906 | 0.0307 | 0.1847 | 0.0298 | 0.1522   | 0.0460   | 858     | 0.5147  | 35.5 | FAIL
LDA                      | 0.4307 | 0.0370 | 0.4161 | 0.0298 | 0.3419   | 0.0594   | 858     | 4.8594  | 32.1 | FAIL
Tiny MLP                 | 0.4677 | 0.0354 | 0.4484 | 0.0298 | 0.3761   | 0.0536   | 858     | 0.9319  | 33.9 | FAIL
MultiProtoCosine         | 0.0685 | 0.0283 | 0.0653 | 0.0298 | 0.0459   | 0.0379   | 858     | 0.9301  | 36.9 | PASS
WeightedEnsemble         | 0.5291 | 0.0394 | 0.5040 | 0.0298 | 0.4340   | 0.0566   | 858     | 1.1826  | 71.0 | FAIL
XGBoost                  | 0.4276 | 0.0315 | 0.4032 | 0.0298 | 0.3656   | 0.0453   | 858     | 0.7678  | 60.5 | FAIL
LDA1+LogReg              | 0.1913 | 0.0307 | 0.1855 | 0.0298 | 0.1527   | 0.0460   | 858     | 0.5146  | 32.2 | FAIL
PCA16+LogReg             | 0.1929 | 0.0299 | 0.1782 | 0.0298 | 0.1520   | 0.0458   | 858     | 0.5141  | 33.9 | PASS
PCA32+LogReg             | 0.1937 | 0.0307 | 0.1839 | 0.0298 | 0.1541   | 0.0460   | 858     | 0.5140  | 34.9 | FAIL
PCA16+VecWeighted        | 0.0087 | 0.0339 | 0.0097 | 0.0298 | 0.0154   | 0.0140   | 858     | 0.0400  | 32.9 | FAIL
PCA32+VecWeighted        | 0.0087 | 0.0346 | 0.0048 | 0.0298 | 0.0145   | 0.0139   | 858     | 0.0520  | 35.5 | FAIL
StabilizedWhitenedCosine | 0.5079 | 0.0409 | 0.4847 | 0.0298 | 0.4175   | 0.0621   | 858     | 1.1582  | 32.2 | FAIL

[trial=21 seed=63] GLOBAL mode — total_samples=200000
  total: h0=82063 h1=15019
  pooled_train:  n0=1270 n1=1270
  pooled_calib:  n0=1240 n1=1240
  pooled_eval:   n0=1270 n1=1270
  regions (for macro stats only): 1103
[INFO] Cosine baseline routed to direct Hadamard sum (PrecomputedCosine)
[INFO] WeightedEnsemble Cosine judge routed to direct Hadamard sum
  [Ensemble] Judges routed to 'alt' input: PrecomputedCosine
[WeightedEnsemble] Fitted weights (alpha=0.0300, external calib):
  tau=0.9363, Pooled external calib: TPR=0.4677, FPR=0.0298
  PrecomputedCosine   : +0.3209
  PCAWhitenedCosine   : +0.3118
  XGBoost             : +0.3183
  Tiny MLP            : +0.0373
  LDA                 : +0.0115

Method                   | TPR    | FPR    | TrTPR  | TrFPR  | MacroTPR | MacroFPR | Regions | TauMean | ms   | OK? 
--------------------------------------------------------------------------------------------------------------------
Cosine                   | 0.3701 | 0.0299 | 0.3565 | 0.0298 | 0.3378   | 0.0509   | 881     | 0.9881  | 60.6 | PASS
AndBox-HC                | 0.2575 | 0.0220 | 0.2597 | 0.0298 | 0.2390   | 0.0373   | 881     | 0.0000  | 38.2 | PASS
PCAWhitenedCosine        | 0.4213 | 0.0197 | 0.3976 | 0.0298 | 0.3260   | 0.0291   | 881     | 1.2479  | 30.6 | PASS
Vec (Wgt)                | 0.4236 | 0.0260 | 0.4242 | 0.0298 | 0.3675   | 0.0432   | 881     | 0.9772  | 29.9 | PASS
Log Reg                  | 0.1583 | 0.0354 | 0.1556 | 0.0298 | 0.1476   | 0.0443   | 881     | 0.5145  | 35.6 | FAIL
LDA                      | 0.3630 | 0.0276 | 0.3476 | 0.0298 | 0.2876   | 0.0419   | 881     | 4.8123  | 32.5 | PASS
Tiny MLP                 | 0.3882 | 0.0228 | 0.3661 | 0.0298 | 0.2937   | 0.0345   | 881     | 0.9503  | 34.7 | PASS
MultiProtoCosine         | 0.0583 | 0.0346 | 0.0573 | 0.0298 | 0.0419   | 0.0380   | 881     | 0.9294  | 38.6 | FAIL
WeightedEnsemble         | 0.4843 | 0.0244 | 0.4677 | 0.0298 | 0.3866   | 0.0392   | 881     | 0.9363  | 72.6 | PASS
XGBoost                  | 0.3890 | 0.0244 | 0.3927 | 0.0298 | 0.3346   | 0.0420   | 881     | 0.7543  | 62.2 | PASS
LDA1+LogReg              | 0.1583 | 0.0354 | 0.1556 | 0.0298 | 0.1476   | 0.0443   | 881     | 0.5145  | 33.7 | FAIL
PCA16+LogReg             | 0.1606 | 0.0362 | 0.1573 | 0.0298 | 0.1468   | 0.0451   | 881     | 0.5140  | 35.9 | FAIL
PCA32+LogReg             | 0.1622 | 0.0354 | 0.1621 | 0.0298 | 0.1505   | 0.0443   | 881     | 0.5140  | 37.2 | FAIL
PCA16+VecWeighted        | 0.0488 | 0.0323 | 0.0476 | 0.0298 | 0.0327   | 0.0250   | 881     | 0.0363  | 35.0 | FAIL
PCA32+VecWeighted        | 0.0283 | 0.0362 | 0.0306 | 0.0298 | 0.0206   | 0.0143   | 881     | 0.0453  | 35.1 | FAIL
StabilizedWhitenedCosine | 0.4024 | 0.0189 | 0.3766 | 0.0290 | 0.3079   | 0.0296   | 881     | 1.2093  | 32.8 | PASS

[trial=22 seed=64] GLOBAL mode — total_samples=200000
  total: h0=82063 h1=15019
  pooled_train:  n0=1270 n1=1270
  pooled_calib:  n0=1240 n1=1240
  pooled_eval:   n0=1270 n1=1270
  regions (for macro stats only): 1103
[INFO] Cosine baseline routed to direct Hadamard sum (PrecomputedCosine)
[INFO] WeightedEnsemble Cosine judge routed to direct Hadamard sum
  [Ensemble] Judges routed to 'alt' input: PrecomputedCosine
[WeightedEnsemble] Fitted weights (alpha=0.0300, external calib):
  tau=1.0070, Pooled external calib: TPR=0.4589, FPR=0.0298
  PrecomputedCosine   : +0.4364
  PCAWhitenedCosine   : +0.0571
  XGBoost             : +0.1048
  Tiny MLP            : +0.3819
  LDA                 : +0.0199

Method                   | TPR    | FPR    | TrTPR  | TrFPR  | MacroTPR | MacroFPR | Regions | TauMean | ms   | OK? 
--------------------------------------------------------------------------------------------------------------------
Cosine                   | 0.3756 | 0.0268 | 0.3669 | 0.0298 | 0.3300   | 0.0424   | 846     | 0.9873  | 44.1 | PASS
AndBox-HC                | 0.2858 | 0.0331 | 0.2952 | 0.0298 | 0.2655   | 0.0490   | 846     | 0.0000  | 49.9 | FAIL
PCAWhitenedCosine        | 0.4394 | 0.0339 | 0.4258 | 0.0298 | 0.3388   | 0.0449   | 846     | 1.3238  | 28.5 | FAIL
Vec (Wgt)                | 0.4606 | 0.0346 | 0.4613 | 0.0298 | 0.4032   | 0.0569   | 846     | 0.9708  | 28.0 | FAIL
Log Reg                  | 0.1787 | 0.0252 | 0.1758 | 0.0298 | 0.1605   | 0.0400   | 846     | 0.5135  | 34.1 | PASS
LDA                      | 0.4079 | 0.0323 | 0.4024 | 0.0298 | 0.3299   | 0.0371   | 846     | 4.9497  | 31.0 | FAIL
Tiny MLP                 | 0.3898 | 0.0276 | 0.3718 | 0.0298 | 0.3103   | 0.0380   | 846     | 0.9398  | 33.2 | PASS
MultiProtoCosine         | 0.0614 | 0.0402 | 0.0685 | 0.0298 | 0.0508   | 0.0499   | 846     | 0.9263  | 36.8 | FAIL
WeightedEnsemble         | 0.4732 | 0.0283 | 0.4589 | 0.0298 | 0.3792   | 0.0383   | 846     | 1.0070  | 69.9 | PASS
XGBoost                  | 0.4189 | 0.0276 | 0.4040 | 0.0298 | 0.3618   | 0.0418   | 846     | 0.7646  | 59.2 | PASS
LDA1+LogReg              | 0.1866 | 0.0252 | 0.1831 | 0.0298 | 0.1638   | 0.0400   | 846     | 0.5135  | 31.5 | PASS
PCA16+LogReg             | 0.1827 | 0.0244 | 0.1927 | 0.0298 | 0.1621   | 0.0382   | 846     | 0.5131  | 33.9 | PASS
PCA32+LogReg             | 0.1772 | 0.0244 | 0.1758 | 0.0298 | 0.1592   | 0.0382   | 846     | 0.5133  | 35.0 | PASS
PCA16+VecWeighted        | 0.0591 | 0.0425 | 0.0548 | 0.0298 | 0.0559   | 0.0452   | 846     | 0.0309  | 33.2 | FAIL
PCA32+VecWeighted        | 0.0425 | 0.0315 | 0.0395 | 0.0298 | 0.0410   | 0.0251   | 846     | 0.0414  | 35.1 | FAIL
StabilizedWhitenedCosine | 0.4575 | 0.0339 | 0.4476 | 0.0298 | 0.3630   | 0.0483   | 846     | 1.1982  | 31.9 | FAIL

[trial=23 seed=65] GLOBAL mode — total_samples=200000
  total: h0=82063 h1=15019
  pooled_train:  n0=1270 n1=1270
  pooled_calib:  n0=1240 n1=1240
  pooled_eval:   n0=1270 n1=1270
  regions (for macro stats only): 1103
[INFO] Cosine baseline routed to direct Hadamard sum (PrecomputedCosine)
[INFO] WeightedEnsemble Cosine judge routed to direct Hadamard sum
  [Ensemble] Judges routed to 'alt' input: PrecomputedCosine
[WeightedEnsemble] Fitted weights (alpha=0.0300, external calib):
  tau=0.9366, Pooled external calib: TPR=0.5129, FPR=0.0298
  PrecomputedCosine   : +0.4364
  PCAWhitenedCosine   : +0.0571
  XGBoost             : +0.1048
  Tiny MLP            : +0.3819
  LDA                 : +0.0199

Method                   | TPR    | FPR    | TrTPR  | TrFPR  | MacroTPR | MacroFPR | Regions | TauMean | ms   | OK? 
--------------------------------------------------------------------------------------------------------------------
Cosine                   | 0.3583 | 0.0268 | 0.3282 | 0.0298 | 0.3037   | 0.0409   | 869     | 0.9903  | 57.7 | PASS
AndBox-HC                | 0.2583 | 0.0236 | 0.2605 | 0.0250 | 0.2425   | 0.0394   | 869     | 0.0000  | 38.9 | PASS
PCAWhitenedCosine        | 0.4472 | 0.0283 | 0.4427 | 0.0298 | 0.3636   | 0.0440   | 869     | 1.1766  | 29.2 | PASS
Vec (Wgt)                | 0.4307 | 0.0307 | 0.4234 | 0.0298 | 0.3499   | 0.0497   | 869     | 0.9697  | 29.1 | FAIL
Log Reg                  | 0.2291 | 0.0323 | 0.2105 | 0.0298 | 0.1841   | 0.0463   | 869     | 0.5103  | 35.8 | FAIL
LDA                      | 0.4260 | 0.0323 | 0.4290 | 0.0298 | 0.3407   | 0.0494   | 869     | 4.5015  | 32.3 | FAIL
Tiny MLP                 | 0.4795 | 0.0339 | 0.4895 | 0.0298 | 0.3812   | 0.0515   | 869     | 0.8871  | 34.3 | FAIL
MultiProtoCosine         | 0.0819 | 0.0299 | 0.0613 | 0.0298 | 0.0595   | 0.0402   | 869     | 0.9253  | 37.7 | PASS
WeightedEnsemble         | 0.5008 | 0.0378 | 0.5129 | 0.0298 | 0.4099   | 0.0578   | 869     | 0.9366  | 71.1 | FAIL
XGBoost                  | 0.4339 | 0.0299 | 0.4153 | 0.0274 | 0.3472   | 0.0455   | 869     | 0.7415  | 61.3 | PASS
LDA1+LogReg              | 0.2205 | 0.0346 | 0.1944 | 0.0298 | 0.1753   | 0.0457   | 869     | 0.5109  | 32.6 | FAIL
PCA16+LogReg             | 0.2236 | 0.0331 | 0.1968 | 0.0298 | 0.1772   | 0.0443   | 869     | 0.5106  | 34.9 | FAIL
PCA32+LogReg             | 0.2173 | 0.0323 | 0.1976 | 0.0298 | 0.1728   | 0.0438   | 869     | 0.5107  | 35.8 | FAIL
PCA16+VecWeighted        | 0.0913 | 0.0362 | 0.0839 | 0.0298 | 0.0654   | 0.0402   | 869     | 0.0327  | 33.7 | FAIL
PCA32+VecWeighted        | 0.1047 | 0.0268 | 0.0887 | 0.0298 | 0.0705   | 0.0333   | 869     | 0.0353  | 35.4 | PASS
StabilizedWhitenedCosine | 0.4827 | 0.0362 | 0.4758 | 0.0298 | 0.3742   | 0.0531   | 869     | 1.1054  | 33.1 | FAIL

[trial=24 seed=66] GLOBAL mode — total_samples=200000
  total: h0=82063 h1=15019
  pooled_train:  n0=1270 n1=1270
  pooled_calib:  n0=1240 n1=1240
  pooled_eval:   n0=1270 n1=1270
  regions (for macro stats only): 1103
[INFO] Cosine baseline routed to direct Hadamard sum (PrecomputedCosine)
[INFO] WeightedEnsemble Cosine judge routed to direct Hadamard sum
  [Ensemble] Judges routed to 'alt' input: PrecomputedCosine
[WeightedEnsemble] Fitted weights (alpha=0.0300, external calib):
  tau=1.3862, Pooled external calib: TPR=0.4605, FPR=0.0298
  PrecomputedCosine   : +0.0786
  PCAWhitenedCosine   : +0.2785
  XGBoost             : +0.3243
  Tiny MLP            : +0.1558
  LDA                 : +0.1628

Method                   | TPR    | FPR    | TrTPR  | TrFPR  | MacroTPR | MacroFPR | Regions | TauMean | ms   | OK? 
--------------------------------------------------------------------------------------------------------------------
Cosine                   | 0.4008 | 0.0425 | 0.4008 | 0.0298 | 0.3630   | 0.0628   | 866     | 0.9793  | 29.3 | FAIL
AndBox-HC                | 0.2827 | 0.0315 | 0.2452 | 0.0298 | 0.2481   | 0.0485   | 866     | 0.0000  | 60.9 | FAIL
PCAWhitenedCosine        | 0.4480 | 0.0252 | 0.4444 | 0.0298 | 0.3552   | 0.0392   | 866     | 1.2299  | 29.7 | PASS
Vec (Wgt)                | 0.4008 | 0.0307 | 0.4056 | 0.0298 | 0.3434   | 0.0462   | 866     | 0.9751  | 29.1 | FAIL
Log Reg                  | 0.1630 | 0.0244 | 0.1677 | 0.0298 | 0.1387   | 0.0314   | 866     | 0.5135  | 34.9 | PASS
LDA                      | 0.3898 | 0.0252 | 0.3790 | 0.0298 | 0.3103   | 0.0360   | 866     | 4.4673  | 32.4 | PASS
Tiny MLP                 | 0.3787 | 0.0236 | 0.3726 | 0.0298 | 0.2987   | 0.0361   | 866     | 0.9314  | 34.8 | PASS
MultiProtoCosine         | 0.0528 | 0.0244 | 0.0524 | 0.0298 | 0.0397   | 0.0277   | 866     | 0.9290  | 37.7 | PASS
WeightedEnsemble         | 0.4772 | 0.0346 | 0.4605 | 0.0298 | 0.3759   | 0.0499   | 866     | 1.3862  | 71.7 | FAIL
XGBoost                  | 0.4087 | 0.0331 | 0.4048 | 0.0298 | 0.3478   | 0.0530   | 866     | 0.7467  | 62.2 | FAIL
LDA1+LogReg              | 0.1630 | 0.0244 | 0.1677 | 0.0298 | 0.1387   | 0.0314   | 866     | 0.5135  | 33.0 | PASS
PCA16+LogReg             | 0.1528 | 0.0220 | 0.1685 | 0.0298 | 0.1288   | 0.0289   | 866     | 0.5132  | 34.4 | PASS
PCA32+LogReg             | 0.1669 | 0.0244 | 0.1750 | 0.0298 | 0.1426   | 0.0314   | 866     | 0.5129  | 35.6 | PASS
PCA16+VecWeighted        | 0.0449 | 0.0402 | 0.0347 | 0.0298 | 0.0387   | 0.0360   | 866     | 0.0318  | 33.1 | FAIL
PCA32+VecWeighted        | 0.0528 | 0.0315 | 0.0540 | 0.0298 | 0.0516   | 0.0241   | 866     | 0.0364  | 33.7 | FAIL
StabilizedWhitenedCosine | 0.4339 | 0.0299 | 0.4339 | 0.0298 | 0.3410   | 0.0447   | 866     | 1.1541  | 32.1 | PASS

[trial=25 seed=67] GLOBAL mode — total_samples=200000
  total: h0=82063 h1=15019
  pooled_train:  n0=1270 n1=1270
  pooled_calib:  n0=1240 n1=1240
  pooled_eval:   n0=1270 n1=1270
  regions (for macro stats only): 1103
[INFO] Cosine baseline routed to direct Hadamard sum (PrecomputedCosine)
[INFO] WeightedEnsemble Cosine judge routed to direct Hadamard sum
  [Ensemble] Judges routed to 'alt' input: PrecomputedCosine
[WeightedEnsemble] Fitted weights (alpha=0.0300, external calib):
  tau=0.9549, Pooled external calib: TPR=0.4573, FPR=0.0298
  PrecomputedCosine   : +0.4364
  PCAWhitenedCosine   : +0.0571
  XGBoost             : +0.1048
  Tiny MLP            : +0.3819
  LDA                 : +0.0199

Method                   | TPR    | FPR    | TrTPR  | TrFPR  | MacroTPR | MacroFPR | Regions | TauMean | ms   | OK? 
--------------------------------------------------------------------------------------------------------------------
Cosine                   | 0.3961 | 0.0291 | 0.3403 | 0.0298 | 0.3385   | 0.0359   | 860     | 0.9874  | 50.1 | PASS
AndBox-HC                | 0.3528 | 0.0339 | 0.3065 | 0.0298 | 0.3080   | 0.0436   | 860     | 0.0000  | 49.4 | FAIL
PCAWhitenedCosine        | 0.4150 | 0.0252 | 0.4008 | 0.0298 | 0.3163   | 0.0258   | 860     | 1.2697  | 28.6 | PASS
Vec (Wgt)                | 0.4291 | 0.0228 | 0.3968 | 0.0298 | 0.3499   | 0.0286   | 860     | 0.9764  | 28.2 | PASS
Log Reg                  | 0.2165 | 0.0346 | 0.1758 | 0.0298 | 0.1811   | 0.0472   | 860     | 0.5118  | 34.3 | FAIL
LDA                      | 0.4197 | 0.0236 | 0.3677 | 0.0298 | 0.3177   | 0.0294   | 860     | 4.5065  | 31.1 | PASS
Tiny MLP                 | 0.4150 | 0.0236 | 0.3847 | 0.0298 | 0.3247   | 0.0324   | 860     | 0.9188  | 33.2 | PASS
MultiProtoCosine         | 0.0717 | 0.0299 | 0.0565 | 0.0298 | 0.0591   | 0.0342   | 860     | 0.9286  | 36.3 | PASS
WeightedEnsemble         | 0.4976 | 0.0268 | 0.4573 | 0.0298 | 0.3997   | 0.0318   | 860     | 0.9549  | 69.0 | PASS
XGBoost                  | 0.4276 | 0.0260 | 0.3847 | 0.0298 | 0.3523   | 0.0293   | 860     | 0.7569  | 59.0 | PASS
LDA1+LogReg              | 0.2173 | 0.0346 | 0.1758 | 0.0298 | 0.1813   | 0.0472   | 860     | 0.5118  | 31.9 | FAIL
PCA16+LogReg             | 0.2047 | 0.0315 | 0.1661 | 0.0298 | 0.1713   | 0.0414   | 860     | 0.5117  | 33.7 | FAIL
PCA32+LogReg             | 0.2362 | 0.0339 | 0.1919 | 0.0298 | 0.1862   | 0.0468   | 860     | 0.5113  | 34.8 | FAIL
PCA16+VecWeighted        | 0.0969 | 0.0260 | 0.0734 | 0.0298 | 0.0689   | 0.0285   | 860     | 0.0334  | 33.7 | PASS
PCA32+VecWeighted        | 0.0819 | 0.0315 | 0.0637 | 0.0298 | 0.0694   | 0.0306   | 860     | 0.0393  | 34.1 | FAIL
StabilizedWhitenedCosine | 0.3850 | 0.0228 | 0.3605 | 0.0298 | 0.2866   | 0.0214   | 860     | 1.2779  | 32.0 | PASS

[trial=26 seed=68] GLOBAL mode — total_samples=200000
  total: h0=82063 h1=15019
  pooled_train:  n0=1270 n1=1270
  pooled_calib:  n0=1240 n1=1240
  pooled_eval:   n0=1270 n1=1270
  regions (for macro stats only): 1103
[INFO] Cosine baseline routed to direct Hadamard sum (PrecomputedCosine)
[INFO] WeightedEnsemble Cosine judge routed to direct Hadamard sum
  [Ensemble] Judges routed to 'alt' input: PrecomputedCosine
[WeightedEnsemble] Fitted weights (alpha=0.0300, external calib):
  tau=0.9662, Pooled external calib: TPR=0.4387, FPR=0.0298
  PrecomputedCosine   : +0.2610
  PCAWhitenedCosine   : +0.2348
  XGBoost             : +0.2127
  Tiny MLP            : +0.2846
  LDA                 : +0.0070

Method                   | TPR    | FPR    | TrTPR  | TrFPR  | MacroTPR | MacroFPR | Regions | TauMean | ms   | OK? 
--------------------------------------------------------------------------------------------------------------------
Cosine                   | 0.3803 | 0.0205 | 0.3653 | 0.0298 | 0.3396   | 0.0326   | 849     | 0.9859  | 41.6 | PASS
AndBox-HC                | 0.2598 | 0.0181 | 0.2484 | 0.0298 | 0.2429   | 0.0253   | 849     | 0.0000  | 57.6 | PASS
PCAWhitenedCosine        | 0.4102 | 0.0181 | 0.3887 | 0.0298 | 0.3174   | 0.0304   | 849     | 1.3035  | 28.5 | PASS
Vec (Wgt)                | 0.4268 | 0.0157 | 0.3968 | 0.0298 | 0.3585   | 0.0275   | 849     | 0.9710  | 28.6 | PASS
Log Reg                  | 0.1606 | 0.0142 | 0.1355 | 0.0298 | 0.1270   | 0.0247   | 849     | 0.5152  | 34.5 | PASS
LDA                      | 0.3701 | 0.0205 | 0.3419 | 0.0298 | 0.2889   | 0.0286   | 849     | 5.3881  | 31.1 | PASS
Tiny MLP                 | 0.3929 | 0.0213 | 0.3766 | 0.0298 | 0.3054   | 0.0313   | 849     | 0.9534  | 33.0 | PASS
MultiProtoCosine         | 0.0866 | 0.0283 | 0.0774 | 0.0290 | 0.0713   | 0.0364   | 849     | 0.9251  | 36.8 | PASS
WeightedEnsemble         | 0.4512 | 0.0157 | 0.4387 | 0.0298 | 0.3599   | 0.0265   | 849     | 0.9662  | 69.3 | PASS
XGBoost                  | 0.4339 | 0.0165 | 0.4153 | 0.0298 | 0.3596   | 0.0211   | 849     | 0.7406  | 59.4 | PASS
LDA1+LogReg              | 0.1606 | 0.0142 | 0.1355 | 0.0298 | 0.1270   | 0.0247   | 849     | 0.5152  | 31.4 | PASS
PCA16+LogReg             | 0.1630 | 0.0150 | 0.1387 | 0.0298 | 0.1285   | 0.0249   | 849     | 0.5148  | 33.3 | PASS
PCA32+LogReg             | 0.1591 | 0.0142 | 0.1339 | 0.0298 | 0.1271   | 0.0256   | 849     | 0.5149  | 34.7 | PASS
PCA16+VecWeighted        | 0.0331 | 0.0181 | 0.0250 | 0.0298 | 0.0282   | 0.0198   | 849     | 0.0376  | 33.0 | PASS
PCA32+VecWeighted        | 0.0323 | 0.0283 | 0.0266 | 0.0298 | 0.0230   | 0.0337   | 849     | 0.0400  | 34.2 | PASS
StabilizedWhitenedCosine | 0.4465 | 0.0205 | 0.4169 | 0.0298 | 0.3449   | 0.0320   | 849     | 1.2186  | 32.2 | PASS

[trial=27 seed=69] GLOBAL mode — total_samples=200000
  total: h0=82063 h1=15019
  pooled_train:  n0=1270 n1=1270
  pooled_calib:  n0=1240 n1=1240
  pooled_eval:   n0=1270 n1=1270
  regions (for macro stats only): 1103
[INFO] Cosine baseline routed to direct Hadamard sum (PrecomputedCosine)
[INFO] WeightedEnsemble Cosine judge routed to direct Hadamard sum
  [Ensemble] Judges routed to 'alt' input: PrecomputedCosine
[WeightedEnsemble] Fitted weights (alpha=0.0300, external calib):
  tau=1.4894, Pooled external calib: TPR=0.4597, FPR=0.0298
  PrecomputedCosine   : +0.1270
  PCAWhitenedCosine   : +0.4131
  XGBoost             : +0.2315
  Tiny MLP            : +0.0777
  LDA                 : +0.1507

Method                   | TPR    | FPR    | TrTPR  | TrFPR  | MacroTPR | MacroFPR | Regions | TauMean | ms   | OK? 
--------------------------------------------------------------------------------------------------------------------
Cosine                   | 0.3504 | 0.0197 | 0.3218 | 0.0298 | 0.3051   | 0.0293   | 850     | 0.9922  | 40.1 | PASS
AndBox-HC                | 0.2803 | 0.0236 | 0.2508 | 0.0298 | 0.2477   | 0.0310   | 850     | 0.0000  | 51.6 | PASS
PCAWhitenedCosine        | 0.4465 | 0.0299 | 0.4403 | 0.0298 | 0.3441   | 0.0495   | 850     | 1.2403  | 28.9 | PASS
Vec (Wgt)                | 0.4378 | 0.0197 | 0.3863 | 0.0266 | 0.3517   | 0.0332   | 850     | 0.9761  | 28.7 | PASS
Log Reg                  | 0.1346 | 0.0189 | 0.1137 | 0.0298 | 0.1111   | 0.0283   | 850     | 0.5192  | 35.3 | PASS
LDA                      | 0.3732 | 0.0236 | 0.3669 | 0.0298 | 0.2896   | 0.0367   | 850     | 5.0331  | 32.5 | PASS
Tiny MLP                 | 0.4220 | 0.0299 | 0.4266 | 0.0298 | 0.3178   | 0.0440   | 850     | 0.9154  | 34.4 | PASS
MultiProtoCosine         | 0.0480 | 0.0157 | 0.0435 | 0.0298 | 0.0389   | 0.0197   | 850     | 0.9317  | 37.4 | PASS
WeightedEnsemble         | 0.4724 | 0.0260 | 0.4597 | 0.0298 | 0.3561   | 0.0416   | 850     | 1.4894  | 70.6 | PASS
XGBoost                  | 0.4220 | 0.0213 | 0.3919 | 0.0298 | 0.3402   | 0.0308   | 850     | 0.7479  | 60.6 | PASS
LDA1+LogReg              | 0.1346 | 0.0189 | 0.1137 | 0.0298 | 0.1111   | 0.0283   | 850     | 0.5192  | 32.4 | PASS
PCA16+LogReg             | 0.1346 | 0.0173 | 0.1137 | 0.0298 | 0.1121   | 0.0258   | 850     | 0.5188  | 35.0 | PASS
PCA32+LogReg             | 0.1331 | 0.0173 | 0.1145 | 0.0298 | 0.1104   | 0.0258   | 850     | 0.5187  | 35.8 | PASS
PCA16+VecWeighted        | 0.0039 | 0.0323 | 0.0016 | 0.0298 | 0.0040   | 0.0102   | 850     | 0.0399  | 33.6 | FAIL
PCA32+VecWeighted        | 0.0134 | 0.0346 | 0.0081 | 0.0298 | 0.0161   | 0.0151   | 850     | 0.0455  | 36.9 | FAIL
StabilizedWhitenedCosine | 0.4252 | 0.0236 | 0.3992 | 0.0298 | 0.3392   | 0.0401   | 850     | 1.2206  | 32.3 | PASS

[trial=28 seed=70] GLOBAL mode — total_samples=200000
  total: h0=82063 h1=15019
  pooled_train:  n0=1270 n1=1270
  pooled_calib:  n0=1240 n1=1240
  pooled_eval:   n0=1270 n1=1270
  regions (for macro stats only): 1103
[INFO] Cosine baseline routed to direct Hadamard sum (PrecomputedCosine)
[INFO] WeightedEnsemble Cosine judge routed to direct Hadamard sum
  [Ensemble] Judges routed to 'alt' input: PrecomputedCosine
[WeightedEnsemble] Fitted weights (alpha=0.0300, external calib):
  tau=0.9501, Pooled external calib: TPR=0.4879, FPR=0.0298
  PrecomputedCosine   : +0.4364
  PCAWhitenedCosine   : +0.0571
  XGBoost             : +0.1048
  Tiny MLP            : +0.3819
  LDA                 : +0.0199

Method                   | TPR    | FPR    | TrTPR  | TrFPR  | MacroTPR | MacroFPR | Regions | TauMean | ms   | OK? 
--------------------------------------------------------------------------------------------------------------------
Cosine                   | 0.3929 | 0.0299 | 0.3766 | 0.0298 | 0.3336   | 0.0481   | 864     | 0.9841  | 57.3 | PASS
AndBox-HC                | 0.3614 | 0.0409 | 0.3492 | 0.0298 | 0.3183   | 0.0679   | 864     | 0.0000  | 51.5 | FAIL
PCAWhitenedCosine        | 0.4630 | 0.0409 | 0.4476 | 0.0298 | 0.3663   | 0.0632   | 864     | 1.1727  | 30.1 | FAIL
Vec (Wgt)                | 0.4370 | 0.0362 | 0.4202 | 0.0298 | 0.3519   | 0.0593   | 864     | 0.9766  | 30.5 | FAIL
Log Reg                  | 0.1677 | 0.0354 | 0.1790 | 0.0298 | 0.1604   | 0.0548   | 864     | 0.5150  | 36.2 | FAIL
LDA                      | 0.4000 | 0.0276 | 0.3887 | 0.0298 | 0.2907   | 0.0424   | 864     | 4.6876  | 32.3 | PASS
Tiny MLP                 | 0.4228 | 0.0394 | 0.4226 | 0.0298 | 0.3138   | 0.0602   | 864     | 0.9386  | 34.5 | FAIL
MultiProtoCosine         | 0.0732 | 0.0244 | 0.0863 | 0.0298 | 0.0634   | 0.0269   | 864     | 0.9261  | 38.8 | PASS
WeightedEnsemble         | 0.5016 | 0.0370 | 0.4879 | 0.0298 | 0.3943   | 0.0598   | 864     | 0.9501  | 72.2 | FAIL
XGBoost                  | 0.4331 | 0.0283 | 0.4153 | 0.0298 | 0.3452   | 0.0479   | 864     | 0.7482  | 63.2 | PASS
LDA1+LogReg              | 0.1685 | 0.0354 | 0.1798 | 0.0298 | 0.1613   | 0.0548   | 864     | 0.5149  | 33.5 | FAIL
PCA16+LogReg             | 0.1709 | 0.0362 | 0.1855 | 0.0298 | 0.1619   | 0.0550   | 864     | 0.5144  | 36.1 | FAIL
PCA32+LogReg             | 0.1677 | 0.0346 | 0.1823 | 0.0298 | 0.1586   | 0.0527   | 864     | 0.5146  | 37.6 | FAIL
PCA16+VecWeighted        | 0.0283 | 0.0370 | 0.0323 | 0.0298 | 0.0180   | 0.0276   | 864     | 0.0358  | 34.3 | FAIL
PCA32+VecWeighted        | 0.0181 | 0.0205 | 0.0129 | 0.0298 | 0.0154   | 0.0166   | 864     | 0.0423  | 35.5 | PASS
StabilizedWhitenedCosine | 0.4661 | 0.0339 | 0.4565 | 0.0290 | 0.3818   | 0.0557   | 864     | 1.0974  | 33.1 | FAIL

[trial=29 seed=71] GLOBAL mode — total_samples=200000
  total: h0=82063 h1=15019
  pooled_train:  n0=1270 n1=1270
  pooled_calib:  n0=1240 n1=1240
  pooled_eval:   n0=1270 n1=1270
  regions (for macro stats only): 1103
[INFO] Cosine baseline routed to direct Hadamard sum (PrecomputedCosine)
[INFO] WeightedEnsemble Cosine judge routed to direct Hadamard sum
  [Ensemble] Judges routed to 'alt' input: PrecomputedCosine
[WeightedEnsemble] Fitted weights (alpha=0.0300, external calib):
  tau=1.1789, Pooled external calib: TPR=0.4774, FPR=0.0298
  PrecomputedCosine   : +0.1298
  PCAWhitenedCosine   : +0.1391
  XGBoost             : +0.2872
  Tiny MLP            : +0.3596
  LDA                 : +0.0844

Method                   | TPR    | FPR    | TrTPR  | TrFPR  | MacroTPR | MacroFPR | Regions | TauMean | ms   | OK? 
--------------------------------------------------------------------------------------------------------------------
Cosine                   | 0.3520 | 0.0362 | 0.3621 | 0.0298 | 0.3201   | 0.0555   | 851     | 0.9880  | 80.8 | FAIL
AndBox-HC                | 0.3244 | 0.0291 | 0.3242 | 0.0298 | 0.3003   | 0.0392   | 851     | 0.0000  | 35.5 | PASS
PCAWhitenedCosine        | 0.4646 | 0.0283 | 0.4468 | 0.0298 | 0.3587   | 0.0456   | 851     | 1.2277  | 30.6 | PASS
Vec (Wgt)                | 0.3969 | 0.0339 | 0.4024 | 0.0298 | 0.3209   | 0.0538   | 851     | 0.9846  | 30.3 | FAIL
Log Reg                  | 0.1724 | 0.0299 | 0.1758 | 0.0298 | 0.1365   | 0.0422   | 851     | 0.5167  | 36.2 | PASS
LDA                      | 0.3874 | 0.0378 | 0.3911 | 0.0298 | 0.3011   | 0.0569   | 851     | 5.0749  | 33.2 | FAIL
Tiny MLP                 | 0.4339 | 0.0386 | 0.4347 | 0.0298 | 0.3384   | 0.0623   | 851     | 0.9280  | 35.8 | FAIL
MultiProtoCosine         | 0.0551 | 0.0181 | 0.0621 | 0.0298 | 0.0369   | 0.0205   | 851     | 0.9296  | 38.6 | PASS
WeightedEnsemble         | 0.4866 | 0.0441 | 0.4774 | 0.0298 | 0.3818   | 0.0653   | 851     | 1.1789  | 74.3 | FAIL
XGBoost                  | 0.4244 | 0.0425 | 0.4274 | 0.0298 | 0.3499   | 0.0635   | 851     | 0.7482  | 63.8 | FAIL
LDA1+LogReg              | 0.1756 | 0.0299 | 0.1766 | 0.0298 | 0.1407   | 0.0422   | 851     | 0.5166  | 33.8 | PASS
PCA16+LogReg             | 0.1780 | 0.0299 | 0.1766 | 0.0298 | 0.1436   | 0.0422   | 851     | 0.5160  | 36.3 | PASS
PCA32+LogReg             | 0.1835 | 0.0291 | 0.1839 | 0.0298 | 0.1492   | 0.0419   | 851     | 0.5158  | 38.0 | PASS
PCA16+VecWeighted        | 0.0906 | 0.0276 | 0.0944 | 0.0298 | 0.0654   | 0.0296   | 851     | 0.0371  | 34.5 | PASS
PCA32+VecWeighted        | 0.0591 | 0.0205 | 0.0524 | 0.0298 | 0.0410   | 0.0153   | 851     | 0.0475  | 36.0 | PASS
StabilizedWhitenedCosine | 0.4858 | 0.0441 | 0.4871 | 0.0298 | 0.3842   | 0.0604   | 851     | 1.0847  | 33.2 | FAIL

[trial=30 seed=72] GLOBAL mode — total_samples=200000
  total: h0=82063 h1=15019
  pooled_train:  n0=1270 n1=1270
  pooled_calib:  n0=1240 n1=1240
  pooled_eval:   n0=1270 n1=1270
  regions (for macro stats only): 1103
[INFO] Cosine baseline routed to direct Hadamard sum (PrecomputedCosine)
[INFO] WeightedEnsemble Cosine judge routed to direct Hadamard sum
  [Ensemble] Judges routed to 'alt' input: PrecomputedCosine
[WeightedEnsemble] Fitted weights (alpha=0.0300, external calib):
  tau=1.0888, Pooled external calib: TPR=0.5089, FPR=0.0298
  PrecomputedCosine   : +0.3246
  PCAWhitenedCosine   : +0.1636
  XGBoost             : +0.2291
  Tiny MLP            : +0.2081
  LDA                 : +0.0747

Method                   | TPR    | FPR    | TrTPR  | TrFPR  | MacroTPR | MacroFPR | Regions | TauMean | ms   | OK? 
--------------------------------------------------------------------------------------------------------------------
Cosine                   | 0.3094 | 0.0228 | 0.3081 | 0.0298 | 0.2841   | 0.0389   | 838     | 0.9944  | 28.9 | PASS
AndBox-HC                | 0.2220 | 0.0165 | 0.2081 | 0.0298 | 0.1877   | 0.0281   | 838     | 0.0000  | 41.6 | PASS
PCAWhitenedCosine        | 0.4535 | 0.0307 | 0.4306 | 0.0298 | 0.3652   | 0.0493   | 838     | 1.2098  | 29.7 | FAIL
Vec (Wgt)                | 0.4126 | 0.0299 | 0.4339 | 0.0298 | 0.3753   | 0.0500   | 838     | 0.9707  | 29.5 | PASS
Log Reg                  | 0.1787 | 0.0315 | 0.1621 | 0.0298 | 0.1561   | 0.0445   | 838     | 0.5140  | 34.8 | FAIL
LDA                      | 0.4268 | 0.0362 | 0.4379 | 0.0298 | 0.3526   | 0.0540   | 838     | 4.5478  | 31.4 | FAIL
Tiny MLP                 | 0.4346 | 0.0268 | 0.4073 | 0.0298 | 0.3449   | 0.0399   | 838     | 0.9270  | 33.5 | PASS
MultiProtoCosine         | 0.0480 | 0.0315 | 0.0476 | 0.0298 | 0.0312   | 0.0369   | 838     | 0.9298  | 36.4 | FAIL
WeightedEnsemble         | 0.5094 | 0.0315 | 0.5089 | 0.0298 | 0.4200   | 0.0515   | 838     | 1.0888  | 70.7 | FAIL
XGBoost                  | 0.3795 | 0.0228 | 0.3895 | 0.0298 | 0.3302   | 0.0359   | 838     | 0.7651  | 60.1 | PASS
LDA1+LogReg              | 0.1795 | 0.0315 | 0.1653 | 0.0298 | 0.1570   | 0.0445   | 838     | 0.5140  | 31.6 | FAIL
PCA16+LogReg             | 0.1748 | 0.0299 | 0.1589 | 0.0298 | 0.1524   | 0.0409   | 838     | 0.5135  | 34.3 | PASS
PCA32+LogReg             | 0.1850 | 0.0291 | 0.1710 | 0.0298 | 0.1597   | 0.0403   | 838     | 0.5134  | 35.5 | PASS
PCA16+VecWeighted        | 0.0528 | 0.0213 | 0.0573 | 0.0298 | 0.0377   | 0.0240   | 838     | 0.0340  | 33.2 | PASS
PCA32+VecWeighted        | 0.0488 | 0.0260 | 0.0508 | 0.0298 | 0.0390   | 0.0299   | 838     | 0.0396  | 34.2 | PASS
StabilizedWhitenedCosine | 0.4024 | 0.0283 | 0.4185 | 0.0298 | 0.3393   | 0.0467   | 838     | 1.2126  | 32.2 | PASS

[trial=31 seed=73] GLOBAL mode — total_samples=200000
  total: h0=82063 h1=15019
  pooled_train:  n0=1270 n1=1270
  pooled_calib:  n0=1240 n1=1240
  pooled_eval:   n0=1270 n1=1270
  regions (for macro stats only): 1103
[INFO] Cosine baseline routed to direct Hadamard sum (PrecomputedCosine)
[INFO] WeightedEnsemble Cosine judge routed to direct Hadamard sum
  [Ensemble] Judges routed to 'alt' input: PrecomputedCosine
[WeightedEnsemble] Fitted weights (alpha=0.0300, external calib):
  tau=1.4909, Pooled external calib: TPR=0.4476, FPR=0.0298
  PrecomputedCosine   : +0.0652
  PCAWhitenedCosine   : +0.4878
  XGBoost             : +0.2661
  Tiny MLP            : +0.0535
  LDA                 : +0.1273

Method                   | TPR    | FPR    | TrTPR  | TrFPR  | MacroTPR | MacroFPR | Regions | TauMean | ms   | OK? 
--------------------------------------------------------------------------------------------------------------------
Cosine                   | 0.3402 | 0.0323 | 0.3573 | 0.0298 | 0.3018   | 0.0477   | 859     | 0.9905  | 45.9 | FAIL
AndBox-HC                | 0.2543 | 0.0220 | 0.2637 | 0.0298 | 0.2214   | 0.0368   | 859     | 0.0001  | 37.9 | PASS
PCAWhitenedCosine        | 0.4205 | 0.0315 | 0.4266 | 0.0298 | 0.3309   | 0.0478   | 859     | 1.3099  | 28.9 | FAIL
Vec (Wgt)                | 0.4094 | 0.0339 | 0.4274 | 0.0298 | 0.3499   | 0.0566   | 859     | 0.9811  | 28.7 | FAIL
Log Reg                  | 0.1780 | 0.0449 | 0.2024 | 0.0298 | 0.1651   | 0.0607   | 859     | 0.5144  | 34.3 | FAIL
LDA                      | 0.3512 | 0.0283 | 0.3887 | 0.0298 | 0.2865   | 0.0445   | 859     | 4.9881  | 31.3 | PASS
Tiny MLP                 | 0.3787 | 0.0323 | 0.4008 | 0.0298 | 0.3131   | 0.0474   | 859     | 0.9383  | 33.4 | FAIL
MultiProtoCosine         | 0.0598 | 0.0260 | 0.0581 | 0.0298 | 0.0502   | 0.0278   | 859     | 0.9285  | 36.9 | PASS
WeightedEnsemble         | 0.4260 | 0.0307 | 0.4476 | 0.0298 | 0.3417   | 0.0487   | 859     | 1.4909  | 71.0 | FAIL
XGBoost                  | 0.3661 | 0.0228 | 0.3766 | 0.0282 | 0.3077   | 0.0372   | 859     | 0.7684  | 60.4 | PASS
LDA1+LogReg              | 0.1780 | 0.0449 | 0.2024 | 0.0298 | 0.1651   | 0.0607   | 859     | 0.5144  | 32.4 | FAIL
PCA16+LogReg             | 0.1827 | 0.0457 | 0.2097 | 0.0298 | 0.1660   | 0.0594   | 859     | 0.5139  | 34.8 | FAIL
PCA32+LogReg             | 0.1882 | 0.0449 | 0.2089 | 0.0290 | 0.1712   | 0.0607   | 859     | 0.5138  | 36.4 | FAIL
PCA16+VecWeighted        | 0.1291 | 0.0331 | 0.1395 | 0.0298 | 0.1076   | 0.0448   | 859     | 0.0340  | 34.0 | FAIL
PCA32+VecWeighted        | 0.0969 | 0.0323 | 0.0879 | 0.0298 | 0.0871   | 0.0428   | 859     | 0.0389  | 35.4 | FAIL
StabilizedWhitenedCosine | 0.4488 | 0.0323 | 0.4250 | 0.0298 | 0.3644   | 0.0542   | 859     | 1.2060  | 32.9 | FAIL

[trial=32 seed=74] GLOBAL mode — total_samples=200000
  total: h0=82063 h1=15019
  pooled_train:  n0=1270 n1=1270
  pooled_calib:  n0=1240 n1=1240
  pooled_eval:   n0=1270 n1=1270
  regions (for macro stats only): 1103
[INFO] Cosine baseline routed to direct Hadamard sum (PrecomputedCosine)
[INFO] WeightedEnsemble Cosine judge routed to direct Hadamard sum
  [Ensemble] Judges routed to 'alt' input: PrecomputedCosine
[WeightedEnsemble] Fitted weights (alpha=0.0300, external calib):
  tau=0.9549, Pooled external calib: TPR=0.4790, FPR=0.0298
  PrecomputedCosine   : +0.2610
  PCAWhitenedCosine   : +0.2348
  XGBoost             : +0.2127
  Tiny MLP            : +0.2846
  LDA                 : +0.0070

Method                   | TPR    | FPR    | TrTPR  | TrFPR  | MacroTPR | MacroFPR | Regions | TauMean | ms   | OK? 
--------------------------------------------------------------------------------------------------------------------
Cosine                   | 0.3535 | 0.0236 | 0.3734 | 0.0298 | 0.3129   | 0.0348   | 841     | 0.9902  | 82.2 | PASS
AndBox-HC                | 0.3039 | 0.0276 | 0.2944 | 0.0298 | 0.2876   | 0.0431   | 841     | 0.0000  | 34.5 | PASS
PCAWhitenedCosine        | 0.4079 | 0.0323 | 0.4185 | 0.0298 | 0.3249   | 0.0516   | 841     | 1.2659  | 30.0 | FAIL
Vec (Wgt)                | 0.4157 | 0.0315 | 0.4274 | 0.0298 | 0.3454   | 0.0474   | 841     | 0.9792  | 30.3 | FAIL
Log Reg                  | 0.1811 | 0.0441 | 0.1944 | 0.0298 | 0.1675   | 0.0621   | 841     | 0.5151  | 36.5 | FAIL
LDA                      | 0.3843 | 0.0244 | 0.3726 | 0.0298 | 0.2989   | 0.0413   | 841     | 5.1822  | 33.2 | PASS
Tiny MLP                 | 0.3827 | 0.0260 | 0.4105 | 0.0298 | 0.2988   | 0.0436   | 841     | 0.9472  | 35.3 | PASS
MultiProtoCosine         | 0.0748 | 0.0465 | 0.0774 | 0.0298 | 0.0733   | 0.0538   | 841     | 0.9251  | 38.1 | FAIL
WeightedEnsemble         | 0.4512 | 0.0283 | 0.4790 | 0.0298 | 0.3539   | 0.0494   | 841     | 0.9549  | 75.1 | PASS
XGBoost                  | 0.3945 | 0.0268 | 0.4194 | 0.0298 | 0.3512   | 0.0463   | 841     | 0.7535  | 63.9 | PASS
LDA1+LogReg              | 0.1819 | 0.0441 | 0.1952 | 0.0298 | 0.1680   | 0.0621   | 841     | 0.5151  | 33.4 | FAIL
PCA16+LogReg             | 0.1756 | 0.0425 | 0.1919 | 0.0298 | 0.1602   | 0.0610   | 841     | 0.5150  | 35.2 | FAIL
PCA32+LogReg             | 0.1835 | 0.0441 | 0.2008 | 0.0298 | 0.1689   | 0.0621   | 841     | 0.5146  | 36.2 | FAIL
PCA16+VecWeighted        | 0.1134 | 0.0488 | 0.1137 | 0.0298 | 0.1084   | 0.0580   | 841     | 0.0290  | 34.1 | FAIL
PCA32+VecWeighted        | 0.1189 | 0.0394 | 0.1097 | 0.0298 | 0.1073   | 0.0476   | 841     | 0.0349  | 34.8 | FAIL
StabilizedWhitenedCosine | 0.4354 | 0.0346 | 0.4339 | 0.0298 | 0.3569   | 0.0548   | 841     | 1.1267  | 32.3 | FAIL

[trial=33 seed=75] GLOBAL mode — total_samples=200000
  total: h0=82063 h1=15019
  pooled_train:  n0=1270 n1=1270
  pooled_calib:  n0=1240 n1=1240
  pooled_eval:   n0=1270 n1=1270
  regions (for macro stats only): 1103
[INFO] Cosine baseline routed to direct Hadamard sum (PrecomputedCosine)
[INFO] WeightedEnsemble Cosine judge routed to direct Hadamard sum
  [Ensemble] Judges routed to 'alt' input: PrecomputedCosine
[WeightedEnsemble] Fitted weights (alpha=0.0300, external calib):
  tau=1.4350, Pooled external calib: TPR=0.5089, FPR=0.0298
  PrecomputedCosine   : +0.0795
  PCAWhitenedCosine   : +0.2043
  XGBoost             : +0.4654
  Tiny MLP            : +0.0260
  LDA                 : +0.2247

Method                   | TPR    | FPR    | TrTPR  | TrFPR  | MacroTPR | MacroFPR | Regions | TauMean | ms   | OK? 
--------------------------------------------------------------------------------------------------------------------
Cosine                   | 0.3504 | 0.0244 | 0.3371 | 0.0298 | 0.2985   | 0.0431   | 857     | 0.9904  | 69.0 | PASS
AndBox-HC                | 0.2764 | 0.0244 | 0.3024 | 0.0298 | 0.2493   | 0.0407   | 857     | 0.0000  | 37.7 | PASS
PCAWhitenedCosine        | 0.4756 | 0.0205 | 0.4484 | 0.0298 | 0.3725   | 0.0389   | 857     | 1.1538  | 29.1 | PASS
Vec (Wgt)                | 0.4386 | 0.0307 | 0.4403 | 0.0298 | 0.3696   | 0.0497   | 857     | 0.9728  | 28.4 | FAIL
Log Reg                  | 0.1748 | 0.0205 | 0.1790 | 0.0298 | 0.1403   | 0.0310   | 857     | 0.5131  | 34.9 | PASS
LDA                      | 0.4528 | 0.0213 | 0.4621 | 0.0298 | 0.3453   | 0.0376   | 857     | 3.9606  | 31.9 | PASS
Tiny MLP                 | 0.4157 | 0.0181 | 0.4218 | 0.0298 | 0.3111   | 0.0323   | 857     | 0.9433  | 34.0 | PASS
MultiProtoCosine         | 0.0780 | 0.0142 | 0.0677 | 0.0298 | 0.0547   | 0.0193   | 857     | 0.9289  | 37.0 | PASS
WeightedEnsemble         | 0.5055 | 0.0252 | 0.5089 | 0.0298 | 0.3962   | 0.0432   | 857     | 1.4350  | 70.0 | PASS
XGBoost                  | 0.3740 | 0.0220 | 0.3645 | 0.0298 | 0.3155   | 0.0385   | 857     | 0.7578  | 59.4 | PASS
LDA1+LogReg              | 0.1748 | 0.0197 | 0.1790 | 0.0298 | 0.1403   | 0.0301   | 857     | 0.5131  | 31.6 | PASS
PCA16+LogReg             | 0.1772 | 0.0205 | 0.1798 | 0.0298 | 0.1394   | 0.0304   | 857     | 0.5126  | 34.1 | PASS
PCA32+LogReg             | 0.1764 | 0.0173 | 0.1790 | 0.0298 | 0.1410   | 0.0263   | 857     | 0.5125  | 35.1 | PASS
PCA16+VecWeighted        | 0.0047 | 0.0339 | 0.0008 | 0.0298 | 0.0101   | 0.0127   | 857     | 0.0414  | 32.8 | FAIL
PCA32+VecWeighted        | 0.0173 | 0.0299 | 0.0145 | 0.0298 | 0.0134   | 0.0131   | 857     | 0.0453  | 34.2 | PASS
StabilizedWhitenedCosine | 0.5031 | 0.0323 | 0.4903 | 0.0298 | 0.4043   | 0.0541   | 857     | 0.9811  | 32.4 | FAIL

[trial=34 seed=76] GLOBAL mode — total_samples=200000
  total: h0=82063 h1=15019
  pooled_train:  n0=1270 n1=1270
  pooled_calib:  n0=1240 n1=1240
  pooled_eval:   n0=1270 n1=1270
  regions (for macro stats only): 1103
[INFO] Cosine baseline routed to direct Hadamard sum (PrecomputedCosine)
[INFO] WeightedEnsemble Cosine judge routed to direct Hadamard sum
  [Ensemble] Judges routed to 'alt' input: PrecomputedCosine
[WeightedEnsemble] Fitted weights (alpha=0.0300, external calib):
  tau=0.9398, Pooled external calib: TPR=0.4927, FPR=0.0298
  PrecomputedCosine   : +0.3209
  PCAWhitenedCosine   : +0.3118
  XGBoost             : +0.3183
  Tiny MLP            : +0.0373
  LDA                 : +0.0115

Method                   | TPR    | FPR    | TrTPR  | TrFPR  | MacroTPR | MacroFPR | Regions | TauMean | ms   | OK? 
--------------------------------------------------------------------------------------------------------------------
Cosine                   | 0.3756 | 0.0299 | 0.3790 | 0.0298 | 0.3313   | 0.0474   | 865     | 0.9863  | 35.4 | PASS
AndBox-HC                | 0.3551 | 0.0346 | 0.3548 | 0.0298 | 0.3234   | 0.0471   | 865     | 0.0000  | 37.4 | FAIL
PCAWhitenedCosine        | 0.4835 | 0.0425 | 0.4911 | 0.0298 | 0.3956   | 0.0667   | 865     | 1.1163  | 30.5 | FAIL
Vec (Wgt)                | 0.4394 | 0.0339 | 0.4395 | 0.0298 | 0.3745   | 0.0526   | 865     | 0.9704  | 30.3 | FAIL
Log Reg                  | 0.1638 | 0.0252 | 0.1645 | 0.0298 | 0.1369   | 0.0429   | 865     | 0.5147  | 35.7 | PASS
LDA                      | 0.3913 | 0.0299 | 0.3960 | 0.0298 | 0.3263   | 0.0459   | 865     | 4.8833  | 32.3 | PASS
Tiny MLP                 | 0.4307 | 0.0307 | 0.4403 | 0.0298 | 0.3510   | 0.0490   | 865     | 0.9187  | 34.7 | FAIL
MultiProtoCosine         | 0.0850 | 0.0291 | 0.0790 | 0.0298 | 0.0550   | 0.0270   | 865     | 0.9276  | 38.3 | PASS
WeightedEnsemble         | 0.4819 | 0.0409 | 0.4927 | 0.0298 | 0.3956   | 0.0619   | 865     | 0.9398  | 72.2 | FAIL
XGBoost                  | 0.4268 | 0.0331 | 0.4250 | 0.0298 | 0.3589   | 0.0517   | 865     | 0.7565  | 62.2 | FAIL
LDA1+LogReg              | 0.1638 | 0.0244 | 0.1645 | 0.0298 | 0.1369   | 0.0412   | 865     | 0.5147  | 33.5 | PASS
PCA16+LogReg             | 0.1614 | 0.0260 | 0.1677 | 0.0298 | 0.1367   | 0.0439   | 865     | 0.5142  | 36.2 | PASS
PCA32+LogReg             | 0.1677 | 0.0252 | 0.1694 | 0.0298 | 0.1406   | 0.0414   | 865     | 0.5140  | 36.8 | PASS
PCA16+VecWeighted        | 0.0520 | 0.0252 | 0.0508 | 0.0298 | 0.0389   | 0.0268   | 865     | 0.0331  | 34.3 | PASS
PCA32+VecWeighted        | 0.0331 | 0.0213 | 0.0387 | 0.0298 | 0.0355   | 0.0246   | 865     | 0.0410  | 35.6 | PASS
StabilizedWhitenedCosine | 0.4669 | 0.0323 | 0.4774 | 0.0298 | 0.3718   | 0.0531   | 865     | 1.1158  | 33.0 | FAIL

[trial=35 seed=77] GLOBAL mode — total_samples=200000
  total: h0=82063 h1=15019
  pooled_train:  n0=1270 n1=1270
  pooled_calib:  n0=1240 n1=1240
  pooled_eval:   n0=1270 n1=1270
  regions (for macro stats only): 1103
[INFO] Cosine baseline routed to direct Hadamard sum (PrecomputedCosine)
[INFO] WeightedEnsemble Cosine judge routed to direct Hadamard sum
  [Ensemble] Judges routed to 'alt' input: PrecomputedCosine
[WeightedEnsemble] Fitted weights (alpha=0.0300, external calib):
  tau=0.9472, Pooled external calib: TPR=0.4702, FPR=0.0298
  PrecomputedCosine   : +0.3209
  PCAWhitenedCosine   : +0.3118
  XGBoost             : +0.3183
  Tiny MLP            : +0.0373
  LDA                 : +0.0115

Method                   | TPR    | FPR    | TrTPR  | TrFPR  | MacroTPR | MacroFPR | Regions | TauMean | ms   | OK? 
--------------------------------------------------------------------------------------------------------------------
Cosine                   | 0.4346 | 0.0307 | 0.4129 | 0.0298 | 0.4118   | 0.0486   | 862     | 0.9713  | 46.8 | FAIL
AndBox-HC                | 0.3071 | 0.0307 | 0.3210 | 0.0298 | 0.2891   | 0.0414   | 862     | 0.0000  | 49.4 | FAIL
PCAWhitenedCosine        | 0.4205 | 0.0315 | 0.4290 | 0.0298 | 0.3344   | 0.0421   | 862     | 1.2130  | 30.0 | FAIL
Vec (Wgt)                | 0.4858 | 0.0457 | 0.4750 | 0.0298 | 0.4470   | 0.0717   | 862     | 0.9494  | 29.8 | FAIL
Log Reg                  | 0.1953 | 0.0378 | 0.2016 | 0.0298 | 0.1611   | 0.0588   | 862     | 0.5114  | 36.6 | FAIL
LDA                      | 0.3937 | 0.0331 | 0.3968 | 0.0298 | 0.2971   | 0.0466   | 862     | 4.5216  | 32.7 | FAIL
Tiny MLP                 | 0.3874 | 0.0315 | 0.3798 | 0.0298 | 0.2944   | 0.0503   | 862     | 0.9424  | 34.1 | FAIL
MultiProtoCosine         | 0.0709 | 0.0299 | 0.0758 | 0.0298 | 0.0484   | 0.0394   | 862     | 0.9288  | 37.1 | PASS
WeightedEnsemble         | 0.4583 | 0.0323 | 0.4702 | 0.0298 | 0.3749   | 0.0455   | 862     | 0.9472  | 70.9 | FAIL
XGBoost                  | 0.4543 | 0.0362 | 0.4403 | 0.0298 | 0.4133   | 0.0525   | 862     | 0.7272  | 60.6 | FAIL
LDA1+LogReg              | 0.1969 | 0.0386 | 0.2016 | 0.0298 | 0.1624   | 0.0594   | 862     | 0.5114  | 32.8 | FAIL
PCA16+LogReg             | 0.2000 | 0.0370 | 0.2032 | 0.0298 | 0.1653   | 0.0557   | 862     | 0.5109  | 35.4 | FAIL
PCA32+LogReg             | 0.2118 | 0.0402 | 0.2089 | 0.0298 | 0.1736   | 0.0600   | 862     | 0.5106  | 36.3 | FAIL
PCA16+VecWeighted        | 0.1134 | 0.0394 | 0.1065 | 0.0298 | 0.0892   | 0.0446   | 862     | 0.0315  | 33.9 | FAIL
PCA32+VecWeighted        | 0.1417 | 0.0417 | 0.1355 | 0.0298 | 0.1148   | 0.0493   | 862     | 0.0330  | 35.7 | FAIL
StabilizedWhitenedCosine | 0.4126 | 0.0268 | 0.4145 | 0.0298 | 0.3331   | 0.0407   | 862     | 1.1521  | 32.9 | PASS

[trial=36 seed=78] GLOBAL mode — total_samples=200000
  total: h0=82063 h1=15019
  pooled_train:  n0=1270 n1=1270
  pooled_calib:  n0=1240 n1=1240
  pooled_eval:   n0=1270 n1=1270
  regions (for macro stats only): 1103
[INFO] Cosine baseline routed to direct Hadamard sum (PrecomputedCosine)
[INFO] WeightedEnsemble Cosine judge routed to direct Hadamard sum
  [Ensemble] Judges routed to 'alt' input: PrecomputedCosine
[WeightedEnsemble] Fitted weights (alpha=0.0300, external calib):
  tau=1.1933, Pooled external calib: TPR=0.4637, FPR=0.0298
  PrecomputedCosine   : +0.5781
  PCAWhitenedCosine   : +0.1050
  XGBoost             : +0.0043
  Tiny MLP            : +0.2326
  LDA                 : +0.0800

Method                   | TPR    | FPR    | TrTPR  | TrFPR  | MacroTPR | MacroFPR | Regions | TauMean | ms   | OK? 
--------------------------------------------------------------------------------------------------------------------
Cosine                   | 0.3213 | 0.0276 | 0.3315 | 0.0298 | 0.2646   | 0.0386   | 861     | 0.9927  | 32.0 | PASS
AndBox-HC                | 0.2480 | 0.0260 | 0.2347 | 0.0298 | 0.2007   | 0.0310   | 861     | 0.0000  | 59.3 | PASS
PCAWhitenedCosine        | 0.4520 | 0.0307 | 0.4274 | 0.0298 | 0.3641   | 0.0440   | 861     | 1.1813  | 28.8 | FAIL
Vec (Wgt)                | 0.4118 | 0.0244 | 0.4081 | 0.0290 | 0.3437   | 0.0352   | 861     | 0.9774  | 28.5 | PASS
Log Reg                  | 0.1598 | 0.0260 | 0.1621 | 0.0298 | 0.1478   | 0.0400   | 861     | 0.5139  | 34.0 | PASS
LDA                      | 0.4276 | 0.0228 | 0.3919 | 0.0298 | 0.3241   | 0.0387   | 861     | 4.7895  | 31.2 | PASS
Tiny MLP                 | 0.4496 | 0.0268 | 0.4226 | 0.0298 | 0.3442   | 0.0438   | 861     | 0.9132  | 33.1 | PASS
MultiProtoCosine         | 0.0598 | 0.0354 | 0.0677 | 0.0298 | 0.0546   | 0.0433   | 861     | 0.9268  | 37.3 | FAIL
WeightedEnsemble         | 0.4898 | 0.0299 | 0.4637 | 0.0298 | 0.3833   | 0.0495   | 861     | 1.1933  | 70.1 | PASS
XGBoost                  | 0.3669 | 0.0197 | 0.3524 | 0.0298 | 0.2964   | 0.0309   | 861     | 0.7670  | 60.2 | PASS
LDA1+LogReg              | 0.1606 | 0.0260 | 0.1621 | 0.0298 | 0.1485   | 0.0400   | 861     | 0.5139  | 31.9 | PASS
PCA16+LogReg             | 0.1606 | 0.0276 | 0.1629 | 0.0298 | 0.1437   | 0.0417   | 861     | 0.5135  | 34.6 | PASS
PCA32+LogReg             | 0.1591 | 0.0252 | 0.1621 | 0.0298 | 0.1457   | 0.0365   | 861     | 0.5136  | 35.1 | PASS
PCA16+VecWeighted        | 0.0787 | 0.0331 | 0.0742 | 0.0298 | 0.0570   | 0.0414   | 861     | 0.0348  | 32.9 | FAIL
PCA32+VecWeighted        | 0.0622 | 0.0307 | 0.0565 | 0.0298 | 0.0447   | 0.0361   | 861     | 0.0418  | 33.7 | FAIL
StabilizedWhitenedCosine | 0.4055 | 0.0220 | 0.3944 | 0.0298 | 0.3242   | 0.0298   | 861     | 1.2497  | 31.8 | PASS

[trial=37 seed=79] GLOBAL mode — total_samples=200000
  total: h0=82063 h1=15019
  pooled_train:  n0=1270 n1=1270
  pooled_calib:  n0=1240 n1=1240
  pooled_eval:   n0=1270 n1=1270
  regions (for macro stats only): 1103
[INFO] Cosine baseline routed to direct Hadamard sum (PrecomputedCosine)
[INFO] WeightedEnsemble Cosine judge routed to direct Hadamard sum
  [Ensemble] Judges routed to 'alt' input: PrecomputedCosine
[WeightedEnsemble] Fitted weights (alpha=0.0300, external calib):
  tau=1.2518, Pooled external calib: TPR=0.5218, FPR=0.0298
  PrecomputedCosine   : +0.7052
  PCAWhitenedCosine   : +0.1314
  XGBoost             : +0.0181
  Tiny MLP            : +0.0260
  LDA                 : +0.1193

Method                   | TPR    | FPR    | TrTPR  | TrFPR  | MacroTPR | MacroFPR | Regions | TauMean | ms   | OK? 
--------------------------------------------------------------------------------------------------------------------
Cosine                   | 0.3740 | 0.0370 | 0.3645 | 0.0298 | 0.3443   | 0.0526   | 857     | 0.9865  | 33.7 | FAIL
AndBox-HC                | 0.2315 | 0.0252 | 0.2298 | 0.0298 | 0.2094   | 0.0364   | 857     | 0.0000  | 45.1 | PASS
PCAWhitenedCosine        | 0.4512 | 0.0346 | 0.4379 | 0.0298 | 0.3726   | 0.0489   | 857     | 1.2094  | 28.7 | FAIL
Vec (Wgt)                | 0.4189 | 0.0315 | 0.4129 | 0.0298 | 0.3637   | 0.0448   | 857     | 0.9735  | 28.4 | FAIL
Log Reg                  | 0.1480 | 0.0268 | 0.1581 | 0.0298 | 0.1405   | 0.0367   | 857     | 0.5147  | 34.5 | PASS
LDA                      | 0.4929 | 0.0409 | 0.4758 | 0.0298 | 0.3965   | 0.0567   | 857     | 4.1396  | 31.4 | FAIL
Tiny MLP                 | 0.4906 | 0.0339 | 0.4685 | 0.0298 | 0.3943   | 0.0457   | 857     | 0.9006  | 33.9 | FAIL
MultiProtoCosine         | 0.0402 | 0.0244 | 0.0492 | 0.0298 | 0.0447   | 0.0238   | 857     | 0.9283  | 36.7 | PASS
WeightedEnsemble         | 0.5244 | 0.0386 | 0.5218 | 0.0298 | 0.4378   | 0.0523   | 857     | 1.2518  | 70.6 | FAIL
XGBoost                  | 0.4409 | 0.0339 | 0.4073 | 0.0298 | 0.3862   | 0.0454   | 857     | 0.7382  | 60.5 | FAIL
LDA1+LogReg              | 0.1488 | 0.0268 | 0.1581 | 0.0298 | 0.1411   | 0.0367   | 857     | 0.5147  | 31.7 | PASS
PCA16+LogReg             | 0.1472 | 0.0252 | 0.1540 | 0.0298 | 0.1383   | 0.0353   | 857     | 0.5145  | 34.5 | PASS
PCA32+LogReg             | 0.1528 | 0.0260 | 0.1605 | 0.0298 | 0.1433   | 0.0370   | 857     | 0.5141  | 35.0 | PASS
PCA16+VecWeighted        | 0.1496 | 0.0331 | 0.1589 | 0.0298 | 0.1253   | 0.0405   | 857     | 0.0316  | 33.4 | FAIL
PCA32+VecWeighted        | 0.1441 | 0.0370 | 0.1387 | 0.0298 | 0.1251   | 0.0379   | 857     | 0.0367  | 34.0 | FAIL
StabilizedWhitenedCosine | 0.4205 | 0.0315 | 0.4024 | 0.0298 | 0.3492   | 0.0452   | 857     | 1.2549  | 31.7 | FAIL

[trial=38 seed=80] GLOBAL mode — total_samples=200000
  total: h0=82063 h1=15019
  pooled_train:  n0=1270 n1=1270
  pooled_calib:  n0=1240 n1=1240
  pooled_eval:   n0=1270 n1=1270
  regions (for macro stats only): 1103
[INFO] Cosine baseline routed to direct Hadamard sum (PrecomputedCosine)
[INFO] WeightedEnsemble Cosine judge routed to direct Hadamard sum
  [Ensemble] Judges routed to 'alt' input: PrecomputedCosine
[WeightedEnsemble] Fitted weights (alpha=0.0300, external calib):
  tau=1.7409, Pooled external calib: TPR=0.4048, FPR=0.0298
  PrecomputedCosine   : +0.1270
  PCAWhitenedCosine   : +0.4131
  XGBoost             : +0.2315
  Tiny MLP            : +0.0777
  LDA                 : +0.1507

Method                   | TPR    | FPR    | TrTPR  | TrFPR  | MacroTPR | MacroFPR | Regions | TauMean | ms   | OK? 
--------------------------------------------------------------------------------------------------------------------
Cosine                   | 0.3535 | 0.0268 | 0.3363 | 0.0298 | 0.3014   | 0.0426   | 871     | 0.9903  | 60.0 | PASS
AndBox-HC                | 0.2488 | 0.0268 | 0.2597 | 0.0298 | 0.2218   | 0.0412   | 871     | 0.0001  | 40.9 | PASS
PCAWhitenedCosine        | 0.3772 | 0.0220 | 0.3782 | 0.0266 | 0.2886   | 0.0320   | 871     | 1.4184  | 30.2 | PASS
Vec (Wgt)                | 0.3811 | 0.0157 | 0.3790 | 0.0282 | 0.2999   | 0.0261   | 871     | 0.9866  | 30.1 | PASS
Log Reg                  | 0.1748 | 0.0252 | 0.1863 | 0.0298 | 0.1424   | 0.0402   | 871     | 0.5133  | 36.5 | PASS
LDA                      | 0.3976 | 0.0276 | 0.3887 | 0.0258 | 0.3043   | 0.0372   | 871     | 5.3726  | 33.3 | PASS
Tiny MLP                 | 0.3819 | 0.0283 | 0.3750 | 0.0298 | 0.2870   | 0.0366   | 871     | 0.9588  | 35.9 | PASS
MultiProtoCosine         | 0.0630 | 0.0283 | 0.0863 | 0.0298 | 0.0477   | 0.0324   | 871     | 0.9265  | 38.3 | PASS
WeightedEnsemble         | 0.4220 | 0.0236 | 0.4048 | 0.0298 | 0.3236   | 0.0349   | 871     | 1.7409  | 71.4 | PASS
XGBoost                  | 0.3945 | 0.0236 | 0.3863 | 0.0298 | 0.3119   | 0.0399   | 871     | 0.7689  | 61.9 | PASS
LDA1+LogReg              | 0.1787 | 0.0252 | 0.1879 | 0.0298 | 0.1443   | 0.0402   | 871     | 0.5133  | 32.9 | PASS
PCA16+LogReg             | 0.1732 | 0.0276 | 0.1831 | 0.0298 | 0.1433   | 0.0413   | 871     | 0.5129  | 35.2 | PASS
PCA32+LogReg             | 0.1748 | 0.0236 | 0.1839 | 0.0298 | 0.1416   | 0.0379   | 871     | 0.5131  | 37.0 | PASS
PCA16+VecWeighted        | 0.0189 | 0.0291 | 0.0226 | 0.0298 | 0.0273   | 0.0295   | 871     | 0.0358  | 34.5 | PASS
PCA32+VecWeighted        | 0.0504 | 0.0354 | 0.0347 | 0.0298 | 0.0492   | 0.0402   | 871     | 0.0391  | 35.3 | FAIL
StabilizedWhitenedCosine | 0.3843 | 0.0260 | 0.3734 | 0.0298 | 0.2876   | 0.0381   | 871     | 1.4109  | 33.8 | PASS

[trial=39 seed=81] GLOBAL mode — total_samples=200000
  total: h0=82063 h1=15019
  pooled_train:  n0=1270 n1=1270
  pooled_calib:  n0=1240 n1=1240
  pooled_eval:   n0=1270 n1=1270
  regions (for macro stats only): 1103
[INFO] Cosine baseline routed to direct Hadamard sum (PrecomputedCosine)
[INFO] WeightedEnsemble Cosine judge routed to direct Hadamard sum
  [Ensemble] Judges routed to 'alt' input: PrecomputedCosine
[WeightedEnsemble] Fitted weights (alpha=0.0300, external calib):
  tau=0.9744, Pooled external calib: TPR=0.4944, FPR=0.0298
  PrecomputedCosine   : +0.1195
  PCAWhitenedCosine   : +0.3770
  XGBoost             : +0.2691
  Tiny MLP            : +0.2045
  LDA                 : +0.0298

Method                   | TPR    | FPR    | TrTPR  | TrFPR  | MacroTPR | MacroFPR | Regions | TauMean | ms   | OK? 
--------------------------------------------------------------------------------------------------------------------
Cosine                   | 0.3724 | 0.0331 | 0.3669 | 0.0298 | 0.3299   | 0.0471   | 872     | 0.9864  | 61.0 | FAIL
AndBox-HC                | 0.3795 | 0.0433 | 0.3556 | 0.0298 | 0.3464   | 0.0588   | 872     | 0.0000  | 40.5 | FAIL
PCAWhitenedCosine        | 0.4717 | 0.0323 | 0.4387 | 0.0298 | 0.3614   | 0.0451   | 872     | 1.1738  | 29.8 | FAIL
Vec (Wgt)                | 0.4354 | 0.0331 | 0.4177 | 0.0298 | 0.3639   | 0.0471   | 872     | 0.9775  | 30.3 | FAIL
Log Reg                  | 0.1937 | 0.0299 | 0.1589 | 0.0298 | 0.1601   | 0.0412   | 872     | 0.5131  | 36.9 | PASS
LDA                      | 0.4268 | 0.0213 | 0.3992 | 0.0298 | 0.3267   | 0.0300   | 872     | 4.5709  | 33.1 | PASS
Tiny MLP                 | 0.4591 | 0.0307 | 0.4315 | 0.0298 | 0.3483   | 0.0454   | 872     | 0.9286  | 35.5 | FAIL
MultiProtoCosine         | 0.0764 | 0.0331 | 0.0742 | 0.0298 | 0.0595   | 0.0316   | 872     | 0.9281  | 38.7 | FAIL
WeightedEnsemble         | 0.5181 | 0.0378 | 0.4944 | 0.0298 | 0.4030   | 0.0516   | 872     | 0.9744  | 71.5 | FAIL
XGBoost                  | 0.4425 | 0.0417 | 0.4056 | 0.0298 | 0.3627   | 0.0507   | 872     | 0.7420  | 60.9 | FAIL
LDA1+LogReg              | 0.1937 | 0.0299 | 0.1597 | 0.0298 | 0.1601   | 0.0412   | 872     | 0.5131  | 33.7 | PASS
PCA16+LogReg             | 0.2031 | 0.0315 | 0.1677 | 0.0298 | 0.1648   | 0.0439   | 872     | 0.5122  | 35.6 | FAIL
PCA32+LogReg             | 0.2047 | 0.0339 | 0.1710 | 0.0298 | 0.1691   | 0.0446   | 872     | 0.5121  | 36.4 | FAIL
PCA16+VecWeighted        | 0.0929 | 0.0299 | 0.0855 | 0.0298 | 0.0789   | 0.0395   | 872     | 0.0363  | 33.8 | PASS
PCA32+VecWeighted        | 0.1315 | 0.0323 | 0.1048 | 0.0298 | 0.1058   | 0.0406   | 872     | 0.0374  | 35.5 | FAIL
StabilizedWhitenedCosine | 0.4693 | 0.0331 | 0.4371 | 0.0298 | 0.3685   | 0.0482   | 872     | 1.0974  | 32.2 | FAIL

[trial=40 seed=82] GLOBAL mode — total_samples=200000
  total: h0=82063 h1=15019
  pooled_train:  n0=1270 n1=1270
  pooled_calib:  n0=1240 n1=1240
  pooled_eval:   n0=1270 n1=1270
  regions (for macro stats only): 1103
[INFO] Cosine baseline routed to direct Hadamard sum (PrecomputedCosine)
[INFO] WeightedEnsemble Cosine judge routed to direct Hadamard sum
  [Ensemble] Judges routed to 'alt' input: PrecomputedCosine
[WeightedEnsemble] Fitted weights (alpha=0.0300, external calib):
  tau=0.9332, Pooled external calib: TPR=0.4556, FPR=0.0298
  PrecomputedCosine   : +0.3209
  PCAWhitenedCosine   : +0.3118
  XGBoost             : +0.3183
  Tiny MLP            : +0.0373
  LDA                 : +0.0115

Method                   | TPR    | FPR    | TrTPR  | TrFPR  | MacroTPR | MacroFPR | Regions | TauMean | ms   | OK? 
--------------------------------------------------------------------------------------------------------------------
Cosine                   | 0.3835 | 0.0323 | 0.3726 | 0.0298 | 0.3531   | 0.0458   | 866     | 0.9823  | 47.3 | FAIL
AndBox-HC                | 0.3488 | 0.0346 | 0.3339 | 0.0298 | 0.3207   | 0.0507   | 866     | 0.0000  | 50.9 | FAIL
PCAWhitenedCosine        | 0.4457 | 0.0276 | 0.4274 | 0.0298 | 0.3425   | 0.0489   | 866     | 1.1495  | 29.7 | PASS
Vec (Wgt)                | 0.4205 | 0.0339 | 0.4169 | 0.0298 | 0.3767   | 0.0526   | 866     | 0.9762  | 29.7 | FAIL
Log Reg                  | 0.1929 | 0.0346 | 0.1863 | 0.0298 | 0.1740   | 0.0505   | 866     | 0.5123  | 35.9 | FAIL
LDA                      | 0.4205 | 0.0205 | 0.4024 | 0.0298 | 0.3230   | 0.0352   | 866     | 4.5036  | 32.0 | PASS
Tiny MLP                 | 0.4291 | 0.0165 | 0.4185 | 0.0298 | 0.3265   | 0.0274   | 866     | 0.8993  | 34.2 | PASS
MultiProtoCosine         | 0.0472 | 0.0339 | 0.0540 | 0.0298 | 0.0420   | 0.0375   | 866     | 0.9281  | 38.0 | FAIL
WeightedEnsemble         | 0.4685 | 0.0276 | 0.4556 | 0.0298 | 0.3731   | 0.0462   | 866     | 0.9332  | 72.1 | PASS
XGBoost                  | 0.4260 | 0.0323 | 0.4210 | 0.0298 | 0.3762   | 0.0490   | 866     | 0.7323  | 62.7 | FAIL
LDA1+LogReg              | 0.1929 | 0.0346 | 0.1879 | 0.0298 | 0.1740   | 0.0505   | 866     | 0.5122  | 32.8 | FAIL
PCA16+LogReg             | 0.1961 | 0.0346 | 0.1887 | 0.0298 | 0.1780   | 0.0505   | 866     | 0.5118  | 36.3 | FAIL
PCA32+LogReg             | 0.2110 | 0.0339 | 0.2056 | 0.0298 | 0.1847   | 0.0496   | 866     | 0.5117  | 36.9 | FAIL
PCA16+VecWeighted        | 0.0528 | 0.0331 | 0.0435 | 0.0298 | 0.0540   | 0.0294   | 866     | 0.0315  | 34.0 | FAIL
PCA32+VecWeighted        | 0.0535 | 0.0315 | 0.0581 | 0.0298 | 0.0470   | 0.0252   | 866     | 0.0388  | 35.1 | FAIL
StabilizedWhitenedCosine | 0.4843 | 0.0283 | 0.4645 | 0.0298 | 0.3909   | 0.0477   | 866     | 1.0375  | 32.9 | PASS

[trial=41 seed=83] GLOBAL mode — total_samples=200000
  total: h0=82063 h1=15019
  pooled_train:  n0=1270 n1=1270
  pooled_calib:  n0=1240 n1=1240
  pooled_eval:   n0=1270 n1=1270
  regions (for macro stats only): 1103
[INFO] Cosine baseline routed to direct Hadamard sum (PrecomputedCosine)
[INFO] WeightedEnsemble Cosine judge routed to direct Hadamard sum
  [Ensemble] Judges routed to 'alt' input: PrecomputedCosine
[WeightedEnsemble] Fitted weights (alpha=0.0300, external calib):
  tau=1.1681, Pooled external calib: TPR=0.5137, FPR=0.0298
  PrecomputedCosine   : +0.1287
  PCAWhitenedCosine   : +0.3555
  XGBoost             : +0.1143
  Tiny MLP            : +0.2967
  LDA                 : +0.1048

Method                   | TPR    | FPR    | TrTPR  | TrFPR  | MacroTPR | MacroFPR | Regions | TauMean | ms   | OK? 
--------------------------------------------------------------------------------------------------------------------
Cosine                   | 0.3724 | 0.0268 | 0.3565 | 0.0298 | 0.3137   | 0.0418   | 859     | 0.9880  | 55.9 | PASS
AndBox-HC                | 0.2441 | 0.0228 | 0.2556 | 0.0298 | 0.1966   | 0.0346   | 859     | 0.0000  | 50.3 | PASS
PCAWhitenedCosine        | 0.4417 | 0.0291 | 0.4395 | 0.0298 | 0.3531   | 0.0420   | 859     | 1.1886  | 30.7 | PASS
Vec (Wgt)                | 0.4402 | 0.0260 | 0.4250 | 0.0298 | 0.3691   | 0.0376   | 859     | 0.9702  | 30.9 | PASS
Log Reg                  | 0.1512 | 0.0189 | 0.1355 | 0.0290 | 0.1246   | 0.0309   | 859     | 0.5151  | 36.3 | PASS
LDA                      | 0.4457 | 0.0165 | 0.4492 | 0.0298 | 0.3619   | 0.0289   | 859     | 4.2651  | 32.3 | PASS
Tiny MLP                 | 0.4417 | 0.0228 | 0.4411 | 0.0298 | 0.3611   | 0.0401   | 859     | 0.9446  | 35.7 | PASS
MultiProtoCosine         | 0.0567 | 0.0268 | 0.0508 | 0.0298 | 0.0406   | 0.0268   | 859     | 0.9292  | 38.0 | PASS
WeightedEnsemble         | 0.5142 | 0.0331 | 0.5137 | 0.0298 | 0.4278   | 0.0488   | 859     | 1.1681  | 71.7 | FAIL
XGBoost                  | 0.4118 | 0.0228 | 0.4177 | 0.0298 | 0.3462   | 0.0310   | 859     | 0.7428  | 65.1 | PASS
LDA1+LogReg              | 0.1535 | 0.0189 | 0.1363 | 0.0290 | 0.1265   | 0.0309   | 859     | 0.5151  | 34.1 | PASS
PCA16+LogReg             | 0.1504 | 0.0205 | 0.1363 | 0.0298 | 0.1226   | 0.0343   | 859     | 0.5147  | 35.8 | PASS
PCA32+LogReg             | 0.1551 | 0.0197 | 0.1371 | 0.0298 | 0.1278   | 0.0326   | 859     | 0.5147  | 37.0 | PASS
PCA16+VecWeighted        | 0.0567 | 0.0276 | 0.0540 | 0.0298 | 0.0470   | 0.0318   | 859     | 0.0300  | 34.8 | PASS
PCA32+VecWeighted        | 0.0811 | 0.0307 | 0.0742 | 0.0298 | 0.0682   | 0.0422   | 859     | 0.0368  | 35.4 | FAIL
StabilizedWhitenedCosine | 0.4638 | 0.0323 | 0.4597 | 0.0298 | 0.3728   | 0.0457   | 859     | 1.0981  | 34.1 | FAIL

[trial=42 seed=84] GLOBAL mode — total_samples=200000
  total: h0=82063 h1=15019
  pooled_train:  n0=1270 n1=1270
  pooled_calib:  n0=1240 n1=1240
  pooled_eval:   n0=1270 n1=1270
  regions (for macro stats only): 1103
[INFO] Cosine baseline routed to direct Hadamard sum (PrecomputedCosine)
[INFO] WeightedEnsemble Cosine judge routed to direct Hadamard sum
  [Ensemble] Judges routed to 'alt' input: PrecomputedCosine
[WeightedEnsemble] Fitted weights (alpha=0.0300, external calib):
  tau=0.9186, Pooled external calib: TPR=0.4556, FPR=0.0298
  PrecomputedCosine   : +0.2610
  PCAWhitenedCosine   : +0.2348
  XGBoost             : +0.2127
  Tiny MLP            : +0.2846
  LDA                 : +0.0070

Method                   | TPR    | FPR    | TrTPR  | TrFPR  | MacroTPR | MacroFPR | Regions | TauMean | ms   | OK? 
--------------------------------------------------------------------------------------------------------------------
Cosine                   | 0.4047 | 0.0307 | 0.3798 | 0.0298 | 0.3671   | 0.0454   | 866     | 0.9837  | 30.0 | FAIL
AndBox-HC                | 0.3268 | 0.0331 | 0.2960 | 0.0298 | 0.3008   | 0.0452   | 866     | 0.0000  | 37.7 | FAIL
PCAWhitenedCosine        | 0.4748 | 0.0339 | 0.4282 | 0.0298 | 0.3860   | 0.0480   | 866     | 1.1147  | 35.3 | FAIL
Vec (Wgt)                | 0.4433 | 0.0291 | 0.4315 | 0.0298 | 0.3854   | 0.0467   | 866     | 0.9727  | 30.2 | PASS
Log Reg                  | 0.1827 | 0.0236 | 0.1968 | 0.0298 | 0.1639   | 0.0373   | 866     | 0.5129  | 36.9 | PASS
LDA                      | 0.4055 | 0.0346 | 0.3815 | 0.0298 | 0.3234   | 0.0417   | 866     | 4.7501  | 32.5 | FAIL
Tiny MLP                 | 0.3346 | 0.0283 | 0.3097 | 0.0298 | 0.2709   | 0.0361   | 866     | 0.9721  | 36.3 | PASS
MultiProtoCosine         | 0.0409 | 0.0189 | 0.0331 | 0.0298 | 0.0323   | 0.0243   | 866     | 0.9300  | 39.5 | PASS
WeightedEnsemble         | 0.4969 | 0.0354 | 0.4556 | 0.0298 | 0.4020   | 0.0505   | 866     | 0.9186  | 74.7 | FAIL
XGBoost                  | 0.4213 | 0.0260 | 0.3887 | 0.0298 | 0.3762   | 0.0381   | 866     | 0.7601  | 63.4 | PASS
LDA1+LogReg              | 0.1819 | 0.0228 | 0.1944 | 0.0298 | 0.1635   | 0.0370   | 866     | 0.5130  | 34.2 | PASS
PCA16+LogReg             | 0.1921 | 0.0252 | 0.2008 | 0.0298 | 0.1611   | 0.0396   | 866     | 0.5125  | 36.8 | PASS
PCA32+LogReg             | 0.1858 | 0.0244 | 0.1968 | 0.0298 | 0.1667   | 0.0390   | 866     | 0.5124  | 37.6 | PASS
PCA16+VecWeighted        | 0.0937 | 0.0323 | 0.0734 | 0.0298 | 0.0749   | 0.0369   | 866     | 0.0344  | 34.9 | FAIL
PCA32+VecWeighted        | 0.0882 | 0.0189 | 0.0823 | 0.0298 | 0.0655   | 0.0196   | 866     | 0.0393  | 36.4 | PASS
StabilizedWhitenedCosine | 0.4189 | 0.0291 | 0.3992 | 0.0298 | 0.3310   | 0.0398   | 866     | 1.1805  | 33.7 | PASS

[trial=43 seed=85] GLOBAL mode — total_samples=200000
  total: h0=82063 h1=15019
  pooled_train:  n0=1270 n1=1270
  pooled_calib:  n0=1240 n1=1240
  pooled_eval:   n0=1270 n1=1270
  regions (for macro stats only): 1103
[INFO] Cosine baseline routed to direct Hadamard sum (PrecomputedCosine)
[INFO] WeightedEnsemble Cosine judge routed to direct Hadamard sum
  [Ensemble] Judges routed to 'alt' input: PrecomputedCosine
[WeightedEnsemble] Fitted weights (alpha=0.0300, external calib):
  tau=1.3501, Pooled external calib: TPR=0.5282, FPR=0.0298
  PrecomputedCosine   : +0.0795
  PCAWhitenedCosine   : +0.2043
  XGBoost             : +0.4654
  Tiny MLP            : +0.0260
  LDA                 : +0.2247

Method                   | TPR    | FPR    | TrTPR  | TrFPR  | MacroTPR | MacroFPR | Regions | TauMean | ms   | OK? 
--------------------------------------------------------------------------------------------------------------------
Cosine                   | 0.3850 | 0.0276 | 0.3750 | 0.0298 | 0.3168   | 0.0399   | 849     | 0.9876  | 47.7 | PASS
AndBox-HC                | 0.2992 | 0.0362 | 0.2944 | 0.0298 | 0.2603   | 0.0481   | 849     | 0.0000  | 46.4 | FAIL
PCAWhitenedCosine        | 0.4835 | 0.0409 | 0.4831 | 0.0298 | 0.3896   | 0.0561   | 849     | 1.0519  | 29.9 | FAIL
Vec (Wgt)                | 0.4606 | 0.0346 | 0.4573 | 0.0298 | 0.3799   | 0.0513   | 849     | 0.9684  | 29.6 | FAIL
Log Reg                  | 0.1717 | 0.0220 | 0.1750 | 0.0298 | 0.1433   | 0.0366   | 849     | 0.5125  | 36.1 | PASS
LDA                      | 0.4701 | 0.0370 | 0.4895 | 0.0298 | 0.3647   | 0.0546   | 849     | 3.7053  | 34.0 | FAIL
Tiny MLP                 | 0.4898 | 0.0386 | 0.5016 | 0.0298 | 0.3853   | 0.0536   | 849     | 0.8763  | 35.6 | FAIL
MultiProtoCosine         | 0.0488 | 0.0299 | 0.0621 | 0.0298 | 0.0428   | 0.0326   | 849     | 0.9294  | 38.6 | PASS
WeightedEnsemble         | 0.5213 | 0.0394 | 0.5282 | 0.0298 | 0.4083   | 0.0571   | 849     | 1.3501  | 73.7 | FAIL
XGBoost                  | 0.4622 | 0.0441 | 0.4573 | 0.0298 | 0.3820   | 0.0659   | 849     | 0.7270  | 65.8 | FAIL
LDA1+LogReg              | 0.1724 | 0.0220 | 0.1750 | 0.0298 | 0.1439   | 0.0366   | 849     | 0.5124  | 33.6 | PASS
PCA16+LogReg             | 0.1724 | 0.0236 | 0.1750 | 0.0298 | 0.1406   | 0.0369   | 849     | 0.5119  | 36.7 | PASS
PCA32+LogReg             | 0.1803 | 0.0244 | 0.1782 | 0.0298 | 0.1496   | 0.0378   | 849     | 0.5115  | 37.3 | PASS
PCA16+VecWeighted        | 0.0386 | 0.0220 | 0.0403 | 0.0298 | 0.0382   | 0.0313   | 849     | 0.0367  | 34.7 | PASS
PCA32+VecWeighted        | 0.0378 | 0.0268 | 0.0411 | 0.0298 | 0.0372   | 0.0307   | 849     | 0.0410  | 35.1 | PASS
StabilizedWhitenedCosine | 0.4709 | 0.0331 | 0.4637 | 0.0298 | 0.3748   | 0.0487   | 849     | 1.0515  | 32.1 | FAIL

[trial=44 seed=86] GLOBAL mode — total_samples=200000
  total: h0=82063 h1=15019
  pooled_train:  n0=1270 n1=1270
  pooled_calib:  n0=1240 n1=1240
  pooled_eval:   n0=1270 n1=1270
  regions (for macro stats only): 1103
[INFO] Cosine baseline routed to direct Hadamard sum (PrecomputedCosine)
[INFO] WeightedEnsemble Cosine judge routed to direct Hadamard sum
  [Ensemble] Judges routed to 'alt' input: PrecomputedCosine
[WeightedEnsemble] Fitted weights (alpha=0.0300, external calib):
  tau=0.9332, Pooled external calib: TPR=0.4653, FPR=0.0298
  PrecomputedCosine   : +0.1369
  PCAWhitenedCosine   : +0.3322
  XGBoost             : +0.4468
  Tiny MLP            : +0.0732
  LDA                 : +0.0110

Method                   | TPR    | FPR    | TrTPR  | TrFPR  | MacroTPR | MacroFPR | Regions | TauMean | ms   | OK? 
--------------------------------------------------------------------------------------------------------------------
Cosine                   | 0.3961 | 0.0291 | 0.4065 | 0.0298 | 0.3600   | 0.0434   | 852     | 0.9825  | 54.8 | PASS
AndBox-HC                | 0.2898 | 0.0244 | 0.3008 | 0.0298 | 0.2617   | 0.0312   | 852     | 0.0000  | 47.0 | PASS
PCAWhitenedCosine        | 0.3890 | 0.0276 | 0.4129 | 0.0298 | 0.3326   | 0.0431   | 852     | 1.2278  | 29.7 | PASS
Vec (Wgt)                | 0.4520 | 0.0283 | 0.4629 | 0.0298 | 0.3902   | 0.0434   | 852     | 0.9667  | 29.9 | PASS
Log Reg                  | 0.1669 | 0.0244 | 0.1677 | 0.0298 | 0.1390   | 0.0390   | 852     | 0.5137  | 35.6 | PASS
LDA                      | 0.3850 | 0.0244 | 0.4040 | 0.0298 | 0.3100   | 0.0373   | 852     | 4.6726  | 33.5 | PASS
Tiny MLP                 | 0.3906 | 0.0276 | 0.4194 | 0.0298 | 0.3084   | 0.0397   | 852     | 0.9290  | 35.4 | PASS
MultiProtoCosine         | 0.0630 | 0.0252 | 0.0573 | 0.0298 | 0.0506   | 0.0330   | 852     | 0.9288  | 38.3 | PASS
WeightedEnsemble         | 0.4331 | 0.0283 | 0.4653 | 0.0298 | 0.3643   | 0.0457   | 852     | 0.9332  | 88.2 | PASS
XGBoost                  | 0.4000 | 0.0268 | 0.4177 | 0.0298 | 0.3409   | 0.0431   | 852     | 0.7553  | 64.7 | PASS
LDA1+LogReg              | 0.1669 | 0.0244 | 0.1677 | 0.0298 | 0.1390   | 0.0390   | 852     | 0.5137  | 34.8 | PASS
PCA16+LogReg             | 0.1740 | 0.0244 | 0.1758 | 0.0298 | 0.1408   | 0.0384   | 852     | 0.5129  | 36.6 | PASS
PCA32+LogReg             | 0.1780 | 0.0244 | 0.1782 | 0.0298 | 0.1444   | 0.0390   | 852     | 0.5128  | 38.0 | PASS
PCA16+VecWeighted        | 0.1835 | 0.0276 | 0.1694 | 0.0298 | 0.1408   | 0.0374   | 852     | 0.0297  | 35.1 | PASS
PCA32+VecWeighted        | 0.1252 | 0.0299 | 0.1387 | 0.0298 | 0.0945   | 0.0350   | 852     | 0.0362  | 35.9 | PASS
StabilizedWhitenedCosine | 0.4142 | 0.0299 | 0.4460 | 0.0298 | 0.3401   | 0.0431   | 852     | 1.1638  | 33.3 | PASS

[trial=45 seed=87] GLOBAL mode — total_samples=200000
  total: h0=82063 h1=15019
  pooled_train:  n0=1270 n1=1270
  pooled_calib:  n0=1240 n1=1240
  pooled_eval:   n0=1270 n1=1270
  regions (for macro stats only): 1103
[INFO] Cosine baseline routed to direct Hadamard sum (PrecomputedCosine)
[INFO] WeightedEnsemble Cosine judge routed to direct Hadamard sum
  [Ensemble] Judges routed to 'alt' input: PrecomputedCosine
[WeightedEnsemble] Fitted weights (alpha=0.0300, external calib):
  tau=0.9432, Pooled external calib: TPR=0.5161, FPR=0.0298
  PrecomputedCosine   : +0.4364
  PCAWhitenedCosine   : +0.0571
  XGBoost             : +0.1048
  Tiny MLP            : +0.3819
  LDA                 : +0.0199

Method                   | TPR    | FPR    | TrTPR  | TrFPR  | MacroTPR | MacroFPR | Regions | TauMean | ms   | OK? 
--------------------------------------------------------------------------------------------------------------------
Cosine                   | 0.4000 | 0.0283 | 0.4089 | 0.0298 | 0.3526   | 0.0404   | 857     | 0.9791  | 46.7 | PASS
AndBox-HC                | 0.3354 | 0.0370 | 0.3605 | 0.0298 | 0.2980   | 0.0494   | 857     | -0.0000 | 45.9 | FAIL
PCAWhitenedCosine        | 0.4220 | 0.0315 | 0.4532 | 0.0298 | 0.3340   | 0.0477   | 857     | 1.2539  | 30.4 | FAIL
Vec (Wgt)                | 0.4717 | 0.0378 | 0.4879 | 0.0298 | 0.4183   | 0.0573   | 857     | 0.9557  | 29.7 | FAIL
Log Reg                  | 0.1898 | 0.0386 | 0.1831 | 0.0298 | 0.1662   | 0.0539   | 857     | 0.5140  | 36.0 | FAIL
LDA                      | 0.4283 | 0.0331 | 0.4339 | 0.0298 | 0.3513   | 0.0491   | 857     | 4.4101  | 32.6 | FAIL
Tiny MLP                 | 0.4323 | 0.0378 | 0.4331 | 0.0298 | 0.3563   | 0.0546   | 857     | 0.9426  | 34.9 | FAIL
MultiProtoCosine         | 0.0874 | 0.0354 | 0.0782 | 0.0298 | 0.0625   | 0.0358   | 857     | 0.9246  | 38.0 | FAIL
WeightedEnsemble         | 0.5110 | 0.0409 | 0.5161 | 0.0298 | 0.4371   | 0.0610   | 857     | 0.9432  | 71.6 | FAIL
XGBoost                  | 0.4339 | 0.0339 | 0.4371 | 0.0298 | 0.3815   | 0.0482   | 857     | 0.7401  | 61.5 | FAIL
LDA1+LogReg              | 0.1898 | 0.0386 | 0.1831 | 0.0298 | 0.1662   | 0.0539   | 857     | 0.5140  | 33.4 | FAIL
PCA16+LogReg             | 0.2063 | 0.0417 | 0.2000 | 0.0298 | 0.1744   | 0.0578   | 857     | 0.5130  | 34.9 | FAIL
PCA32+LogReg             | 0.1898 | 0.0402 | 0.1895 | 0.0298 | 0.1669   | 0.0544   | 857     | 0.5133  | 36.9 | FAIL
PCA16+VecWeighted        | 0.0756 | 0.0323 | 0.0645 | 0.0298 | 0.0665   | 0.0370   | 857     | 0.0307  | 34.1 | FAIL
PCA32+VecWeighted        | 0.0866 | 0.0354 | 0.0823 | 0.0298 | 0.0744   | 0.0370   | 857     | 0.0357  | 34.9 | FAIL
StabilizedWhitenedCosine | 0.4614 | 0.0402 | 0.4863 | 0.0298 | 0.3757   | 0.0617   | 857     | 1.0439  | 32.8 | FAIL

[trial=46 seed=88] GLOBAL mode — total_samples=200000
  total: h0=82063 h1=15019
  pooled_train:  n0=1270 n1=1270
  pooled_calib:  n0=1240 n1=1240
  pooled_eval:   n0=1270 n1=1270
  regions (for macro stats only): 1103
[INFO] Cosine baseline routed to direct Hadamard sum (PrecomputedCosine)
[INFO] WeightedEnsemble Cosine judge routed to direct Hadamard sum
  [Ensemble] Judges routed to 'alt' input: PrecomputedCosine
[WeightedEnsemble] Fitted weights (alpha=0.0300, external calib):
  tau=0.9659, Pooled external calib: TPR=0.5210, FPR=0.0298
  PrecomputedCosine   : +0.1195
  PCAWhitenedCosine   : +0.3770
  XGBoost             : +0.2691
  Tiny MLP            : +0.2045
  LDA                 : +0.0298

Method                   | TPR    | FPR    | TrTPR  | TrFPR  | MacroTPR | MacroFPR | Regions | TauMean | ms   | OK? 
--------------------------------------------------------------------------------------------------------------------
Cosine                   | 0.3835 | 0.0205 | 0.3823 | 0.0298 | 0.3482   | 0.0354   | 866     | 0.9860  | 38.6 | PASS
AndBox-HC                | 0.3480 | 0.0291 | 0.3403 | 0.0298 | 0.3051   | 0.0448   | 866     | 0.0000  | 47.9 | PASS
PCAWhitenedCosine        | 0.4850 | 0.0244 | 0.4847 | 0.0298 | 0.3845   | 0.0353   | 866     | 1.1271  | 30.7 | PASS
Vec (Wgt)                | 0.4449 | 0.0268 | 0.4540 | 0.0298 | 0.3787   | 0.0441   | 866     | 0.9678  | 30.3 | PASS
Log Reg                  | 0.1291 | 0.0181 | 0.1435 | 0.0298 | 0.1079   | 0.0298   | 866     | 0.5170  | 37.1 | PASS
LDA                      | 0.3858 | 0.0205 | 0.3895 | 0.0298 | 0.3065   | 0.0343   | 866     | 4.9183  | 32.8 | PASS
Tiny MLP                 | 0.4693 | 0.0260 | 0.4694 | 0.0298 | 0.3857   | 0.0414   | 866     | 0.9004  | 35.8 | PASS
MultiProtoCosine         | 0.0654 | 0.0189 | 0.0500 | 0.0298 | 0.0464   | 0.0248   | 866     | 0.9292  | 38.8 | PASS
WeightedEnsemble         | 0.5236 | 0.0291 | 0.5210 | 0.0298 | 0.4242   | 0.0449   | 866     | 0.9659  | 73.7 | PASS
XGBoost                  | 0.4134 | 0.0157 | 0.4048 | 0.0290 | 0.3518   | 0.0265   | 866     | 0.7587  | 62.1 | PASS
LDA1+LogReg              | 0.1291 | 0.0173 | 0.1435 | 0.0298 | 0.1079   | 0.0293   | 866     | 0.5170  | 32.8 | PASS
PCA16+LogReg             | 0.1283 | 0.0150 | 0.1363 | 0.0298 | 0.1093   | 0.0250   | 866     | 0.5168  | 34.5 | PASS
PCA32+LogReg             | 0.1260 | 0.0157 | 0.1395 | 0.0298 | 0.1059   | 0.0267   | 866     | 0.5166  | 37.3 | PASS
PCA16+VecWeighted        | 0.1150 | 0.0142 | 0.1234 | 0.0298 | 0.0894   | 0.0214   | 866     | 0.0303  | 34.4 | PASS
PCA32+VecWeighted        | 0.1323 | 0.0181 | 0.1484 | 0.0298 | 0.0977   | 0.0275   | 866     | 0.0316  | 35.6 | PASS
StabilizedWhitenedCosine | 0.4315 | 0.0189 | 0.4347 | 0.0298 | 0.3522   | 0.0324   | 866     | 1.1549  | 33.3 | PASS

[trial=47 seed=89] GLOBAL mode — total_samples=200000
  total: h0=82063 h1=15019
  pooled_train:  n0=1270 n1=1270
  pooled_calib:  n0=1240 n1=1240
  pooled_eval:   n0=1270 n1=1270
  regions (for macro stats only): 1103
[INFO] Cosine baseline routed to direct Hadamard sum (PrecomputedCosine)
[INFO] WeightedEnsemble Cosine judge routed to direct Hadamard sum
  [Ensemble] Judges routed to 'alt' input: PrecomputedCosine
[WeightedEnsemble] Fitted weights (alpha=0.0300, external calib):
  tau=0.9498, Pooled external calib: TPR=0.5234, FPR=0.0298
  PrecomputedCosine   : +0.4364
  PCAWhitenedCosine   : +0.0571
  XGBoost             : +0.1048
  Tiny MLP            : +0.3819
  LDA                 : +0.0199

Method                   | TPR    | FPR    | TrTPR  | TrFPR  | MacroTPR | MacroFPR | Regions | TauMean | ms   | OK? 
--------------------------------------------------------------------------------------------------------------------
Cosine                   | 0.4055 | 0.0417 | 0.4089 | 0.0298 | 0.3599   | 0.0567   | 870     | 0.9800  | 44.3 | FAIL
AndBox-HC                | 0.3094 | 0.0402 | 0.3153 | 0.0298 | 0.2884   | 0.0544   | 870     | 0.0000  | 47.9 | FAIL
PCAWhitenedCosine        | 0.4614 | 0.0339 | 0.4573 | 0.0298 | 0.3749   | 0.0505   | 870     | 1.1896  | 30.9 | FAIL
Vec (Wgt)                | 0.4709 | 0.0465 | 0.4677 | 0.0298 | 0.4099   | 0.0657   | 870     | 0.9607  | 29.5 | FAIL
Log Reg                  | 0.1890 | 0.0457 | 0.1911 | 0.0298 | 0.1692   | 0.0623   | 870     | 0.5135  | 34.9 | FAIL
LDA                      | 0.4512 | 0.0394 | 0.4419 | 0.0298 | 0.3624   | 0.0557   | 870     | 4.6891  | 33.0 | FAIL
Tiny MLP                 | 0.4835 | 0.0425 | 0.4887 | 0.0298 | 0.3955   | 0.0650   | 870     | 0.8929  | 36.0 | FAIL
MultiProtoCosine         | 0.0677 | 0.0331 | 0.0685 | 0.0298 | 0.0425   | 0.0349   | 870     | 0.9282  | 39.2 | FAIL
WeightedEnsemble         | 0.5291 | 0.0433 | 0.5234 | 0.0298 | 0.4366   | 0.0635   | 870     | 0.9498  | 73.7 | FAIL
XGBoost                  | 0.4488 | 0.0402 | 0.4742 | 0.0298 | 0.3842   | 0.0572   | 870     | 0.7372  | 64.4 | FAIL
LDA1+LogReg              | 0.1890 | 0.0457 | 0.1911 | 0.0298 | 0.1692   | 0.0623   | 870     | 0.5135  | 33.9 | FAIL
PCA16+LogReg             | 0.1929 | 0.0465 | 0.1960 | 0.0298 | 0.1715   | 0.0635   | 870     | 0.5129  | 35.7 | FAIL
PCA32+LogReg             | 0.2008 | 0.0472 | 0.2065 | 0.0298 | 0.1766   | 0.0633   | 870     | 0.5128  | 37.6 | FAIL
PCA16+VecWeighted        | 0.0606 | 0.0299 | 0.0573 | 0.0298 | 0.0469   | 0.0288   | 870     | 0.0311  | 35.2 | PASS
PCA32+VecWeighted        | 0.0717 | 0.0307 | 0.0677 | 0.0298 | 0.0596   | 0.0336   | 870     | 0.0358  | 35.7 | FAIL
StabilizedWhitenedCosine | 0.4724 | 0.0378 | 0.4661 | 0.0298 | 0.3731   | 0.0596   | 870     | 1.1015  | 32.8 | FAIL

[trial=48 seed=90] GLOBAL mode — total_samples=200000
  total: h0=82063 h1=15019
  pooled_train:  n0=1270 n1=1270
  pooled_calib:  n0=1240 n1=1240
  pooled_eval:   n0=1270 n1=1270
  regions (for macro stats only): 1103
[INFO] Cosine baseline routed to direct Hadamard sum (PrecomputedCosine)
[INFO] WeightedEnsemble Cosine judge routed to direct Hadamard sum
  [Ensemble] Judges routed to 'alt' input: PrecomputedCosine
[WeightedEnsemble] Fitted weights (alpha=0.0300, external calib):
  tau=1.0009, Pooled external calib: TPR=0.4169, FPR=0.0298
  PrecomputedCosine   : +0.1369
  PCAWhitenedCosine   : +0.3322
  XGBoost             : +0.4468
  Tiny MLP            : +0.0732
  LDA                 : +0.0110

Method                   | TPR    | FPR    | TrTPR  | TrFPR  | MacroTPR | MacroFPR | Regions | TauMean | ms   | OK? 
--------------------------------------------------------------------------------------------------------------------
Cosine                   | 0.3465 | 0.0283 | 0.3484 | 0.0298 | 0.3157   | 0.0429   | 861     | 0.9894  | 29.3 | PASS
AndBox-HC                | 0.2457 | 0.0291 | 0.2645 | 0.0298 | 0.2370   | 0.0419   | 861     | 0.0000  | 38.3 | PASS
PCAWhitenedCosine        | 0.3606 | 0.0220 | 0.3581 | 0.0298 | 0.2829   | 0.0334   | 861     | 1.3829  | 40.8 | PASS
Vec (Wgt)                | 0.3370 | 0.0236 | 0.3669 | 0.0298 | 0.2905   | 0.0399   | 861     | 0.9891  | 29.6 | PASS
Log Reg                  | 0.1528 | 0.0260 | 0.1323 | 0.0298 | 0.1463   | 0.0412   | 861     | 0.5146  | 35.7 | PASS
LDA                      | 0.3283 | 0.0252 | 0.3395 | 0.0298 | 0.2448   | 0.0396   | 861     | 5.4502  | 32.7 | PASS
Tiny MLP                 | 0.3677 | 0.0252 | 0.3798 | 0.0298 | 0.2768   | 0.0393   | 861     | 0.9559  | 35.1 | PASS
MultiProtoCosine         | 0.0717 | 0.0378 | 0.0677 | 0.0298 | 0.0648   | 0.0423   | 861     | 0.9261  | 37.8 | FAIL
WeightedEnsemble         | 0.4071 | 0.0228 | 0.4169 | 0.0298 | 0.3280   | 0.0372   | 861     | 1.0009  | 71.8 | PASS
XGBoost                  | 0.3551 | 0.0252 | 0.3669 | 0.0298 | 0.3160   | 0.0392   | 861     | 0.7724  | 62.0 | PASS
LDA1+LogReg              | 0.1528 | 0.0252 | 0.1323 | 0.0298 | 0.1463   | 0.0403   | 861     | 0.5146  | 34.1 | PASS
PCA16+LogReg             | 0.1504 | 0.0252 | 0.1411 | 0.0298 | 0.1454   | 0.0389   | 861     | 0.5140  | 34.8 | PASS
PCA32+LogReg             | 0.1457 | 0.0252 | 0.1306 | 0.0298 | 0.1384   | 0.0403   | 861     | 0.5143  | 37.7 | PASS
PCA16+VecWeighted        | 0.0819 | 0.0252 | 0.0806 | 0.0298 | 0.0817   | 0.0262   | 861     | 0.0367  | 34.9 | PASS
PCA32+VecWeighted        | 0.0732 | 0.0236 | 0.0847 | 0.0298 | 0.0737   | 0.0276   | 861     | 0.0404  | 35.9 | PASS
StabilizedWhitenedCosine | 0.3843 | 0.0244 | 0.3839 | 0.0298 | 0.3080   | 0.0370   | 861     | 1.3171  | 33.3 | PASS

[trial=49 seed=91] GLOBAL mode — total_samples=200000
  total: h0=82063 h1=15019
  pooled_train:  n0=1270 n1=1270
  pooled_calib:  n0=1240 n1=1240
  pooled_eval:   n0=1270 n1=1270
  regions (for macro stats only): 1103
[INFO] Cosine baseline routed to direct Hadamard sum (PrecomputedCosine)
[INFO] WeightedEnsemble Cosine judge routed to direct Hadamard sum
  [Ensemble] Judges routed to 'alt' input: PrecomputedCosine
[WeightedEnsemble] Fitted weights (alpha=0.0300, external calib):
  tau=1.5238, Pooled external calib: TPR=0.4863, FPR=0.0298
  PrecomputedCosine   : +0.0941
  PCAWhitenedCosine   : +0.0219
  XGBoost             : +0.5951
  Tiny MLP            : +0.0583
  LDA                 : +0.2307

Method                   | TPR    | FPR    | TrTPR  | TrFPR  | MacroTPR | MacroFPR | Regions | TauMean | ms   | OK? 
--------------------------------------------------------------------------------------------------------------------
Cosine                   | 0.3772 | 0.0236 | 0.3903 | 0.0298 | 0.3360   | 0.0379   | 859     | 0.9863  | 47.6 | PASS
AndBox-HC                | 0.2740 | 0.0252 | 0.2750 | 0.0298 | 0.2360   | 0.0351   | 859     | 0.0000  | 46.8 | PASS
PCAWhitenedCosine        | 0.4378 | 0.0260 | 0.4452 | 0.0298 | 0.3349   | 0.0378   | 859     | 1.2455  | 29.9 | PASS
Vec (Wgt)                | 0.4118 | 0.0291 | 0.4419 | 0.0298 | 0.3449   | 0.0506   | 859     | 0.9756  | 29.9 | PASS
Log Reg                  | 0.2008 | 0.0307 | 0.2282 | 0.0298 | 0.1687   | 0.0435   | 859     | 0.5108  | 36.2 | FAIL
LDA                      | 0.4425 | 0.0276 | 0.4468 | 0.0298 | 0.3455   | 0.0387   | 859     | 4.5193  | 32.4 | PASS
Tiny MLP                 | 0.4409 | 0.0260 | 0.4387 | 0.0298 | 0.3414   | 0.0355   | 859     | 0.9250  | 35.0 | PASS
MultiProtoCosine         | 0.0441 | 0.0236 | 0.0500 | 0.0298 | 0.0302   | 0.0237   | 859     | 0.9297  | 37.7 | PASS
WeightedEnsemble         | 0.4724 | 0.0307 | 0.4863 | 0.0298 | 0.3754   | 0.0442   | 859     | 1.5238  | 71.5 | FAIL
XGBoost                  | 0.4331 | 0.0252 | 0.4629 | 0.0298 | 0.3724   | 0.0385   | 859     | 0.7303  | 61.3 | PASS
LDA1+LogReg              | 0.2016 | 0.0307 | 0.2290 | 0.0298 | 0.1696   | 0.0435   | 859     | 0.5107  | 32.9 | FAIL
PCA16+LogReg             | 0.2173 | 0.0299 | 0.2371 | 0.0298 | 0.1728   | 0.0426   | 859     | 0.5104  | 35.3 | PASS
PCA32+LogReg             | 0.2000 | 0.0299 | 0.2226 | 0.0298 | 0.1677   | 0.0426   | 859     | 0.5107  | 37.1 | PASS
PCA16+VecWeighted        | 0.1197 | 0.0370 | 0.1290 | 0.0298 | 0.0979   | 0.0477   | 859     | 0.0301  | 34.4 | FAIL
PCA32+VecWeighted        | 0.1189 | 0.0433 | 0.1492 | 0.0298 | 0.1068   | 0.0553   | 859     | 0.0326  | 35.4 | FAIL
StabilizedWhitenedCosine | 0.4606 | 0.0283 | 0.4903 | 0.0298 | 0.3641   | 0.0463   | 859     | 1.0351  | 33.8 | PASS

=== Ranking by mean micro TPR (UNCONSTRAINED) ===
 1. WeightedEnsemble   TPR=0.4828±0.0297 FPR=0.0321±0.0067 [FAIL]
 2. PCAWhitenedCosine  TPR=0.4393±0.0316 FPR=0.0299±0.0058 [PASS]
 3. StabilizedWhitenedCosine TPR=0.4382±0.0344 FPR=0.0290±0.0061 [PASS]
 4. Tiny MLP           TPR=0.4282±0.0404 FPR=0.0296±0.0072 [PASS]
 5. Vec (Wgt)          TPR=0.4269±0.0256 FPR=0.0303±0.0062 [FAIL]
 6. LDA                TPR=0.4151±0.0355 FPR=0.0291±0.0072 [PASS]
 7. XGBoost            TPR=0.4116±0.0293 FPR=0.0283±0.0066 [PASS]
 8. Cosine             TPR=0.3676±0.0280 FPR=0.0286±0.0053 [PASS]
 9. AndBox-HC          TPR=0.2861±0.0428 FPR=0.0285±0.0068 [PASS]
10. PCA32+LogReg       TPR=0.1805±0.0268 FPR=0.0295±0.0080 [PASS]
11. PCA16+LogReg       TPR=0.1766±0.0247 FPR=0.0295±0.0077 [PASS]
12. LDA1+LogReg        TPR=0.1755±0.0239 FPR=0.0295±0.0078 [PASS]
13. Log Reg            TPR=0.1747±0.0241 FPR=0.0295±0.0076 [PASS]
14. PCA16+VecWeighted  TPR=0.0725±0.0441 FPR=0.0302±0.0064 [FAIL]
15. PCA32+VecWeighted  TPR=0.0717±0.0413 FPR=0.0295±0.0064 [PASS]
16. MultiProtoCosine   TPR=0.0651±0.0140 FPR=0.0294±0.0065 [PASS]

=== Ranking by mean micro TPR (CONSTRAINED: FPR <= alpha) ===
 1. PCAWhitenedCosine  TPR=0.4393±0.0316 FPR=0.0299±0.0058
 2. StabilizedWhitenedCosine TPR=0.4382±0.0344 FPR=0.0290±0.0061
 3. Tiny MLP           TPR=0.4282±0.0404 FPR=0.0296±0.0072
 4. LDA                TPR=0.4151±0.0355 FPR=0.0291±0.0072
 5. XGBoost            TPR=0.4116±0.0293 FPR=0.0283±0.0066
 6. Cosine             TPR=0.3676±0.0280 FPR=0.0286±0.0053
 7. AndBox-HC          TPR=0.2861±0.0428 FPR=0.0285±0.0068
 8. PCA32+LogReg       TPR=0.1805±0.0268 FPR=0.0295±0.0080
 9. PCA16+LogReg       TPR=0.1766±0.0247 FPR=0.0295±0.0077
10. LDA1+LogReg        TPR=0.1755±0.0239 FPR=0.0295±0.0078
11. Log Reg            TPR=0.1747±0.0241 FPR=0.0295±0.0076
12. PCA32+VecWeighted  TPR=0.0717±0.0413 FPR=0.0295±0.0064
13. MultiProtoCosine   TPR=0.0651±0.0140 FPR=0.0294±0.0065
[CSV] Saved: /home/malmatal/Projects/Multi_Dim_Threshold/NeighborCache/outputs/region_local_threshold/run_20260503_135032/trial_summary.csv
[JSON] Saved: /home/malmatal/Projects/Multi_Dim_Threshold/NeighborCache/outputs/region_local_threshold/run_20260503_135032/ranking.json
[CSV] Saved: /home/malmatal/Projects/Multi_Dim_Threshold/NeighborCache/outputs/region_local_threshold/run_20260503_135032/weighted_ensemble_meta_weights.csv
[JSON] Saved: /home/malmatal/Projects/Multi_Dim_Threshold/NeighborCache/outputs/region_local_threshold/run_20260503_135032/notes.json

Best (constrained FPR <= alpha): PCAWhitenedCosine
[Done] outputs at: /home/malmatal/Projects/Multi_Dim_Threshold/NeighborCache/outputs/region_local_threshold/run_20260503_135032
============================================================
date_end=2026-05-03T14:11:02+03:00
exit_code=0
============================================================
