------------------------------------
Mon 04 May 2026 05:36:35 IDT
SLURM_JOBID:		17331845
SLURM_JOB_NODELIST:	ise-cpu-intl-28
SLURM_SCRATCH_DIR:	
Allocated Resouces:	cpu - 4 / mem - 16384 MB / gpu - 
SLURM_GPU_INDEX:	
Running as malmatal from gilein account with normal QOS
------------------------------------
============================================================
NeighborCache Slurm task
task_id=71
job_id=17331845
array_job_id=17308330
hostname=ise-cpu-intl-28.auth.ad.bgu.ac.il
date_start=2026-05-04T05:36:35+03:00
pwd=/home/malmatal/Projects/Multi_Dim_Threshold
commands_file=NeighborCache/results/paper_experiments_slurm_20260503_134931/commands.txt
task_log=NeighborCache/results/paper_experiments_slurm_20260503_134931/task_logs/task_71.log
============================================================
Command:
/home/malmatal/.conda/envs/ec/bin/python -m NeighborCache.region_local_threshold.cli --data NeighborCache/data/h1h0_final.npz --region_key global_cluster --alpha 0.05 --tau_mode global --n_trials 50 --seed 42 --n_train 1270 --n_calib 1240 --n_eval 1270 
============================================================
<frozen runpy>:128: RuntimeWarning: 'NeighborCache.region_local_threshold.cli' found in sys.modules after import of package 'NeighborCache.region_local_threshold', but prior to execution of 'NeighborCache.region_local_threshold.cli'; this may result in unpredictable behaviour
[INFO] Using features key='emb' dim=1024

=== Region Threshold Benchmark ===
dataset_npz=NeighborCache/data/h1h0_final.npz
region_key=global_cluster (resolved=global_cluster, unique=1103)
features=emb rows=200000 dim=1024
text_pairs=text+region_anchor[centroid_nearest]
alpha=0.05 tie_mode=ge trials=50 base_seed=42
tau_mode=global
hadamard_preprocess=False
abs_diff_only_preprocess=False
use_delta_vec=False
use_abs_diff=False
normalize_data=False
filter_policy=none
train_cosine_policy_active=False
caps: train=1270 calib=1240 eval=1270
mins: min_h0_eval=20 min_h1_eval=20
run_dir=/home/malmatal/Projects/Multi_Dim_Threshold/NeighborCache/outputs/region_local_threshold/run_20260504_053646

[trial=0 seed=42] GLOBAL mode — total_samples=200000
  total: h0=82063 h1=15019
  pooled_train:  n0=1270 n1=1270
  pooled_calib:  n0=1240 n1=1240
  pooled_eval:   n0=1270 n1=1270
  regions (for macro stats only): 1103
[WeightedEnsemble] Fitted weights (alpha=0.0500, external calib):
  tau=0.9796, Pooled external calib: TPR=0.4500, FPR=0.0500
  Cosine              : +0.2384
  PCAWhitenedCosine   : +0.0694
  XGBoost             : +0.3911
  Tiny MLP            : +0.1122
  LDA                 : +0.1888

Method                   | TPR    | FPR    | TrTPR  | TrFPR  | MacroTPR | MacroFPR | Regions | TauMean | ms    | OK? 
---------------------------------------------------------------------------------------------------------------------
Cosine                   | 0.1646 | 0.0630 | 0.1605 | 0.0500 | 0.1433   | 0.0697   | 868     | 0.7391  | 149.7 | FAIL
AndBox-HC                | 0.0591 | 0.0465 | 0.0710 | 0.0500 | 0.0636   | 0.0522   | 868     | 0.0015  | 65.6  | PASS
PCAWhitenedCosine        | 0.3370 | 0.0661 | 0.3621 | 0.0500 | 0.2397   | 0.0920   | 868     | 0.9351  | 98.4  | FAIL
Vec (Wgt)                | 0.0213 | 0.0559 | 0.0226 | 0.0500 | 0.0228   | 0.0462   | 868     | -0.0822 | 99.6  | FAIL
Log Reg                  | 0.3567 | 0.0583 | 0.3815 | 0.0500 | 0.2461   | 0.0801   | 868     | 0.7005  | 111.2 | FAIL
LDA                      | 0.3874 | 0.0591 | 0.4081 | 0.0500 | 0.2902   | 0.0800   | 868     | 2.4166  | 105.3 | FAIL
Tiny MLP                 | 0.2520 | 0.0449 | 0.2468 | 0.0500 | 0.1841   | 0.0516   | 868     | 0.9963  | 489.2 | PASS
MultiProtoCosine         | 0.2283 | 0.0575 | 0.2250 | 0.0500 | 0.1792   | 0.0726   | 868     | 0.7624  | 123.2 | FAIL
WeightedEnsemble         | 0.4228 | 0.0661 | 0.4500 | 0.0500 | 0.3104   | 0.0909   | 868     | 0.9796  | 570.2 | FAIL
XGBoost                  | 0.3669 | 0.0480 | 0.3798 | 0.0500 | 0.2643   | 0.0699   | 868     | 0.6520  | 82.0  | PASS
LDA1+LogReg              | 0.2827 | 0.0472 | 0.3016 | 0.0500 | 0.2011   | 0.0621   | 868     | 0.7334  | 112.3 | PASS
PCA16+LogReg             | 0.2283 | 0.0449 | 0.2605 | 0.0500 | 0.1741   | 0.0561   | 868     | 0.7017  | 119.4 | PASS
PCA32+LogReg             | 0.2748 | 0.0472 | 0.3024 | 0.0500 | 0.1987   | 0.0713   | 868     | 0.7081  | 126.3 | PASS
PCA16+VecWeighted        | 0.0496 | 0.0433 | 0.0540 | 0.0500 | 0.0557   | 0.0428   | 868     | 0.6675  | 117.1 | PASS
PCA32+VecWeighted        | 0.0480 | 0.0386 | 0.0516 | 0.0500 | 0.0510   | 0.0337   | 868     | 0.7372  | 117.4 | PASS
StabilizedWhitenedCosine | 0.3268 | 0.0543 | 0.3435 | 0.0500 | 0.2292   | 0.0778   | 868     | 0.9236  | 107.0 | FAIL

[trial=1 seed=43] GLOBAL mode — total_samples=200000
  total: h0=82063 h1=15019
  pooled_train:  n0=1270 n1=1270
  pooled_calib:  n0=1240 n1=1240
  pooled_eval:   n0=1270 n1=1270
  regions (for macro stats only): 1103
[WeightedEnsemble] Fitted weights (alpha=0.0500, external calib):
  tau=0.7751, Pooled external calib: TPR=0.4234, FPR=0.0500
  Cosine              : +0.2610
  PCAWhitenedCosine   : +0.2348
  XGBoost             : +0.2127
  Tiny MLP            : +0.2846
  LDA                 : +0.0070

Method                   | TPR    | FPR    | TrTPR  | TrFPR  | MacroTPR | MacroFPR | Regions | TauMean | ms    | OK? 
---------------------------------------------------------------------------------------------------------------------
Cosine                   | 0.1220 | 0.0480 | 0.1185 | 0.0500 | 0.1175   | 0.0477   | 850     | 0.7468  | 150.0 | PASS
AndBox-HC                | 0.0575 | 0.0480 | 0.0508 | 0.0500 | 0.0651   | 0.0482   | 850     | 0.0025  | 69.9  | PASS
PCAWhitenedCosine        | 0.3055 | 0.0520 | 0.3169 | 0.0500 | 0.2253   | 0.0697   | 850     | 1.0670  | 98.3  | FAIL
Vec (Wgt)                | 0.0323 | 0.0480 | 0.0395 | 0.0500 | 0.0368   | 0.0527   | 850     | -0.0395 | 98.8  | PASS
Log Reg                  | 0.3449 | 0.0528 | 0.3597 | 0.0500 | 0.2543   | 0.0699   | 850     | 0.7067  | 113.2 | FAIL
LDA                      | 0.3024 | 0.0457 | 0.3242 | 0.0500 | 0.2110   | 0.0504   | 850     | 3.1317  | 103.5 | PASS
Tiny MLP                 | 0.2630 | 0.0480 | 0.2540 | 0.0500 | 0.1827   | 0.0584   | 850     | 0.9972  | 587.2 | PASS
MultiProtoCosine         | 0.2307 | 0.0472 | 0.2395 | 0.0500 | 0.1941   | 0.0598   | 850     | 0.7664  | 122.0 | PASS
WeightedEnsemble         | 0.4276 | 0.0567 | 0.4234 | 0.0500 | 0.3111   | 0.0735   | 850     | 0.7751  | 672.6 | FAIL
XGBoost                  | 0.3969 | 0.0583 | 0.3960 | 0.0500 | 0.3142   | 0.0694   | 850     | 0.6439  | 84.9  | FAIL
LDA1+LogReg              | 0.3063 | 0.0591 | 0.3298 | 0.0500 | 0.2340   | 0.0710   | 850     | 0.7156  | 109.1 | FAIL
PCA16+LogReg             | 0.2732 | 0.0646 | 0.2734 | 0.0500 | 0.2154   | 0.0797   | 850     | 0.6904  | 117.0 | FAIL
PCA32+LogReg             | 0.2732 | 0.0606 | 0.2702 | 0.0500 | 0.2041   | 0.0758   | 850     | 0.6996  | 120.3 | FAIL
PCA16+VecWeighted        | 0.0969 | 0.0417 | 0.0855 | 0.0500 | 0.0903   | 0.0513   | 850     | 0.5954  | 113.9 | PASS
PCA32+VecWeighted        | 0.0984 | 0.0433 | 0.1024 | 0.0500 | 0.0867   | 0.0520   | 850     | 0.7322  | 117.5 | PASS
StabilizedWhitenedCosine | 0.3126 | 0.0496 | 0.3137 | 0.0500 | 0.2345   | 0.0663   | 850     | 0.8958  | 107.3 | PASS

[trial=2 seed=44] GLOBAL mode — total_samples=200000
  total: h0=82063 h1=15019
  pooled_train:  n0=1270 n1=1270
  pooled_calib:  n0=1240 n1=1240
  pooled_eval:   n0=1270 n1=1270
  regions (for macro stats only): 1103
[WeightedEnsemble] Fitted weights (alpha=0.0500, external calib):
  tau=0.8265, Pooled external calib: TPR=0.4532, FPR=0.0492
  Cosine              : +0.4352
  PCAWhitenedCosine   : +0.0957
  XGBoost             : +0.1866
  Tiny MLP            : +0.2341
  LDA                 : +0.0484

Method                   | TPR    | FPR    | TrTPR  | TrFPR  | MacroTPR | MacroFPR | Regions | TauMean | ms    | OK? 
---------------------------------------------------------------------------------------------------------------------
Cosine                   | 0.1307 | 0.0362 | 0.1065 | 0.0500 | 0.1098   | 0.0491   | 868     | 0.7450  | 137.0 | PASS
AndBox-HC                | 0.0543 | 0.0543 | 0.0685 | 0.0500 | 0.0590   | 0.0535   | 868     | 0.0023  | 63.0  | FAIL
PCAWhitenedCosine        | 0.3575 | 0.0606 | 0.3919 | 0.0500 | 0.2592   | 0.0793   | 868     | 0.9281  | 95.0  | FAIL
Vec (Wgt)                | 0.0638 | 0.0512 | 0.0452 | 0.0500 | 0.0521   | 0.0481   | 868     | -0.0570 | 94.3  | FAIL
Log Reg                  | 0.3614 | 0.0535 | 0.3806 | 0.0500 | 0.2560   | 0.0729   | 868     | 0.7093  | 106.6 | FAIL
LDA                      | 0.3354 | 0.0472 | 0.3524 | 0.0500 | 0.2401   | 0.0648   | 868     | 2.9004  | 99.6  | PASS
Tiny MLP                 | 0.2732 | 0.0551 | 0.3073 | 0.0500 | 0.1953   | 0.0744   | 868     | 0.9990  | 106.8 | FAIL
MultiProtoCosine         | 0.2173 | 0.0409 | 0.2048 | 0.0500 | 0.1726   | 0.0573   | 868     | 0.7620  | 112.1 | PASS
WeightedEnsemble         | 0.4055 | 0.0614 | 0.4532 | 0.0492 | 0.2892   | 0.0837   | 868     | 0.8265  | 183.6 | FAIL
XGBoost                  | 0.3976 | 0.0512 | 0.3960 | 0.0500 | 0.2987   | 0.0689   | 868     | 0.6492  | 79.3  | FAIL
LDA1+LogReg              | 0.2961 | 0.0465 | 0.3234 | 0.0500 | 0.2175   | 0.0666   | 868     | 0.7330  | 104.1 | PASS
PCA16+LogReg             | 0.2378 | 0.0543 | 0.2500 | 0.0500 | 0.1840   | 0.0723   | 868     | 0.6959  | 111.3 | FAIL
PCA32+LogReg             | 0.2803 | 0.0472 | 0.2911 | 0.0500 | 0.2142   | 0.0636   | 868     | 0.7041  | 114.7 | PASS
PCA16+VecWeighted        | 0.0354 | 0.0559 | 0.0589 | 0.0500 | 0.0449   | 0.0469   | 868     | 0.6717  | 112.7 | FAIL
PCA32+VecWeighted        | 0.0299 | 0.0472 | 0.0492 | 0.0500 | 0.0438   | 0.0432   | 868     | 0.8172  | 113.3 | PASS
StabilizedWhitenedCosine | 0.3370 | 0.0551 | 0.3677 | 0.0500 | 0.2410   | 0.0752   | 868     | 0.8881  | 102.9 | FAIL

[trial=3 seed=45] GLOBAL mode — total_samples=200000
  total: h0=82063 h1=15019
  pooled_train:  n0=1270 n1=1270
  pooled_calib:  n0=1240 n1=1240
  pooled_eval:   n0=1270 n1=1270
  regions (for macro stats only): 1103
[WeightedEnsemble] Fitted weights (alpha=0.0500, external calib):
  tau=0.9348, Pooled external calib: TPR=0.3927, FPR=0.0500
  Cosine              : +0.2042
  PCAWhitenedCosine   : +0.1982
  XGBoost             : +0.4393
  Tiny MLP            : +0.0111
  LDA                 : +0.1471

Method                   | TPR    | FPR    | TrTPR  | TrFPR  | MacroTPR | MacroFPR | Regions | TauMean | ms    | OK? 
---------------------------------------------------------------------------------------------------------------------
Cosine                   | 0.1394 | 0.0472 | 0.1339 | 0.0500 | 0.1106   | 0.0451   | 854     | 0.7437  | 136.9 | PASS
AndBox-HC                | 0.0630 | 0.0425 | 0.0573 | 0.0500 | 0.0644   | 0.0381   | 854     | 0.0021  | 64.1  | PASS
PCAWhitenedCosine        | 0.3331 | 0.0543 | 0.3298 | 0.0500 | 0.2256   | 0.0658   | 854     | 1.0282  | 96.2  | FAIL
Vec (Wgt)                | 0.0425 | 0.0378 | 0.0435 | 0.0500 | 0.0324   | 0.0351   | 854     | -0.0143 | 96.6  | PASS
Log Reg                  | 0.3874 | 0.0496 | 0.3540 | 0.0500 | 0.2648   | 0.0642   | 854     | 0.6973  | 112.4 | PASS
LDA                      | 0.3654 | 0.0441 | 0.3363 | 0.0500 | 0.2564   | 0.0534   | 854     | 2.7361  | 103.4 | PASS
Tiny MLP                 | 0.2685 | 0.0465 | 0.2492 | 0.0500 | 0.1891   | 0.0572   | 854     | 0.9994  | 489.0 | PASS
MultiProtoCosine         | 0.2504 | 0.0583 | 0.2331 | 0.0500 | 0.2106   | 0.0614   | 854     | 0.7607  | 118.1 | FAIL
WeightedEnsemble         | 0.4213 | 0.0480 | 0.3927 | 0.0500 | 0.2863   | 0.0593   | 854     | 0.9348  | 570.9 | PASS
XGBoost                  | 0.3717 | 0.0496 | 0.3637 | 0.0500 | 0.2561   | 0.0671   | 854     | 0.6617  | 80.9  | PASS
LDA1+LogReg              | 0.3496 | 0.0441 | 0.3306 | 0.0500 | 0.2415   | 0.0520   | 854     | 0.7231  | 106.4 | PASS
PCA16+LogReg             | 0.2543 | 0.0394 | 0.2637 | 0.0500 | 0.1807   | 0.0425   | 854     | 0.6931  | 118.8 | PASS
PCA32+LogReg             | 0.2937 | 0.0488 | 0.3024 | 0.0500 | 0.2030   | 0.0560   | 854     | 0.6960  | 122.0 | PASS
PCA16+VecWeighted        | 0.1504 | 0.0528 | 0.1508 | 0.0500 | 0.1084   | 0.0483   | 854     | 0.5422  | 115.4 | FAIL
PCA32+VecWeighted        | 0.0976 | 0.0528 | 0.0798 | 0.0500 | 0.0673   | 0.0516   | 854     | 0.7316  | 116.7 | FAIL
StabilizedWhitenedCosine | 0.3173 | 0.0402 | 0.3032 | 0.0500 | 0.2171   | 0.0506   | 854     | 0.9612  | 103.4 | PASS

[trial=4 seed=46] GLOBAL mode — total_samples=200000
  total: h0=82063 h1=15019
  pooled_train:  n0=1270 n1=1270
  pooled_calib:  n0=1240 n1=1240
  pooled_eval:   n0=1270 n1=1270
  regions (for macro stats only): 1103
[WeightedEnsemble] Fitted weights (alpha=0.0500, external calib):
  tau=0.7834, Pooled external calib: TPR=0.3992, FPR=0.0500
  Cosine              : +0.2610
  PCAWhitenedCosine   : +0.2348
  XGBoost             : +0.2127
  Tiny MLP            : +0.2846
  LDA                 : +0.0070

Method                   | TPR    | FPR    | TrTPR  | TrFPR  | MacroTPR | MacroFPR | Regions | TauMean | ms    | OK? 
---------------------------------------------------------------------------------------------------------------------
Cosine                   | 0.1449 | 0.0567 | 0.1605 | 0.0500 | 0.1291   | 0.0530   | 871     | 0.7393  | 139.0 | FAIL
AndBox-HC                | 0.0402 | 0.0425 | 0.0500 | 0.0500 | 0.0451   | 0.0304   | 871     | 0.0030  | 65.5  | PASS
PCAWhitenedCosine        | 0.3606 | 0.0606 | 0.3290 | 0.0500 | 0.2577   | 0.0719   | 871     | 0.9703  | 100.8 | FAIL
Vec (Wgt)                | 0.0575 | 0.0567 | 0.0581 | 0.0500 | 0.0598   | 0.0508   | 871     | -0.0779 | 99.6  | FAIL
Log Reg                  | 0.3740 | 0.0614 | 0.3605 | 0.0500 | 0.2595   | 0.0728   | 871     | 0.6931  | 114.1 | FAIL
LDA                      | 0.3331 | 0.0583 | 0.3016 | 0.0500 | 0.2353   | 0.0669   | 871     | 2.7730  | 105.5 | FAIL
Tiny MLP                 | 0.3039 | 0.0646 | 0.2798 | 0.0500 | 0.2211   | 0.0728   | 871     | 0.9994  | 116.1 | FAIL
MultiProtoCosine         | 0.2701 | 0.0622 | 0.2718 | 0.0500 | 0.2172   | 0.0703   | 871     | 0.7565  | 119.9 | FAIL
WeightedEnsemble         | 0.4157 | 0.0661 | 0.3992 | 0.0500 | 0.3062   | 0.0775   | 871     | 0.7834  | 193.9 | FAIL
XGBoost                  | 0.3567 | 0.0441 | 0.3556 | 0.0500 | 0.2652   | 0.0528   | 871     | 0.6523  | 82.0  | PASS
LDA1+LogReg              | 0.3134 | 0.0496 | 0.2960 | 0.0500 | 0.2202   | 0.0579   | 871     | 0.7211  | 109.0 | PASS
PCA16+LogReg             | 0.2449 | 0.0362 | 0.2379 | 0.0500 | 0.1881   | 0.0420   | 871     | 0.6921  | 121.3 | PASS
PCA32+LogReg             | 0.2843 | 0.0457 | 0.2645 | 0.0500 | 0.2124   | 0.0562   | 871     | 0.6865  | 122.0 | PASS
PCA16+VecWeighted        | 0.0961 | 0.0591 | 0.0887 | 0.0500 | 0.0702   | 0.0543   | 871     | 0.6145  | 118.2 | FAIL
PCA32+VecWeighted        | 0.0913 | 0.0591 | 0.1065 | 0.0500 | 0.0740   | 0.0611   | 871     | 0.7555  | 121.5 | FAIL
StabilizedWhitenedCosine | 0.3252 | 0.0551 | 0.3105 | 0.0500 | 0.2206   | 0.0622   | 871     | 0.9276  | 110.2 | FAIL

[trial=5 seed=47] GLOBAL mode — total_samples=200000
  total: h0=82063 h1=15019
  pooled_train:  n0=1270 n1=1270
  pooled_calib:  n0=1240 n1=1240
  pooled_eval:   n0=1270 n1=1270
  regions (for macro stats only): 1103
[WeightedEnsemble] Fitted weights (alpha=0.0500, external calib):
  tau=1.1644, Pooled external calib: TPR=0.4129, FPR=0.0500
  Cosine              : +0.0941
  PCAWhitenedCosine   : +0.0219
  XGBoost             : +0.5951
  Tiny MLP            : +0.0583
  LDA                 : +0.2307

Method                   | TPR    | FPR    | TrTPR  | TrFPR  | MacroTPR | MacroFPR | Regions | TauMean | ms    | OK? 
---------------------------------------------------------------------------------------------------------------------
Cosine                   | 0.1504 | 0.0480 | 0.1379 | 0.0500 | 0.1287   | 0.0447   | 852     | 0.7414  | 157.1 | PASS
AndBox-HC                | 0.0543 | 0.0528 | 0.0508 | 0.0500 | 0.0495   | 0.0489   | 852     | 0.0014  | 65.9  | FAIL
PCAWhitenedCosine        | 0.3260 | 0.0417 | 0.3121 | 0.0500 | 0.2278   | 0.0540   | 852     | 1.1521  | 99.0  | PASS
Vec (Wgt)                | 0.0457 | 0.0598 | 0.0476 | 0.0500 | 0.0271   | 0.0598   | 852     | -0.0286 | 100.6 | FAIL
Log Reg                  | 0.3598 | 0.0465 | 0.3427 | 0.0500 | 0.2518   | 0.0604   | 852     | 0.7268  | 115.5 | PASS
LDA                      | 0.3764 | 0.0520 | 0.3637 | 0.0500 | 0.2691   | 0.0643   | 852     | 2.9293  | 106.2 | FAIL
Tiny MLP                 | 0.2850 | 0.0465 | 0.2798 | 0.0500 | 0.2083   | 0.0570   | 852     | 0.9986  | 588.4 | PASS
MultiProtoCosine         | 0.2213 | 0.0425 | 0.2097 | 0.0500 | 0.1766   | 0.0486   | 852     | 0.7684  | 121.7 | PASS
WeightedEnsemble         | 0.4213 | 0.0535 | 0.4129 | 0.0500 | 0.3017   | 0.0651   | 852     | 1.1644  | 673.8 | FAIL
XGBoost                  | 0.3976 | 0.0512 | 0.3855 | 0.0500 | 0.2725   | 0.0631   | 852     | 0.6543  | 86.5  | FAIL
LDA1+LogReg              | 0.3346 | 0.0488 | 0.3089 | 0.0500 | 0.2407   | 0.0578   | 852     | 0.7395  | 108.9 | PASS
PCA16+LogReg             | 0.2945 | 0.0551 | 0.2661 | 0.0500 | 0.2173   | 0.0660   | 852     | 0.6943  | 118.2 | FAIL
PCA32+LogReg             | 0.2874 | 0.0433 | 0.2685 | 0.0500 | 0.1971   | 0.0495   | 852     | 0.7167  | 122.9 | PASS
PCA16+VecWeighted        | 0.0921 | 0.0551 | 0.0903 | 0.0500 | 0.0956   | 0.0575   | 852     | 0.5341  | 114.9 | FAIL
PCA32+VecWeighted        | 0.0701 | 0.0567 | 0.0710 | 0.0500 | 0.0751   | 0.0660   | 852     | 0.6983  | 119.6 | FAIL
StabilizedWhitenedCosine | 0.3386 | 0.0520 | 0.3282 | 0.0500 | 0.2414   | 0.0641   | 852     | 0.9748  | 111.5 | FAIL

[trial=6 seed=48] GLOBAL mode — total_samples=200000
  total: h0=82063 h1=15019
  pooled_train:  n0=1270 n1=1270
  pooled_calib:  n0=1240 n1=1240
  pooled_eval:   n0=1270 n1=1270
  regions (for macro stats only): 1103
[WeightedEnsemble] Fitted weights (alpha=0.0500, external calib):
  tau=1.1117, Pooled external calib: TPR=0.4056, FPR=0.0492
  Cosine              : +0.2000
  PCAWhitenedCosine   : +0.2000
  XGBoost             : +0.2000
  Tiny MLP            : +0.2000
  LDA                 : +0.2000

Method                   | TPR    | FPR    | TrTPR  | TrFPR  | MacroTPR | MacroFPR | Regions | TauMean | ms    | OK? 
---------------------------------------------------------------------------------------------------------------------
Cosine                   | 0.1291 | 0.0488 | 0.1306 | 0.0500 | 0.1065   | 0.0488   | 856     | 0.7447  | 143.3 | PASS
AndBox-HC                | 0.0457 | 0.0504 | 0.0403 | 0.0500 | 0.0477   | 0.0461   | 856     | 0.0025  | 61.3  | FAIL
PCAWhitenedCosine        | 0.3354 | 0.0638 | 0.3339 | 0.0500 | 0.2361   | 0.0723   | 856     | 0.9589  | 91.4  | FAIL
Vec (Wgt)                | 0.0205 | 0.0370 | 0.0177 | 0.0500 | 0.0201   | 0.0270   | 856     | -0.0558 | 91.4  | PASS
Log Reg                  | 0.3646 | 0.0520 | 0.3540 | 0.0500 | 0.2580   | 0.0592   | 856     | 0.6964  | 106.5 | FAIL
LDA                      | 0.3543 | 0.0622 | 0.3766 | 0.0500 | 0.2540   | 0.0751   | 856     | 2.7426  | 96.9  | FAIL
Tiny MLP                 | 0.3039 | 0.0685 | 0.2935 | 0.0500 | 0.2266   | 0.0781   | 856     | 0.9992  | 545.6 | FAIL
MultiProtoCosine         | 0.2094 | 0.0480 | 0.1968 | 0.0500 | 0.1610   | 0.0586   | 856     | 0.7729  | 113.6 | PASS
WeightedEnsemble         | 0.3843 | 0.0614 | 0.4056 | 0.0492 | 0.2784   | 0.0718   | 856     | 1.1117  | 628.4 | FAIL
XGBoost                  | 0.3480 | 0.0441 | 0.3339 | 0.0500 | 0.2578   | 0.0512   | 856     | 0.6664  | 82.1  | PASS
LDA1+LogReg              | 0.3173 | 0.0543 | 0.3065 | 0.0500 | 0.2311   | 0.0610   | 856     | 0.7225  | 103.5 | FAIL
PCA16+LogReg             | 0.2535 | 0.0583 | 0.2411 | 0.0500 | 0.1914   | 0.0592   | 856     | 0.6975  | 111.6 | FAIL
PCA32+LogReg             | 0.2496 | 0.0575 | 0.2371 | 0.0500 | 0.1818   | 0.0642   | 856     | 0.7060  | 115.8 | FAIL
PCA16+VecWeighted        | 0.1197 | 0.0457 | 0.1347 | 0.0500 | 0.1097   | 0.0583   | 856     | 0.5288  | 108.3 | PASS
PCA32+VecWeighted        | 0.0898 | 0.0575 | 0.0855 | 0.0500 | 0.0846   | 0.0589   | 856     | 0.6811  | 110.7 | FAIL
StabilizedWhitenedCosine | 0.3181 | 0.0575 | 0.3056 | 0.0500 | 0.2218   | 0.0658   | 856     | 0.9240  | 99.9  | FAIL

[trial=7 seed=49] GLOBAL mode — total_samples=200000
  total: h0=82063 h1=15019
  pooled_train:  n0=1270 n1=1270
  pooled_calib:  n0=1240 n1=1240
  pooled_eval:   n0=1270 n1=1270
  regions (for macro stats only): 1103
[WeightedEnsemble] Fitted weights (alpha=0.0500, external calib):
  tau=0.8820, Pooled external calib: TPR=0.4121, FPR=0.0500
  Cosine              : +0.2832
  PCAWhitenedCosine   : +0.0456
  XGBoost             : +0.2004
  Tiny MLP            : +0.4151
  LDA                 : +0.0558

Method                   | TPR    | FPR    | TrTPR  | TrFPR  | MacroTPR | MacroFPR | Regions | TauMean | ms    | OK? 
---------------------------------------------------------------------------------------------------------------------
Cosine                   | 0.1126 | 0.0488 | 0.1234 | 0.0500 | 0.1011   | 0.0400   | 868     | 0.7450  | 140.4 | PASS
AndBox-HC                | 0.0598 | 0.0496 | 0.0613 | 0.0500 | 0.0655   | 0.0457   | 868     | 0.0021  | 63.8  | PASS
PCAWhitenedCosine        | 0.3701 | 0.0559 | 0.3677 | 0.0500 | 0.2592   | 0.0720   | 868     | 1.0297  | 98.4  | FAIL
Vec (Wgt)                | 0.0362 | 0.0638 | 0.0363 | 0.0500 | 0.0316   | 0.0593   | 868     | -0.0712 | 98.9  | FAIL
Log Reg                  | 0.3661 | 0.0457 | 0.3508 | 0.0500 | 0.2572   | 0.0619   | 868     | 0.7196  | 111.2 | PASS
LDA                      | 0.3496 | 0.0425 | 0.3484 | 0.0500 | 0.2637   | 0.0598   | 868     | 2.9134  | 103.9 | PASS
Tiny MLP                 | 0.2378 | 0.0465 | 0.2468 | 0.0500 | 0.1849   | 0.0551   | 868     | 0.9934  | 516.7 | PASS
MultiProtoCosine         | 0.2843 | 0.0638 | 0.2645 | 0.0500 | 0.2102   | 0.0757   | 868     | 0.7544  | 117.3 | FAIL
WeightedEnsemble         | 0.4173 | 0.0496 | 0.4121 | 0.0500 | 0.2999   | 0.0652   | 868     | 0.8820  | 583.0 | PASS
XGBoost                  | 0.3677 | 0.0465 | 0.3637 | 0.0500 | 0.2630   | 0.0634   | 868     | 0.6568  | 80.6  | PASS
LDA1+LogReg              | 0.3244 | 0.0512 | 0.3161 | 0.0500 | 0.2251   | 0.0635   | 868     | 0.7337  | 108.4 | FAIL
PCA16+LogReg             | 0.2969 | 0.0575 | 0.2960 | 0.0500 | 0.2152   | 0.0722   | 868     | 0.6980  | 118.8 | FAIL
PCA32+LogReg             | 0.3118 | 0.0472 | 0.2871 | 0.0500 | 0.2155   | 0.0608   | 868     | 0.7114  | 121.2 | PASS
PCA16+VecWeighted        | 0.1024 | 0.0472 | 0.0879 | 0.0500 | 0.0933   | 0.0480   | 868     | 0.5273  | 115.4 | PASS
PCA32+VecWeighted        | 0.1165 | 0.0472 | 0.0935 | 0.0500 | 0.1047   | 0.0609   | 868     | 0.6545  | 116.0 | PASS
StabilizedWhitenedCosine | 0.3307 | 0.0488 | 0.3169 | 0.0500 | 0.2249   | 0.0673   | 868     | 0.9123  | 114.4 | PASS

[trial=8 seed=50] GLOBAL mode — total_samples=200000
  total: h0=82063 h1=15019
  pooled_train:  n0=1270 n1=1270
  pooled_calib:  n0=1240 n1=1240
  pooled_eval:   n0=1270 n1=1270
  regions (for macro stats only): 1103
[WeightedEnsemble] Fitted weights (alpha=0.0500, external calib):
  tau=0.8316, Pooled external calib: TPR=0.4089, FPR=0.0500
  Cosine              : +0.4364
  PCAWhitenedCosine   : +0.0571
  XGBoost             : +0.1048
  Tiny MLP            : +0.3819
  LDA                 : +0.0199

Method                   | TPR    | FPR    | TrTPR  | TrFPR  | MacroTPR | MacroFPR | Regions | TauMean | ms    | OK? 
---------------------------------------------------------------------------------------------------------------------
Cosine                   | 0.1291 | 0.0346 | 0.1242 | 0.0500 | 0.1120   | 0.0367   | 859     | 0.7450  | 148.3 | PASS
AndBox-HC                | 0.0732 | 0.0528 | 0.0758 | 0.0500 | 0.0655   | 0.0496   | 859     | 0.0006  | 64.4  | FAIL
PCAWhitenedCosine        | 0.3252 | 0.0409 | 0.3113 | 0.0500 | 0.2144   | 0.0597   | 859     | 1.0765  | 96.5  | PASS
Vec (Wgt)                | 0.0441 | 0.0535 | 0.0363 | 0.0500 | 0.0400   | 0.0513   | 859     | -0.0323 | 97.2  | FAIL
Log Reg                  | 0.3866 | 0.0472 | 0.3726 | 0.0500 | 0.2587   | 0.0670   | 859     | 0.6914  | 112.4 | PASS
LDA                      | 0.3685 | 0.0386 | 0.3694 | 0.0500 | 0.2451   | 0.0541   | 859     | 2.7070  | 102.8 | PASS
Tiny MLP                 | 0.2795 | 0.0378 | 0.2782 | 0.0500 | 0.1881   | 0.0540   | 859     | 0.9984  | 490.4 | PASS
MultiProtoCosine         | 0.2386 | 0.0386 | 0.2282 | 0.0500 | 0.1799   | 0.0521   | 859     | 0.7669  | 119.1 | PASS
WeightedEnsemble         | 0.4094 | 0.0386 | 0.4089 | 0.0500 | 0.2712   | 0.0553   | 859     | 0.8316  | 566.9 | PASS
XGBoost                  | 0.3953 | 0.0465 | 0.3952 | 0.0500 | 0.2687   | 0.0673   | 859     | 0.6605  | 82.0  | PASS
LDA1+LogReg              | 0.3417 | 0.0528 | 0.3411 | 0.0500 | 0.2284   | 0.0662   | 859     | 0.7104  | 105.0 | FAIL
PCA16+LogReg             | 0.2409 | 0.0441 | 0.2298 | 0.0500 | 0.1607   | 0.0568   | 859     | 0.6903  | 114.0 | PASS
PCA32+LogReg             | 0.3008 | 0.0535 | 0.2871 | 0.0500 | 0.1948   | 0.0681   | 859     | 0.6970  | 117.9 | FAIL
PCA16+VecWeighted        | 0.0559 | 0.0709 | 0.0774 | 0.0500 | 0.0604   | 0.0771   | 859     | 0.5992  | 112.1 | FAIL
PCA32+VecWeighted        | 0.0654 | 0.0654 | 0.0831 | 0.0500 | 0.0632   | 0.0660   | 859     | 0.6980  | 115.4 | FAIL
StabilizedWhitenedCosine | 0.3126 | 0.0535 | 0.3000 | 0.0500 | 0.2075   | 0.0685   | 859     | 0.9217  | 108.0 | FAIL

[trial=9 seed=51] GLOBAL mode — total_samples=200000
  total: h0=82063 h1=15019
  pooled_train:  n0=1270 n1=1270
  pooled_calib:  n0=1240 n1=1240
  pooled_eval:   n0=1270 n1=1270
  regions (for macro stats only): 1103
[WeightedEnsemble] Fitted weights (alpha=0.0500, external calib):
  tau=0.9331, Pooled external calib: TPR=0.4153, FPR=0.0500
  Cosine              : +0.0595
  PCAWhitenedCosine   : +0.3558
  XGBoost             : +0.1566
  Tiny MLP            : +0.3547
  LDA                 : +0.0734

Method                   | TPR    | FPR    | TrTPR  | TrFPR  | MacroTPR | MacroFPR | Regions | TauMean | ms    | OK? 
---------------------------------------------------------------------------------------------------------------------
Cosine                   | 0.1937 | 0.0591 | 0.1774 | 0.0500 | 0.1598   | 0.0635   | 870     | 0.7360  | 141.3 | FAIL
AndBox-HC                | 0.0717 | 0.0488 | 0.0798 | 0.0500 | 0.0789   | 0.0424   | 870     | 0.0008  | 63.6  | PASS
PCAWhitenedCosine        | 0.3472 | 0.0504 | 0.3621 | 0.0500 | 0.2353   | 0.0663   | 870     | 0.9855  | 97.6  | FAIL
Vec (Wgt)                | 0.0362 | 0.0457 | 0.0315 | 0.0500 | 0.0342   | 0.0492   | 870     | -0.0368 | 98.2  | PASS
Log Reg                  | 0.3630 | 0.0488 | 0.3548 | 0.0500 | 0.2446   | 0.0640   | 870     | 0.6966  | 112.9 | PASS
LDA                      | 0.3638 | 0.0433 | 0.3476 | 0.0500 | 0.2570   | 0.0561   | 870     | 2.7559  | 102.1 | PASS
Tiny MLP                 | 0.3244 | 0.0496 | 0.3056 | 0.0500 | 0.2229   | 0.0591   | 870     | 0.9990  | 112.0 | PASS
MultiProtoCosine         | 0.2409 | 0.0543 | 0.2605 | 0.0500 | 0.1786   | 0.0716   | 870     | 0.7637  | 120.4 | FAIL
WeightedEnsemble         | 0.3921 | 0.0480 | 0.4153 | 0.0500 | 0.2727   | 0.0666   | 870     | 0.9331  | 193.3 | PASS
XGBoost                  | 0.3693 | 0.0535 | 0.3532 | 0.0500 | 0.2437   | 0.0737   | 870     | 0.6533  | 80.5  | FAIL
LDA1+LogReg              | 0.3283 | 0.0520 | 0.3161 | 0.0500 | 0.2185   | 0.0662   | 870     | 0.7177  | 106.3 | FAIL
PCA16+LogReg             | 0.2496 | 0.0472 | 0.2532 | 0.0500 | 0.1776   | 0.0601   | 870     | 0.6885  | 116.0 | PASS
PCA32+LogReg             | 0.2843 | 0.0528 | 0.2734 | 0.0500 | 0.1976   | 0.0700   | 870     | 0.6990  | 120.5 | FAIL
PCA16+VecWeighted        | 0.0992 | 0.0433 | 0.1097 | 0.0500 | 0.0899   | 0.0544   | 870     | 0.6157  | 114.7 | PASS
PCA32+VecWeighted        | 0.0866 | 0.0512 | 0.1065 | 0.0500 | 0.0739   | 0.0589   | 870     | 0.7755  | 116.9 | FAIL
StabilizedWhitenedCosine | 0.3181 | 0.0543 | 0.3387 | 0.0500 | 0.2221   | 0.0691   | 870     | 0.8989  | 111.2 | FAIL

[trial=10 seed=52] GLOBAL mode — total_samples=200000
  total: h0=82063 h1=15019
  pooled_train:  n0=1270 n1=1270
  pooled_calib:  n0=1240 n1=1240
  pooled_eval:   n0=1270 n1=1270
  regions (for macro stats only): 1103
[WeightedEnsemble] Fitted weights (alpha=0.0500, external calib):
  tau=0.8395, Pooled external calib: TPR=0.3774, FPR=0.0500
  Cosine              : +0.4364
  PCAWhitenedCosine   : +0.0571
  XGBoost             : +0.1048
  Tiny MLP            : +0.3819
  LDA                 : +0.0199

Method                   | TPR    | FPR    | TrTPR  | TrFPR  | MacroTPR | MacroFPR | Regions | TauMean | ms    | OK? 
---------------------------------------------------------------------------------------------------------------------
Cosine                   | 0.1252 | 0.0480 | 0.1137 | 0.0500 | 0.1121   | 0.0460   | 861     | 0.7460  | 138.6 | PASS
AndBox-HC                | 0.0425 | 0.0331 | 0.0315 | 0.0500 | 0.0519   | 0.0321   | 861     | 0.0031  | 63.3  | PASS
PCAWhitenedCosine        | 0.3189 | 0.0488 | 0.3153 | 0.0500 | 0.2293   | 0.0610   | 861     | 1.0853  | 96.4  | PASS
Vec (Wgt)                | 0.0386 | 0.0512 | 0.0452 | 0.0500 | 0.0407   | 0.0492   | 861     | -0.0635 | 99.0  | FAIL
Log Reg                  | 0.3173 | 0.0417 | 0.3169 | 0.0500 | 0.2224   | 0.0594   | 861     | 0.7297  | 112.3 | PASS
LDA                      | 0.3378 | 0.0394 | 0.3290 | 0.0500 | 0.2440   | 0.0545   | 861     | 2.8798  | 104.0 | PASS
Tiny MLP                 | 0.2189 | 0.0433 | 0.2266 | 0.0500 | 0.1697   | 0.0578   | 861     | 0.9988  | 114.7 | PASS
MultiProtoCosine         | 0.2291 | 0.0402 | 0.2185 | 0.0500 | 0.1694   | 0.0421   | 861     | 0.7671  | 119.9 | PASS
WeightedEnsemble         | 0.3764 | 0.0441 | 0.3774 | 0.0500 | 0.2613   | 0.0601   | 861     | 0.8395  | 196.8 | PASS
XGBoost                  | 0.3346 | 0.0386 | 0.3379 | 0.0500 | 0.2326   | 0.0527   | 861     | 0.6733  | 83.6  | PASS
LDA1+LogReg              | 0.3063 | 0.0512 | 0.3048 | 0.0500 | 0.2231   | 0.0651   | 861     | 0.7359  | 105.4 | FAIL
PCA16+LogReg             | 0.2323 | 0.0504 | 0.2306 | 0.0500 | 0.1749   | 0.0628   | 861     | 0.7108  | 113.8 | FAIL
PCA32+LogReg             | 0.2622 | 0.0488 | 0.2597 | 0.0500 | 0.1910   | 0.0596   | 861     | 0.7158  | 119.6 | PASS
PCA16+VecWeighted        | 0.1071 | 0.0575 | 0.0952 | 0.0500 | 0.0924   | 0.0715   | 861     | 0.5238  | 110.8 | FAIL
PCA32+VecWeighted        | 0.0819 | 0.0606 | 0.0831 | 0.0500 | 0.0700   | 0.0641   | 861     | 0.6787  | 118.8 | FAIL
StabilizedWhitenedCosine | 0.2882 | 0.0441 | 0.2984 | 0.0500 | 0.2036   | 0.0526   | 861     | 1.0355  | 104.1 | PASS

[trial=11 seed=53] GLOBAL mode — total_samples=200000
  total: h0=82063 h1=15019
  pooled_train:  n0=1270 n1=1270
  pooled_calib:  n0=1240 n1=1240
  pooled_eval:   n0=1270 n1=1270
  regions (for macro stats only): 1103
[WeightedEnsemble] Fitted weights (alpha=0.0500, external calib):
  tau=1.0183, Pooled external calib: TPR=0.4379, FPR=0.0500
  Cosine              : +0.0795
  PCAWhitenedCosine   : +0.2043
  XGBoost             : +0.4654
  Tiny MLP            : +0.0260
  LDA                 : +0.2247

Method                   | TPR    | FPR    | TrTPR  | TrFPR  | MacroTPR | MacroFPR | Regions | TauMean | ms    | OK? 
---------------------------------------------------------------------------------------------------------------------
Cosine                   | 0.1260 | 0.0465 | 0.1339 | 0.0500 | 0.1077   | 0.0507   | 861     | 0.7458  | 138.3 | PASS
AndBox-HC                | 0.0535 | 0.0354 | 0.0403 | 0.0500 | 0.0583   | 0.0298   | 861     | 0.0029  | 73.6  | PASS
PCAWhitenedCosine        | 0.3646 | 0.0583 | 0.3427 | 0.0500 | 0.2598   | 0.0667   | 861     | 0.9662  | 96.8  | FAIL
Vec (Wgt)                | 0.0496 | 0.0394 | 0.0540 | 0.0500 | 0.0548   | 0.0399   | 861     | -0.0303 | 99.0  | PASS
Log Reg                  | 0.3772 | 0.0567 | 0.3589 | 0.0500 | 0.2660   | 0.0721   | 861     | 0.6993  | 112.4 | FAIL
LDA                      | 0.3866 | 0.0661 | 0.4016 | 0.0500 | 0.2796   | 0.0853   | 861     | 2.4265  | 102.9 | FAIL
Tiny MLP                 | 0.2874 | 0.0535 | 0.3008 | 0.0500 | 0.2072   | 0.0649   | 861     | 0.9979  | 110.6 | FAIL
MultiProtoCosine         | 0.2543 | 0.0598 | 0.2565 | 0.0500 | 0.2119   | 0.0667   | 861     | 0.7560  | 116.5 | FAIL
WeightedEnsemble         | 0.4362 | 0.0630 | 0.4379 | 0.0500 | 0.3093   | 0.0825   | 861     | 1.0183  | 187.6 | FAIL
XGBoost                  | 0.3827 | 0.0622 | 0.3847 | 0.0500 | 0.2909   | 0.0745   | 861     | 0.6478  | 76.4  | FAIL
LDA1+LogReg              | 0.2843 | 0.0575 | 0.2669 | 0.0500 | 0.2167   | 0.0720   | 861     | 0.7350  | 105.0 | FAIL
PCA16+LogReg             | 0.2291 | 0.0622 | 0.2153 | 0.0500 | 0.1728   | 0.0695   | 861     | 0.7074  | 114.3 | FAIL
PCA32+LogReg             | 0.2772 | 0.0504 | 0.2597 | 0.0500 | 0.1903   | 0.0645   | 861     | 0.7114  | 117.9 | FAIL
PCA16+VecWeighted        | 0.1528 | 0.0614 | 0.1790 | 0.0500 | 0.1125   | 0.0609   | 861     | 0.4842  | 109.9 | FAIL
PCA32+VecWeighted        | 0.1449 | 0.0583 | 0.1573 | 0.0500 | 0.1151   | 0.0550   | 861     | 0.6126  | 115.3 | FAIL
StabilizedWhitenedCosine | 0.3268 | 0.0559 | 0.2984 | 0.0500 | 0.2284   | 0.0661   | 861     | 0.9355  | 105.2 | FAIL

[trial=12 seed=54] GLOBAL mode — total_samples=200000
  total: h0=82063 h1=15019
  pooled_train:  n0=1270 n1=1270
  pooled_calib:  n0=1240 n1=1240
  pooled_eval:   n0=1270 n1=1270
  regions (for macro stats only): 1103
[WeightedEnsemble] Fitted weights (alpha=0.0500, external calib):
  tau=0.8174, Pooled external calib: TPR=0.4565, FPR=0.0500
  Cosine              : +0.4364
  PCAWhitenedCosine   : +0.0571
  XGBoost             : +0.1048
  Tiny MLP            : +0.3819
  LDA                 : +0.0199

Method                   | TPR    | FPR    | TrTPR  | TrFPR  | MacroTPR | MacroFPR | Regions | TauMean | ms    | OK? 
---------------------------------------------------------------------------------------------------------------------
Cosine                   | 0.1441 | 0.0535 | 0.1605 | 0.0500 | 0.1339   | 0.0568   | 850     | 0.7398  | 147.4 | FAIL
AndBox-HC                | 0.0528 | 0.0409 | 0.0565 | 0.0500 | 0.0513   | 0.0397   | 850     | 0.0017  | 62.4  | PASS
PCAWhitenedCosine        | 0.3150 | 0.0465 | 0.3500 | 0.0500 | 0.2345   | 0.0640   | 850     | 0.9912  | 97.0  | PASS
Vec (Wgt)                | 0.0268 | 0.0504 | 0.0234 | 0.0500 | 0.0306   | 0.0508   | 850     | -0.0403 | 95.0  | FAIL
Log Reg                  | 0.3701 | 0.0449 | 0.4177 | 0.0500 | 0.2772   | 0.0602   | 850     | 0.6930  | 111.3 | PASS
LDA                      | 0.3622 | 0.0551 | 0.4000 | 0.0500 | 0.2648   | 0.0707   | 850     | 2.7586  | 101.9 | FAIL
Tiny MLP                 | 0.2488 | 0.0425 | 0.2847 | 0.0500 | 0.1759   | 0.0530   | 850     | 0.9984  | 577.2 | PASS
MultiProtoCosine         | 0.2087 | 0.0480 | 0.2298 | 0.0500 | 0.1759   | 0.0570   | 850     | 0.7647  | 117.0 | PASS
WeightedEnsemble         | 0.4228 | 0.0480 | 0.4565 | 0.0500 | 0.3050   | 0.0632   | 850     | 0.8174  | 651.9 | PASS
XGBoost                  | 0.4283 | 0.0472 | 0.4444 | 0.0500 | 0.3176   | 0.0577   | 850     | 0.6443  | 86.1  | PASS
LDA1+LogReg              | 0.2992 | 0.0457 | 0.3226 | 0.0500 | 0.2321   | 0.0550   | 850     | 0.7292  | 108.0 | PASS
PCA16+LogReg             | 0.2976 | 0.0504 | 0.3129 | 0.0500 | 0.2258   | 0.0591   | 850     | 0.6885  | 114.8 | FAIL
PCA32+LogReg             | 0.3126 | 0.0465 | 0.3290 | 0.0500 | 0.2305   | 0.0495   | 850     | 0.6933  | 122.2 | PASS
PCA16+VecWeighted        | 0.1890 | 0.0480 | 0.2169 | 0.0500 | 0.1475   | 0.0442   | 850     | 0.5239  | 113.7 | PASS
PCA32+VecWeighted        | 0.1457 | 0.0520 | 0.1573 | 0.0500 | 0.1275   | 0.0410   | 850     | 0.6756  | 115.7 | FAIL
StabilizedWhitenedCosine | 0.2976 | 0.0409 | 0.3298 | 0.0500 | 0.2223   | 0.0440   | 850     | 0.9351  | 107.3 | PASS

[trial=13 seed=55] GLOBAL mode — total_samples=200000
  total: h0=82063 h1=15019
  pooled_train:  n0=1270 n1=1270
  pooled_calib:  n0=1240 n1=1240
  pooled_eval:   n0=1270 n1=1270
  regions (for macro stats only): 1103
[WeightedEnsemble] Fitted weights (alpha=0.0500, external calib):
  tau=0.9149, Pooled external calib: TPR=0.4298, FPR=0.0500
  Cosine              : +0.1298
  PCAWhitenedCosine   : +0.1391
  XGBoost             : +0.2872
  Tiny MLP            : +0.3596
  LDA                 : +0.0844

Method                   | TPR    | FPR    | TrTPR  | TrFPR  | MacroTPR | MacroFPR | Regions | TauMean | ms    | OK? 
---------------------------------------------------------------------------------------------------------------------
Cosine                   | 0.1197 | 0.0417 | 0.1185 | 0.0500 | 0.1054   | 0.0473   | 864     | 0.7458  | 146.5 | PASS
AndBox-HC                | 0.0638 | 0.0441 | 0.0597 | 0.0500 | 0.0613   | 0.0542   | 864     | 0.0017  | 63.6  | PASS
PCAWhitenedCosine        | 0.3488 | 0.0441 | 0.3363 | 0.0500 | 0.2348   | 0.0453   | 864     | 1.0856  | 96.8  | PASS
Vec (Wgt)                | 0.0244 | 0.0496 | 0.0290 | 0.0500 | 0.0308   | 0.0480   | 864     | -0.0360 | 96.4  | PASS
Log Reg                  | 0.3528 | 0.0512 | 0.3750 | 0.0500 | 0.2579   | 0.0556   | 864     | 0.7156  | 110.8 | FAIL
LDA                      | 0.3583 | 0.0543 | 0.3532 | 0.0500 | 0.2777   | 0.0644   | 864     | 2.6708  | 101.6 | FAIL
Tiny MLP                 | 0.2606 | 0.0449 | 0.2718 | 0.0500 | 0.2018   | 0.0505   | 864     | 0.9981  | 111.3 | PASS
MultiProtoCosine         | 0.2472 | 0.0504 | 0.2274 | 0.0500 | 0.1938   | 0.0588   | 864     | 0.7673  | 118.0 | FAIL
WeightedEnsemble         | 0.4252 | 0.0488 | 0.4298 | 0.0500 | 0.3106   | 0.0596   | 864     | 0.9149  | 181.9 | PASS
XGBoost                  | 0.3732 | 0.0441 | 0.3468 | 0.0500 | 0.2634   | 0.0541   | 864     | 0.6685  | 86.0  | PASS
LDA1+LogReg              | 0.2677 | 0.0409 | 0.2734 | 0.0500 | 0.2028   | 0.0448   | 864     | 0.7505  | 105.2 | PASS
PCA16+LogReg             | 0.2583 | 0.0488 | 0.2645 | 0.0500 | 0.1992   | 0.0512   | 864     | 0.7050  | 113.8 | PASS
PCA32+LogReg             | 0.2630 | 0.0535 | 0.2718 | 0.0500 | 0.2043   | 0.0600   | 864     | 0.7174  | 116.0 | FAIL
PCA16+VecWeighted        | 0.1772 | 0.0480 | 0.1782 | 0.0500 | 0.1428   | 0.0555   | 864     | 0.5150  | 110.1 | PASS
PCA32+VecWeighted        | 0.1575 | 0.0512 | 0.1597 | 0.0500 | 0.1380   | 0.0620   | 864     | 0.6819  | 112.2 | FAIL
StabilizedWhitenedCosine | 0.2937 | 0.0520 | 0.3016 | 0.0500 | 0.2209   | 0.0558   | 864     | 0.9926  | 110.7 | FAIL

[trial=14 seed=56] GLOBAL mode — total_samples=200000
  total: h0=82063 h1=15019
  pooled_train:  n0=1270 n1=1270
  pooled_calib:  n0=1240 n1=1240
  pooled_eval:   n0=1270 n1=1270
  regions (for macro stats only): 1103
[WeightedEnsemble] Fitted weights (alpha=0.0500, external calib):
  tau=0.8516, Pooled external calib: TPR=0.3782, FPR=0.0500
  Cosine              : +0.4323
  PCAWhitenedCosine   : +0.1110
  XGBoost             : +0.2003
  Tiny MLP            : +0.2025
  LDA                 : +0.0539

Method                   | TPR    | FPR    | TrTPR  | TrFPR  | MacroTPR | MacroFPR | Regions | TauMean | ms    | OK? 
---------------------------------------------------------------------------------------------------------------------
Cosine                   | 0.1150 | 0.0425 | 0.1169 | 0.0500 | 0.1075   | 0.0496   | 860     | 0.7449  | 141.0 | PASS
AndBox-HC                | 0.0520 | 0.0370 | 0.0355 | 0.0500 | 0.0554   | 0.0352   | 860     | 0.0026  | 64.7  | PASS
PCAWhitenedCosine        | 0.3220 | 0.0488 | 0.3298 | 0.0500 | 0.2250   | 0.0639   | 860     | 1.0355  | 97.8  | PASS
Vec (Wgt)                | 0.0339 | 0.0425 | 0.0347 | 0.0500 | 0.0376   | 0.0369   | 860     | -0.0612 | 98.0  | PASS
Log Reg                  | 0.3465 | 0.0520 | 0.3347 | 0.0500 | 0.2421   | 0.0671   | 860     | 0.7000  | 113.1 | FAIL
LDA                      | 0.3126 | 0.0591 | 0.3073 | 0.0500 | 0.2235   | 0.0704   | 860     | 2.9019  | 103.4 | FAIL
Tiny MLP                 | 0.1961 | 0.0465 | 0.1806 | 0.0500 | 0.1299   | 0.0559   | 860     | 0.9994  | 581.5 | PASS
MultiProtoCosine         | 0.2260 | 0.0472 | 0.2169 | 0.0500 | 0.1752   | 0.0599   | 860     | 0.7623  | 120.0 | PASS
WeightedEnsemble         | 0.3661 | 0.0535 | 0.3782 | 0.0500 | 0.2590   | 0.0653   | 860     | 0.8516  | 657.2 | FAIL
XGBoost                  | 0.3614 | 0.0472 | 0.3306 | 0.0500 | 0.2552   | 0.0656   | 860     | 0.6648  | 84.0  | PASS
LDA1+LogReg              | 0.3236 | 0.0575 | 0.3008 | 0.0500 | 0.2395   | 0.0726   | 860     | 0.7188  | 108.4 | FAIL
PCA16+LogReg             | 0.2457 | 0.0504 | 0.2387 | 0.0500 | 0.1882   | 0.0668   | 860     | 0.7008  | 119.1 | FAIL
PCA32+LogReg             | 0.3236 | 0.0559 | 0.2871 | 0.0500 | 0.2343   | 0.0742   | 860     | 0.6962  | 121.3 | FAIL
PCA16+VecWeighted        | 0.0945 | 0.0472 | 0.0952 | 0.0500 | 0.0818   | 0.0444   | 860     | 0.5895  | 114.2 | PASS
PCA32+VecWeighted        | 0.1016 | 0.0598 | 0.1040 | 0.0500 | 0.0922   | 0.0510   | 860     | 0.6497  | 116.7 | FAIL
StabilizedWhitenedCosine | 0.3126 | 0.0535 | 0.2935 | 0.0500 | 0.2185   | 0.0712   | 860     | 0.9492  | 108.1 | FAIL

[trial=15 seed=57] GLOBAL mode — total_samples=200000
  total: h0=82063 h1=15019
  pooled_train:  n0=1270 n1=1270
  pooled_calib:  n0=1240 n1=1240
  pooled_eval:   n0=1270 n1=1270
  regions (for macro stats only): 1103
[WeightedEnsemble] Fitted weights (alpha=0.0500, external calib):
  tau=0.9027, Pooled external calib: TPR=0.4073, FPR=0.0500
  Cosine              : +0.2832
  PCAWhitenedCosine   : +0.0456
  XGBoost             : +0.2004
  Tiny MLP            : +0.4151
  LDA                 : +0.0558

Method                   | TPR    | FPR    | TrTPR  | TrFPR  | MacroTPR | MacroFPR | Regions | TauMean | ms    | OK? 
---------------------------------------------------------------------------------------------------------------------
Cosine                   | 0.1417 | 0.0488 | 0.1540 | 0.0500 | 0.1251   | 0.0462   | 841     | 0.7422  | 134.7 | PASS
AndBox-HC                | 0.0465 | 0.0488 | 0.0460 | 0.0500 | 0.0511   | 0.0462   | 841     | 0.0025  | 64.2  | PASS
PCAWhitenedCosine        | 0.3283 | 0.0638 | 0.3242 | 0.0500 | 0.2273   | 0.0729   | 841     | 1.0458  | 96.1  | FAIL
Vec (Wgt)                | 0.0181 | 0.0551 | 0.0202 | 0.0500 | 0.0236   | 0.0496   | 841     | -0.0236 | 95.2  | FAIL
Log Reg                  | 0.3165 | 0.0472 | 0.2984 | 0.0500 | 0.2193   | 0.0582   | 841     | 0.7239  | 108.2 | PASS
LDA                      | 0.3260 | 0.0512 | 0.3282 | 0.0500 | 0.2195   | 0.0602   | 841     | 2.9768  | 102.3 | FAIL
Tiny MLP                 | 0.2520 | 0.0480 | 0.2621 | 0.0500 | 0.1730   | 0.0502   | 841     | 0.9991  | 575.7 | PASS
MultiProtoCosine         | 0.2110 | 0.0551 | 0.2427 | 0.0500 | 0.1595   | 0.0555   | 841     | 0.7698  | 115.0 | FAIL
WeightedEnsemble         | 0.4197 | 0.0567 | 0.4073 | 0.0500 | 0.2835   | 0.0693   | 841     | 0.9027  | 653.5 | FAIL
XGBoost                  | 0.3425 | 0.0417 | 0.3266 | 0.0500 | 0.2471   | 0.0506   | 841     | 0.6818  | 82.5  | PASS
LDA1+LogReg              | 0.2850 | 0.0457 | 0.2581 | 0.0500 | 0.2138   | 0.0573   | 841     | 0.7372  | 104.3 | PASS
PCA16+LogReg             | 0.2394 | 0.0465 | 0.2194 | 0.0500 | 0.1839   | 0.0597   | 841     | 0.7138  | 112.9 | PASS
PCA32+LogReg             | 0.2866 | 0.0488 | 0.2694 | 0.0500 | 0.2156   | 0.0638   | 841     | 0.7040  | 119.2 | PASS
PCA16+VecWeighted        | 0.1299 | 0.0606 | 0.1258 | 0.0500 | 0.1082   | 0.0514   | 841     | 0.5403  | 114.1 | FAIL
PCA32+VecWeighted        | 0.1000 | 0.0630 | 0.1032 | 0.0500 | 0.0788   | 0.0478   | 841     | 0.6920  | 114.3 | FAIL
StabilizedWhitenedCosine | 0.3165 | 0.0551 | 0.3065 | 0.0500 | 0.2249   | 0.0612   | 841     | 0.9905  | 104.2 | FAIL

[trial=16 seed=58] GLOBAL mode — total_samples=200000
  total: h0=82063 h1=15019
  pooled_train:  n0=1270 n1=1270
  pooled_calib:  n0=1240 n1=1240
  pooled_eval:   n0=1270 n1=1270
  regions (for macro stats only): 1103
[WeightedEnsemble] Fitted weights (alpha=0.0500, external calib):
  tau=1.0765, Pooled external calib: TPR=0.4056, FPR=0.0500
  Cosine              : +0.2000
  PCAWhitenedCosine   : +0.2000
  XGBoost             : +0.2000
  Tiny MLP            : +0.2000
  LDA                 : +0.2000

Method                   | TPR    | FPR    | TrTPR  | TrFPR  | MacroTPR | MacroFPR | Regions | TauMean | ms    | OK? 
---------------------------------------------------------------------------------------------------------------------
Cosine                   | 0.1386 | 0.0441 | 0.1266 | 0.0500 | 0.1162   | 0.0356   | 869     | 0.7449  | 134.3 | PASS
AndBox-HC                | 0.0504 | 0.0457 | 0.0613 | 0.0500 | 0.0569   | 0.0346   | 869     | 0.0020  | 64.1  | PASS
PCAWhitenedCosine        | 0.3992 | 0.0567 | 0.3669 | 0.0492 | 0.2657   | 0.0728   | 869     | 0.8743  | 98.6  | FAIL
Vec (Wgt)                | 0.0165 | 0.0354 | 0.0202 | 0.0500 | 0.0207   | 0.0407   | 869     | -0.0636 | 99.8  | PASS
Log Reg                  | 0.3858 | 0.0528 | 0.3492 | 0.0500 | 0.2533   | 0.0639   | 869     | 0.7005  | 117.0 | FAIL
LDA                      | 0.4008 | 0.0449 | 0.3661 | 0.0500 | 0.2642   | 0.0528   | 869     | 2.5517  | 103.2 | PASS
Tiny MLP                 | 0.2504 | 0.0433 | 0.2323 | 0.0500 | 0.1629   | 0.0430   | 869     | 0.9943  | 111.3 | PASS
MultiProtoCosine         | 0.2402 | 0.0378 | 0.1984 | 0.0500 | 0.1805   | 0.0433   | 869     | 0.7652  | 120.8 | PASS
WeightedEnsemble         | 0.4394 | 0.0457 | 0.4056 | 0.0500 | 0.2906   | 0.0521   | 869     | 1.0765  | 189.3 | PASS
XGBoost                  | 0.4079 | 0.0449 | 0.3613 | 0.0500 | 0.2705   | 0.0573   | 869     | 0.6588  | 80.9  | PASS
LDA1+LogReg              | 0.3126 | 0.0465 | 0.2831 | 0.0500 | 0.2238   | 0.0579   | 869     | 0.7295  | 110.0 | PASS
PCA16+LogReg             | 0.2299 | 0.0346 | 0.1976 | 0.0500 | 0.1565   | 0.0461   | 869     | 0.7277  | 119.5 | PASS
PCA32+LogReg             | 0.2567 | 0.0402 | 0.2282 | 0.0500 | 0.1793   | 0.0540   | 869     | 0.7232  | 118.6 | PASS
PCA16+VecWeighted        | 0.1260 | 0.0480 | 0.1306 | 0.0500 | 0.1083   | 0.0520   | 869     | 0.5026  | 113.3 | PASS
PCA32+VecWeighted        | 0.1016 | 0.0543 | 0.1032 | 0.0500 | 0.1026   | 0.0518   | 869     | 0.6777  | 113.3 | FAIL
StabilizedWhitenedCosine | 0.3528 | 0.0551 | 0.3145 | 0.0500 | 0.2403   | 0.0705   | 869     | 0.9099  | 102.6 | FAIL

[trial=17 seed=59] GLOBAL mode — total_samples=200000
  total: h0=82063 h1=15019
  pooled_train:  n0=1270 n1=1270
  pooled_calib:  n0=1240 n1=1240
  pooled_eval:   n0=1270 n1=1270
  regions (for macro stats only): 1103
[WeightedEnsemble] Fitted weights (alpha=0.0500, external calib):
  tau=0.8037, Pooled external calib: TPR=0.4379, FPR=0.0500
  Cosine              : +0.4364
  PCAWhitenedCosine   : +0.0571
  XGBoost             : +0.1048
  Tiny MLP            : +0.3819
  LDA                 : +0.0199

Method                   | TPR    | FPR    | TrTPR  | TrFPR  | MacroTPR | MacroFPR | Regions | TauMean | ms    | OK? 
---------------------------------------------------------------------------------------------------------------------
Cosine                   | 0.1449 | 0.0472 | 0.1339 | 0.0500 | 0.1373   | 0.0462   | 862     | 0.7423  | 161.6 | PASS
AndBox-HC                | 0.0669 | 0.0646 | 0.0677 | 0.0500 | 0.0634   | 0.0632   | 862     | 0.0005  | 65.5  | FAIL
PCAWhitenedCosine        | 0.3315 | 0.0441 | 0.3234 | 0.0500 | 0.2387   | 0.0537   | 862     | 1.0002  | 98.6  | PASS
Vec (Wgt)                | 0.0394 | 0.0575 | 0.0468 | 0.0500 | 0.0319   | 0.0576   | 862     | -0.0781 | 96.4  | FAIL
Log Reg                  | 0.3630 | 0.0449 | 0.3629 | 0.0500 | 0.2700   | 0.0576   | 862     | 0.6981  | 114.1 | PASS
LDA                      | 0.3087 | 0.0441 | 0.3145 | 0.0500 | 0.2256   | 0.0476   | 862     | 2.8155  | 109.3 | PASS
Tiny MLP                 | 0.2386 | 0.0386 | 0.2282 | 0.0500 | 0.1825   | 0.0404   | 862     | 0.9988  | 112.8 | PASS
MultiProtoCosine         | 0.2102 | 0.0394 | 0.2226 | 0.0500 | 0.1686   | 0.0444   | 862     | 0.7706  | 120.3 | PASS
WeightedEnsemble         | 0.4409 | 0.0535 | 0.4379 | 0.0500 | 0.3154   | 0.0634   | 862     | 0.8037  | 192.6 | FAIL
XGBoost                  | 0.3969 | 0.0512 | 0.3742 | 0.0500 | 0.2865   | 0.0615   | 862     | 0.6427  | 84.0  | FAIL
LDA1+LogReg              | 0.2953 | 0.0409 | 0.3105 | 0.0500 | 0.2240   | 0.0496   | 862     | 0.7208  | 107.6 | PASS
PCA16+LogReg             | 0.2685 | 0.0449 | 0.2847 | 0.0500 | 0.1968   | 0.0540   | 862     | 0.6873  | 114.0 | PASS
PCA32+LogReg             | 0.2921 | 0.0449 | 0.2968 | 0.0500 | 0.2179   | 0.0526   | 862     | 0.6830  | 111.6 | PASS
PCA16+VecWeighted        | 0.1213 | 0.0551 | 0.1323 | 0.0500 | 0.1061   | 0.0649   | 862     | 0.5508  | 112.4 | FAIL
PCA32+VecWeighted        | 0.1346 | 0.0394 | 0.1444 | 0.0500 | 0.1097   | 0.0541   | 862     | 0.6840  | 115.3 | PASS
StabilizedWhitenedCosine | 0.3110 | 0.0386 | 0.3000 | 0.0500 | 0.2338   | 0.0515   | 862     | 0.8738  | 103.1 | PASS

[trial=18 seed=60] GLOBAL mode — total_samples=200000
  total: h0=82063 h1=15019
  pooled_train:  n0=1270 n1=1270
  pooled_calib:  n0=1240 n1=1240
  pooled_eval:   n0=1270 n1=1270
  regions (for macro stats only): 1103
[WeightedEnsemble] Fitted weights (alpha=0.0500, external calib):
  tau=0.8802, Pooled external calib: TPR=0.3887, FPR=0.0500
  Cosine              : +0.2832
  PCAWhitenedCosine   : +0.0456
  XGBoost             : +0.2004
  Tiny MLP            : +0.4151
  LDA                 : +0.0558

Method                   | TPR    | FPR    | TrTPR  | TrFPR  | MacroTPR | MacroFPR | Regions | TauMean | ms    | OK? 
---------------------------------------------------------------------------------------------------------------------
Cosine                   | 0.1346 | 0.0543 | 0.1427 | 0.0500 | 0.1142   | 0.0517   | 837     | 0.7436  | 153.5 | FAIL
AndBox-HC                | 0.0630 | 0.0504 | 0.0661 | 0.0500 | 0.0590   | 0.0472   | 837     | 0.0021  | 64.9  | FAIL
PCAWhitenedCosine        | 0.3094 | 0.0417 | 0.2960 | 0.0500 | 0.2148   | 0.0585   | 837     | 1.0385  | 98.4  | PASS
Vec (Wgt)                | 0.0307 | 0.0480 | 0.0379 | 0.0500 | 0.0314   | 0.0513   | 837     | -0.0572 | 97.2  | PASS
Log Reg                  | 0.3378 | 0.0457 | 0.3226 | 0.0500 | 0.2404   | 0.0656   | 837     | 0.7054  | 112.6 | PASS
LDA                      | 0.3496 | 0.0457 | 0.3282 | 0.0500 | 0.2446   | 0.0565   | 837     | 2.6810  | 103.6 | PASS
Tiny MLP                 | 0.2339 | 0.0520 | 0.2500 | 0.0500 | 0.1736   | 0.0580   | 837     | 0.9966  | 493.0 | FAIL
MultiProtoCosine         | 0.2189 | 0.0535 | 0.2177 | 0.0500 | 0.1758   | 0.0691   | 837     | 0.7694  | 115.1 | FAIL
WeightedEnsemble         | 0.4079 | 0.0488 | 0.3887 | 0.0500 | 0.2863   | 0.0652   | 837     | 0.8802  | 579.2 | PASS
XGBoost                  | 0.3449 | 0.0402 | 0.3161 | 0.0500 | 0.2416   | 0.0479   | 837     | 0.6648  | 85.7  | PASS
LDA1+LogReg              | 0.2795 | 0.0417 | 0.2855 | 0.0500 | 0.1974   | 0.0589   | 837     | 0.7333  | 108.7 | PASS
PCA16+LogReg             | 0.2449 | 0.0480 | 0.2379 | 0.0500 | 0.1809   | 0.0586   | 837     | 0.7015  | 116.3 | PASS
PCA32+LogReg             | 0.2654 | 0.0488 | 0.2516 | 0.0500 | 0.1938   | 0.0605   | 837     | 0.6992  | 119.5 | PASS
PCA16+VecWeighted        | 0.1551 | 0.0425 | 0.1685 | 0.0500 | 0.1084   | 0.0519   | 837     | 0.5463  | 111.5 | PASS
PCA32+VecWeighted        | 0.1323 | 0.0378 | 0.1403 | 0.0500 | 0.0885   | 0.0430   | 837     | 0.6746  | 117.3 | PASS
StabilizedWhitenedCosine | 0.3039 | 0.0409 | 0.2871 | 0.0500 | 0.2137   | 0.0558   | 837     | 0.9688  | 106.0 | PASS

[trial=19 seed=61] GLOBAL mode — total_samples=200000
  total: h0=82063 h1=15019
  pooled_train:  n0=1270 n1=1270
  pooled_calib:  n0=1240 n1=1240
  pooled_eval:   n0=1270 n1=1270
  regions (for macro stats only): 1103
[WeightedEnsemble] Fitted weights (alpha=0.0500, external calib):
  tau=0.8366, Pooled external calib: TPR=0.3806, FPR=0.0500
  Cosine              : +0.4364
  PCAWhitenedCosine   : +0.0571
  XGBoost             : +0.1048
  Tiny MLP            : +0.3819
  LDA                 : +0.0199

Method                   | TPR    | FPR    | TrTPR  | TrFPR  | MacroTPR | MacroFPR | Regions | TauMean | ms    | OK? 
---------------------------------------------------------------------------------------------------------------------
Cosine                   | 0.1331 | 0.0488 | 0.1298 | 0.0500 | 0.1119   | 0.0532   | 852     | 0.7427  | 141.5 | PASS
AndBox-HC                | 0.0630 | 0.0575 | 0.0589 | 0.0500 | 0.0621   | 0.0560   | 852     | 0.0012  | 69.6  | FAIL
PCAWhitenedCosine        | 0.3331 | 0.0630 | 0.3258 | 0.0500 | 0.2396   | 0.0917   | 852     | 1.0063  | 96.1  | FAIL
Vec (Wgt)                | 0.0244 | 0.0535 | 0.0250 | 0.0500 | 0.0324   | 0.0562   | 852     | -0.0519 | 97.9  | FAIL
Log Reg                  | 0.3449 | 0.0504 | 0.3323 | 0.0500 | 0.2367   | 0.0728   | 852     | 0.7079  | 109.3 | FAIL
LDA                      | 0.3213 | 0.0457 | 0.3097 | 0.0500 | 0.2423   | 0.0739   | 852     | 2.8367  | 101.4 | PASS
Tiny MLP                 | 0.2472 | 0.0394 | 0.2266 | 0.0500 | 0.1773   | 0.0653   | 852     | 0.9987  | 585.5 | PASS
MultiProtoCosine         | 0.2118 | 0.0394 | 0.2177 | 0.0484 | 0.1724   | 0.0549   | 852     | 0.7712  | 117.8 | PASS
WeightedEnsemble         | 0.3850 | 0.0409 | 0.3806 | 0.0500 | 0.2710   | 0.0614   | 852     | 0.8366  | 669.1 | PASS
XGBoost                  | 0.3394 | 0.0394 | 0.3395 | 0.0500 | 0.2480   | 0.0497   | 852     | 0.6772  | 84.2  | PASS
LDA1+LogReg              | 0.2953 | 0.0472 | 0.2806 | 0.0500 | 0.2151   | 0.0604   | 852     | 0.7342  | 106.7 | PASS
PCA16+LogReg             | 0.2378 | 0.0433 | 0.2444 | 0.0500 | 0.1723   | 0.0511   | 852     | 0.7114  | 116.4 | PASS
PCA32+LogReg             | 0.2661 | 0.0378 | 0.2645 | 0.0500 | 0.1878   | 0.0481   | 852     | 0.7164  | 119.5 | PASS
PCA16+VecWeighted        | 0.0567 | 0.0543 | 0.0605 | 0.0500 | 0.0551   | 0.0308   | 852     | 0.6518  | 116.2 | FAIL
PCA32+VecWeighted        | 0.0937 | 0.0591 | 0.0879 | 0.0500 | 0.0746   | 0.0406   | 852     | 0.8052  | 116.1 | FAIL
StabilizedWhitenedCosine | 0.3102 | 0.0441 | 0.2952 | 0.0500 | 0.2204   | 0.0554   | 852     | 0.9619  | 109.7 | PASS

[trial=20 seed=62] GLOBAL mode — total_samples=200000
  total: h0=82063 h1=15019
  pooled_train:  n0=1270 n1=1270
  pooled_calib:  n0=1240 n1=1240
  pooled_eval:   n0=1270 n1=1270
  regions (for macro stats only): 1103
[WeightedEnsemble] Fitted weights (alpha=0.0500, external calib):
  tau=0.8295, Pooled external calib: TPR=0.4355, FPR=0.0500
  Cosine              : +0.4364
  PCAWhitenedCosine   : +0.0571
  XGBoost             : +0.1048
  Tiny MLP            : +0.3819
  LDA                 : +0.0199

Method                   | TPR    | FPR    | TrTPR  | TrFPR  | MacroTPR | MacroFPR | Regions | TauMean | ms    | OK? 
---------------------------------------------------------------------------------------------------------------------
Cosine                   | 0.1252 | 0.0583 | 0.1379 | 0.0500 | 0.1143   | 0.0612   | 858     | 0.7456  | 140.5 | FAIL
AndBox-HC                | 0.0614 | 0.0575 | 0.0573 | 0.0500 | 0.0641   | 0.0471   | 858     | 0.0014  | 60.4  | FAIL
PCAWhitenedCosine        | 0.3370 | 0.0614 | 0.3306 | 0.0500 | 0.2399   | 0.0728   | 858     | 1.0507  | 97.9  | FAIL
Vec (Wgt)                | 0.0551 | 0.0472 | 0.0677 | 0.0500 | 0.0520   | 0.0549   | 858     | -0.0458 | 98.6  | PASS
Log Reg                  | 0.3646 | 0.0638 | 0.3621 | 0.0500 | 0.2590   | 0.0767   | 858     | 0.7125  | 109.8 | FAIL
LDA                      | 0.3693 | 0.0638 | 0.3573 | 0.0500 | 0.2691   | 0.0836   | 858     | 2.7547  | 102.6 | FAIL
Tiny MLP                 | 0.2953 | 0.0551 | 0.2823 | 0.0500 | 0.2311   | 0.0729   | 858     | 0.9996  | 112.8 | FAIL
MultiProtoCosine         | 0.2315 | 0.0606 | 0.2347 | 0.0500 | 0.1801   | 0.0723   | 858     | 0.7625  | 119.6 | FAIL
WeightedEnsemble         | 0.4425 | 0.0669 | 0.4355 | 0.0500 | 0.3286   | 0.0802   | 858     | 0.8295  | 196.6 | FAIL
XGBoost                  | 0.3772 | 0.0567 | 0.3387 | 0.0500 | 0.2685   | 0.0669   | 858     | 0.6783  | 80.4  | FAIL
LDA1+LogReg              | 0.3031 | 0.0535 | 0.2815 | 0.0500 | 0.2090   | 0.0567   | 858     | 0.7416  | 105.2 | FAIL
PCA16+LogReg             | 0.2417 | 0.0465 | 0.2371 | 0.0500 | 0.1784   | 0.0474   | 858     | 0.7123  | 113.8 | PASS
PCA32+LogReg             | 0.2583 | 0.0488 | 0.2548 | 0.0500 | 0.1925   | 0.0523   | 858     | 0.7231  | 121.8 | PASS
PCA16+VecWeighted        | 0.0882 | 0.0535 | 0.0847 | 0.0500 | 0.0842   | 0.0534   | 858     | 0.5624  | 111.8 | FAIL
PCA32+VecWeighted        | 0.0630 | 0.0567 | 0.0565 | 0.0500 | 0.0598   | 0.0543   | 858     | 0.7138  | 114.0 | FAIL
StabilizedWhitenedCosine | 0.2685 | 0.0488 | 0.2823 | 0.0500 | 0.1945   | 0.0609   | 858     | 1.1071  | 104.1 | PASS

[trial=21 seed=63] GLOBAL mode — total_samples=200000
  total: h0=82063 h1=15019
  pooled_train:  n0=1270 n1=1270
  pooled_calib:  n0=1240 n1=1240
  pooled_eval:   n0=1270 n1=1270
  regions (for macro stats only): 1103
[WeightedEnsemble] Fitted weights (alpha=0.0500, external calib):
  tau=0.8024, Pooled external calib: TPR=0.4355, FPR=0.0500
  Cosine              : +0.4352
  PCAWhitenedCosine   : +0.0957
  XGBoost             : +0.1866
  Tiny MLP            : +0.2341
  LDA                 : +0.0484

Method                   | TPR    | FPR    | TrTPR  | TrFPR  | MacroTPR | MacroFPR | Regions | TauMean | ms    | OK? 
---------------------------------------------------------------------------------------------------------------------
Cosine                   | 0.1354 | 0.0488 | 0.1403 | 0.0500 | 0.1113   | 0.0472   | 881     | 0.7431  | 158.3 | PASS
AndBox-HC                | 0.0323 | 0.0465 | 0.0476 | 0.0500 | 0.0370   | 0.0472   | 881     | 0.0020  | 72.6  | PASS
PCAWhitenedCosine        | 0.3598 | 0.0496 | 0.3323 | 0.0500 | 0.2373   | 0.0628   | 881     | 0.9518  | 100.4 | PASS
Vec (Wgt)                | 0.0362 | 0.0472 | 0.0323 | 0.0500 | 0.0469   | 0.0502   | 881     | -0.0636 | 99.1  | PASS
Log Reg                  | 0.3654 | 0.0472 | 0.3468 | 0.0500 | 0.2438   | 0.0606   | 881     | 0.7005  | 112.2 | PASS
LDA                      | 0.3583 | 0.0472 | 0.3605 | 0.0500 | 0.2695   | 0.0592   | 881     | 2.5824  | 104.0 | PASS
Tiny MLP                 | 0.2693 | 0.0496 | 0.2565 | 0.0500 | 0.1970   | 0.0573   | 881     | 0.9965  | 586.2 | PASS
MultiProtoCosine         | 0.2173 | 0.0409 | 0.2315 | 0.0500 | 0.1808   | 0.0500   | 881     | 0.7615  | 118.9 | PASS
WeightedEnsemble         | 0.4378 | 0.0504 | 0.4355 | 0.0500 | 0.3206   | 0.0675   | 881     | 0.8024  | 668.5 | FAIL
XGBoost                  | 0.3677 | 0.0504 | 0.3863 | 0.0500 | 0.2626   | 0.0662   | 881     | 0.6497  | 81.7  | FAIL
LDA1+LogReg              | 0.2866 | 0.0441 | 0.2863 | 0.0500 | 0.2054   | 0.0559   | 881     | 0.7225  | 108.1 | PASS
PCA16+LogReg             | 0.2504 | 0.0472 | 0.2427 | 0.0500 | 0.1804   | 0.0594   | 881     | 0.6939  | 120.9 | PASS
PCA32+LogReg             | 0.2787 | 0.0551 | 0.2710 | 0.0500 | 0.2036   | 0.0686   | 881     | 0.6918  | 124.8 | FAIL
PCA16+VecWeighted        | 0.1094 | 0.0512 | 0.1113 | 0.0500 | 0.0670   | 0.0532   | 881     | 0.5532  | 114.3 | FAIL
PCA32+VecWeighted        | 0.0850 | 0.0496 | 0.0855 | 0.0500 | 0.0554   | 0.0445   | 881     | 0.7482  | 118.5 | PASS
StabilizedWhitenedCosine | 0.3354 | 0.0504 | 0.3081 | 0.0500 | 0.2206   | 0.0606   | 881     | 0.8673  | 112.4 | FAIL

[trial=22 seed=64] GLOBAL mode — total_samples=200000
  total: h0=82063 h1=15019
  pooled_train:  n0=1270 n1=1270
  pooled_calib:  n0=1240 n1=1240
  pooled_eval:   n0=1270 n1=1270
  regions (for macro stats only): 1103
[WeightedEnsemble] Fitted weights (alpha=0.0500, external calib):
  tau=0.6423, Pooled external calib: TPR=0.4024, FPR=0.0500
  Cosine              : +0.0000
  PCAWhitenedCosine   : +0.0000
  XGBoost             : +1.0000
  Tiny MLP            : +0.0000
  LDA                 : +0.0000

Method                   | TPR    | FPR    | TrTPR  | TrFPR  | MacroTPR | MacroFPR | Regions | TauMean | ms    | OK? 
---------------------------------------------------------------------------------------------------------------------
Cosine                   | 0.1354 | 0.0598 | 0.1202 | 0.0500 | 0.1117   | 0.0574   | 846     | 0.7433  | 134.7 | FAIL
AndBox-HC                | 0.0528 | 0.0402 | 0.0427 | 0.0500 | 0.0513   | 0.0335   | 846     | 0.0019  | 66.5  | PASS
PCAWhitenedCosine        | 0.3157 | 0.0472 | 0.3306 | 0.0500 | 0.2229   | 0.0559   | 846     | 1.1584  | 89.6  | PASS
Vec (Wgt)                | 0.0260 | 0.0535 | 0.0379 | 0.0500 | 0.0324   | 0.0522   | 846     | -0.0358 | 92.1  | FAIL
Log Reg                  | 0.3504 | 0.0520 | 0.3685 | 0.0500 | 0.2507   | 0.0639   | 846     | 0.7122  | 105.2 | FAIL
LDA                      | 0.3228 | 0.0457 | 0.3097 | 0.0500 | 0.2294   | 0.0586   | 846     | 2.9762  | 98.8  | PASS
Tiny MLP                 | 0.2394 | 0.0402 | 0.2355 | 0.0500 | 0.1801   | 0.0506   | 846     | 0.9990  | 571.7 | PASS
MultiProtoCosine         | 0.2394 | 0.0543 | 0.2605 | 0.0500 | 0.1826   | 0.0514   | 846     | 0.7593  | 114.0 | FAIL
WeightedEnsemble         | 0.4220 | 0.0575 | 0.4024 | 0.0500 | 0.3050   | 0.0721   | 846     | 0.6423  | 651.3 | FAIL
XGBoost                  | 0.4220 | 0.0575 | 0.4024 | 0.0500 | 0.3050   | 0.0721   | 846     | 0.6423  | 80.7  | FAIL
LDA1+LogReg              | 0.3173 | 0.0543 | 0.3363 | 0.0500 | 0.2330   | 0.0632   | 846     | 0.7250  | 101.6 | FAIL
PCA16+LogReg             | 0.2480 | 0.0504 | 0.2315 | 0.0500 | 0.1906   | 0.0551   | 846     | 0.6885  | 112.9 | FAIL
PCA32+LogReg             | 0.2898 | 0.0567 | 0.2621 | 0.0500 | 0.2081   | 0.0638   | 846     | 0.6957  | 113.0 | FAIL
PCA16+VecWeighted        | 0.0693 | 0.0465 | 0.0694 | 0.0500 | 0.0509   | 0.0538   | 846     | 0.5763  | 107.3 | PASS
PCA32+VecWeighted        | 0.0835 | 0.0354 | 0.0710 | 0.0500 | 0.0568   | 0.0462   | 846     | 0.7576  | 109.8 | PASS
StabilizedWhitenedCosine | 0.2661 | 0.0480 | 0.2718 | 0.0500 | 0.1859   | 0.0506   | 846     | 1.0050  | 101.5 | PASS

[trial=23 seed=65] GLOBAL mode — total_samples=200000
  total: h0=82063 h1=15019
  pooled_train:  n0=1270 n1=1270
  pooled_calib:  n0=1240 n1=1240
  pooled_eval:   n0=1270 n1=1270
  regions (for macro stats only): 1103
[WeightedEnsemble] Fitted weights (alpha=0.0500, external calib):
  tau=0.9160, Pooled external calib: TPR=0.4008, FPR=0.0500
  Cosine              : +0.1298
  PCAWhitenedCosine   : +0.1391
  XGBoost             : +0.2872
  Tiny MLP            : +0.3596
  LDA                 : +0.0844

Method                   | TPR    | FPR    | TrTPR  | TrFPR  | MacroTPR | MacroFPR | Regions | TauMean | ms    | OK? 
---------------------------------------------------------------------------------------------------------------------
Cosine                   | 0.1528 | 0.0457 | 0.1468 | 0.0500 | 0.1221   | 0.0539   | 869     | 0.7429  | 139.5 | PASS
AndBox-HC                | 0.0504 | 0.0354 | 0.0484 | 0.0500 | 0.0520   | 0.0345   | 869     | 0.0028  | 66.3  | PASS
PCAWhitenedCosine        | 0.2898 | 0.0520 | 0.2927 | 0.0500 | 0.2087   | 0.0711   | 869     | 1.0883  | 100.0 | FAIL
Vec (Wgt)                | 0.0449 | 0.0472 | 0.0411 | 0.0500 | 0.0453   | 0.0334   | 869     | -0.0595 | 99.6  | PASS
Log Reg                  | 0.3417 | 0.0575 | 0.3355 | 0.0500 | 0.2457   | 0.0837   | 869     | 0.7169  | 117.0 | FAIL
LDA                      | 0.3614 | 0.0567 | 0.3500 | 0.0500 | 0.2744   | 0.0762   | 869     | 2.6596  | 107.2 | FAIL
Tiny MLP                 | 0.2157 | 0.0551 | 0.2250 | 0.0500 | 0.1702   | 0.0743   | 869     | 0.9918  | 587.8 | FAIL
MultiProtoCosine         | 0.2512 | 0.0465 | 0.2323 | 0.0500 | 0.1953   | 0.0644   | 869     | 0.7665  | 121.9 | PASS
WeightedEnsemble         | 0.4031 | 0.0606 | 0.4008 | 0.0500 | 0.3007   | 0.0866   | 869     | 0.9160  | 668.9 | FAIL
XGBoost                  | 0.3835 | 0.0559 | 0.3694 | 0.0500 | 0.2776   | 0.0726   | 869     | 0.6483  | 82.5  | FAIL
LDA1+LogReg              | 0.2984 | 0.0528 | 0.2927 | 0.0500 | 0.2204   | 0.0716   | 869     | 0.7320  | 108.2 | FAIL
PCA16+LogReg             | 0.2764 | 0.0504 | 0.2661 | 0.0500 | 0.1994   | 0.0702   | 869     | 0.7092  | 118.3 | FAIL
PCA32+LogReg             | 0.2843 | 0.0528 | 0.2718 | 0.0500 | 0.2050   | 0.0734   | 869     | 0.7149  | 123.6 | FAIL
PCA16+VecWeighted        | 0.0449 | 0.0512 | 0.0379 | 0.0500 | 0.0470   | 0.0578   | 869     | 0.6848  | 114.0 | FAIL
PCA32+VecWeighted        | 0.0354 | 0.0496 | 0.0403 | 0.0500 | 0.0442   | 0.0618   | 869     | 0.8237  | 117.2 | PASS
StabilizedWhitenedCosine | 0.3071 | 0.0591 | 0.3008 | 0.0500 | 0.2147   | 0.0798   | 869     | 1.0002  | 109.3 | FAIL

[trial=24 seed=66] GLOBAL mode — total_samples=200000
  total: h0=82063 h1=15019
  pooled_train:  n0=1270 n1=1270
  pooled_calib:  n0=1240 n1=1240
  pooled_eval:   n0=1270 n1=1270
  regions (for macro stats only): 1103
[WeightedEnsemble] Fitted weights (alpha=0.0500, external calib):
  tau=0.9888, Pooled external calib: TPR=0.3669, FPR=0.0500
  Cosine              : +0.0595
  PCAWhitenedCosine   : +0.3558
  XGBoost             : +0.1566
  Tiny MLP            : +0.3547
  LDA                 : +0.0734

Method                   | TPR    | FPR    | TrTPR  | TrFPR  | MacroTPR | MacroFPR | Regions | TauMean | ms    | OK? 
---------------------------------------------------------------------------------------------------------------------
Cosine                   | 0.1189 | 0.0488 | 0.1121 | 0.0500 | 0.1021   | 0.0446   | 866     | 0.7464  | 133.9 | PASS
AndBox-HC                | 0.0787 | 0.0378 | 0.0661 | 0.0500 | 0.0766   | 0.0387   | 866     | 0.0018  | 62.0  | PASS
PCAWhitenedCosine        | 0.3394 | 0.0441 | 0.3218 | 0.0500 | 0.2407   | 0.0616   | 866     | 1.0526  | 93.9  | PASS
Vec (Wgt)                | 0.0228 | 0.0394 | 0.0315 | 0.0500 | 0.0270   | 0.0478   | 866     | -0.0807 | 93.8  | PASS
Log Reg                  | 0.3134 | 0.0362 | 0.3218 | 0.0500 | 0.2202   | 0.0530   | 866     | 0.7228  | 108.7 | PASS
LDA                      | 0.2803 | 0.0244 | 0.2960 | 0.0500 | 0.1876   | 0.0350   | 866     | 3.1954  | 102.2 | PASS
Tiny MLP                 | 0.2189 | 0.0315 | 0.2290 | 0.0500 | 0.1580   | 0.0432   | 866     | 0.9991  | 549.7 | PASS
MultiProtoCosine         | 0.2181 | 0.0504 | 0.2016 | 0.0500 | 0.1708   | 0.0481   | 866     | 0.7686  | 111.9 | FAIL
WeightedEnsemble         | 0.3827 | 0.0441 | 0.3669 | 0.0500 | 0.2652   | 0.0616   | 866     | 0.9888  | 628.5 | PASS
XGBoost                  | 0.3772 | 0.0535 | 0.3669 | 0.0500 | 0.2744   | 0.0706   | 866     | 0.6556  | 78.2  | FAIL
LDA1+LogReg              | 0.2795 | 0.0457 | 0.2855 | 0.0500 | 0.2009   | 0.0586   | 866     | 0.7409  | 101.2 | PASS
PCA16+LogReg             | 0.2559 | 0.0535 | 0.2669 | 0.0500 | 0.1816   | 0.0693   | 866     | 0.6888  | 110.1 | FAIL
PCA32+LogReg             | 0.2984 | 0.0551 | 0.3129 | 0.0500 | 0.2208   | 0.0651   | 866     | 0.6936  | 111.4 | FAIL
PCA16+VecWeighted        | 0.1803 | 0.0433 | 0.1798 | 0.0500 | 0.1114   | 0.0551   | 866     | 0.5209  | 106.6 | PASS
PCA32+VecWeighted        | 0.1291 | 0.0543 | 0.1387 | 0.0500 | 0.0889   | 0.0714   | 866     | 0.6756  | 109.5 | FAIL
StabilizedWhitenedCosine | 0.3150 | 0.0528 | 0.3387 | 0.0500 | 0.2293   | 0.0633   | 866     | 0.9937  | 100.6 | FAIL

[trial=25 seed=67] GLOBAL mode — total_samples=200000
  total: h0=82063 h1=15019
  pooled_train:  n0=1270 n1=1270
  pooled_calib:  n0=1240 n1=1240
  pooled_eval:   n0=1270 n1=1270
  regions (for macro stats only): 1103
[WeightedEnsemble] Fitted weights (alpha=0.0500, external calib):
  tau=0.8110, Pooled external calib: TPR=0.4000, FPR=0.0500
  Cosine              : +0.4352
  PCAWhitenedCosine   : +0.0957
  XGBoost             : +0.1866
  Tiny MLP            : +0.2341
  LDA                 : +0.0484

Method                   | TPR    | FPR    | TrTPR  | TrFPR  | MacroTPR | MacroFPR | Regions | TauMean | ms    | OK? 
---------------------------------------------------------------------------------------------------------------------
Cosine                   | 0.1669 | 0.0528 | 0.1581 | 0.0500 | 0.1425   | 0.0547   | 860     | 0.7391  | 134.0 | FAIL
AndBox-HC                | 0.0433 | 0.0559 | 0.0444 | 0.0500 | 0.0512   | 0.0513   | 860     | 0.0022  | 60.7  | FAIL
PCAWhitenedCosine        | 0.3543 | 0.0409 | 0.3306 | 0.0500 | 0.2527   | 0.0530   | 860     | 0.9691  | 89.8  | PASS
Vec (Wgt)                | 0.0315 | 0.0551 | 0.0298 | 0.0500 | 0.0351   | 0.0506   | 860     | -0.0587 | 91.2  | FAIL
Log Reg                  | 0.3654 | 0.0409 | 0.3363 | 0.0500 | 0.2430   | 0.0448   | 860     | 0.7047  | 106.6 | PASS
LDA                      | 0.3331 | 0.0457 | 0.3274 | 0.0500 | 0.2243   | 0.0519   | 860     | 2.7009  | 96.0  | PASS
Tiny MLP                 | 0.1953 | 0.0291 | 0.1927 | 0.0500 | 0.1182   | 0.0354   | 860     | 0.9994  | 468.7 | PASS
MultiProtoCosine         | 0.2535 | 0.0551 | 0.2306 | 0.0500 | 0.2064   | 0.0638   | 860     | 0.7604  | 113.2 | FAIL
WeightedEnsemble         | 0.4063 | 0.0520 | 0.4000 | 0.0500 | 0.2833   | 0.0596   | 860     | 0.8110  | 541.9 | FAIL
XGBoost                  | 0.3992 | 0.0457 | 0.3685 | 0.0500 | 0.2874   | 0.0535   | 860     | 0.6428  | 81.5  | PASS
LDA1+LogReg              | 0.3268 | 0.0433 | 0.3081 | 0.0500 | 0.2212   | 0.0500   | 860     | 0.7230  | 100.9 | PASS
PCA16+LogReg             | 0.2795 | 0.0512 | 0.2758 | 0.0500 | 0.1899   | 0.0601   | 860     | 0.6959  | 107.8 | FAIL
PCA32+LogReg             | 0.3016 | 0.0457 | 0.2871 | 0.0500 | 0.2046   | 0.0547   | 860     | 0.7035  | 113.7 | PASS
PCA16+VecWeighted        | 0.0417 | 0.0417 | 0.0500 | 0.0500 | 0.0538   | 0.0459   | 860     | 0.6600  | 104.5 | PASS
PCA32+VecWeighted        | 0.0598 | 0.0520 | 0.0540 | 0.0500 | 0.0803   | 0.0496   | 860     | 0.7571  | 107.9 | FAIL
StabilizedWhitenedCosine | 0.3197 | 0.0354 | 0.2992 | 0.0500 | 0.2191   | 0.0439   | 860     | 0.9426  | 99.2  | PASS

[trial=26 seed=68] GLOBAL mode — total_samples=200000
  total: h0=82063 h1=15019
  pooled_train:  n0=1270 n1=1270
  pooled_calib:  n0=1240 n1=1240
  pooled_eval:   n0=1270 n1=1270
  regions (for macro stats only): 1103
[WeightedEnsemble] Fitted weights (alpha=0.0500, external calib):
  tau=0.8401, Pooled external calib: TPR=0.3823, FPR=0.0500
  Cosine              : +0.4364
  PCAWhitenedCosine   : +0.0571
  XGBoost             : +0.1048
  Tiny MLP            : +0.3819
  LDA                 : +0.0199

Method                   | TPR    | FPR    | TrTPR  | TrFPR  | MacroTPR | MacroFPR | Regions | TauMean | ms    | OK? 
---------------------------------------------------------------------------------------------------------------------
Cosine                   | 0.1732 | 0.0583 | 0.1548 | 0.0500 | 0.1384   | 0.0510   | 849     | 0.7383  | 128.9 | FAIL
AndBox-HC                | 0.0606 | 0.0354 | 0.0524 | 0.0500 | 0.0499   | 0.0382   | 849     | 0.0025  | 59.5  | PASS
PCAWhitenedCosine        | 0.3457 | 0.0520 | 0.3274 | 0.0500 | 0.2287   | 0.0626   | 849     | 1.0625  | 86.5  | FAIL
Vec (Wgt)                | 0.0339 | 0.0496 | 0.0411 | 0.0500 | 0.0290   | 0.0508   | 849     | -0.0311 | 87.0  | PASS
Log Reg                  | 0.3661 | 0.0504 | 0.3419 | 0.0500 | 0.2462   | 0.0648   | 849     | 0.7208  | 99.2  | FAIL
LDA                      | 0.2921 | 0.0386 | 0.2790 | 0.0500 | 0.1894   | 0.0428   | 849     | 3.3535  | 92.4  | PASS
Tiny MLP                 | 0.1937 | 0.0378 | 0.1863 | 0.0500 | 0.1223   | 0.0461   | 849     | 0.9994  | 534.6 | PASS
MultiProtoCosine         | 0.2567 | 0.0520 | 0.2516 | 0.0500 | 0.1813   | 0.0591   | 849     | 0.7615  | 104.2 | FAIL
WeightedEnsemble         | 0.3976 | 0.0496 | 0.3823 | 0.0500 | 0.2721   | 0.0662   | 849     | 0.8401  | 613.6 | PASS
XGBoost                  | 0.3835 | 0.0449 | 0.3589 | 0.0500 | 0.2671   | 0.0653   | 849     | 0.6563  | 76.8  | PASS
LDA1+LogReg              | 0.2866 | 0.0465 | 0.2831 | 0.0500 | 0.1961   | 0.0604   | 849     | 0.7514  | 93.2  | PASS
PCA16+LogReg             | 0.2598 | 0.0567 | 0.2492 | 0.0500 | 0.1816   | 0.0642   | 849     | 0.6930  | 101.2 | FAIL
PCA32+LogReg             | 0.3150 | 0.0512 | 0.2976 | 0.0500 | 0.2212   | 0.0585   | 849     | 0.7070  | 103.9 | FAIL
PCA16+VecWeighted        | 0.0937 | 0.0520 | 0.1016 | 0.0500 | 0.0893   | 0.0647   | 849     | 0.5671  | 99.7  | FAIL
PCA32+VecWeighted        | 0.0921 | 0.0559 | 0.0952 | 0.0500 | 0.0884   | 0.0595   | 849     | 0.7266  | 102.7 | FAIL
StabilizedWhitenedCosine | 0.3307 | 0.0496 | 0.3024 | 0.0500 | 0.2238   | 0.0592   | 849     | 0.9946  | 102.3 | PASS

[trial=27 seed=69] GLOBAL mode — total_samples=200000
  total: h0=82063 h1=15019
  pooled_train:  n0=1270 n1=1270
  pooled_calib:  n0=1240 n1=1240
  pooled_eval:   n0=1270 n1=1270
  regions (for macro stats only): 1103
[WeightedEnsemble] Fitted weights (alpha=0.0500, external calib):
  tau=1.0107, Pooled external calib: TPR=0.3782, FPR=0.0500
  Cosine              : +0.0595
  PCAWhitenedCosine   : +0.3558
  XGBoost             : +0.1566
  Tiny MLP            : +0.3547
  LDA                 : +0.0734

Method                   | TPR    | FPR    | TrTPR  | TrFPR  | MacroTPR | MacroFPR | Regions | TauMean | ms    | OK? 
---------------------------------------------------------------------------------------------------------------------
Cosine                   | 0.1157 | 0.0331 | 0.1210 | 0.0500 | 0.0914   | 0.0335   | 850     | 0.7455  | 136.9 | PASS
AndBox-HC                | 0.0386 | 0.0339 | 0.0387 | 0.0500 | 0.0300   | 0.0365   | 850     | 0.0026  | 64.5  | PASS
PCAWhitenedCosine        | 0.2969 | 0.0299 | 0.3081 | 0.0500 | 0.2197   | 0.0402   | 850     | 1.1330  | 96.9  | PASS
Vec (Wgt)                | 0.0291 | 0.0512 | 0.0218 | 0.0500 | 0.0446   | 0.0540   | 850     | -0.0797 | 95.8  | FAIL
Log Reg                  | 0.3661 | 0.0425 | 0.3637 | 0.0500 | 0.2592   | 0.0548   | 850     | 0.7223  | 106.3 | PASS
LDA                      | 0.2953 | 0.0307 | 0.2871 | 0.0500 | 0.2049   | 0.0391   | 850     | 3.2599  | 101.1 | PASS
Tiny MLP                 | 0.2220 | 0.0315 | 0.2185 | 0.0500 | 0.1547   | 0.0417   | 850     | 0.9991  | 570.1 | PASS
MultiProtoCosine         | 0.2197 | 0.0315 | 0.2177 | 0.0500 | 0.1705   | 0.0429   | 850     | 0.7675  | 114.6 | PASS
WeightedEnsemble         | 0.3803 | 0.0402 | 0.3782 | 0.0500 | 0.2728   | 0.0494   | 850     | 1.0107  | 763.3 | PASS
XGBoost                  | 0.3299 | 0.0386 | 0.3040 | 0.0500 | 0.2306   | 0.0480   | 850     | 0.6743  | 83.6  | PASS
LDA1+LogReg              | 0.3173 | 0.0543 | 0.3202 | 0.0500 | 0.2309   | 0.0719   | 850     | 0.7316  | 103.7 | FAIL
PCA16+LogReg             | 0.2614 | 0.0480 | 0.2419 | 0.0500 | 0.1759   | 0.0614   | 850     | 0.7097  | 112.9 | PASS
PCA32+LogReg             | 0.3024 | 0.0551 | 0.3040 | 0.0500 | 0.2140   | 0.0723   | 850     | 0.7033  | 120.1 | FAIL
PCA16+VecWeighted        | 0.1559 | 0.0535 | 0.1532 | 0.0500 | 0.1030   | 0.0587   | 850     | 0.5292  | 110.7 | FAIL
PCA32+VecWeighted        | 0.1094 | 0.0457 | 0.1105 | 0.0500 | 0.0738   | 0.0542   | 850     | 0.7003  | 115.5 | PASS
StabilizedWhitenedCosine | 0.3150 | 0.0394 | 0.2944 | 0.0500 | 0.2251   | 0.0503   | 850     | 1.0012  | 105.0 | PASS

[trial=28 seed=70] GLOBAL mode — total_samples=200000
  total: h0=82063 h1=15019
  pooled_train:  n0=1270 n1=1270
  pooled_calib:  n0=1240 n1=1240
  pooled_eval:   n0=1270 n1=1270
  regions (for macro stats only): 1103
[WeightedEnsemble] Fitted weights (alpha=0.0500, external calib):
  tau=0.8963, Pooled external calib: TPR=0.4121, FPR=0.0500
  Cosine              : +0.1298
  PCAWhitenedCosine   : +0.1391
  XGBoost             : +0.2872
  Tiny MLP            : +0.3596
  LDA                 : +0.0844

Method                   | TPR    | FPR    | TrTPR  | TrFPR  | MacroTPR | MacroFPR | Regions | TauMean | ms    | OK? 
---------------------------------------------------------------------------------------------------------------------
Cosine                   | 0.1299 | 0.0575 | 0.1395 | 0.0500 | 0.1158   | 0.0639   | 864     | 0.7426  | 131.1 | FAIL
AndBox-HC                | 0.0551 | 0.0417 | 0.0435 | 0.0500 | 0.0487   | 0.0346   | 864     | 0.0016  | 60.8  | PASS
PCAWhitenedCosine        | 0.3409 | 0.0409 | 0.3234 | 0.0500 | 0.2350   | 0.0504   | 864     | 1.0234  | 89.4  | PASS
Vec (Wgt)                | 0.0291 | 0.0480 | 0.0444 | 0.0500 | 0.0328   | 0.0492   | 864     | -0.0604 | 88.8  | PASS
Log Reg                  | 0.3591 | 0.0480 | 0.3573 | 0.0500 | 0.2717   | 0.0642   | 864     | 0.6983  | 101.2 | PASS
LDA                      | 0.3276 | 0.0465 | 0.3250 | 0.0500 | 0.2525   | 0.0617   | 864     | 2.8139  | 93.6  | PASS
Tiny MLP                 | 0.2394 | 0.0402 | 0.2218 | 0.0500 | 0.1845   | 0.0547   | 864     | 0.9992  | 533.5 | PASS
MultiProtoCosine         | 0.2449 | 0.0528 | 0.2468 | 0.0500 | 0.1897   | 0.0686   | 864     | 0.7632  | 107.4 | FAIL
WeightedEnsemble         | 0.4291 | 0.0472 | 0.4121 | 0.0500 | 0.3095   | 0.0643   | 864     | 0.8963  | 606.9 | PASS
XGBoost                  | 0.3929 | 0.0441 | 0.3790 | 0.0500 | 0.2837   | 0.0499   | 864     | 0.6459  | 76.8  | PASS
LDA1+LogReg              | 0.3354 | 0.0583 | 0.3444 | 0.0500 | 0.2614   | 0.0720   | 864     | 0.7095  | 95.8  | FAIL
PCA16+LogReg             | 0.2819 | 0.0472 | 0.2798 | 0.0500 | 0.2162   | 0.0529   | 864     | 0.6843  | 103.7 | PASS
PCA32+LogReg             | 0.3181 | 0.0591 | 0.3250 | 0.0500 | 0.2420   | 0.0695   | 864     | 0.6829  | 111.4 | FAIL
PCA16+VecWeighted        | 0.0882 | 0.0528 | 0.1056 | 0.0500 | 0.0841   | 0.0591   | 864     | 0.5743  | 106.8 | FAIL
PCA32+VecWeighted        | 0.1008 | 0.0496 | 0.1065 | 0.0500 | 0.0933   | 0.0527   | 864     | 0.7444  | 106.9 | PASS
StabilizedWhitenedCosine | 0.3071 | 0.0441 | 0.3048 | 0.0500 | 0.2243   | 0.0525   | 864     | 0.9086  | 98.7  | PASS

[trial=29 seed=71] GLOBAL mode — total_samples=200000
  total: h0=82063 h1=15019
  pooled_train:  n0=1270 n1=1270
  pooled_calib:  n0=1240 n1=1240
  pooled_eval:   n0=1270 n1=1270
  regions (for macro stats only): 1103
[WeightedEnsemble] Fitted weights (alpha=0.0500, external calib):
  tau=0.9825, Pooled external calib: TPR=0.4419, FPR=0.0500
  Cosine              : +0.0786
  PCAWhitenedCosine   : +0.2785
  XGBoost             : +0.3243
  Tiny MLP            : +0.1558
  LDA                 : +0.1628

Method                   | TPR    | FPR    | TrTPR  | TrFPR  | MacroTPR | MacroFPR | Regions | TauMean | ms    | OK? 
---------------------------------------------------------------------------------------------------------------------
Cosine                   | 0.0961 | 0.0283 | 0.0903 | 0.0500 | 0.0724   | 0.0328   | 851     | 0.7512  | 139.3 | PASS
AndBox-HC                | 0.0551 | 0.0394 | 0.0629 | 0.0500 | 0.0509   | 0.0336   | 851     | 0.0009  | 61.2  | PASS
PCAWhitenedCosine        | 0.3677 | 0.0535 | 0.3460 | 0.0500 | 0.2507   | 0.0716   | 851     | 1.0544  | 95.6  | FAIL
Vec (Wgt)                | 0.0362 | 0.0520 | 0.0452 | 0.0500 | 0.0282   | 0.0485   | 851     | -0.0816 | 95.8  | FAIL
Log Reg                  | 0.3953 | 0.0543 | 0.3702 | 0.0500 | 0.2715   | 0.0712   | 851     | 0.7136  | 107.8 | FAIL
LDA                      | 0.4181 | 0.0606 | 0.3911 | 0.0500 | 0.2993   | 0.0833   | 851     | 2.6885  | 100.8 | FAIL
Tiny MLP                 | 0.2709 | 0.0591 | 0.2556 | 0.0500 | 0.1994   | 0.0739   | 851     | 0.9976  | 561.1 | FAIL
MultiProtoCosine         | 0.1976 | 0.0441 | 0.1823 | 0.0500 | 0.1469   | 0.0538   | 851     | 0.7731  | 115.8 | PASS
WeightedEnsemble         | 0.4709 | 0.0661 | 0.4419 | 0.0500 | 0.3347   | 0.0947   | 851     | 0.9825  | 635.3 | FAIL
XGBoost                  | 0.4008 | 0.0630 | 0.3968 | 0.0500 | 0.2973   | 0.0840   | 851     | 0.6458  | 85.2  | FAIL
LDA1+LogReg              | 0.3071 | 0.0441 | 0.2992 | 0.0500 | 0.2139   | 0.0539   | 851     | 0.7443  | 107.2 | PASS
PCA16+LogReg             | 0.2425 | 0.0402 | 0.2589 | 0.0500 | 0.1762   | 0.0476   | 851     | 0.7066  | 116.4 | PASS
PCA32+LogReg             | 0.2866 | 0.0504 | 0.2944 | 0.0500 | 0.2067   | 0.0696   | 851     | 0.7059  | 119.5 | FAIL
PCA16+VecWeighted        | 0.1079 | 0.0496 | 0.1355 | 0.0500 | 0.0857   | 0.0453   | 851     | 0.6042  | 110.4 | PASS
PCA32+VecWeighted        | 0.0929 | 0.0496 | 0.0871 | 0.0500 | 0.0753   | 0.0502   | 851     | 0.7652  | 113.7 | PASS
StabilizedWhitenedCosine | 0.3008 | 0.0433 | 0.2984 | 0.0500 | 0.2033   | 0.0522   | 851     | 1.0879  | 107.1 | PASS

[trial=30 seed=72] GLOBAL mode — total_samples=200000
  total: h0=82063 h1=15019
  pooled_train:  n0=1270 n1=1270
  pooled_calib:  n0=1240 n1=1240
  pooled_eval:   n0=1270 n1=1270
  regions (for macro stats only): 1103
[WeightedEnsemble] Fitted weights (alpha=0.0500, external calib):
  tau=0.8215, Pooled external calib: TPR=0.4218, FPR=0.0500
  Cosine              : +0.4364
  PCAWhitenedCosine   : +0.0571
  XGBoost             : +0.1048
  Tiny MLP            : +0.3819
  LDA                 : +0.0199

Method                   | TPR    | FPR    | TrTPR  | TrFPR  | MacroTPR | MacroFPR | Regions | TauMean | ms    | OK? 
---------------------------------------------------------------------------------------------------------------------
Cosine                   | 0.1488 | 0.0591 | 0.1653 | 0.0500 | 0.1378   | 0.0573   | 838     | 0.7409  | 148.2 | FAIL
AndBox-HC                | 0.0512 | 0.0441 | 0.0444 | 0.0500 | 0.0526   | 0.0422   | 838     | 0.0027  | 62.6  | PASS
PCAWhitenedCosine        | 0.3591 | 0.0661 | 0.3637 | 0.0500 | 0.2645   | 0.0812   | 838     | 0.9697  | 93.2  | FAIL
Vec (Wgt)                | 0.0236 | 0.0724 | 0.0419 | 0.0500 | 0.0240   | 0.0550   | 838     | -0.0873 | 94.2  | FAIL
Log Reg                  | 0.3646 | 0.0614 | 0.3653 | 0.0500 | 0.2710   | 0.0816   | 838     | 0.7033  | 106.3 | FAIL
LDA                      | 0.3677 | 0.0591 | 0.3492 | 0.0500 | 0.2647   | 0.0708   | 838     | 2.6601  | 97.9  | FAIL
Tiny MLP                 | 0.2677 | 0.0598 | 0.2871 | 0.0500 | 0.1972   | 0.0610   | 838     | 0.9973  | 477.5 | FAIL
MultiProtoCosine         | 0.2417 | 0.0512 | 0.2355 | 0.0500 | 0.2073   | 0.0655   | 838     | 0.7647  | 111.3 | FAIL
WeightedEnsemble         | 0.4244 | 0.0677 | 0.4218 | 0.0500 | 0.3156   | 0.0826   | 838     | 0.8215  | 556.7 | FAIL
XGBoost                  | 0.3717 | 0.0559 | 0.3879 | 0.0500 | 0.2777   | 0.0736   | 838     | 0.6532  | 81.7  | FAIL
LDA1+LogReg              | 0.2803 | 0.0583 | 0.2831 | 0.0500 | 0.2055   | 0.0742   | 838     | 0.7446  | 100.0 | FAIL
PCA16+LogReg             | 0.2276 | 0.0480 | 0.2492 | 0.0500 | 0.1715   | 0.0572   | 838     | 0.7133  | 108.5 | PASS
PCA32+LogReg             | 0.2528 | 0.0528 | 0.2790 | 0.0500 | 0.1941   | 0.0680   | 838     | 0.7140  | 109.3 | FAIL
PCA16+VecWeighted        | 0.1016 | 0.0488 | 0.1032 | 0.0500 | 0.0970   | 0.0607   | 838     | 0.5867  | 105.7 | PASS
PCA32+VecWeighted        | 0.0937 | 0.0417 | 0.1024 | 0.0500 | 0.0896   | 0.0481   | 838     | 0.6976  | 112.6 | PASS
StabilizedWhitenedCosine | 0.3039 | 0.0575 | 0.3056 | 0.0500 | 0.2271   | 0.0722   | 838     | 0.9617  | 104.2 | FAIL

[trial=31 seed=73] GLOBAL mode — total_samples=200000
  total: h0=82063 h1=15019
  pooled_train:  n0=1270 n1=1270
  pooled_calib:  n0=1240 n1=1240
  pooled_eval:   n0=1270 n1=1270
  regions (for macro stats only): 1103
[WeightedEnsemble] Fitted weights (alpha=0.0500, external calib):
  tau=0.7552, Pooled external calib: TPR=0.4121, FPR=0.0500
  Cosine              : +0.2610
  PCAWhitenedCosine   : +0.2348
  XGBoost             : +0.2127
  Tiny MLP            : +0.2846
  LDA                 : +0.0070

Method                   | TPR    | FPR    | TrTPR  | TrFPR  | MacroTPR | MacroFPR | Regions | TauMean | ms    | OK? 
---------------------------------------------------------------------------------------------------------------------
Cosine                   | 0.1236 | 0.0583 | 0.1395 | 0.0500 | 0.1090   | 0.0658   | 859     | 0.7439  | 156.4 | FAIL
AndBox-HC                | 0.0457 | 0.0386 | 0.0371 | 0.0500 | 0.0473   | 0.0414   | 859     | 0.0026  | 65.9  | PASS
PCAWhitenedCosine        | 0.3551 | 0.0591 | 0.3419 | 0.0500 | 0.2513   | 0.0808   | 859     | 0.9429  | 92.1  | FAIL
Vec (Wgt)                | 0.0433 | 0.0331 | 0.0427 | 0.0500 | 0.0354   | 0.0334   | 859     | -0.0633 | 93.8  | PASS
Log Reg                  | 0.3622 | 0.0575 | 0.3653 | 0.0500 | 0.2609   | 0.0792   | 859     | 0.6913  | 107.2 | FAIL
LDA                      | 0.3063 | 0.0465 | 0.3185 | 0.0500 | 0.2214   | 0.0666   | 859     | 2.9129  | 99.3  | PASS
Tiny MLP                 | 0.1866 | 0.0346 | 0.1952 | 0.0500 | 0.1350   | 0.0470   | 859     | 0.9985  | 565.6 | PASS
MultiProtoCosine         | 0.2449 | 0.0551 | 0.2613 | 0.0500 | 0.1905   | 0.0668   | 859     | 0.7603  | 114.3 | FAIL
WeightedEnsemble         | 0.4039 | 0.0630 | 0.4121 | 0.0500 | 0.2890   | 0.0831   | 859     | 0.7552  | 641.6 | FAIL
XGBoost                  | 0.3693 | 0.0535 | 0.3718 | 0.0500 | 0.2754   | 0.0704   | 859     | 0.6417  | 81.8  | FAIL
LDA1+LogReg              | 0.2976 | 0.0488 | 0.3024 | 0.0500 | 0.2166   | 0.0678   | 859     | 0.7216  | 106.0 | PASS
PCA16+LogReg             | 0.2591 | 0.0465 | 0.2621 | 0.0500 | 0.1966   | 0.0588   | 859     | 0.6886  | 113.8 | PASS
PCA32+LogReg             | 0.2890 | 0.0606 | 0.2952 | 0.0500 | 0.2166   | 0.0767   | 859     | 0.6925  | 121.3 | FAIL
PCA16+VecWeighted        | 0.1520 | 0.0433 | 0.1903 | 0.0500 | 0.1352   | 0.0528   | 859     | 0.5272  | 111.9 | PASS
PCA32+VecWeighted        | 0.1441 | 0.0528 | 0.1710 | 0.0500 | 0.1403   | 0.0711   | 859     | 0.6342  | 113.9 | FAIL
StabilizedWhitenedCosine | 0.2764 | 0.0559 | 0.2919 | 0.0500 | 0.2021   | 0.0683   | 859     | 0.9503  | 98.2  | FAIL

[trial=32 seed=74] GLOBAL mode — total_samples=200000
  total: h0=82063 h1=15019
  pooled_train:  n0=1270 n1=1270
  pooled_calib:  n0=1240 n1=1240
  pooled_eval:   n0=1270 n1=1270
  regions (for macro stats only): 1103
[WeightedEnsemble] Fitted weights (alpha=0.0500, external calib):
  tau=0.9708, Pooled external calib: TPR=0.3669, FPR=0.0500
  Cosine              : +0.1298
  PCAWhitenedCosine   : +0.1391
  XGBoost             : +0.2872
  Tiny MLP            : +0.3596
  LDA                 : +0.0844

Method                   | TPR    | FPR    | TrTPR  | TrFPR  | MacroTPR | MacroFPR | Regions | TauMean | ms    | OK? 
---------------------------------------------------------------------------------------------------------------------
Cosine                   | 0.1276 | 0.0409 | 0.1435 | 0.0500 | 0.1128   | 0.0434   | 841     | 0.7420  | 154.6 | PASS
AndBox-HC                | 0.0622 | 0.0386 | 0.0605 | 0.0500 | 0.0618   | 0.0297   | 841     | 0.0016  | 62.2  | PASS
PCAWhitenedCosine        | 0.2756 | 0.0441 | 0.2847 | 0.0500 | 0.1845   | 0.0502   | 841     | 1.1850  | 91.9  | PASS
Vec (Wgt)                | 0.0205 | 0.0551 | 0.0234 | 0.0500 | 0.0199   | 0.0565   | 841     | -0.0528 | 94.4  | FAIL
Log Reg                  | 0.2898 | 0.0472 | 0.2887 | 0.0500 | 0.2009   | 0.0516   | 841     | 0.7327  | 107.0 | PASS
LDA                      | 0.2898 | 0.0465 | 0.2960 | 0.0500 | 0.2132   | 0.0536   | 841     | 3.1007  | 101.4 | PASS
Tiny MLP                 | 0.1898 | 0.0472 | 0.1919 | 0.0500 | 0.1525   | 0.0533   | 841     | 0.9991  | 108.6 | PASS
MultiProtoCosine         | 0.2346 | 0.0598 | 0.2460 | 0.0500 | 0.1888   | 0.0727   | 841     | 0.7569  | 113.0 | FAIL
WeightedEnsemble         | 0.3685 | 0.0496 | 0.3669 | 0.0500 | 0.2535   | 0.0578   | 841     | 0.9708  | 186.6 | PASS
XGBoost                  | 0.3543 | 0.0598 | 0.3565 | 0.0500 | 0.2589   | 0.0702   | 841     | 0.6536  | 81.1  | FAIL
LDA1+LogReg              | 0.2346 | 0.0480 | 0.2581 | 0.0500 | 0.1697   | 0.0552   | 841     | 0.7616  | 105.9 | PASS
PCA16+LogReg             | 0.2449 | 0.0528 | 0.2516 | 0.0500 | 0.1842   | 0.0640   | 841     | 0.7040  | 116.5 | FAIL
PCA32+LogReg             | 0.2323 | 0.0394 | 0.2419 | 0.0500 | 0.1676   | 0.0455   | 841     | 0.7341  | 113.4 | PASS
PCA16+VecWeighted        | 0.0394 | 0.0480 | 0.0492 | 0.0500 | 0.0404   | 0.0447   | 841     | 0.6993  | 109.8 | PASS
PCA32+VecWeighted        | 0.0504 | 0.0449 | 0.0492 | 0.0500 | 0.0551   | 0.0445   | 841     | 0.8524  | 117.5 | PASS
StabilizedWhitenedCosine | 0.2307 | 0.0409 | 0.2476 | 0.0500 | 0.1616   | 0.0451   | 841     | 1.1139  | 105.0 | PASS

[trial=33 seed=75] GLOBAL mode — total_samples=200000
  total: h0=82063 h1=15019
  pooled_train:  n0=1270 n1=1270
  pooled_calib:  n0=1240 n1=1240
  pooled_eval:   n0=1270 n1=1270
  regions (for macro stats only): 1103
[WeightedEnsemble] Fitted weights (alpha=0.0500, external calib):
  tau=0.8589, Pooled external calib: TPR=0.4339, FPR=0.0500
  Cosine              : +0.2832
  PCAWhitenedCosine   : +0.0456
  XGBoost             : +0.2004
  Tiny MLP            : +0.4151
  LDA                 : +0.0558

Method                   | TPR    | FPR    | TrTPR  | TrFPR  | MacroTPR | MacroFPR | Regions | TauMean | ms    | OK? 
---------------------------------------------------------------------------------------------------------------------
Cosine                   | 0.1323 | 0.0535 | 0.1661 | 0.0500 | 0.1122   | 0.0492   | 857     | 0.7403  | 146.5 | FAIL
AndBox-HC                | 0.0583 | 0.0567 | 0.0621 | 0.0500 | 0.0701   | 0.0600   | 857     | 0.0018  | 73.4  | FAIL
PCAWhitenedCosine        | 0.3756 | 0.0638 | 0.3758 | 0.0500 | 0.2605   | 0.0789   | 857     | 0.9174  | 92.8  | FAIL
Vec (Wgt)                | 0.0307 | 0.0346 | 0.0290 | 0.0500 | 0.0262   | 0.0387   | 857     | -0.0784 | 94.7  | PASS
Log Reg                  | 0.3953 | 0.0614 | 0.4008 | 0.0500 | 0.2825   | 0.0765   | 857     | 0.6902  | 106.5 | FAIL
LDA                      | 0.3591 | 0.0394 | 0.3661 | 0.0500 | 0.2580   | 0.0466   | 857     | 2.6530  | 99.7  | PASS
Tiny MLP                 | 0.2646 | 0.0480 | 0.2944 | 0.0500 | 0.1978   | 0.0536   | 857     | 0.9955  | 560.7 | PASS
MultiProtoCosine         | 0.2425 | 0.0480 | 0.2540 | 0.0500 | 0.1766   | 0.0537   | 857     | 0.7604  | 110.3 | PASS
WeightedEnsemble         | 0.4299 | 0.0504 | 0.4339 | 0.0500 | 0.3035   | 0.0593   | 857     | 0.8589  | 644.7 | FAIL
XGBoost                  | 0.3622 | 0.0551 | 0.3573 | 0.0500 | 0.2579   | 0.0578   | 857     | 0.6592  | 81.9  | FAIL
LDA1+LogReg              | 0.3488 | 0.0630 | 0.3395 | 0.0500 | 0.2480   | 0.0706   | 857     | 0.7133  | 100.3 | FAIL
PCA16+LogReg             | 0.3094 | 0.0772 | 0.3121 | 0.0500 | 0.2394   | 0.0875   | 857     | 0.6748  | 113.2 | FAIL
PCA32+LogReg             | 0.2992 | 0.0567 | 0.2968 | 0.0500 | 0.2213   | 0.0706   | 857     | 0.6934  | 113.4 | FAIL
PCA16+VecWeighted        | 0.1921 | 0.0520 | 0.2137 | 0.0500 | 0.1723   | 0.0609   | 857     | 0.4970  | 107.7 | FAIL
PCA32+VecWeighted        | 0.1543 | 0.0614 | 0.1500 | 0.0500 | 0.1384   | 0.0565   | 857     | 0.6025  | 117.0 | FAIL
StabilizedWhitenedCosine | 0.3583 | 0.0646 | 0.3500 | 0.0500 | 0.2525   | 0.0697   | 857     | 0.8885  | 105.6 | FAIL

[trial=34 seed=76] GLOBAL mode — total_samples=200000
  total: h0=82063 h1=15019
  pooled_train:  n0=1270 n1=1270
  pooled_calib:  n0=1240 n1=1240
  pooled_eval:   n0=1270 n1=1270
  regions (for macro stats only): 1103
[WeightedEnsemble] Fitted weights (alpha=0.0500, external calib):
  tau=1.1079, Pooled external calib: TPR=0.4040, FPR=0.0500
  Cosine              : +0.1115
  PCAWhitenedCosine   : +0.3269
  XGBoost             : +0.1138
  Tiny MLP            : +0.2685
  LDA                 : +0.1794

Method                   | TPR    | FPR    | TrTPR  | TrFPR  | MacroTPR | MacroFPR | Regions | TauMean | ms    | OK? 
---------------------------------------------------------------------------------------------------------------------
Cosine                   | 0.1315 | 0.0496 | 0.1226 | 0.0500 | 0.1041   | 0.0458   | 865     | 0.7436  | 152.1 | PASS
AndBox-HC                | 0.0449 | 0.0354 | 0.0331 | 0.0500 | 0.0469   | 0.0338   | 865     | 0.0032  | 60.8  | PASS
PCAWhitenedCosine        | 0.3457 | 0.0575 | 0.3274 | 0.0500 | 0.2338   | 0.0697   | 865     | 1.0166  | 92.8  | FAIL
Vec (Wgt)                | 0.0425 | 0.0378 | 0.0306 | 0.0500 | 0.0338   | 0.0368   | 865     | -0.0920 | 93.3  | PASS
Log Reg                  | 0.3614 | 0.0465 | 0.3581 | 0.0500 | 0.2519   | 0.0580   | 865     | 0.7106  | 105.5 | PASS
LDA                      | 0.3780 | 0.0480 | 0.3815 | 0.0500 | 0.2722   | 0.0639   | 865     | 2.7023  | 99.2  | PASS
Tiny MLP                 | 0.2528 | 0.0496 | 0.2444 | 0.0500 | 0.1882   | 0.0630   | 865     | 0.9956  | 541.5 | PASS
MultiProtoCosine         | 0.2370 | 0.0433 | 0.2145 | 0.0500 | 0.1793   | 0.0508   | 865     | 0.7648  | 110.3 | PASS
WeightedEnsemble         | 0.4016 | 0.0480 | 0.4040 | 0.0500 | 0.2841   | 0.0616   | 865     | 1.1079  | 620.9 | PASS
XGBoost                  | 0.4102 | 0.0520 | 0.3927 | 0.0500 | 0.2893   | 0.0687   | 865     | 0.6516  | 77.6  | FAIL
LDA1+LogReg              | 0.2984 | 0.0441 | 0.2911 | 0.0500 | 0.2130   | 0.0555   | 865     | 0.7443  | 97.9  | PASS
PCA16+LogReg             | 0.2268 | 0.0417 | 0.2290 | 0.0500 | 0.1780   | 0.0494   | 865     | 0.7017  | 106.6 | PASS
PCA32+LogReg             | 0.2638 | 0.0520 | 0.2645 | 0.0500 | 0.2024   | 0.0619   | 865     | 0.7050  | 112.4 | FAIL
PCA16+VecWeighted        | 0.0512 | 0.0504 | 0.0508 | 0.0500 | 0.0490   | 0.0595   | 865     | 0.6352  | 107.5 | FAIL
PCA32+VecWeighted        | 0.0362 | 0.0449 | 0.0339 | 0.0500 | 0.0378   | 0.0511   | 865     | 0.8211  | 108.8 | PASS
StabilizedWhitenedCosine | 0.3031 | 0.0512 | 0.3145 | 0.0500 | 0.2105   | 0.0614   | 865     | 0.9800  | 101.1 | FAIL

[trial=35 seed=77] GLOBAL mode — total_samples=200000
  total: h0=82063 h1=15019
  pooled_train:  n0=1270 n1=1270
  pooled_calib:  n0=1240 n1=1240
  pooled_eval:   n0=1270 n1=1270
  regions (for macro stats only): 1103
[WeightedEnsemble] Fitted weights (alpha=0.0500, external calib):
  tau=0.6430, Pooled external calib: TPR=0.3984, FPR=0.0500
  Cosine              : +0.0000
  PCAWhitenedCosine   : +0.0000
  XGBoost             : +1.0000
  Tiny MLP            : +0.0000
  LDA                 : +0.0000

Method                   | TPR    | FPR    | TrTPR  | TrFPR  | MacroTPR | MacroFPR | Regions | TauMean | ms    | OK? 
---------------------------------------------------------------------------------------------------------------------
Cosine                   | 0.1614 | 0.0528 | 0.1460 | 0.0500 | 0.1437   | 0.0513   | 862     | 0.7367  | 141.5 | FAIL
AndBox-HC                | 0.0717 | 0.0417 | 0.0637 | 0.0500 | 0.0748   | 0.0317   | 862     | 0.0015  | 63.2  | PASS
PCAWhitenedCosine        | 0.2898 | 0.0378 | 0.2871 | 0.0500 | 0.1924   | 0.0475   | 862     | 1.1189  | 93.8  | PASS
Vec (Wgt)                | 0.0402 | 0.0402 | 0.0347 | 0.0500 | 0.0356   | 0.0405   | 862     | -0.0290 | 96.9  | PASS
Log Reg                  | 0.3575 | 0.0654 | 0.3605 | 0.0500 | 0.2445   | 0.0781   | 862     | 0.6930  | 107.5 | FAIL
LDA                      | 0.2945 | 0.0402 | 0.2823 | 0.0500 | 0.2072   | 0.0561   | 862     | 2.8867  | 99.1  | PASS
Tiny MLP                 | 0.2535 | 0.0504 | 0.2339 | 0.0500 | 0.1765   | 0.0665   | 862     | 0.9985  | 554.0 | FAIL
MultiProtoCosine         | 0.2378 | 0.0606 | 0.2202 | 0.0500 | 0.1943   | 0.0692   | 862     | 0.7585  | 113.6 | FAIL
WeightedEnsemble         | 0.3780 | 0.0661 | 0.3984 | 0.0500 | 0.2775   | 0.0852   | 862     | 0.6430  | 632.4 | FAIL
XGBoost                  | 0.3780 | 0.0661 | 0.3984 | 0.0500 | 0.2775   | 0.0852   | 862     | 0.6430  | 83.0  | FAIL
LDA1+LogReg              | 0.3386 | 0.0654 | 0.3427 | 0.0500 | 0.2361   | 0.0821   | 862     | 0.7099  | 103.0 | FAIL
PCA16+LogReg             | 0.2488 | 0.0567 | 0.2371 | 0.0500 | 0.1580   | 0.0644   | 862     | 0.6831  | 114.1 | FAIL
PCA32+LogReg             | 0.3047 | 0.0583 | 0.3008 | 0.0500 | 0.2059   | 0.0742   | 862     | 0.6801  | 120.0 | FAIL
PCA16+VecWeighted        | 0.0449 | 0.0425 | 0.0403 | 0.0500 | 0.0582   | 0.0530   | 862     | 0.6964  | 108.8 | PASS
PCA32+VecWeighted        | 0.0551 | 0.0567 | 0.0484 | 0.0500 | 0.0603   | 0.0619   | 862     | 0.8135  | 112.0 | FAIL
StabilizedWhitenedCosine | 0.3126 | 0.0591 | 0.3379 | 0.0500 | 0.2129   | 0.0719   | 862     | 0.9183  | 102.8 | FAIL

[trial=36 seed=78] GLOBAL mode — total_samples=200000
  total: h0=82063 h1=15019
  pooled_train:  n0=1270 n1=1270
  pooled_calib:  n0=1240 n1=1240
  pooled_eval:   n0=1270 n1=1270
  regions (for macro stats only): 1103
[WeightedEnsemble] Fitted weights (alpha=0.0500, external calib):
  tau=0.8276, Pooled external calib: TPR=0.3992, FPR=0.0500
  Cosine              : +0.1924
  PCAWhitenedCosine   : +0.3042
  XGBoost             : +0.0704
  Tiny MLP            : +0.4126
  LDA                 : +0.0204

Method                   | TPR    | FPR    | TrTPR  | TrFPR  | MacroTPR | MacroFPR | Regions | TauMean | ms    | OK? 
---------------------------------------------------------------------------------------------------------------------
Cosine                   | 0.1488 | 0.0528 | 0.1573 | 0.0500 | 0.1303   | 0.0599   | 861     | 0.7406  | 161.7 | FAIL
AndBox-HC                | 0.0693 | 0.0370 | 0.0613 | 0.0500 | 0.0607   | 0.0323   | 861     | 0.0020  | 60.3  | PASS
PCAWhitenedCosine        | 0.3197 | 0.0402 | 0.3161 | 0.0500 | 0.2289   | 0.0546   | 861     | 1.0538  | 88.1  | PASS
Vec (Wgt)                | 0.0622 | 0.0512 | 0.0573 | 0.0500 | 0.0507   | 0.0476   | 861     | -0.0183 | 88.3  | FAIL
Log Reg                  | 0.3520 | 0.0449 | 0.3444 | 0.0500 | 0.2522   | 0.0596   | 861     | 0.7126  | 99.6  | PASS
LDA                      | 0.3370 | 0.0441 | 0.3202 | 0.0500 | 0.2289   | 0.0527   | 861     | 2.8595  | 93.9  | PASS
Tiny MLP                 | 0.2283 | 0.0551 | 0.2379 | 0.0500 | 0.1708   | 0.0683   | 861     | 0.9924  | 530.6 | FAIL
MultiProtoCosine         | 0.2016 | 0.0441 | 0.2089 | 0.0500 | 0.1667   | 0.0584   | 861     | 0.7713  | 108.0 | PASS
WeightedEnsemble         | 0.4134 | 0.0480 | 0.3992 | 0.0500 | 0.2916   | 0.0670   | 861     | 0.8276  | 601.1 | PASS
XGBoost                  | 0.3276 | 0.0441 | 0.3323 | 0.0500 | 0.2336   | 0.0578   | 861     | 0.6703  | 76.5  | PASS
LDA1+LogReg              | 0.3087 | 0.0480 | 0.3105 | 0.0500 | 0.2276   | 0.0592   | 861     | 0.7279  | 97.6  | PASS
PCA16+LogReg             | 0.2370 | 0.0465 | 0.2444 | 0.0500 | 0.1774   | 0.0527   | 861     | 0.6974  | 107.1 | PASS
PCA32+LogReg             | 0.2606 | 0.0441 | 0.2629 | 0.0500 | 0.1946   | 0.0574   | 861     | 0.7154  | 109.2 | PASS
PCA16+VecWeighted        | 0.0787 | 0.0488 | 0.0750 | 0.0500 | 0.0744   | 0.0404   | 861     | 0.6310  | 103.5 | PASS
PCA32+VecWeighted        | 0.0953 | 0.0465 | 0.0806 | 0.0500 | 0.0872   | 0.0402   | 861     | 0.7403  | 106.2 | PASS
StabilizedWhitenedCosine | 0.3063 | 0.0465 | 0.2863 | 0.0500 | 0.2181   | 0.0614   | 861     | 1.0421  | 102.7 | PASS

[trial=37 seed=79] GLOBAL mode — total_samples=200000
  total: h0=82063 h1=15019
  pooled_train:  n0=1270 n1=1270
  pooled_calib:  n0=1240 n1=1240
  pooled_eval:   n0=1270 n1=1270
  regions (for macro stats only): 1103
[WeightedEnsemble] Fitted weights (alpha=0.0500, external calib):
  tau=0.7605, Pooled external calib: TPR=0.3935, FPR=0.0500
  Cosine              : +0.2610
  PCAWhitenedCosine   : +0.2348
  XGBoost             : +0.2127
  Tiny MLP            : +0.2846
  LDA                 : +0.0070

Method                   | TPR    | FPR    | TrTPR  | TrFPR  | MacroTPR | MacroFPR | Regions | TauMean | ms    | OK? 
---------------------------------------------------------------------------------------------------------------------
Cosine                   | 0.1236 | 0.0472 | 0.1363 | 0.0500 | 0.1091   | 0.0525   | 857     | 0.7449  | 149.1 | PASS
AndBox-HC                | 0.0583 | 0.0441 | 0.0468 | 0.0500 | 0.0565   | 0.0451   | 857     | 0.0022  | 65.4  | PASS
PCAWhitenedCosine        | 0.3457 | 0.0520 | 0.3274 | 0.0500 | 0.2510   | 0.0647   | 857     | 0.9655  | 89.8  | FAIL
Vec (Wgt)                | 0.0102 | 0.0331 | 0.0210 | 0.0500 | 0.0105   | 0.0328   | 857     | -0.0331 | 96.9  | PASS
Log Reg                  | 0.3622 | 0.0472 | 0.3282 | 0.0500 | 0.2547   | 0.0626   | 857     | 0.7058  | 107.1 | PASS
LDA                      | 0.3402 | 0.0480 | 0.3210 | 0.0500 | 0.2349   | 0.0597   | 857     | 2.7085  | 99.2  | PASS
Tiny MLP                 | 0.2685 | 0.0465 | 0.2484 | 0.0500 | 0.1841   | 0.0600   | 857     | 0.9982  | 486.6 | PASS
MultiProtoCosine         | 0.2583 | 0.0528 | 0.2387 | 0.0500 | 0.2090   | 0.0634   | 857     | 0.7603  | 121.4 | FAIL
WeightedEnsemble         | 0.4094 | 0.0488 | 0.3935 | 0.0500 | 0.2982   | 0.0637   | 857     | 0.7605  | 563.5 | PASS
XGBoost                  | 0.3748 | 0.0512 | 0.3565 | 0.0500 | 0.2621   | 0.0672   | 857     | 0.6476  | 82.5  | FAIL
LDA1+LogReg              | 0.3362 | 0.0504 | 0.2855 | 0.0500 | 0.2356   | 0.0659   | 857     | 0.7236  | 107.0 | FAIL
PCA16+LogReg             | 0.2693 | 0.0559 | 0.2234 | 0.0500 | 0.1976   | 0.0706   | 857     | 0.6871  | 114.9 | FAIL
PCA32+LogReg             | 0.3079 | 0.0606 | 0.2887 | 0.0500 | 0.2240   | 0.0777   | 857     | 0.6912  | 112.9 | FAIL
PCA16+VecWeighted        | 0.0646 | 0.0409 | 0.0556 | 0.0500 | 0.0567   | 0.0216   | 857     | 0.7566  | 111.1 | PASS
PCA32+VecWeighted        | 0.0598 | 0.0543 | 0.0556 | 0.0500 | 0.0483   | 0.0345   | 857     | 0.8938  | 114.9 | FAIL
StabilizedWhitenedCosine | 0.3150 | 0.0614 | 0.2944 | 0.0500 | 0.2302   | 0.0750   | 857     | 0.9335  | 104.0 | FAIL

[trial=38 seed=80] GLOBAL mode — total_samples=200000
  total: h0=82063 h1=15019
  pooled_train:  n0=1270 n1=1270
  pooled_calib:  n0=1240 n1=1240
  pooled_eval:   n0=1270 n1=1270
  regions (for macro stats only): 1103
[WeightedEnsemble] Fitted weights (alpha=0.0500, external calib):
  tau=0.8966, Pooled external calib: TPR=0.3556, FPR=0.0500
  Cosine              : +0.4352
  PCAWhitenedCosine   : +0.0957
  XGBoost             : +0.1866
  Tiny MLP            : +0.2341
  LDA                 : +0.0484

Method                   | TPR    | FPR    | TrTPR  | TrFPR  | MacroTPR | MacroFPR | Regions | TauMean | ms    | OK? 
---------------------------------------------------------------------------------------------------------------------
Cosine                   | 0.1567 | 0.0480 | 0.1532 | 0.0500 | 0.1324   | 0.0488   | 871     | 0.7416  | 134.5 | PASS
AndBox-HC                | 0.0551 | 0.0433 | 0.0540 | 0.0500 | 0.0529   | 0.0381   | 871     | 0.0025  | 65.0  | PASS
PCAWhitenedCosine        | 0.3157 | 0.0370 | 0.3153 | 0.0500 | 0.2126   | 0.0505   | 871     | 1.2084  | 96.4  | PASS
Vec (Wgt)                | 0.0567 | 0.0717 | 0.0565 | 0.0500 | 0.0547   | 0.0797   | 871     | -0.0730 | 96.9  | FAIL
Log Reg                  | 0.3307 | 0.0362 | 0.3218 | 0.0500 | 0.2260   | 0.0480   | 871     | 0.7381  | 110.7 | PASS
LDA                      | 0.3299 | 0.0480 | 0.3008 | 0.0500 | 0.2170   | 0.0591   | 871     | 3.2702  | 101.4 | PASS
Tiny MLP                 | 0.2740 | 0.0591 | 0.2573 | 0.0500 | 0.1901   | 0.0692   | 871     | 0.9995  | 487.6 | FAIL
MultiProtoCosine         | 0.1961 | 0.0339 | 0.1935 | 0.0500 | 0.1694   | 0.0416   | 871     | 0.7711  | 115.6 | PASS
WeightedEnsemble         | 0.3732 | 0.0370 | 0.3556 | 0.0500 | 0.2445   | 0.0488   | 871     | 0.8966  | 558.3 | PASS
XGBoost                  | 0.3417 | 0.0331 | 0.3323 | 0.0500 | 0.2257   | 0.0415   | 871     | 0.6826  | 83.4  | PASS
LDA1+LogReg              | 0.2953 | 0.0291 | 0.2806 | 0.0500 | 0.2072   | 0.0384   | 871     | 0.7600  | 106.6 | PASS
PCA16+LogReg             | 0.2740 | 0.0394 | 0.2524 | 0.0500 | 0.1921   | 0.0455   | 871     | 0.7144  | 115.1 | PASS
PCA32+LogReg             | 0.3134 | 0.0488 | 0.2984 | 0.0500 | 0.2264   | 0.0604   | 871     | 0.7115  | 115.9 | PASS
PCA16+VecWeighted        | 0.0614 | 0.0465 | 0.0621 | 0.0500 | 0.0474   | 0.0420   | 871     | 0.6520  | 110.6 | PASS
PCA32+VecWeighted        | 0.0756 | 0.0528 | 0.0605 | 0.0500 | 0.0661   | 0.0557   | 871     | 0.7191  | 114.0 | FAIL
StabilizedWhitenedCosine | 0.2685 | 0.0362 | 0.2847 | 0.0500 | 0.1945   | 0.0447   | 871     | 1.0832  | 106.3 | PASS

[trial=39 seed=81] GLOBAL mode — total_samples=200000
  total: h0=82063 h1=15019
  pooled_train:  n0=1270 n1=1270
  pooled_calib:  n0=1240 n1=1240
  pooled_eval:   n0=1270 n1=1270
  regions (for macro stats only): 1103
[WeightedEnsemble] Fitted weights (alpha=0.0500, external calib):
  tau=0.9071, Pooled external calib: TPR=0.3984, FPR=0.0500
  Cosine              : +0.2832
  PCAWhitenedCosine   : +0.0456
  XGBoost             : +0.2004
  Tiny MLP            : +0.4151
  LDA                 : +0.0558

Method                   | TPR    | FPR    | TrTPR  | TrFPR  | MacroTPR | MacroFPR | Regions | TauMean | ms    | OK? 
---------------------------------------------------------------------------------------------------------------------
Cosine                   | 0.1126 | 0.0315 | 0.1105 | 0.0500 | 0.0969   | 0.0256   | 872     | 0.7474  | 135.8 | PASS
AndBox-HC                | 0.0354 | 0.0339 | 0.0500 | 0.0500 | 0.0463   | 0.0280   | 872     | 0.0026  | 75.1  | PASS
PCAWhitenedCosine        | 0.3339 | 0.0512 | 0.3226 | 0.0500 | 0.2321   | 0.0671   | 872     | 1.0697  | 97.2  | FAIL
Vec (Wgt)                | 0.0244 | 0.0575 | 0.0347 | 0.0500 | 0.0327   | 0.0453   | 872     | -0.0528 | 95.2  | FAIL
Log Reg                  | 0.3315 | 0.0480 | 0.3105 | 0.0500 | 0.2263   | 0.0664   | 872     | 0.7311  | 106.7 | PASS
LDA                      | 0.3669 | 0.0543 | 0.3403 | 0.0500 | 0.2517   | 0.0663   | 872     | 2.7805  | 101.2 | FAIL
Tiny MLP                 | 0.2276 | 0.0457 | 0.2379 | 0.0500 | 0.1784   | 0.0525   | 872     | 0.9991  | 326.1 | PASS
MultiProtoCosine         | 0.2150 | 0.0386 | 0.1960 | 0.0500 | 0.1559   | 0.0384   | 872     | 0.7746  | 116.9 | PASS
WeightedEnsemble         | 0.4118 | 0.0520 | 0.3984 | 0.0500 | 0.2834   | 0.0606   | 872     | 0.9071  | 407.6 | FAIL
XGBoost                  | 0.3378 | 0.0386 | 0.3298 | 0.0500 | 0.2103   | 0.0501   | 872     | 0.6819  | 81.5  | PASS
LDA1+LogReg              | 0.2732 | 0.0457 | 0.2581 | 0.0500 | 0.1970   | 0.0568   | 872     | 0.7501  | 105.1 | PASS
PCA16+LogReg             | 0.2441 | 0.0488 | 0.2218 | 0.0500 | 0.1736   | 0.0607   | 872     | 0.7106  | 117.4 | PASS
PCA32+LogReg             | 0.2567 | 0.0488 | 0.2540 | 0.0500 | 0.1825   | 0.0619   | 872     | 0.7283  | 117.6 | PASS
PCA16+VecWeighted        | 0.1346 | 0.0614 | 0.1298 | 0.0500 | 0.1173   | 0.0597   | 872     | 0.5384  | 111.4 | FAIL
PCA32+VecWeighted        | 0.1165 | 0.0638 | 0.1097 | 0.0500 | 0.1006   | 0.0569   | 872     | 0.6654  | 115.8 | FAIL
StabilizedWhitenedCosine | 0.3094 | 0.0496 | 0.2944 | 0.0500 | 0.2143   | 0.0634   | 872     | 1.0747  | 105.0 | PASS

[trial=40 seed=82] GLOBAL mode — total_samples=200000
  total: h0=82063 h1=15019
  pooled_train:  n0=1270 n1=1270
  pooled_calib:  n0=1240 n1=1240
  pooled_eval:   n0=1270 n1=1270
  regions (for macro stats only): 1103
[WeightedEnsemble] Fitted weights (alpha=0.0500, external calib):
  tau=0.8304, Pooled external calib: TPR=0.3960, FPR=0.0500
  Cosine              : +0.4323
  PCAWhitenedCosine   : +0.1110
  XGBoost             : +0.2003
  Tiny MLP            : +0.2025
  LDA                 : +0.0539

Method                   | TPR    | FPR    | TrTPR  | TrFPR  | MacroTPR | MacroFPR | Regions | TauMean | ms    | OK? 
---------------------------------------------------------------------------------------------------------------------
Cosine                   | 0.1780 | 0.0669 | 0.1774 | 0.0500 | 0.1513   | 0.0645   | 866     | 0.7373  | 147.1 | FAIL
AndBox-HC                | 0.0598 | 0.0472 | 0.0653 | 0.0500 | 0.0600   | 0.0438   | 866     | 0.0024  | 63.9  | PASS
PCAWhitenedCosine        | 0.3378 | 0.0535 | 0.3468 | 0.0500 | 0.2406   | 0.0628   | 866     | 0.9573  | 95.5  | FAIL
Vec (Wgt)                | 0.0331 | 0.0472 | 0.0331 | 0.0500 | 0.0432   | 0.0451   | 866     | 0.0047  | 96.8  | PASS
Log Reg                  | 0.3780 | 0.0551 | 0.3589 | 0.0500 | 0.2668   | 0.0670   | 866     | 0.6909  | 113.7 | FAIL
LDA                      | 0.3315 | 0.0402 | 0.3145 | 0.0500 | 0.2369   | 0.0433   | 866     | 2.7953  | 100.8 | PASS
Tiny MLP                 | 0.2102 | 0.0276 | 0.1952 | 0.0500 | 0.1411   | 0.0339   | 866     | 0.9994  | 483.6 | PASS
MultiProtoCosine         | 0.2441 | 0.0543 | 0.2540 | 0.0500 | 0.1996   | 0.0607   | 866     | 0.7631  | 117.6 | FAIL
WeightedEnsemble         | 0.4071 | 0.0433 | 0.3960 | 0.0500 | 0.2899   | 0.0504   | 866     | 0.8304  | 563.3 | PASS
XGBoost                  | 0.3748 | 0.0543 | 0.3669 | 0.0500 | 0.2883   | 0.0639   | 866     | 0.6493  | 80.2  | FAIL
LDA1+LogReg              | 0.2992 | 0.0520 | 0.2984 | 0.0500 | 0.2202   | 0.0562   | 866     | 0.7163  | 104.2 | FAIL
PCA16+LogReg             | 0.2228 | 0.0551 | 0.2121 | 0.0500 | 0.1749   | 0.0610   | 866     | 0.6927  | 119.4 | FAIL
PCA32+LogReg             | 0.2598 | 0.0543 | 0.2573 | 0.0500 | 0.1946   | 0.0610   | 866     | 0.7038  | 118.3 | FAIL
PCA16+VecWeighted        | 0.0811 | 0.0441 | 0.0919 | 0.0500 | 0.0752   | 0.0449   | 866     | 0.6154  | 110.2 | PASS
PCA32+VecWeighted        | 0.0764 | 0.0465 | 0.0758 | 0.0500 | 0.0734   | 0.0411   | 866     | 0.7589  | 111.3 | PASS
StabilizedWhitenedCosine | 0.3134 | 0.0559 | 0.3177 | 0.0500 | 0.2244   | 0.0649   | 866     | 0.8734  | 102.1 | FAIL

[trial=41 seed=83] GLOBAL mode — total_samples=200000
  total: h0=82063 h1=15019
  pooled_train:  n0=1270 n1=1270
  pooled_calib:  n0=1240 n1=1240
  pooled_eval:   n0=1270 n1=1270
  regions (for macro stats only): 1103
[WeightedEnsemble] Fitted weights (alpha=0.0500, external calib):
  tau=0.8155, Pooled external calib: TPR=0.4347, FPR=0.0500
  Cosine              : +0.4352
  PCAWhitenedCosine   : +0.0957
  XGBoost             : +0.1866
  Tiny MLP            : +0.2341
  LDA                 : +0.0484

Method                   | TPR    | FPR    | TrTPR  | TrFPR  | MacroTPR | MacroFPR | Regions | TauMean | ms    | OK? 
---------------------------------------------------------------------------------------------------------------------
Cosine                   | 0.1717 | 0.0646 | 0.1669 | 0.0500 | 0.1448   | 0.0628   | 859     | 0.7383  | 132.9 | FAIL
AndBox-HC                | 0.0488 | 0.0472 | 0.0476 | 0.0500 | 0.0514   | 0.0412   | 859     | -0.0025 | 65.6  | PASS
PCAWhitenedCosine        | 0.3654 | 0.0433 | 0.3339 | 0.0500 | 0.2417   | 0.0617   | 859     | 1.0276  | 92.3  | PASS
Vec (Wgt)                | 0.0354 | 0.0386 | 0.0298 | 0.0500 | 0.0377   | 0.0337   | 859     | -0.0276 | 90.8  | PASS
Log Reg                  | 0.3748 | 0.0488 | 0.3637 | 0.0500 | 0.2625   | 0.0614   | 859     | 0.7022  | 107.3 | PASS
LDA                      | 0.3819 | 0.0559 | 0.3653 | 0.0500 | 0.2879   | 0.0707   | 859     | 2.6679  | 95.5  | FAIL
Tiny MLP                 | 0.2937 | 0.0575 | 0.2685 | 0.0500 | 0.2147   | 0.0730   | 859     | 0.9980  | 541.3 | FAIL
MultiProtoCosine         | 0.2606 | 0.0543 | 0.2653 | 0.0500 | 0.1952   | 0.0611   | 859     | 0.7632  | 111.0 | FAIL
WeightedEnsemble         | 0.4504 | 0.0598 | 0.4347 | 0.0500 | 0.3402   | 0.0753   | 859     | 0.8155  | 616.9 | FAIL
XGBoost                  | 0.4047 | 0.0520 | 0.4024 | 0.0500 | 0.2889   | 0.0643   | 859     | 0.6482  | 76.9  | FAIL
LDA1+LogReg              | 0.3520 | 0.0614 | 0.3468 | 0.0500 | 0.2608   | 0.0718   | 859     | 0.7096  | 97.6  | FAIL
PCA16+LogReg             | 0.2811 | 0.0598 | 0.2694 | 0.0500 | 0.2195   | 0.0667   | 859     | 0.6925  | 105.6 | FAIL
PCA32+LogReg             | 0.2961 | 0.0598 | 0.2887 | 0.0500 | 0.2132   | 0.0691   | 859     | 0.6917  | 107.8 | FAIL
PCA16+VecWeighted        | 0.0543 | 0.0488 | 0.0669 | 0.0500 | 0.0768   | 0.0562   | 859     | 0.6506  | 103.5 | PASS
PCA32+VecWeighted        | 0.0535 | 0.0480 | 0.0565 | 0.0500 | 0.0645   | 0.0509   | 859     | 0.7850  | 106.5 | PASS
StabilizedWhitenedCosine | 0.3535 | 0.0669 | 0.3411 | 0.0500 | 0.2397   | 0.0808   | 859     | 0.8736  | 95.4  | FAIL

[trial=42 seed=84] GLOBAL mode — total_samples=200000
  total: h0=82063 h1=15019
  pooled_train:  n0=1270 n1=1270
  pooled_calib:  n0=1240 n1=1240
  pooled_eval:   n0=1270 n1=1270
  regions (for macro stats only): 1103
[WeightedEnsemble] Fitted weights (alpha=0.0500, external calib):
  tau=0.7508, Pooled external calib: TPR=0.4339, FPR=0.0500
  Cosine              : +0.2610
  PCAWhitenedCosine   : +0.2348
  XGBoost             : +0.2127
  Tiny MLP            : +0.2846
  LDA                 : +0.0070

Method                   | TPR    | FPR    | TrTPR  | TrFPR  | MacroTPR | MacroFPR | Regions | TauMean | ms    | OK? 
---------------------------------------------------------------------------------------------------------------------
Cosine                   | 0.1283 | 0.0504 | 0.1492 | 0.0500 | 0.1231   | 0.0498   | 866     | 0.7421  | 136.4 | FAIL
AndBox-HC                | 0.0528 | 0.0520 | 0.0589 | 0.0500 | 0.0447   | 0.0425   | 866     | 0.0026  | 60.7  | FAIL
PCAWhitenedCosine        | 0.3598 | 0.0543 | 0.3444 | 0.0500 | 0.2514   | 0.0688   | 866     | 0.9188  | 88.9  | FAIL
Vec (Wgt)                | 0.0213 | 0.0480 | 0.0210 | 0.0500 | 0.0313   | 0.0439   | 866     | -0.0405 | 90.0  | PASS
Log Reg                  | 0.3685 | 0.0370 | 0.3597 | 0.0500 | 0.2543   | 0.0454   | 866     | 0.6951  | 101.6 | PASS
LDA                      | 0.3071 | 0.0465 | 0.2984 | 0.0500 | 0.2123   | 0.0511   | 866     | 2.7072  | 93.5  | PASS
Tiny MLP                 | 0.2118 | 0.0528 | 0.2024 | 0.0500 | 0.1440   | 0.0631   | 866     | 0.9989  | 100.6 | FAIL
MultiProtoCosine         | 0.2520 | 0.0433 | 0.2500 | 0.0500 | 0.2049   | 0.0544   | 866     | 0.7631  | 108.6 | PASS
WeightedEnsemble         | 0.4370 | 0.0496 | 0.4339 | 0.0500 | 0.3122   | 0.0585   | 866     | 0.7508  | 175.7 | PASS
XGBoost                  | 0.3780 | 0.0480 | 0.3895 | 0.0500 | 0.2703   | 0.0599   | 866     | 0.6401  | 76.9  | PASS
LDA1+LogReg              | 0.3213 | 0.0378 | 0.3065 | 0.0500 | 0.2252   | 0.0464   | 866     | 0.7107  | 97.2  | PASS
PCA16+LogReg             | 0.2346 | 0.0323 | 0.2524 | 0.0500 | 0.1683   | 0.0386   | 866     | 0.6843  | 104.3 | PASS
PCA32+LogReg             | 0.2795 | 0.0441 | 0.2815 | 0.0500 | 0.2029   | 0.0545   | 866     | 0.6842  | 107.5 | PASS
PCA16+VecWeighted        | 0.0787 | 0.0614 | 0.0806 | 0.0500 | 0.0753   | 0.0609   | 866     | 0.5581  | 104.1 | FAIL
PCA32+VecWeighted        | 0.0701 | 0.0591 | 0.0508 | 0.0500 | 0.0638   | 0.0589   | 866     | 0.7605  | 109.2 | FAIL
StabilizedWhitenedCosine | 0.3165 | 0.0386 | 0.3113 | 0.0500 | 0.2040   | 0.0452   | 866     | 0.8786  | 99.4  | PASS

[trial=43 seed=85] GLOBAL mode — total_samples=200000
  total: h0=82063 h1=15019
  pooled_train:  n0=1270 n1=1270
  pooled_calib:  n0=1240 n1=1240
  pooled_eval:   n0=1270 n1=1270
  regions (for macro stats only): 1103
[WeightedEnsemble] Fitted weights (alpha=0.0500, external calib):
  tau=0.6316, Pooled external calib: TPR=0.4185, FPR=0.0500
  Cosine              : +0.0000
  PCAWhitenedCosine   : +0.0000
  XGBoost             : +1.0000
  Tiny MLP            : +0.0000
  LDA                 : +0.0000

Method                   | TPR    | FPR    | TrTPR  | TrFPR  | MacroTPR | MacroFPR | Regions | TauMean | ms    | OK? 
---------------------------------------------------------------------------------------------------------------------
Cosine                   | 0.1622 | 0.0606 | 0.1710 | 0.0500 | 0.1284   | 0.0584   | 849     | 0.7393  | 148.5 | FAIL
AndBox-HC                | 0.0433 | 0.0394 | 0.0419 | 0.0500 | 0.0395   | 0.0428   | 849     | 0.0015  | 63.1  | PASS
PCAWhitenedCosine        | 0.3402 | 0.0559 | 0.3460 | 0.0500 | 0.2310   | 0.0668   | 849     | 0.8735  | 96.4  | FAIL
Vec (Wgt)                | 0.0299 | 0.0512 | 0.0242 | 0.0500 | 0.0318   | 0.0433   | 849     | -0.0567 | 94.6  | FAIL
Log Reg                  | 0.3386 | 0.0480 | 0.3387 | 0.0500 | 0.2268   | 0.0652   | 849     | 0.6978  | 110.3 | PASS
LDA                      | 0.3512 | 0.0496 | 0.3613 | 0.0500 | 0.2409   | 0.0663   | 849     | 2.4986  | 98.2  | PASS
Tiny MLP                 | 0.2913 | 0.0512 | 0.2919 | 0.0500 | 0.2107   | 0.0693   | 849     | 0.9976  | 556.7 | FAIL
MultiProtoCosine         | 0.2457 | 0.0543 | 0.2556 | 0.0500 | 0.1800   | 0.0605   | 849     | 0.7629  | 111.4 | FAIL
WeightedEnsemble         | 0.4189 | 0.0591 | 0.4185 | 0.0500 | 0.3048   | 0.0734   | 849     | 0.6316  | 630.6 | FAIL
XGBoost                  | 0.4189 | 0.0591 | 0.4185 | 0.0500 | 0.3048   | 0.0734   | 849     | 0.6316  | 84.7  | FAIL
LDA1+LogReg              | 0.2921 | 0.0425 | 0.2960 | 0.0500 | 0.2044   | 0.0606   | 849     | 0.7130  | 102.4 | PASS
PCA16+LogReg             | 0.2795 | 0.0433 | 0.2782 | 0.0500 | 0.2081   | 0.0619   | 849     | 0.6737  | 115.4 | PASS
PCA32+LogReg             | 0.2866 | 0.0496 | 0.2935 | 0.0500 | 0.2051   | 0.0654   | 849     | 0.6881  | 113.2 | PASS
PCA16+VecWeighted        | 0.0402 | 0.0480 | 0.0524 | 0.0500 | 0.0508   | 0.0531   | 849     | 0.6160  | 107.2 | PASS
PCA32+VecWeighted        | 0.0409 | 0.0504 | 0.0589 | 0.0500 | 0.0397   | 0.0509   | 849     | 0.7780  | 110.2 | FAIL
StabilizedWhitenedCosine | 0.3480 | 0.0535 | 0.3395 | 0.0500 | 0.2370   | 0.0693   | 849     | 0.8300  | 102.8 | FAIL

[trial=44 seed=86] GLOBAL mode — total_samples=200000
  total: h0=82063 h1=15019
  pooled_train:  n0=1270 n1=1270
  pooled_calib:  n0=1240 n1=1240
  pooled_eval:   n0=1270 n1=1270
  regions (for macro stats only): 1103
[WeightedEnsemble] Fitted weights (alpha=0.0500, external calib):
  tau=0.9019, Pooled external calib: TPR=0.4065, FPR=0.0500
  Cosine              : +0.1298
  PCAWhitenedCosine   : +0.1391
  XGBoost             : +0.2872
  Tiny MLP            : +0.3596
  LDA                 : +0.0844

Method                   | TPR    | FPR    | TrTPR  | TrFPR  | MacroTPR | MacroFPR | Regions | TauMean | ms    | OK? 
---------------------------------------------------------------------------------------------------------------------
Cosine                   | 0.1165 | 0.0465 | 0.1282 | 0.0500 | 0.1177   | 0.0504   | 852     | 0.7468  | 153.8 | PASS
AndBox-HC                | 0.0496 | 0.0504 | 0.0484 | 0.0500 | 0.0538   | 0.0354   | 852     | 0.0015  | 63.4  | FAIL
PCAWhitenedCosine        | 0.2606 | 0.0449 | 0.2782 | 0.0500 | 0.1952   | 0.0574   | 852     | 1.0632  | 95.6  | PASS
Vec (Wgt)                | 0.0315 | 0.0654 | 0.0331 | 0.0500 | 0.0266   | 0.0612   | 852     | -0.0760 | 95.8  | FAIL
Log Reg                  | 0.3039 | 0.0449 | 0.3161 | 0.0500 | 0.2231   | 0.0641   | 852     | 0.7110  | 107.5 | PASS
LDA                      | 0.3260 | 0.0504 | 0.3315 | 0.0500 | 0.2551   | 0.0666   | 852     | 2.8084  | 100.9 | FAIL
Tiny MLP                 | 0.2181 | 0.0567 | 0.2226 | 0.0500 | 0.1712   | 0.0688   | 852     | 0.9982  | 575.4 | FAIL
MultiProtoCosine         | 0.2016 | 0.0425 | 0.2048 | 0.0500 | 0.1761   | 0.0594   | 852     | 0.7656  | 116.7 | PASS
WeightedEnsemble         | 0.4031 | 0.0528 | 0.4065 | 0.0500 | 0.3032   | 0.0770   | 852     | 0.9019  | 664.0 | FAIL
XGBoost                  | 0.3732 | 0.0362 | 0.3895 | 0.0500 | 0.2827   | 0.0525   | 852     | 0.6338  | 79.0  | PASS
LDA1+LogReg              | 0.2835 | 0.0488 | 0.2782 | 0.0500 | 0.2146   | 0.0691   | 852     | 0.7227  | 104.6 | PASS
PCA16+LogReg             | 0.2417 | 0.0543 | 0.2290 | 0.0500 | 0.1807   | 0.0702   | 852     | 0.6846  | 116.0 | FAIL
PCA32+LogReg             | 0.2709 | 0.0528 | 0.2613 | 0.0500 | 0.1995   | 0.0651   | 852     | 0.6938  | 117.5 | FAIL
PCA16+VecWeighted        | 0.0866 | 0.0433 | 0.0863 | 0.0500 | 0.0898   | 0.0470   | 852     | 0.5961  | 111.0 | PASS
PCA32+VecWeighted        | 0.0646 | 0.0370 | 0.0637 | 0.0500 | 0.0612   | 0.0388   | 852     | 0.7655  | 116.8 | PASS
StabilizedWhitenedCosine | 0.2701 | 0.0488 | 0.2855 | 0.0500 | 0.2015   | 0.0672   | 852     | 0.9467  | 107.6 | PASS

[trial=45 seed=87] GLOBAL mode — total_samples=200000
  total: h0=82063 h1=15019
  pooled_train:  n0=1270 n1=1270
  pooled_calib:  n0=1240 n1=1240
  pooled_eval:   n0=1270 n1=1270
  regions (for macro stats only): 1103
[WeightedEnsemble] Fitted weights (alpha=0.0500, external calib):
  tau=0.8152, Pooled external calib: TPR=0.4371, FPR=0.0500
  Cosine              : +0.4352
  PCAWhitenedCosine   : +0.0957
  XGBoost             : +0.1866
  Tiny MLP            : +0.2341
  LDA                 : +0.0484

Method                   | TPR    | FPR    | TrTPR  | TrFPR  | MacroTPR | MacroFPR | Regions | TauMean | ms    | OK? 
---------------------------------------------------------------------------------------------------------------------
Cosine                   | 0.1252 | 0.0449 | 0.1202 | 0.0500 | 0.1106   | 0.0437   | 857     | 0.7445  | 152.8 | PASS
AndBox-HC                | 0.0772 | 0.0472 | 0.0653 | 0.0500 | 0.0813   | 0.0512   | 857     | 0.0019  | 67.8  | PASS
PCAWhitenedCosine        | 0.2780 | 0.0598 | 0.3065 | 0.0500 | 0.1887   | 0.0727   | 857     | 1.0729  | 99.8  | FAIL
Vec (Wgt)                | 0.0409 | 0.0504 | 0.0460 | 0.0500 | 0.0372   | 0.0439   | 857     | -0.0494 | 100.2 | FAIL
Log Reg                  | 0.3402 | 0.0780 | 0.3685 | 0.0500 | 0.2394   | 0.0958   | 857     | 0.7026  | 113.4 | FAIL
LDA                      | 0.3299 | 0.0512 | 0.3452 | 0.0500 | 0.2355   | 0.0631   | 857     | 2.8180  | 102.4 | FAIL
Tiny MLP                 | 0.2370 | 0.0583 | 0.2403 | 0.0500 | 0.1751   | 0.0654   | 857     | 0.9988  | 570.4 | FAIL
MultiProtoCosine         | 0.2354 | 0.0591 | 0.2282 | 0.0500 | 0.1723   | 0.0622   | 857     | 0.7636  | 120.6 | FAIL
WeightedEnsemble         | 0.4126 | 0.0764 | 0.4371 | 0.0500 | 0.2914   | 0.0945   | 857     | 0.8152  | 651.2 | FAIL
XGBoost                  | 0.3504 | 0.0535 | 0.3613 | 0.0500 | 0.2454   | 0.0704   | 857     | 0.6713  | 81.6  | FAIL
LDA1+LogReg              | 0.2622 | 0.0638 | 0.2798 | 0.0500 | 0.1916   | 0.0744   | 857     | 0.7417  | 111.1 | FAIL
PCA16+LogReg             | 0.2291 | 0.0575 | 0.2435 | 0.0500 | 0.1593   | 0.0684   | 857     | 0.7121  | 117.6 | FAIL
PCA32+LogReg             | 0.2583 | 0.0559 | 0.2637 | 0.0500 | 0.1865   | 0.0646   | 857     | 0.7087  | 121.3 | FAIL
PCA16+VecWeighted        | 0.1425 | 0.0551 | 0.1556 | 0.0500 | 0.1284   | 0.0641   | 857     | 0.5187  | 113.1 | FAIL
PCA32+VecWeighted        | 0.1213 | 0.0583 | 0.1282 | 0.0500 | 0.1013   | 0.0558   | 857     | 0.7110  | 116.3 | FAIL
StabilizedWhitenedCosine | 0.2898 | 0.0740 | 0.3040 | 0.0500 | 0.2056   | 0.0858   | 857     | 0.9755  | 104.3 | FAIL

[trial=46 seed=88] GLOBAL mode — total_samples=200000
  total: h0=82063 h1=15019
  pooled_train:  n0=1270 n1=1270
  pooled_calib:  n0=1240 n1=1240
  pooled_eval:   n0=1270 n1=1270
  regions (for macro stats only): 1103
[WeightedEnsemble] Fitted weights (alpha=0.0500, external calib):
  tau=0.9176, Pooled external calib: TPR=0.4113, FPR=0.0500
  Cosine              : +0.1298
  PCAWhitenedCosine   : +0.1391
  XGBoost             : +0.2872
  Tiny MLP            : +0.3596
  LDA                 : +0.0844

Method                   | TPR    | FPR    | TrTPR  | TrFPR  | MacroTPR | MacroFPR | Regions | TauMean | ms    | OK? 
---------------------------------------------------------------------------------------------------------------------
Cosine                   | 0.1386 | 0.0386 | 0.1347 | 0.0500 | 0.1190   | 0.0368   | 866     | 0.7438  | 132.6 | PASS
AndBox-HC                | 0.0701 | 0.0409 | 0.0710 | 0.0500 | 0.0663   | 0.0308   | 866     | -0.0004 | 60.7  | PASS
PCAWhitenedCosine        | 0.3047 | 0.0346 | 0.3065 | 0.0500 | 0.2122   | 0.0411   | 866     | 1.0771  | 88.6  | PASS
Vec (Wgt)                | 0.0291 | 0.0449 | 0.0306 | 0.0500 | 0.0228   | 0.0491   | 866     | -0.0524 | 89.3  | PASS
Log Reg                  | 0.3213 | 0.0402 | 0.3242 | 0.0500 | 0.2223   | 0.0526   | 866     | 0.7142  | 104.3 | PASS
LDA                      | 0.2961 | 0.0433 | 0.3194 | 0.0500 | 0.1997   | 0.0536   | 866     | 2.7449  | 96.0  | PASS
Tiny MLP                 | 0.2606 | 0.0472 | 0.2508 | 0.0500 | 0.1822   | 0.0539   | 866     | 0.9977  | 532.2 | PASS
MultiProtoCosine         | 0.2772 | 0.0386 | 0.2581 | 0.0500 | 0.2032   | 0.0539   | 866     | 0.7617  | 105.4 | PASS
WeightedEnsemble         | 0.3811 | 0.0465 | 0.4113 | 0.0500 | 0.2588   | 0.0618   | 866     | 0.9176  | 610.8 | PASS
XGBoost                  | 0.3732 | 0.0402 | 0.3871 | 0.0500 | 0.2731   | 0.0526   | 866     | 0.6495  | 77.1  | PASS
LDA1+LogReg              | 0.2740 | 0.0346 | 0.2944 | 0.0500 | 0.1938   | 0.0456   | 866     | 0.7349  | 98.2  | PASS
PCA16+LogReg             | 0.2551 | 0.0465 | 0.2798 | 0.0500 | 0.1884   | 0.0589   | 866     | 0.6974  | 105.2 | PASS
PCA32+LogReg             | 0.2646 | 0.0409 | 0.2944 | 0.0500 | 0.1877   | 0.0554   | 866     | 0.7098  | 107.0 | PASS
PCA16+VecWeighted        | 0.1189 | 0.0496 | 0.1081 | 0.0500 | 0.0891   | 0.0594   | 866     | 0.5346  | 101.8 | PASS
PCA32+VecWeighted        | 0.1102 | 0.0559 | 0.1113 | 0.0500 | 0.0779   | 0.0639   | 866     | 0.7032  | 105.4 | FAIL
StabilizedWhitenedCosine | 0.2953 | 0.0386 | 0.3210 | 0.0500 | 0.1989   | 0.0519   | 866     | 0.9744  | 99.4  | PASS

[trial=47 seed=89] GLOBAL mode — total_samples=200000
  total: h0=82063 h1=15019
  pooled_train:  n0=1270 n1=1270
  pooled_calib:  n0=1240 n1=1240
  pooled_eval:   n0=1270 n1=1270
  regions (for macro stats only): 1103
[WeightedEnsemble] Fitted weights (alpha=0.0500, external calib):
  tau=0.8431, Pooled external calib: TPR=0.4427, FPR=0.0500
  Cosine              : +0.6579
  PCAWhitenedCosine   : +0.1446
  XGBoost             : +0.0673
  Tiny MLP            : +0.0713
  LDA                 : +0.0589

Method                   | TPR    | FPR    | TrTPR  | TrFPR  | MacroTPR | MacroFPR | Regions | TauMean | ms    | OK? 
---------------------------------------------------------------------------------------------------------------------
Cosine                   | 0.1693 | 0.0772 | 0.1597 | 0.0500 | 0.1331   | 0.0806   | 870     | 0.7377  | 146.2 | FAIL
AndBox-HC                | 0.0433 | 0.0520 | 0.0452 | 0.0500 | 0.0517   | 0.0385   | 870     | 0.0025  | 62.7  | FAIL
PCAWhitenedCosine        | 0.3441 | 0.0583 | 0.3427 | 0.0500 | 0.2631   | 0.0756   | 870     | 1.0843  | 93.8  | FAIL
Vec (Wgt)                | 0.0213 | 0.0339 | 0.0129 | 0.0500 | 0.0218   | 0.0345   | 870     | -0.0806 | 94.7  | PASS
Log Reg                  | 0.3748 | 0.0520 | 0.3629 | 0.0500 | 0.2727   | 0.0699   | 870     | 0.7142  | 110.0 | FAIL
LDA                      | 0.4008 | 0.0583 | 0.3815 | 0.0500 | 0.2874   | 0.0666   | 870     | 2.7922  | 102.5 | FAIL
Tiny MLP                 | 0.2843 | 0.0598 | 0.2645 | 0.0500 | 0.2151   | 0.0643   | 870     | 0.9993  | 476.7 | FAIL
MultiProtoCosine         | 0.2268 | 0.0528 | 0.2161 | 0.0500 | 0.1723   | 0.0715   | 870     | 0.7647  | 117.7 | FAIL
WeightedEnsemble         | 0.4409 | 0.0575 | 0.4427 | 0.0500 | 0.3241   | 0.0718   | 870     | 0.8431  | 553.3 | FAIL
XGBoost                  | 0.3976 | 0.0567 | 0.3790 | 0.0500 | 0.3024   | 0.0686   | 870     | 0.6538  | 80.4  | FAIL
LDA1+LogReg              | 0.2929 | 0.0472 | 0.2823 | 0.0500 | 0.2215   | 0.0562   | 870     | 0.7502  | 102.2 | PASS
PCA16+LogReg             | 0.2598 | 0.0528 | 0.2629 | 0.0500 | 0.2026   | 0.0578   | 870     | 0.7099  | 110.8 | FAIL
PCA32+LogReg             | 0.2520 | 0.0417 | 0.2484 | 0.0500 | 0.1860   | 0.0501   | 870     | 0.7305  | 116.1 | PASS
PCA16+VecWeighted        | 0.1614 | 0.0528 | 0.1605 | 0.0500 | 0.1256   | 0.0615   | 870     | 0.5238  | 109.1 | FAIL
PCA32+VecWeighted        | 0.1252 | 0.0535 | 0.1234 | 0.0500 | 0.0905   | 0.0481   | 870     | 0.6811  | 113.1 | FAIL
StabilizedWhitenedCosine | 0.3378 | 0.0575 | 0.3250 | 0.0500 | 0.2510   | 0.0707   | 870     | 0.9464  | 103.4 | FAIL

[trial=48 seed=90] GLOBAL mode — total_samples=200000
  total: h0=82063 h1=15019
  pooled_train:  n0=1270 n1=1270
  pooled_calib:  n0=1240 n1=1240
  pooled_eval:   n0=1270 n1=1270
  regions (for macro stats only): 1103
[WeightedEnsemble] Fitted weights (alpha=0.0500, external calib):
  tau=0.8711, Pooled external calib: TPR=0.3556, FPR=0.0500
  Cosine              : +0.4352
  PCAWhitenedCosine   : +0.0957
  XGBoost             : +0.1866
  Tiny MLP            : +0.2341
  LDA                 : +0.0484

Method                   | TPR    | FPR    | TrTPR  | TrFPR  | MacroTPR | MacroFPR | Regions | TauMean | ms    | OK? 
---------------------------------------------------------------------------------------------------------------------
Cosine                   | 0.1425 | 0.0622 | 0.1323 | 0.0500 | 0.1275   | 0.0556   | 861     | 0.7420  | 142.1 | FAIL
AndBox-HC                | 0.0756 | 0.0449 | 0.0839 | 0.0500 | 0.0640   | 0.0411   | 861     | 0.0010  | 63.5  | PASS
PCAWhitenedCosine        | 0.2614 | 0.0449 | 0.2726 | 0.0500 | 0.1994   | 0.0548   | 861     | 1.1808  | 97.2  | PASS
Vec (Wgt)                | 0.0173 | 0.0465 | 0.0202 | 0.0500 | 0.0205   | 0.0464   | 861     | -0.0740 | 98.4  | PASS
Log Reg                  | 0.2835 | 0.0441 | 0.3145 | 0.0500 | 0.2140   | 0.0573   | 861     | 0.7281  | 111.6 | PASS
LDA                      | 0.2929 | 0.0449 | 0.3065 | 0.0500 | 0.2190   | 0.0581   | 861     | 2.9477  | 100.7 | PASS
Tiny MLP                 | 0.2236 | 0.0378 | 0.2468 | 0.0500 | 0.1704   | 0.0462   | 861     | 0.9984  | 547.3 | PASS
MultiProtoCosine         | 0.2283 | 0.0441 | 0.2484 | 0.0492 | 0.1955   | 0.0515   | 861     | 0.7647  | 117.0 | PASS
WeightedEnsemble         | 0.3276 | 0.0394 | 0.3556 | 0.0500 | 0.2428   | 0.0522   | 861     | 0.8711  | 634.4 | PASS
XGBoost                  | 0.3126 | 0.0378 | 0.3476 | 0.0500 | 0.2497   | 0.0542   | 861     | 0.6759  | 80.1  | PASS
LDA1+LogReg              | 0.2354 | 0.0488 | 0.2661 | 0.0500 | 0.1887   | 0.0574   | 861     | 0.7436  | 105.3 | PASS
PCA16+LogReg             | 0.2008 | 0.0496 | 0.2282 | 0.0500 | 0.1592   | 0.0543   | 861     | 0.7155  | 113.8 | PASS
PCA32+LogReg             | 0.2307 | 0.0528 | 0.2565 | 0.0500 | 0.1842   | 0.0569   | 861     | 0.7169  | 116.5 | FAIL
PCA16+VecWeighted        | 0.0693 | 0.0488 | 0.0540 | 0.0500 | 0.0528   | 0.0442   | 861     | 0.6984  | 111.2 | PASS
PCA32+VecWeighted        | 0.0693 | 0.0480 | 0.0597 | 0.0500 | 0.0564   | 0.0442   | 861     | 0.8515  | 115.2 | PASS
StabilizedWhitenedCosine | 0.2520 | 0.0504 | 0.2677 | 0.0500 | 0.1920   | 0.0622   | 861     | 1.0853  | 103.8 | FAIL

[trial=49 seed=91] GLOBAL mode — total_samples=200000
  total: h0=82063 h1=15019
  pooled_train:  n0=1270 n1=1270
  pooled_calib:  n0=1240 n1=1240
  pooled_eval:   n0=1270 n1=1270
  regions (for macro stats only): 1103
[WeightedEnsemble] Fitted weights (alpha=0.0500, external calib):
  tau=0.8180, Pooled external calib: TPR=0.4653, FPR=0.0500
  Cosine              : +0.4364
  PCAWhitenedCosine   : +0.0571
  XGBoost             : +0.1048
  Tiny MLP            : +0.3819
  LDA                 : +0.0199

Method                   | TPR    | FPR    | TrTPR  | TrFPR  | MacroTPR | MacroFPR | Regions | TauMean | ms    | OK? 
---------------------------------------------------------------------------------------------------------------------
Cosine                   | 0.1283 | 0.0425 | 0.1274 | 0.0500 | 0.1174   | 0.0343   | 859     | 0.7459  | 158.6 | PASS
AndBox-HC                | 0.0598 | 0.0543 | 0.0508 | 0.0500 | 0.0621   | 0.0537   | 859     | 0.0023  | 68.7  | FAIL
PCAWhitenedCosine        | 0.3197 | 0.0449 | 0.3427 | 0.0500 | 0.2290   | 0.0545   | 859     | 1.0195  | 96.1  | PASS
Vec (Wgt)                | 0.0315 | 0.0535 | 0.0306 | 0.0500 | 0.0327   | 0.0540   | 859     | -0.0203 | 97.6  | FAIL
Log Reg                  | 0.3504 | 0.0425 | 0.3573 | 0.0500 | 0.2460   | 0.0549   | 859     | 0.7145  | 108.4 | PASS
LDA                      | 0.3283 | 0.0465 | 0.3452 | 0.0500 | 0.2244   | 0.0525   | 859     | 2.9900  | 102.1 | PASS
Tiny MLP                 | 0.2528 | 0.0378 | 0.2669 | 0.0500 | 0.1643   | 0.0390   | 859     | 0.9995  | 113.9 | PASS
MultiProtoCosine         | 0.2331 | 0.0354 | 0.2645 | 0.0500 | 0.1926   | 0.0422   | 859     | 0.7645  | 118.4 | PASS
WeightedEnsemble         | 0.4346 | 0.0567 | 0.4653 | 0.0500 | 0.3240   | 0.0657   | 859     | 0.8180  | 182.1 | FAIL
XGBoost                  | 0.3787 | 0.0425 | 0.3944 | 0.0500 | 0.2800   | 0.0514   | 859     | 0.6573  | 82.8  | PASS
LDA1+LogReg              | 0.2992 | 0.0378 | 0.3016 | 0.0500 | 0.2136   | 0.0502   | 859     | 0.7289  | 103.5 | PASS
PCA16+LogReg             | 0.2283 | 0.0339 | 0.2419 | 0.0500 | 0.1614   | 0.0431   | 859     | 0.7157  | 110.8 | PASS
PCA32+LogReg             | 0.2575 | 0.0378 | 0.2734 | 0.0500 | 0.1861   | 0.0468   | 859     | 0.7150  | 119.8 | PASS
PCA16+VecWeighted        | 0.1039 | 0.0386 | 0.0984 | 0.0500 | 0.0759   | 0.0289   | 859     | 0.6210  | 116.9 | PASS
PCA32+VecWeighted        | 0.0591 | 0.0417 | 0.0629 | 0.0500 | 0.0520   | 0.0404   | 859     | 0.7771  | 112.7 | PASS
StabilizedWhitenedCosine | 0.3260 | 0.0472 | 0.3347 | 0.0500 | 0.2309   | 0.0595   | 859     | 0.9148  | 100.7 | PASS

=== Ranking by mean micro TPR (UNCONSTRAINED) ===
 1. WeightedEnsemble   TPR=0.4107±0.0256 FPR=0.0532±0.0087 [FAIL]
 2. XGBoost            TPR=0.3741±0.0257 FPR=0.0490±0.0075 [PASS]
 3. Log Reg            TPR=0.3541±0.0246 FPR=0.0500±0.0078 [FAIL]
 4. LDA                TPR=0.3415±0.0325 FPR=0.0484±0.0081 [PASS]
 5. PCAWhitenedCosine  TPR=0.3321±0.0290 FPR=0.0507±0.0088 [FAIL]
 6. StabilizedWhitenedCosine TPR=0.3100±0.0254 FPR=0.0505±0.0081 [FAIL]
 7. LDA1+LogReg        TPR=0.3025±0.0261 FPR=0.0491±0.0073 [PASS]
 8. PCA32+LogReg       TPR=0.2803±0.0221 FPR=0.0504±0.0061 [FAIL]
 9. PCA16+LogReg       TPR=0.2526±0.0221 FPR=0.0494±0.0081 [PASS]
10. Tiny MLP           TPR=0.2496±0.0324 FPR=0.0474±0.0090 [PASS]
11. MultiProtoCosine   TPR=0.2339±0.0199 FPR=0.0488±0.0081 [PASS]
12. Cosine             TPR=0.1383±0.0195 FPR=0.0501±0.0093 [FAIL]
13. PCA16+VecWeighted  TPR=0.1009±0.0427 FPR=0.0501±0.0064 [FAIL]
14. PCA32+VecWeighted  TPR=0.0902±0.0324 FPR=0.0514±0.0073 [FAIL]
15. AndBox-HC          TPR=0.0559±0.0108 FPR=0.0452±0.0073 [PASS]
16. Vec (Wgt)          TPR=0.0339±0.0120 FPR=0.0490±0.0091 [PASS]

=== Ranking by mean micro TPR (CONSTRAINED: FPR <= alpha) ===
 1. XGBoost            TPR=0.3741±0.0257 FPR=0.0490±0.0075
 2. LDA                TPR=0.3415±0.0325 FPR=0.0484±0.0081
 3. LDA1+LogReg        TPR=0.3025±0.0261 FPR=0.0491±0.0073
 4. PCA16+LogReg       TPR=0.2526±0.0221 FPR=0.0494±0.0081
 5. Tiny MLP           TPR=0.2496±0.0324 FPR=0.0474±0.0090
 6. MultiProtoCosine   TPR=0.2339±0.0199 FPR=0.0488±0.0081
 7. AndBox-HC          TPR=0.0559±0.0108 FPR=0.0452±0.0073
 8. Vec (Wgt)          TPR=0.0339±0.0120 FPR=0.0490±0.0091
[CSV] Saved: /home/malmatal/Projects/Multi_Dim_Threshold/NeighborCache/outputs/region_local_threshold/run_20260504_053646/trial_summary.csv
[JSON] Saved: /home/malmatal/Projects/Multi_Dim_Threshold/NeighborCache/outputs/region_local_threshold/run_20260504_053646/ranking.json
[CSV] Saved: /home/malmatal/Projects/Multi_Dim_Threshold/NeighborCache/outputs/region_local_threshold/run_20260504_053646/weighted_ensemble_meta_weights.csv
[JSON] Saved: /home/malmatal/Projects/Multi_Dim_Threshold/NeighborCache/outputs/region_local_threshold/run_20260504_053646/notes.json

Best (constrained FPR <= alpha): XGBoost
[Done] outputs at: /home/malmatal/Projects/Multi_Dim_Threshold/NeighborCache/outputs/region_local_threshold/run_20260504_053646
============================================================
date_end=2026-05-04T08:22:05+03:00
exit_code=0
============================================================
