------------------------------------
Sun 03 May 2026 13:23:41 IDT
SLURM_JOBID:		17306558
SLURM_JOB_NODELIST:	cs-cpu-06
SLURM_SCRATCH_DIR:	
Allocated Resouces:	cpu - 4 / mem - 16384 MB / gpu - 
SLURM_GPU_INDEX:	
Running as malmatal from gilein account with normal QOS
------------------------------------
============================================================
NeighborCache Slurm task
task_id=1
job_id=17306558
array_job_id=17306554
hostname=cs-cpu-06.auth.ad.bgu.ac.il
date_start=2026-05-03T13:23:41+03:00
pwd=/home/malmatal/Projects/Multi_Dim_Threshold
commands_file=NeighborCache/results/paper_experiments_slurm_20260503_132318/commands.txt
task_log=NeighborCache/results/paper_experiments_slurm_20260503_132318/task_logs/task_1.log
============================================================
Command:
/home/malmatal/.conda/envs/ec/bin/python -m NeighborCache.region_local_threshold.cli --data NeighborCache/data/h1h0_final.npz --region_key global_cluster --alpha 0.01 --tau_mode global --n_trials 50 --seed 42 --n_train 1270 --n_calib 1240 --n_eval 1270 --hadamard_preprocess
============================================================
<frozen runpy>:128: RuntimeWarning: 'NeighborCache.region_local_threshold.cli' found in sys.modules after import of package 'NeighborCache.region_local_threshold', but prior to execution of 'NeighborCache.region_local_threshold.cli'; this may result in unpredictable behaviour
[INFO] Using features key='emb' dim=1024
[INFO] Applied Hadamard preprocessing (strategy=centroid_nearest, use_delta_vec=False, use_abs_diff=False) to X_main

=== Region Threshold Benchmark ===
dataset_npz=NeighborCache/data/h1h0_final.npz
region_key=global_cluster (resolved=global_cluster, unique=1103)
features=emb+hadamard rows=200000 dim=1024
text_pairs=text+region_anchor[centroid_nearest]
alpha=0.01 tie_mode=ge trials=50 base_seed=42
tau_mode=global
hadamard_preprocess=True
abs_diff_only_preprocess=False
use_delta_vec=False
use_abs_diff=False
normalize_data=False
filter_policy=none
train_cosine_policy_active=False
caps: train=1270 calib=1240 eval=1270
mins: min_h0_eval=20 min_h1_eval=20
run_dir=/home/malmatal/Projects/Multi_Dim_Threshold/NeighborCache/outputs/region_local_threshold/run_20260503_132407

[trial=0 seed=42] GLOBAL mode — total_samples=200000
  total: h0=82063 h1=15019
  pooled_train:  n0=1270 n1=1270
  pooled_calib:  n0=1240 n1=1240
  pooled_eval:   n0=1270 n1=1270
  regions (for macro stats only): 1103
[INFO] Cosine baseline routed to direct Hadamard sum (PrecomputedCosine)
[INFO] WeightedEnsemble Cosine judge routed to direct Hadamard sum
  [Ensemble] Judges routed to 'alt' input: PrecomputedCosine
[WeightedEnsemble] Fitted weights (alpha=0.0100, external calib):
  tau=1.1256, Pooled external calib: TPR=0.3871, FPR=0.0097
  PrecomputedCosine   : +0.5316
  PCAWhitenedCosine   : +0.2031
  XGBoost             : +0.0553
  Tiny MLP            : +0.1785
  LDA                 : +0.0315

Method                   | TPR    | FPR    | TrTPR  | TrFPR  | MacroTPR | MacroFPR | Regions | TauMean | ms    | OK? 
---------------------------------------------------------------------------------------------------------------------
Cosine                   | 0.2370 | 0.0157 | 0.2565 | 0.0169 | 0.2064   | 0.0217   | 868     | 1.0000  | 82.7  | FAIL
AndBox-HC                | 0.1961 | 0.0181 | 0.2097 | 0.0097 | 0.1773   | 0.0285   | 868     | 0.0000  | 39.3  | FAIL
PCAWhitenedCosine        | 0.3205 | 0.0126 | 0.3476 | 0.0097 | 0.2428   | 0.0234   | 868     | 1.4629  | 57.2  | FAIL
Vec (Wgt)                | 0.2827 | 0.0157 | 0.3056 | 0.0097 | 0.2163   | 0.0302   | 868     | 1.0009  | 56.5  | FAIL
Log Reg                  | 0.0984 | 0.0134 | 0.0935 | 0.0097 | 0.0748   | 0.0223   | 868     | 0.5196  | 69.4  | FAIL
LDA                      | 0.1835 | 0.0110 | 0.1935 | 0.0097 | 0.1427   | 0.0183   | 868     | 5.9540  | 62.2  | FAIL
Tiny MLP                 | 0.2866 | 0.0142 | 0.3129 | 0.0097 | 0.2059   | 0.0254   | 868     | 0.9464  | 226.6 | FAIL
MultiProtoCosine         | 0.0299 | 0.0126 | 0.0161 | 0.0097 | 0.0219   | 0.0142   | 868     | 0.9352  | 77.4  | FAIL
WeightedEnsemble         | 0.3559 | 0.0157 | 0.3871 | 0.0097 | 0.2752   | 0.0277   | 868     | 1.1256  | 276.0 | FAIL
XGBoost                  | 0.3008 | 0.0142 | 0.3194 | 0.0097 | 0.2366   | 0.0233   | 868     | 0.7750  | 75.3  | FAIL
LDA1+LogReg              | 0.0984 | 0.0134 | 0.0935 | 0.0097 | 0.0748   | 0.0223   | 868     | 0.5196  | 64.4  | FAIL
PCA16+LogReg             | 0.0969 | 0.0110 | 0.0919 | 0.0097 | 0.0713   | 0.0189   | 868     | 0.5192  | 69.4  | FAIL
PCA32+LogReg             | 0.0969 | 0.0102 | 0.0960 | 0.0097 | 0.0716   | 0.0172   | 868     | 0.5191  | 70.9  | FAIL
PCA16+VecWeighted        | 0.0102 | 0.0047 | 0.0210 | 0.0097 | 0.0130   | 0.0051   | 868     | 0.0382  | 65.9  | PASS
PCA32+VecWeighted        | 0.0157 | 0.0031 | 0.0250 | 0.0065 | 0.0069   | 0.0060   | 868     | 0.0516  | 69.6  | PASS
StabilizedWhitenedCosine | 0.2803 | 0.0118 | 0.3105 | 0.0097 | 0.2160   | 0.0223   | 868     | 1.5237  | 65.9  | FAIL

[trial=1 seed=43] GLOBAL mode — total_samples=200000
  total: h0=82063 h1=15019
  pooled_train:  n0=1270 n1=1270
  pooled_calib:  n0=1240 n1=1240
  pooled_eval:   n0=1270 n1=1270
  regions (for macro stats only): 1103
[INFO] Cosine baseline routed to direct Hadamard sum (PrecomputedCosine)
[INFO] WeightedEnsemble Cosine judge routed to direct Hadamard sum
  [Ensemble] Judges routed to 'alt' input: PrecomputedCosine
[WeightedEnsemble] Fitted weights (alpha=0.0100, external calib):
  tau=1.9353, Pooled external calib: TPR=0.3129, FPR=0.0097
  PrecomputedCosine   : +0.0795
  PCAWhitenedCosine   : +0.2043
  XGBoost             : +0.4654
  Tiny MLP            : +0.0260
  LDA                 : +0.2247

Method                   | TPR    | FPR    | TrTPR  | TrFPR  | MacroTPR | MacroFPR | Regions | TauMean | ms    | OK? 
---------------------------------------------------------------------------------------------------------------------
Cosine                   | 0.2449 | 0.0150 | 0.2484 | 0.0177 | 0.2078   | 0.0208   | 850     | 1.0000  | 59.5  | FAIL
AndBox-HC                | 0.1780 | 0.0118 | 0.1677 | 0.0097 | 0.1365   | 0.0181   | 850     | 0.0000  | 51.7  | FAIL
PCAWhitenedCosine        | 0.2299 | 0.0055 | 0.2169 | 0.0097 | 0.1606   | 0.0098   | 850     | 1.7688  | 56.1  | PASS
Vec (Wgt)                | 0.2307 | 0.0094 | 0.2548 | 0.0097 | 0.1797   | 0.0172   | 850     | 1.0105  | 55.5  | PASS
Log Reg                  | 0.0630 | 0.0031 | 0.0782 | 0.0097 | 0.0579   | 0.0069   | 850     | 0.5213  | 69.8  | PASS
LDA                      | 0.2724 | 0.0134 | 0.2677 | 0.0097 | 0.1929   | 0.0180   | 850     | 5.5799  | 60.2  | FAIL
Tiny MLP                 | 0.2575 | 0.0071 | 0.2290 | 0.0097 | 0.1754   | 0.0115   | 850     | 0.9699  | 224.0 | PASS
MultiProtoCosine         | 0.0197 | 0.0024 | 0.0177 | 0.0097 | 0.0152   | 0.0013   | 850     | 0.9385  | 73.5  | PASS
WeightedEnsemble         | 0.3165 | 0.0142 | 0.3129 | 0.0097 | 0.2212   | 0.0208   | 850     | 1.9353  | 275.0 | FAIL
XGBoost                  | 0.2559 | 0.0110 | 0.2621 | 0.0097 | 0.1993   | 0.0182   | 850     | 0.7934  | 75.6  | FAIL
LDA1+LogReg              | 0.0630 | 0.0031 | 0.0782 | 0.0097 | 0.0579   | 0.0069   | 850     | 0.5213  | 64.4  | PASS
PCA16+LogReg             | 0.0693 | 0.0063 | 0.0879 | 0.0097 | 0.0650   | 0.0129   | 850     | 0.5198  | 67.7  | PASS
PCA32+LogReg             | 0.0630 | 0.0031 | 0.0839 | 0.0097 | 0.0604   | 0.0069   | 850     | 0.5204  | 70.1  | PASS
PCA16+VecWeighted        | 0.0331 | 0.0071 | 0.0363 | 0.0097 | 0.0256   | 0.0053   | 850     | 0.0387  | 66.6  | PASS
PCA32+VecWeighted        | 0.0913 | 0.0079 | 0.0855 | 0.0097 | 0.0591   | 0.0092   | 850     | 0.0362  | 68.8  | PASS
StabilizedWhitenedCosine | 0.2252 | 0.0039 | 0.2153 | 0.0097 | 0.1479   | 0.0063   | 850     | 1.7041  | 61.6  | PASS

[trial=2 seed=44] GLOBAL mode — total_samples=200000
  total: h0=82063 h1=15019
  pooled_train:  n0=1270 n1=1270
  pooled_calib:  n0=1240 n1=1240
  pooled_eval:   n0=1270 n1=1270
  regions (for macro stats only): 1103
[INFO] Cosine baseline routed to direct Hadamard sum (PrecomputedCosine)
[INFO] WeightedEnsemble Cosine judge routed to direct Hadamard sum
  [Ensemble] Judges routed to 'alt' input: PrecomputedCosine
[WeightedEnsemble] Fitted weights (alpha=0.0100, external calib):
  tau=1.0949, Pooled external calib: TPR=0.2742, FPR=0.0097
  PrecomputedCosine   : +0.2610
  PCAWhitenedCosine   : +0.2348
  XGBoost             : +0.2127
  Tiny MLP            : +0.2846
  LDA                 : +0.0070

Method                   | TPR    | FPR    | TrTPR  | TrFPR  | MacroTPR | MacroFPR | Regions | TauMean | ms    | OK? 
---------------------------------------------------------------------------------------------------------------------
Cosine                   | 0.2441 | 0.0165 | 0.2508 | 0.0169 | 0.2262   | 0.0263   | 868     | 1.0000  | 74.0  | FAIL
AndBox-HC                | 0.1236 | 0.0055 | 0.1250 | 0.0097 | 0.1027   | 0.0087   | 868     | 0.0000  | 45.2  | PASS
PCAWhitenedCosine        | 0.2031 | 0.0110 | 0.2226 | 0.0097 | 0.1419   | 0.0170   | 868     | 1.7274  | 57.3  | FAIL
Vec (Wgt)                | 0.2189 | 0.0094 | 0.2226 | 0.0097 | 0.1600   | 0.0162   | 868     | 1.0227  | 56.7  | PASS
Log Reg                  | 0.0756 | 0.0071 | 0.0653 | 0.0097 | 0.0505   | 0.0105   | 868     | 0.5227  | 69.6  | PASS
LDA                      | 0.1268 | 0.0126 | 0.1097 | 0.0097 | 0.1013   | 0.0165   | 868     | 6.3149  | 62.0  | FAIL
Tiny MLP                 | 0.2331 | 0.0134 | 0.2363 | 0.0097 | 0.1667   | 0.0221   | 868     | 0.9573  | 224.6 | FAIL
MultiProtoCosine         | 0.0394 | 0.0094 | 0.0323 | 0.0097 | 0.0234   | 0.0098   | 868     | 0.9325  | 74.6  | PASS
WeightedEnsemble         | 0.2638 | 0.0150 | 0.2742 | 0.0097 | 0.1865   | 0.0232   | 868     | 1.0949  | 277.0 | FAIL
XGBoost                  | 0.2339 | 0.0134 | 0.2339 | 0.0097 | 0.1846   | 0.0197   | 868     | 0.7966  | 77.0  | FAIL
LDA1+LogReg              | 0.0756 | 0.0071 | 0.0653 | 0.0097 | 0.0505   | 0.0105   | 868     | 0.5227  | 63.7  | PASS
PCA16+LogReg             | 0.0772 | 0.0071 | 0.0645 | 0.0097 | 0.0521   | 0.0105   | 868     | 0.5221  | 69.6  | PASS
PCA32+LogReg             | 0.0764 | 0.0071 | 0.0653 | 0.0097 | 0.0510   | 0.0105   | 868     | 0.5220  | 71.3  | PASS
PCA16+VecWeighted        | 0.0425 | 0.0071 | 0.0395 | 0.0097 | 0.0315   | 0.0121   | 868     | 0.0382  | 68.2  | PASS
PCA32+VecWeighted        | 0.0299 | 0.0063 | 0.0315 | 0.0097 | 0.0288   | 0.0112   | 868     | 0.0493  | 68.9  | PASS
StabilizedWhitenedCosine | 0.1764 | 0.0079 | 0.2056 | 0.0097 | 0.1230   | 0.0120   | 868     | 1.8222  | 65.2  | PASS

[trial=3 seed=45] GLOBAL mode — total_samples=200000
  total: h0=82063 h1=15019
  pooled_train:  n0=1270 n1=1270
  pooled_calib:  n0=1240 n1=1240
  pooled_eval:   n0=1270 n1=1270
  regions (for macro stats only): 1103
[INFO] Cosine baseline routed to direct Hadamard sum (PrecomputedCosine)
[INFO] WeightedEnsemble Cosine judge routed to direct Hadamard sum
  [Ensemble] Judges routed to 'alt' input: PrecomputedCosine
[WeightedEnsemble] Fitted weights (alpha=0.0100, external calib):
  tau=1.5226, Pooled external calib: TPR=0.3298, FPR=0.0097
  PrecomputedCosine   : +0.0000
  PCAWhitenedCosine   : +1.0000
  XGBoost             : +0.0000
  Tiny MLP            : +0.0000
  LDA                 : +0.0000

Method                   | TPR    | FPR    | TrTPR  | TrFPR  | MacroTPR | MacroFPR | Regions | TauMean | ms    | OK? 
---------------------------------------------------------------------------------------------------------------------
Cosine                   | 0.2520 | 0.0181 | 0.2710 | 0.0194 | 0.2193   | 0.0257   | 854     | 1.0000  | 57.9  | FAIL
AndBox-HC                | 0.1079 | 0.0102 | 0.1008 | 0.0097 | 0.0902   | 0.0162   | 854     | 0.0000  | 51.5  | FAIL
PCAWhitenedCosine        | 0.3339 | 0.0094 | 0.3298 | 0.0097 | 0.2362   | 0.0126   | 854     | 1.5226  | 54.1  | PASS
Vec (Wgt)                | 0.2945 | 0.0110 | 0.2927 | 0.0097 | 0.2267   | 0.0184   | 854     | 1.0061  | 52.8  | FAIL
Log Reg                  | 0.0764 | 0.0071 | 0.0637 | 0.0097 | 0.0561   | 0.0105   | 854     | 0.5240  | 65.5  | PASS
LDA                      | 0.2339 | 0.0134 | 0.2089 | 0.0097 | 0.1846   | 0.0191   | 854     | 5.7906  | 57.2  | FAIL
Tiny MLP                 | 0.2827 | 0.0079 | 0.2597 | 0.0097 | 0.2112   | 0.0105   | 854     | 0.9692  | 214.6 | PASS
MultiProtoCosine         | 0.0346 | 0.0055 | 0.0306 | 0.0097 | 0.0196   | 0.0048   | 854     | 0.9349  | 70.4  | PASS
WeightedEnsemble         | 0.3339 | 0.0094 | 0.3298 | 0.0097 | 0.2362   | 0.0126   | 854     | 1.5226  | 260.9 | PASS
XGBoost                  | 0.3197 | 0.0150 | 0.3113 | 0.0097 | 0.2708   | 0.0190   | 854     | 0.7761  | 74.2  | FAIL
LDA1+LogReg              | 0.0764 | 0.0071 | 0.0637 | 0.0097 | 0.0561   | 0.0105   | 854     | 0.5240  | 65.2  | PASS
PCA16+LogReg             | 0.0724 | 0.0063 | 0.0597 | 0.0097 | 0.0504   | 0.0088   | 854     | 0.5237  | 64.1  | PASS
PCA32+LogReg             | 0.0717 | 0.0063 | 0.0589 | 0.0097 | 0.0497   | 0.0088   | 854     | 0.5239  | 68.3  | PASS
PCA16+VecWeighted        | 0.0362 | 0.0087 | 0.0524 | 0.0097 | 0.0364   | 0.0117   | 854     | 0.0441  | 61.8  | PASS
PCA32+VecWeighted        | 0.0291 | 0.0063 | 0.0315 | 0.0097 | 0.0257   | 0.0073   | 854     | 0.0501  | 63.7  | PASS
StabilizedWhitenedCosine | 0.2591 | 0.0047 | 0.2468 | 0.0097 | 0.1902   | 0.0060   | 854     | 1.6254  | 60.9  | PASS

[trial=4 seed=46] GLOBAL mode — total_samples=200000
  total: h0=82063 h1=15019
  pooled_train:  n0=1270 n1=1270
  pooled_calib:  n0=1240 n1=1240
  pooled_eval:   n0=1270 n1=1270
  regions (for macro stats only): 1103
[INFO] Cosine baseline routed to direct Hadamard sum (PrecomputedCosine)
[INFO] WeightedEnsemble Cosine judge routed to direct Hadamard sum
  [Ensemble] Judges routed to 'alt' input: PrecomputedCosine
[WeightedEnsemble] Fitted weights (alpha=0.0100, external calib):
  tau=1.5834, Pooled external calib: TPR=0.3387, FPR=0.0097
  PrecomputedCosine   : +0.2042
  PCAWhitenedCosine   : +0.1982
  XGBoost             : +0.4393
  Tiny MLP            : +0.0111
  LDA                 : +0.1471

Method                   | TPR    | FPR    | TrTPR  | TrFPR  | MacroTPR | MacroFPR | Regions | TauMean | ms    | OK? 
---------------------------------------------------------------------------------------------------------------------
Cosine                   | 0.2496 | 0.0157 | 0.2540 | 0.0097 | 0.2236   | 0.0245   | 871     | 1.0000  | 57.6  | FAIL
AndBox-HC                | 0.0984 | 0.0031 | 0.0879 | 0.0097 | 0.0787   | 0.0060   | 871     | 0.0000  | 58.9  | PASS
PCAWhitenedCosine        | 0.2984 | 0.0126 | 0.2815 | 0.0097 | 0.2217   | 0.0176   | 871     | 1.6120  | 53.7  | FAIL
Vec (Wgt)                | 0.2063 | 0.0087 | 0.2073 | 0.0097 | 0.1603   | 0.0129   | 871     | 1.0110  | 54.4  | PASS
Log Reg                  | 0.0890 | 0.0087 | 0.0871 | 0.0097 | 0.0695   | 0.0137   | 871     | 0.5200  | 68.2  | PASS
LDA                      | 0.2173 | 0.0150 | 0.2089 | 0.0097 | 0.1641   | 0.0201   | 871     | 5.7876  | 62.0  | FAIL
Tiny MLP                 | 0.2276 | 0.0157 | 0.2040 | 0.0097 | 0.1681   | 0.0242   | 871     | 0.9876  | 139.9 | FAIL
MultiProtoCosine         | 0.0307 | 0.0055 | 0.0250 | 0.0097 | 0.0239   | 0.0075   | 871     | 0.9355  | 73.3  | PASS
WeightedEnsemble         | 0.3472 | 0.0181 | 0.3387 | 0.0097 | 0.2704   | 0.0241   | 871     | 1.5834  | 186.3 | FAIL
XGBoost                  | 0.1913 | 0.0039 | 0.1806 | 0.0089 | 0.1427   | 0.0077   | 871     | 0.8156  | 74.0  | PASS
LDA1+LogReg              | 0.0890 | 0.0087 | 0.0871 | 0.0097 | 0.0695   | 0.0137   | 871     | 0.5200  | 61.5  | PASS
PCA16+LogReg             | 0.0858 | 0.0094 | 0.0847 | 0.0097 | 0.0682   | 0.0137   | 871     | 0.5196  | 65.2  | PASS
PCA32+LogReg             | 0.0890 | 0.0087 | 0.0871 | 0.0097 | 0.0695   | 0.0137   | 871     | 0.5194  | 66.2  | PASS
PCA16+VecWeighted        | 0.0346 | 0.0079 | 0.0274 | 0.0097 | 0.0295   | 0.0056   | 871     | 0.0417  | 62.1  | PASS
PCA32+VecWeighted        | 0.0087 | 0.0008 | 0.0073 | 0.0097 | 0.0062   | 0.0001   | 871     | 0.0611  | 66.5  | PASS
StabilizedWhitenedCosine | 0.2386 | 0.0102 | 0.2355 | 0.0097 | 0.1781   | 0.0147   | 871     | 1.6578  | 64.2  | FAIL

[trial=5 seed=47] GLOBAL mode — total_samples=200000
  total: h0=82063 h1=15019
  pooled_train:  n0=1270 n1=1270
  pooled_calib:  n0=1240 n1=1240
  pooled_eval:   n0=1270 n1=1270
  regions (for macro stats only): 1103
[INFO] Cosine baseline routed to direct Hadamard sum (PrecomputedCosine)
[INFO] WeightedEnsemble Cosine judge routed to direct Hadamard sum
  [Ensemble] Judges routed to 'alt' input: PrecomputedCosine
[WeightedEnsemble] Fitted weights (alpha=0.0100, external calib):
  tau=2.1667, Pooled external calib: TPR=0.2460, FPR=0.0097
  PrecomputedCosine   : +0.0795
  PCAWhitenedCosine   : +0.2043
  XGBoost             : +0.4654
  Tiny MLP            : +0.0260
  LDA                 : +0.2247

Method                   | TPR    | FPR    | TrTPR  | TrFPR  | MacroTPR | MacroFPR | Regions | TauMean | ms    | OK? 
---------------------------------------------------------------------------------------------------------------------
Cosine                   | 0.2480 | 0.0142 | 0.2524 | 0.0153 | 0.2035   | 0.0202   | 852     | 1.0000  | 58.3  | FAIL
AndBox-HC                | 0.1386 | 0.0079 | 0.1355 | 0.0097 | 0.1123   | 0.0110   | 852     | 0.0000  | 50.8  | PASS
PCAWhitenedCosine        | 0.1449 | 0.0024 | 0.1250 | 0.0097 | 0.0961   | 0.0040   | 852     | 1.9897  | 53.8  | PASS
Vec (Wgt)                | 0.2528 | 0.0055 | 0.2548 | 0.0097 | 0.1843   | 0.0091   | 852     | 1.0176  | 53.2  | PASS
Log Reg                  | 0.0638 | 0.0031 | 0.0661 | 0.0097 | 0.0490   | 0.0046   | 852     | 0.5237  | 70.3  | PASS
LDA                      | 0.1339 | 0.0063 | 0.1403 | 0.0097 | 0.1072   | 0.0102   | 852     | 6.6197  | 59.8  | PASS
Tiny MLP                 | 0.2213 | 0.0039 | 0.2298 | 0.0097 | 0.1534   | 0.0050   | 852     | 0.9790  | 213.8 | PASS
MultiProtoCosine         | 0.0339 | 0.0110 | 0.0355 | 0.0097 | 0.0205   | 0.0126   | 852     | 0.9350  | 72.0  | FAIL
WeightedEnsemble         | 0.2370 | 0.0071 | 0.2460 | 0.0097 | 0.1697   | 0.0110   | 852     | 2.1667  | 260.9 | PASS
XGBoost                  | 0.2504 | 0.0031 | 0.2339 | 0.0097 | 0.1851   | 0.0051   | 852     | 0.8030  | 74.2  | PASS
LDA1+LogReg              | 0.0638 | 0.0031 | 0.0661 | 0.0097 | 0.0490   | 0.0046   | 852     | 0.5236  | 62.9  | PASS
PCA16+LogReg             | 0.0685 | 0.0039 | 0.0685 | 0.0097 | 0.0558   | 0.0054   | 852     | 0.5226  | 65.8  | PASS
PCA32+LogReg             | 0.0622 | 0.0031 | 0.0653 | 0.0097 | 0.0479   | 0.0046   | 852     | 0.5231  | 66.7  | PASS
PCA16+VecWeighted        | 0.0465 | 0.0150 | 0.0500 | 0.0097 | 0.0339   | 0.0135   | 852     | 0.0414  | 63.1  | FAIL
PCA32+VecWeighted        | 0.0543 | 0.0197 | 0.0508 | 0.0097 | 0.0331   | 0.0224   | 852     | 0.0464  | 65.4  | FAIL
StabilizedWhitenedCosine | 0.2142 | 0.0055 | 0.2185 | 0.0097 | 0.1407   | 0.0088   | 852     | 1.7610  | 62.4  | PASS

[trial=6 seed=48] GLOBAL mode — total_samples=200000
  total: h0=82063 h1=15019
  pooled_train:  n0=1270 n1=1270
  pooled_calib:  n0=1240 n1=1240
  pooled_eval:   n0=1270 n1=1270
  regions (for macro stats only): 1103
[INFO] Cosine baseline routed to direct Hadamard sum (PrecomputedCosine)
[INFO] WeightedEnsemble Cosine judge routed to direct Hadamard sum
  [Ensemble] Judges routed to 'alt' input: PrecomputedCosine
[WeightedEnsemble] Fitted weights (alpha=0.0100, external calib):
  tau=1.1631, Pooled external calib: TPR=0.3073, FPR=0.0097
  PrecomputedCosine   : +0.4352
  PCAWhitenedCosine   : +0.0957
  XGBoost             : +0.1866
  Tiny MLP            : +0.2341
  LDA                 : +0.0484

Method                   | TPR    | FPR    | TrTPR  | TrFPR  | MacroTPR | MacroFPR | Regions | TauMean | ms    | OK? 
---------------------------------------------------------------------------------------------------------------------
Cosine                   | 0.2575 | 0.0118 | 0.2460 | 0.0105 | 0.2332   | 0.0188   | 856     | 0.9999  | 58.0  | FAIL
AndBox-HC                | 0.1220 | 0.0047 | 0.1073 | 0.0097 | 0.0996   | 0.0054   | 856     | 0.0000  | 50.8  | PASS
PCAWhitenedCosine        | 0.2630 | 0.0134 | 0.2565 | 0.0097 | 0.2068   | 0.0222   | 856     | 1.6384  | 52.3  | FAIL
Vec (Wgt)                | 0.2906 | 0.0102 | 0.2911 | 0.0097 | 0.2358   | 0.0185   | 856     | 1.0068  | 54.0  | FAIL
Log Reg                  | 0.1063 | 0.0134 | 0.1008 | 0.0097 | 0.0760   | 0.0225   | 856     | 0.5173  | 67.2  | FAIL
LDA                      | 0.2299 | 0.0087 | 0.1952 | 0.0097 | 0.1574   | 0.0135   | 856     | 5.6569  | 58.3  | PASS
Tiny MLP                 | 0.2693 | 0.0118 | 0.2556 | 0.0097 | 0.1925   | 0.0199   | 856     | 0.9685  | 239.2 | FAIL
MultiProtoCosine         | 0.0323 | 0.0071 | 0.0298 | 0.0097 | 0.0234   | 0.0068   | 856     | 0.9362  | 71.7  | PASS
WeightedEnsemble         | 0.3205 | 0.0150 | 0.3073 | 0.0097 | 0.2479   | 0.0242   | 856     | 1.1631  | 284.8 | FAIL
XGBoost                  | 0.2449 | 0.0094 | 0.2298 | 0.0097 | 0.2148   | 0.0145   | 856     | 0.7966  | 74.3  | PASS
LDA1+LogReg              | 0.1079 | 0.0134 | 0.1008 | 0.0097 | 0.0779   | 0.0225   | 856     | 0.5173  | 60.7  | FAIL
PCA16+LogReg             | 0.1110 | 0.0134 | 0.1048 | 0.0097 | 0.0833   | 0.0230   | 856     | 0.5166  | 64.9  | FAIL
PCA32+LogReg             | 0.1094 | 0.0126 | 0.0968 | 0.0097 | 0.0792   | 0.0221   | 856     | 0.5166  | 65.9  | FAIL
PCA16+VecWeighted        | 0.0173 | 0.0110 | 0.0258 | 0.0097 | 0.0147   | 0.0146   | 856     | 0.0421  | 63.3  | FAIL
PCA32+VecWeighted        | 0.0126 | 0.0087 | 0.0161 | 0.0097 | 0.0129   | 0.0140   | 856     | 0.0499  | 65.3  | PASS
StabilizedWhitenedCosine | 0.2402 | 0.0102 | 0.2258 | 0.0097 | 0.1861   | 0.0171   | 856     | 1.6443  | 60.1  | FAIL

[trial=7 seed=49] GLOBAL mode — total_samples=200000
  total: h0=82063 h1=15019
  pooled_train:  n0=1270 n1=1270
  pooled_calib:  n0=1240 n1=1240
  pooled_eval:   n0=1270 n1=1270
  regions (for macro stats only): 1103
[INFO] Cosine baseline routed to direct Hadamard sum (PrecomputedCosine)
[INFO] WeightedEnsemble Cosine judge routed to direct Hadamard sum
  [Ensemble] Judges routed to 'alt' input: PrecomputedCosine
[WeightedEnsemble] Fitted weights (alpha=0.0100, external calib):
  tau=0.7730, Pooled external calib: TPR=0.3145, FPR=0.0097
  PrecomputedCosine   : +0.0000
  PCAWhitenedCosine   : +0.0000
  XGBoost             : +1.0000
  Tiny MLP            : +0.0000
  LDA                 : +0.0000

Method                   | TPR    | FPR    | TrTPR  | TrFPR  | MacroTPR | MacroFPR | Regions | TauMean | ms    | OK? 
---------------------------------------------------------------------------------------------------------------------
Cosine                   | 0.2441 | 0.0173 | 0.2355 | 0.0169 | 0.2024   | 0.0233   | 868     | 1.0000  | 58.2  | FAIL
AndBox-HC                | 0.2142 | 0.0157 | 0.1976 | 0.0097 | 0.1860   | 0.0177   | 868     | 0.0000  | 58.0  | FAIL
PCAWhitenedCosine        | 0.2622 | 0.0079 | 0.2556 | 0.0097 | 0.1786   | 0.0158   | 868     | 1.7276  | 53.2  | PASS
Vec (Wgt)                | 0.3268 | 0.0118 | 0.3137 | 0.0097 | 0.2422   | 0.0222   | 868     | 1.0018  | 53.0  | FAIL
Log Reg                  | 0.1315 | 0.0205 | 0.1137 | 0.0097 | 0.1031   | 0.0314   | 868     | 0.5149  | 67.2  | FAIL
LDA                      | 0.1425 | 0.0094 | 0.1339 | 0.0097 | 0.1100   | 0.0148   | 868     | 6.6810  | 59.5  | PASS
Tiny MLP                 | 0.2740 | 0.0087 | 0.2637 | 0.0089 | 0.1843   | 0.0151   | 868     | 0.9672  | 244.2 | PASS
MultiProtoCosine         | 0.0402 | 0.0173 | 0.0395 | 0.0097 | 0.0252   | 0.0157   | 868     | 0.9336  | 75.9  | FAIL
WeightedEnsemble         | 0.3236 | 0.0110 | 0.3145 | 0.0097 | 0.2391   | 0.0193   | 868     | 0.7730  | 289.7 | FAIL
XGBoost                  | 0.3236 | 0.0110 | 0.3145 | 0.0097 | 0.2391   | 0.0193   | 868     | 0.7730  | 74.7  | FAIL
LDA1+LogReg              | 0.1323 | 0.0197 | 0.1137 | 0.0097 | 0.1037   | 0.0312   | 868     | 0.5149  | 60.8  | FAIL
PCA16+LogReg             | 0.1362 | 0.0213 | 0.1185 | 0.0097 | 0.1046   | 0.0331   | 868     | 0.5141  | 64.0  | FAIL
PCA32+LogReg             | 0.1315 | 0.0205 | 0.1153 | 0.0097 | 0.1018   | 0.0325   | 868     | 0.5143  | 65.7  | FAIL
PCA16+VecWeighted        | 0.1307 | 0.0118 | 0.1113 | 0.0097 | 0.0943   | 0.0187   | 868     | 0.0339  | 62.4  | FAIL
PCA32+VecWeighted        | 0.1031 | 0.0094 | 0.0831 | 0.0097 | 0.0653   | 0.0145   | 868     | 0.0412  | 64.6  | PASS
StabilizedWhitenedCosine | 0.3417 | 0.0134 | 0.3500 | 0.0097 | 0.2484   | 0.0248   | 868     | 1.3759  | 61.8  | FAIL

[trial=8 seed=50] GLOBAL mode — total_samples=200000
  total: h0=82063 h1=15019
  pooled_train:  n0=1270 n1=1270
  pooled_calib:  n0=1240 n1=1240
  pooled_eval:   n0=1270 n1=1270
  regions (for macro stats only): 1103
[INFO] Cosine baseline routed to direct Hadamard sum (PrecomputedCosine)
[INFO] WeightedEnsemble Cosine judge routed to direct Hadamard sum
  [Ensemble] Judges routed to 'alt' input: PrecomputedCosine
[WeightedEnsemble] Fitted weights (alpha=0.0100, external calib):
  tau=1.5729, Pooled external calib: TPR=0.2548, FPR=0.0097
  PrecomputedCosine   : +0.0477
  PCAWhitenedCosine   : +0.4884
  XGBoost             : +0.3290
  Tiny MLP            : +0.0838
  LDA                 : +0.0511

Method                   | TPR    | FPR    | TrTPR  | TrFPR  | MacroTPR | MacroFPR | Regions | TauMean | ms    | OK? 
---------------------------------------------------------------------------------------------------------------------
Cosine                   | 0.2693 | 0.0094 | 0.2395 | 0.0137 | 0.2231   | 0.0174   | 859     | 1.0000  | 53.7  | PASS
AndBox-HC                | 0.1181 | 0.0102 | 0.1081 | 0.0081 | 0.0975   | 0.0139   | 859     | 0.0000  | 52.4  | FAIL
PCAWhitenedCosine        | 0.2039 | 0.0071 | 0.2202 | 0.0097 | 0.1491   | 0.0139   | 859     | 1.8362  | 52.4  | PASS
Vec (Wgt)                | 0.2969 | 0.0118 | 0.2960 | 0.0097 | 0.2291   | 0.0230   | 859     | 1.0065  | 53.1  | FAIL
Log Reg                  | 0.1118 | 0.0110 | 0.1177 | 0.0097 | 0.0960   | 0.0165   | 859     | 0.5140  | 64.8  | FAIL
LDA                      | 0.1228 | 0.0055 | 0.1194 | 0.0097 | 0.1013   | 0.0096   | 859     | 7.1906  | 58.5  | PASS
Tiny MLP                 | 0.1488 | 0.0047 | 0.1492 | 0.0097 | 0.1073   | 0.0096   | 859     | 0.9934  | 240.6 | PASS
MultiProtoCosine         | 0.0173 | 0.0087 | 0.0234 | 0.0097 | 0.0126   | 0.0096   | 859     | 0.9381  | 69.7  | PASS
WeightedEnsemble         | 0.2394 | 0.0063 | 0.2548 | 0.0097 | 0.1648   | 0.0122   | 859     | 1.5729  | 288.9 | PASS
XGBoost                  | 0.1898 | 0.0031 | 0.1653 | 0.0097 | 0.1311   | 0.0070   | 859     | 0.8133  | 74.4  | PASS
LDA1+LogReg              | 0.1118 | 0.0110 | 0.1177 | 0.0097 | 0.0960   | 0.0165   | 859     | 0.5139  | 58.7  | FAIL
PCA16+LogReg             | 0.1110 | 0.0102 | 0.1218 | 0.0097 | 0.0946   | 0.0157   | 859     | 0.5136  | 61.0  | FAIL
PCA32+LogReg             | 0.1134 | 0.0110 | 0.1202 | 0.0097 | 0.0994   | 0.0165   | 859     | 0.5134  | 62.4  | FAIL
PCA16+VecWeighted        | 0.0244 | 0.0047 | 0.0298 | 0.0097 | 0.0277   | 0.0078   | 859     | 0.0462  | 58.7  | PASS
PCA32+VecWeighted        | 0.0323 | 0.0150 | 0.0363 | 0.0097 | 0.0282   | 0.0223   | 859     | 0.0508  | 60.6  | FAIL
StabilizedWhitenedCosine | 0.2677 | 0.0055 | 0.2532 | 0.0097 | 0.1939   | 0.0122   | 859     | 1.6785  | 60.2  | PASS

[trial=9 seed=51] GLOBAL mode — total_samples=200000
  total: h0=82063 h1=15019
  pooled_train:  n0=1270 n1=1270
  pooled_calib:  n0=1240 n1=1240
  pooled_eval:   n0=1270 n1=1270
  regions (for macro stats only): 1103
[INFO] Cosine baseline routed to direct Hadamard sum (PrecomputedCosine)
[INFO] WeightedEnsemble Cosine judge routed to direct Hadamard sum
  [Ensemble] Judges routed to 'alt' input: PrecomputedCosine
[WeightedEnsemble] Fitted weights (alpha=0.0100, external calib):
  tau=1.2046, Pooled external calib: TPR=0.3218, FPR=0.0097
  PrecomputedCosine   : +0.5316
  PCAWhitenedCosine   : +0.2031
  XGBoost             : +0.0553
  Tiny MLP            : +0.1785
  LDA                 : +0.0315

Method                   | TPR    | FPR    | TrTPR  | TrFPR  | MacroTPR | MacroFPR | Regions | TauMean | ms    | OK? 
---------------------------------------------------------------------------------------------------------------------
Cosine                   | 0.2520 | 0.0181 | 0.2573 | 0.0177 | 0.2240   | 0.0265   | 870     | 1.0000  | 60.0  | FAIL
AndBox-HC                | 0.1630 | 0.0087 | 0.1685 | 0.0097 | 0.1403   | 0.0150   | 870     | 0.0000  | 57.7  | PASS
PCAWhitenedCosine        | 0.2772 | 0.0071 | 0.2669 | 0.0097 | 0.1934   | 0.0099   | 870     | 1.6987  | 54.5  | PASS
Vec (Wgt)                | 0.2346 | 0.0118 | 0.2347 | 0.0097 | 0.1605   | 0.0212   | 870     | 1.0156  | 55.1  | FAIL
Log Reg                  | 0.0953 | 0.0087 | 0.1210 | 0.0097 | 0.0733   | 0.0159   | 870     | 0.5162  | 67.8  | PASS
LDA                      | 0.2094 | 0.0102 | 0.2145 | 0.0097 | 0.1586   | 0.0148   | 870     | 6.3296  | 60.3  | FAIL
Tiny MLP                 | 0.2370 | 0.0071 | 0.2323 | 0.0097 | 0.1697   | 0.0102   | 870     | 0.9831  | 245.6 | PASS
MultiProtoCosine         | 0.0228 | 0.0071 | 0.0242 | 0.0097 | 0.0158   | 0.0135   | 870     | 0.9339  | 73.2  | PASS
WeightedEnsemble         | 0.3228 | 0.0134 | 0.3218 | 0.0097 | 0.2273   | 0.0193   | 870     | 1.2046  | 296.4 | FAIL
XGBoost                  | 0.2417 | 0.0150 | 0.2427 | 0.0097 | 0.1959   | 0.0218   | 870     | 0.8035  | 74.2  | FAIL
LDA1+LogReg              | 0.0953 | 0.0087 | 0.1210 | 0.0097 | 0.0733   | 0.0159   | 870     | 0.5162  | 62.5  | PASS
PCA16+LogReg             | 0.0953 | 0.0087 | 0.1185 | 0.0097 | 0.0722   | 0.0150   | 870     | 0.5160  | 65.4  | PASS
PCA32+LogReg             | 0.0976 | 0.0094 | 0.1218 | 0.0097 | 0.0749   | 0.0168   | 870     | 0.5155  | 68.5  | PASS
PCA16+VecWeighted        | 0.0268 | 0.0079 | 0.0419 | 0.0097 | 0.0269   | 0.0087   | 870     | 0.0421  | 63.8  | PASS
PCA32+VecWeighted        | 0.0323 | 0.0079 | 0.0516 | 0.0097 | 0.0259   | 0.0127   | 870     | 0.0470  | 65.2  | PASS
StabilizedWhitenedCosine | 0.2591 | 0.0102 | 0.2516 | 0.0097 | 0.1802   | 0.0145   | 870     | 1.6616  | 62.8  | FAIL

[trial=10 seed=52] GLOBAL mode — total_samples=200000
  total: h0=82063 h1=15019
  pooled_train:  n0=1270 n1=1270
  pooled_calib:  n0=1240 n1=1240
  pooled_eval:   n0=1270 n1=1270
  regions (for macro stats only): 1103
[INFO] Cosine baseline routed to direct Hadamard sum (PrecomputedCosine)
[INFO] WeightedEnsemble Cosine judge routed to direct Hadamard sum
  [Ensemble] Judges routed to 'alt' input: PrecomputedCosine
[WeightedEnsemble] Fitted weights (alpha=0.0100, external calib):
  tau=1.0682, Pooled external calib: TPR=0.2782, FPR=0.0097
  PrecomputedCosine   : +0.4364
  PCAWhitenedCosine   : +0.0571
  XGBoost             : +0.1048
  Tiny MLP            : +0.3819
  LDA                 : +0.0199

Method                   | TPR    | FPR    | TrTPR  | TrFPR  | MacroTPR | MacroFPR | Regions | TauMean | ms    | OK? 
---------------------------------------------------------------------------------------------------------------------
Cosine                   | 0.2228 | 0.0205 | 0.2306 | 0.0153 | 0.1946   | 0.0269   | 861     | 1.0000  | 59.5  | FAIL
AndBox-HC                | 0.1378 | 0.0087 | 0.1427 | 0.0097 | 0.1118   | 0.0134   | 861     | 0.0000  | 43.9  | PASS
PCAWhitenedCosine        | 0.2787 | 0.0142 | 0.2694 | 0.0097 | 0.2023   | 0.0249   | 861     | 1.6232  | 53.6  | FAIL
Vec (Wgt)                | 0.2252 | 0.0087 | 0.2403 | 0.0097 | 0.1686   | 0.0148   | 861     | 1.0155  | 54.3  | PASS
Log Reg                  | 0.0992 | 0.0079 | 0.0831 | 0.0097 | 0.0722   | 0.0151   | 861     | 0.5207  | 67.7  | PASS
LDA                      | 0.1764 | 0.0118 | 0.1815 | 0.0097 | 0.1315   | 0.0207   | 861     | 6.2740  | 59.6  | FAIL
Tiny MLP                 | 0.2417 | 0.0118 | 0.2315 | 0.0097 | 0.1735   | 0.0199   | 861     | 0.9754  | 240.9 | FAIL
MultiProtoCosine         | 0.0512 | 0.0181 | 0.0476 | 0.0097 | 0.0369   | 0.0220   | 861     | 0.9325  | 70.0  | FAIL
WeightedEnsemble         | 0.2913 | 0.0102 | 0.2782 | 0.0097 | 0.2190   | 0.0174   | 861     | 1.0682  | 283.7 | FAIL
XGBoost                  | 0.2457 | 0.0087 | 0.2210 | 0.0097 | 0.1819   | 0.0115   | 861     | 0.8003  | 73.8  | PASS
LDA1+LogReg              | 0.0992 | 0.0079 | 0.0831 | 0.0097 | 0.0722   | 0.0151   | 861     | 0.5207  | 60.6  | PASS
PCA16+LogReg             | 0.1000 | 0.0079 | 0.0831 | 0.0097 | 0.0735   | 0.0151   | 861     | 0.5199  | 63.1  | PASS
PCA32+LogReg             | 0.0984 | 0.0079 | 0.0831 | 0.0097 | 0.0712   | 0.0151   | 861     | 0.5200  | 65.2  | PASS
PCA16+VecWeighted        | 0.0472 | 0.0102 | 0.0452 | 0.0097 | 0.0465   | 0.0170   | 861     | 0.0377  | 62.1  | FAIL
PCA32+VecWeighted        | 0.0441 | 0.0110 | 0.0452 | 0.0097 | 0.0447   | 0.0144   | 861     | 0.0435  | 65.9  | FAIL
StabilizedWhitenedCosine | 0.2102 | 0.0102 | 0.2234 | 0.0097 | 0.1546   | 0.0162   | 861     | 1.6923  | 63.1  | FAIL

[trial=11 seed=53] GLOBAL mode — total_samples=200000
  total: h0=82063 h1=15019
  pooled_train:  n0=1270 n1=1270
  pooled_calib:  n0=1240 n1=1240
  pooled_eval:   n0=1270 n1=1270
  regions (for macro stats only): 1103
[INFO] Cosine baseline routed to direct Hadamard sum (PrecomputedCosine)
[INFO] WeightedEnsemble Cosine judge routed to direct Hadamard sum
  [Ensemble] Judges routed to 'alt' input: PrecomputedCosine
[WeightedEnsemble] Fitted weights (alpha=0.0100, external calib):
  tau=1.4888, Pooled external calib: TPR=0.2976, FPR=0.0097
  PrecomputedCosine   : +0.0595
  PCAWhitenedCosine   : +0.3558
  XGBoost             : +0.1566
  Tiny MLP            : +0.3547
  LDA                 : +0.0734

Method                   | TPR    | FPR    | TrTPR  | TrFPR  | MacroTPR | MacroFPR | Regions | TauMean | ms    | OK? 
---------------------------------------------------------------------------------------------------------------------
Cosine                   | 0.2417 | 0.0142 | 0.2669 | 0.0210 | 0.2051   | 0.0200   | 861     | 1.0000  | 73.5  | FAIL
AndBox-HC                | 0.1307 | 0.0079 | 0.1581 | 0.0097 | 0.1164   | 0.0091   | 861     | 0.0000  | 44.7  | PASS
PCAWhitenedCosine        | 0.2409 | 0.0094 | 0.2524 | 0.0097 | 0.1588   | 0.0154   | 861     | 1.7612  | 54.4  | PASS
Vec (Wgt)                | 0.1528 | 0.0087 | 0.1645 | 0.0097 | 0.1196   | 0.0159   | 861     | 1.0367  | 52.9  | PASS
Log Reg                  | 0.0976 | 0.0150 | 0.0879 | 0.0097 | 0.0762   | 0.0224   | 861     | 0.5201  | 67.2  | FAIL
LDA                      | 0.1638 | 0.0126 | 0.1573 | 0.0097 | 0.1332   | 0.0183   | 861     | 6.1295  | 59.2  | FAIL
Tiny MLP                 | 0.1953 | 0.0110 | 0.1839 | 0.0097 | 0.1417   | 0.0153   | 861     | 0.9867  | 242.0 | FAIL
MultiProtoCosine         | 0.0496 | 0.0079 | 0.0355 | 0.0097 | 0.0368   | 0.0108   | 861     | 0.9381  | 73.5  | PASS
WeightedEnsemble         | 0.2772 | 0.0118 | 0.2976 | 0.0097 | 0.1984   | 0.0167   | 861     | 1.4888  | 291.3 | FAIL
XGBoost                  | 0.2346 | 0.0102 | 0.2476 | 0.0097 | 0.1819   | 0.0153   | 861     | 0.8058  | 76.1  | FAIL
LDA1+LogReg              | 0.0969 | 0.0150 | 0.0871 | 0.0097 | 0.0756   | 0.0224   | 861     | 0.5201  | 64.4  | FAIL
PCA16+LogReg             | 0.0969 | 0.0150 | 0.0887 | 0.0097 | 0.0767   | 0.0224   | 861     | 0.5194  | 66.8  | FAIL
PCA32+LogReg             | 0.0976 | 0.0150 | 0.0927 | 0.0097 | 0.0762   | 0.0215   | 861     | 0.5194  | 67.4  | FAIL
PCA16+VecWeighted        | 0.0055 | 0.0079 | 0.0065 | 0.0097 | 0.0086   | 0.0072   | 861     | 0.0398  | 63.9  | PASS
PCA32+VecWeighted        | 0.0087 | 0.0063 | 0.0121 | 0.0097 | 0.0116   | 0.0068   | 861     | 0.0512  | 64.5  | PASS
StabilizedWhitenedCosine | 0.1795 | 0.0071 | 0.1992 | 0.0097 | 0.1243   | 0.0128   | 861     | 1.7741  | 62.5  | PASS

[trial=12 seed=54] GLOBAL mode — total_samples=200000
  total: h0=82063 h1=15019
  pooled_train:  n0=1270 n1=1270
  pooled_calib:  n0=1240 n1=1240
  pooled_eval:   n0=1270 n1=1270
  regions (for macro stats only): 1103
[INFO] Cosine baseline routed to direct Hadamard sum (PrecomputedCosine)
[INFO] WeightedEnsemble Cosine judge routed to direct Hadamard sum
  [Ensemble] Judges routed to 'alt' input: PrecomputedCosine
[WeightedEnsemble] Fitted weights (alpha=0.0100, external calib):
  tau=1.2110, Pooled external calib: TPR=0.3363, FPR=0.0097
  PrecomputedCosine   : +0.5316
  PCAWhitenedCosine   : +0.2031
  XGBoost             : +0.0553
  Tiny MLP            : +0.1785
  LDA                 : +0.0315

Method                   | TPR    | FPR    | TrTPR  | TrFPR  | MacroTPR | MacroFPR | Regions | TauMean | ms    | OK? 
---------------------------------------------------------------------------------------------------------------------
Cosine                   | 0.2591 | 0.0165 | 0.2589 | 0.0121 | 0.2242   | 0.0302   | 850     | 1.0000  | 73.5  | FAIL
AndBox-HC                | 0.1378 | 0.0055 | 0.1258 | 0.0097 | 0.1159   | 0.0080   | 850     | 0.0000  | 43.6  | PASS
PCAWhitenedCosine        | 0.2795 | 0.0079 | 0.2758 | 0.0097 | 0.1970   | 0.0148   | 850     | 1.6829  | 53.9  | PASS
Vec (Wgt)                | 0.1929 | 0.0024 | 0.2000 | 0.0089 | 0.1421   | 0.0052   | 850     | 1.0260  | 53.5  | PASS
Log Reg                  | 0.0937 | 0.0047 | 0.0815 | 0.0097 | 0.0719   | 0.0064   | 850     | 0.5195  | 65.0  | PASS
LDA                      | 0.1921 | 0.0118 | 0.2161 | 0.0097 | 0.1425   | 0.0190   | 850     | 6.2831  | 57.4  | FAIL
Tiny MLP                 | 0.3055 | 0.0142 | 0.3137 | 0.0097 | 0.2160   | 0.0225   | 850     | 0.9735  | 141.2 | FAIL
MultiProtoCosine         | 0.0386 | 0.0150 | 0.0395 | 0.0097 | 0.0346   | 0.0209   | 850     | 0.9322  | 73.3  | FAIL
WeightedEnsemble         | 0.3189 | 0.0071 | 0.3363 | 0.0097 | 0.2295   | 0.0116   | 850     | 1.2110  | 183.6 | PASS
XGBoost                  | 0.2551 | 0.0055 | 0.2468 | 0.0097 | 0.1864   | 0.0105   | 850     | 0.8062  | 73.8  | PASS
LDA1+LogReg              | 0.0937 | 0.0047 | 0.0815 | 0.0097 | 0.0719   | 0.0064   | 850     | 0.5194  | 59.0  | PASS
PCA16+LogReg             | 0.0945 | 0.0047 | 0.0871 | 0.0097 | 0.0751   | 0.0064   | 850     | 0.5189  | 62.8  | PASS
PCA32+LogReg             | 0.0992 | 0.0055 | 0.0895 | 0.0097 | 0.0783   | 0.0081   | 850     | 0.5186  | 65.1  | PASS
PCA16+VecWeighted        | 0.0528 | 0.0110 | 0.0395 | 0.0097 | 0.0425   | 0.0123   | 850     | 0.0414  | 61.1  | FAIL
PCA32+VecWeighted        | 0.0291 | 0.0142 | 0.0323 | 0.0097 | 0.0311   | 0.0141   | 850     | 0.0536  | 63.9  | FAIL
StabilizedWhitenedCosine | 0.2709 | 0.0102 | 0.2702 | 0.0097 | 0.1944   | 0.0177   | 850     | 1.6813  | 59.6  | FAIL

[trial=13 seed=55] GLOBAL mode — total_samples=200000
  total: h0=82063 h1=15019
  pooled_train:  n0=1270 n1=1270
  pooled_calib:  n0=1240 n1=1240
  pooled_eval:   n0=1270 n1=1270
  regions (for macro stats only): 1103
[INFO] Cosine baseline routed to direct Hadamard sum (PrecomputedCosine)
[INFO] WeightedEnsemble Cosine judge routed to direct Hadamard sum
  [Ensemble] Judges routed to 'alt' input: PrecomputedCosine
[WeightedEnsemble] Fitted weights (alpha=0.0100, external calib):
  tau=1.4759, Pooled external calib: TPR=0.3242, FPR=0.0097
  PrecomputedCosine   : +0.0595
  PCAWhitenedCosine   : +0.3558
  XGBoost             : +0.1566
  Tiny MLP            : +0.3547
  LDA                 : +0.0734

Method                   | TPR    | FPR    | TrTPR  | TrFPR  | MacroTPR | MacroFPR | Regions | TauMean | ms    | OK? 
---------------------------------------------------------------------------------------------------------------------
Cosine                   | 0.2717 | 0.0157 | 0.2532 | 0.0161 | 0.2202   | 0.0213   | 864     | 1.0000  | 57.8  | FAIL
AndBox-HC                | 0.1740 | 0.0126 | 0.1685 | 0.0097 | 0.1445   | 0.0189   | 864     | 0.0000  | 57.2  | FAIL
PCAWhitenedCosine        | 0.2535 | 0.0142 | 0.2661 | 0.0097 | 0.1995   | 0.0212   | 864     | 1.6824  | 53.4  | FAIL
Vec (Wgt)                | 0.2465 | 0.0126 | 0.2395 | 0.0089 | 0.1702   | 0.0208   | 864     | 1.0219  | 52.0  | FAIL
Log Reg                  | 0.0898 | 0.0118 | 0.0927 | 0.0097 | 0.0764   | 0.0168   | 864     | 0.5188  | 64.8  | FAIL
LDA                      | 0.1299 | 0.0094 | 0.1323 | 0.0097 | 0.1184   | 0.0182   | 864     | 6.4296  | 59.3  | PASS
Tiny MLP                 | 0.2039 | 0.0079 | 0.2153 | 0.0097 | 0.1529   | 0.0142   | 864     | 0.9857  | 239.5 | PASS
MultiProtoCosine         | 0.0189 | 0.0102 | 0.0226 | 0.0089 | 0.0151   | 0.0117   | 864     | 0.9367  | 68.7  | FAIL
WeightedEnsemble         | 0.3094 | 0.0118 | 0.3242 | 0.0097 | 0.2318   | 0.0205   | 864     | 1.4759  | 282.1 | FAIL
XGBoost                  | 0.2772 | 0.0110 | 0.2581 | 0.0097 | 0.1974   | 0.0167   | 864     | 0.7881  | 74.1  | FAIL
LDA1+LogReg              | 0.0898 | 0.0110 | 0.0927 | 0.0097 | 0.0764   | 0.0150   | 864     | 0.5188  | 58.8  | FAIL
PCA16+LogReg             | 0.0850 | 0.0110 | 0.0919 | 0.0097 | 0.0745   | 0.0159   | 864     | 0.5181  | 62.3  | FAIL
PCA32+LogReg             | 0.0945 | 0.0118 | 0.0944 | 0.0097 | 0.0803   | 0.0165   | 864     | 0.5179  | 64.3  | FAIL
PCA16+VecWeighted        | 0.0323 | 0.0094 | 0.0323 | 0.0097 | 0.0232   | 0.0099   | 864     | 0.0376  | 59.5  | PASS
PCA32+VecWeighted        | 0.0630 | 0.0087 | 0.0556 | 0.0097 | 0.0465   | 0.0119   | 864     | 0.0456  | 61.4  | PASS
StabilizedWhitenedCosine | 0.1858 | 0.0071 | 0.1734 | 0.0097 | 0.1302   | 0.0086   | 864     | 1.8446  | 60.9  | PASS

[trial=14 seed=56] GLOBAL mode — total_samples=200000
  total: h0=82063 h1=15019
  pooled_train:  n0=1270 n1=1270
  pooled_calib:  n0=1240 n1=1240
  pooled_eval:   n0=1270 n1=1270
  regions (for macro stats only): 1103
[INFO] Cosine baseline routed to direct Hadamard sum (PrecomputedCosine)
[INFO] WeightedEnsemble Cosine judge routed to direct Hadamard sum
  [Ensemble] Judges routed to 'alt' input: PrecomputedCosine
[WeightedEnsemble] Fitted weights (alpha=0.0100, external calib):
  tau=1.2025, Pooled external calib: TPR=0.3137, FPR=0.0097
  PrecomputedCosine   : +0.4323
  PCAWhitenedCosine   : +0.1110
  XGBoost             : +0.2003
  Tiny MLP            : +0.2025
  LDA                 : +0.0539

Method                   | TPR    | FPR    | TrTPR  | TrFPR  | MacroTPR | MacroFPR | Regions | TauMean | ms    | OK? 
---------------------------------------------------------------------------------------------------------------------
Cosine                   | 0.2362 | 0.0134 | 0.2435 | 0.0145 | 0.1890   | 0.0210   | 860     | 1.0000  | 89.2  | FAIL
AndBox-HC                | 0.0976 | 0.0063 | 0.0871 | 0.0081 | 0.0822   | 0.0119   | 860     | 0.0000  | 35.8  | PASS
PCAWhitenedCosine        | 0.2567 | 0.0142 | 0.2129 | 0.0097 | 0.1699   | 0.0198   | 860     | 1.7142  | 52.6  | FAIL
Vec (Wgt)                | 0.2567 | 0.0134 | 0.2621 | 0.0097 | 0.1988   | 0.0264   | 860     | 1.0109  | 59.1  | FAIL
Log Reg                  | 0.0945 | 0.0189 | 0.0992 | 0.0097 | 0.0739   | 0.0278   | 860     | 0.5171  | 67.9  | FAIL
LDA                      | 0.2047 | 0.0134 | 0.1798 | 0.0097 | 0.1516   | 0.0175   | 860     | 6.1606  | 58.6  | FAIL
Tiny MLP                 | 0.3118 | 0.0134 | 0.2750 | 0.0097 | 0.2166   | 0.0168   | 860     | 0.9450  | 215.8 | FAIL
MultiProtoCosine         | 0.0291 | 0.0094 | 0.0242 | 0.0097 | 0.0196   | 0.0111   | 860     | 0.9338  | 71.9  | PASS
WeightedEnsemble         | 0.3559 | 0.0165 | 0.3137 | 0.0097 | 0.2620   | 0.0227   | 860     | 1.2025  | 273.7 | FAIL
XGBoost                  | 0.2874 | 0.0102 | 0.2629 | 0.0097 | 0.2246   | 0.0182   | 860     | 0.7944  | 73.4  | FAIL
LDA1+LogReg              | 0.0945 | 0.0189 | 0.0992 | 0.0097 | 0.0739   | 0.0278   | 860     | 0.5171  | 66.7  | FAIL
PCA16+LogReg             | 0.1016 | 0.0189 | 0.1000 | 0.0097 | 0.0821   | 0.0278   | 860     | 0.5162  | 71.1  | FAIL
PCA32+LogReg             | 0.0961 | 0.0189 | 0.1016 | 0.0097 | 0.0745   | 0.0278   | 860     | 0.5162  | 67.0  | FAIL
PCA16+VecWeighted        | 0.0063 | 0.0071 | 0.0048 | 0.0097 | 0.0058   | 0.0053   | 860     | 0.0512  | 62.8  | PASS
PCA32+VecWeighted        | 0.0071 | 0.0118 | 0.0065 | 0.0097 | 0.0038   | 0.0054   | 860     | 0.0618  | 63.9  | FAIL
StabilizedWhitenedCosine | 0.3102 | 0.0157 | 0.2839 | 0.0097 | 0.2327   | 0.0234   | 860     | 1.5122  | 61.8  | FAIL

[trial=15 seed=57] GLOBAL mode — total_samples=200000
  total: h0=82063 h1=15019
  pooled_train:  n0=1270 n1=1270
  pooled_calib:  n0=1240 n1=1240
  pooled_eval:   n0=1270 n1=1270
  regions (for macro stats only): 1103
[INFO] Cosine baseline routed to direct Hadamard sum (PrecomputedCosine)
[INFO] WeightedEnsemble Cosine judge routed to direct Hadamard sum
  [Ensemble] Judges routed to 'alt' input: PrecomputedCosine
[WeightedEnsemble] Fitted weights (alpha=0.0100, external calib):
  tau=1.2916, Pooled external calib: TPR=0.3121, FPR=0.0097
  PrecomputedCosine   : +0.6579
  PCAWhitenedCosine   : +0.1446
  XGBoost             : +0.0673
  Tiny MLP            : +0.0713
  LDA                 : +0.0589

Method                   | TPR    | FPR    | TrTPR  | TrFPR  | MacroTPR | MacroFPR | Regions | TauMean | ms    | OK? 
---------------------------------------------------------------------------------------------------------------------
Cosine                   | 0.2465 | 0.0173 | 0.2565 | 0.0161 | 0.2051   | 0.0201   | 841     | 1.0000  | 77.7  | FAIL
AndBox-HC                | 0.1606 | 0.0094 | 0.1790 | 0.0089 | 0.1321   | 0.0143   | 841     | 0.0000  | 47.7  | PASS
PCAWhitenedCosine        | 0.1976 | 0.0094 | 0.1895 | 0.0097 | 0.1334   | 0.0119   | 841     | 1.8183  | 58.2  | PASS
Vec (Wgt)                | 0.1921 | 0.0110 | 0.1960 | 0.0097 | 0.1457   | 0.0195   | 841     | 1.0249  | 59.3  | FAIL
Log Reg                  | 0.0772 | 0.0087 | 0.0815 | 0.0097 | 0.0607   | 0.0102   | 841     | 0.5200  | 73.0  | PASS
LDA                      | 0.1953 | 0.0087 | 0.1927 | 0.0097 | 0.1451   | 0.0146   | 841     | 6.0200  | 63.4  | PASS
Tiny MLP                 | 0.2346 | 0.0102 | 0.2460 | 0.0097 | 0.1706   | 0.0152   | 841     | 0.9849  | 283.3 | FAIL
MultiProtoCosine         | 0.0307 | 0.0094 | 0.0274 | 0.0097 | 0.0166   | 0.0074   | 841     | 0.9356  | 76.9  | PASS
WeightedEnsemble         | 0.2937 | 0.0110 | 0.3121 | 0.0097 | 0.2039   | 0.0169   | 841     | 1.2916  | 333.6 | FAIL
XGBoost                  | 0.1433 | 0.0079 | 0.1508 | 0.0097 | 0.1093   | 0.0093   | 841     | 0.8118  | 77.3  | PASS
LDA1+LogReg              | 0.0780 | 0.0087 | 0.0815 | 0.0097 | 0.0614   | 0.0102   | 841     | 0.5200  | 66.6  | PASS
PCA16+LogReg             | 0.0764 | 0.0071 | 0.0774 | 0.0097 | 0.0586   | 0.0076   | 841     | 0.5199  | 69.5  | PASS
PCA32+LogReg             | 0.0772 | 0.0079 | 0.0823 | 0.0097 | 0.0625   | 0.0085   | 841     | 0.5195  | 71.0  | PASS
PCA16+VecWeighted        | 0.0528 | 0.0126 | 0.0613 | 0.0097 | 0.0476   | 0.0201   | 841     | 0.0398  | 66.1  | FAIL
PCA32+VecWeighted        | 0.0291 | 0.0134 | 0.0371 | 0.0097 | 0.0298   | 0.0138   | 841     | 0.0459  | 67.7  | FAIL
StabilizedWhitenedCosine | 0.2236 | 0.0102 | 0.2161 | 0.0097 | 0.1433   | 0.0148   | 841     | 1.7577  | 62.0  | FAIL

[trial=16 seed=58] GLOBAL mode — total_samples=200000
  total: h0=82063 h1=15019
  pooled_train:  n0=1270 n1=1270
  pooled_calib:  n0=1240 n1=1240
  pooled_eval:   n0=1270 n1=1270
  regions (for macro stats only): 1103
[INFO] Cosine baseline routed to direct Hadamard sum (PrecomputedCosine)
[INFO] WeightedEnsemble Cosine judge routed to direct Hadamard sum
  [Ensemble] Judges routed to 'alt' input: PrecomputedCosine
[WeightedEnsemble] Fitted weights (alpha=0.0100, external calib):
  tau=1.6135, Pooled external calib: TPR=0.2782, FPR=0.0097
  PrecomputedCosine   : +0.1287
  PCAWhitenedCosine   : +0.3555
  XGBoost             : +0.1143
  Tiny MLP            : +0.2967
  LDA                 : +0.1048

Method                   | TPR    | FPR    | TrTPR  | TrFPR  | MacroTPR | MacroFPR | Regions | TauMean | ms    | OK? 
---------------------------------------------------------------------------------------------------------------------
Cosine                   | 0.2693 | 0.0165 | 0.2306 | 0.0129 | 0.2218   | 0.0231   | 869     | 1.0000  | 75.3  | FAIL
AndBox-HC                | 0.1638 | 0.0079 | 0.1492 | 0.0097 | 0.1318   | 0.0115   | 869     | 0.0000  | 43.3  | PASS
PCAWhitenedCosine        | 0.2346 | 0.0087 | 0.2266 | 0.0097 | 0.1599   | 0.0107   | 869     | 1.7515  | 53.6  | PASS
Vec (Wgt)                | 0.2614 | 0.0134 | 0.2379 | 0.0097 | 0.1743   | 0.0252   | 869     | 1.0170  | 53.9  | FAIL
Log Reg                  | 0.1071 | 0.0079 | 0.0903 | 0.0097 | 0.0761   | 0.0107   | 869     | 0.5177  | 66.2  | PASS
LDA                      | 0.1488 | 0.0055 | 0.1379 | 0.0097 | 0.1080   | 0.0060   | 869     | 6.3430  | 58.6  | PASS
Tiny MLP                 | 0.2717 | 0.0055 | 0.2427 | 0.0097 | 0.1773   | 0.0065   | 869     | 0.9727  | 236.7 | PASS
MultiProtoCosine         | 0.0181 | 0.0063 | 0.0210 | 0.0097 | 0.0164   | 0.0072   | 869     | 0.9352  | 77.0  | PASS
WeightedEnsemble         | 0.3031 | 0.0087 | 0.2782 | 0.0097 | 0.2074   | 0.0116   | 869     | 1.6135  | 284.1 | PASS
XGBoost                  | 0.2709 | 0.0126 | 0.2315 | 0.0097 | 0.1828   | 0.0201   | 869     | 0.7906  | 76.0  | FAIL
LDA1+LogReg              | 0.1071 | 0.0079 | 0.0879 | 0.0097 | 0.0761   | 0.0107   | 869     | 0.5177  | 65.6  | PASS
PCA16+LogReg             | 0.1071 | 0.0087 | 0.0895 | 0.0097 | 0.0747   | 0.0124   | 869     | 0.5175  | 69.2  | PASS
PCA32+LogReg             | 0.1079 | 0.0079 | 0.0887 | 0.0097 | 0.0766   | 0.0107   | 869     | 0.5171  | 75.0  | PASS
PCA16+VecWeighted        | 0.0433 | 0.0094 | 0.0339 | 0.0097 | 0.0220   | 0.0101   | 869     | 0.0376  | 68.5  | PASS
PCA32+VecWeighted        | 0.0551 | 0.0134 | 0.0468 | 0.0097 | 0.0287   | 0.0149   | 869     | 0.0425  | 68.1  | FAIL
StabilizedWhitenedCosine | 0.2614 | 0.0110 | 0.2452 | 0.0097 | 0.1866   | 0.0185   | 869     | 1.6203  | 65.4  | FAIL

[trial=17 seed=59] GLOBAL mode — total_samples=200000
  total: h0=82063 h1=15019
  pooled_train:  n0=1270 n1=1270
  pooled_calib:  n0=1240 n1=1240
  pooled_eval:   n0=1270 n1=1270
  regions (for macro stats only): 1103
[INFO] Cosine baseline routed to direct Hadamard sum (PrecomputedCosine)
[INFO] WeightedEnsemble Cosine judge routed to direct Hadamard sum
  [Ensemble] Judges routed to 'alt' input: PrecomputedCosine
[WeightedEnsemble] Fitted weights (alpha=0.0100, external calib):
  tau=1.5023, Pooled external calib: TPR=0.1847, FPR=0.0097
  PrecomputedCosine   : +0.2161
  PCAWhitenedCosine   : +0.5478
  XGBoost             : +0.0972
  Tiny MLP            : +0.1269
  LDA                 : +0.0120

Method                   | TPR    | FPR    | TrTPR  | TrFPR  | MacroTPR | MacroFPR | Regions | TauMean | ms    | OK? 
---------------------------------------------------------------------------------------------------------------------
Cosine                   | 0.2378 | 0.0165 | 0.2427 | 0.0177 | 0.2037   | 0.0270   | 862     | 1.0000  | 59.6  | FAIL
AndBox-HC                | 0.0953 | 0.0071 | 0.0960 | 0.0097 | 0.0831   | 0.0110   | 862     | 0.0000  | 50.6  | PASS
PCAWhitenedCosine        | 0.1913 | 0.0063 | 0.1790 | 0.0097 | 0.1423   | 0.0092   | 862     | 1.8646  | 56.3  | PASS
Vec (Wgt)                | 0.1346 | 0.0071 | 0.1734 | 0.0097 | 0.1125   | 0.0141   | 862     | 1.0347  | 57.8  | PASS
Log Reg                  | 0.0559 | 0.0087 | 0.0758 | 0.0097 | 0.0473   | 0.0114   | 862     | 0.5198  | 70.7  | PASS
LDA                      | 0.0654 | 0.0071 | 0.0605 | 0.0097 | 0.0585   | 0.0117   | 862     | 7.1966  | 63.5  | PASS
Tiny MLP                 | 0.1126 | 0.0047 | 0.1073 | 0.0097 | 0.0816   | 0.0079   | 862     | 0.9922  | 226.1 | PASS
MultiProtoCosine         | 0.0165 | 0.0071 | 0.0210 | 0.0097 | 0.0149   | 0.0044   | 862     | 0.9367  | 74.3  | PASS
WeightedEnsemble         | 0.1913 | 0.0055 | 0.1847 | 0.0097 | 0.1421   | 0.0084   | 862     | 1.5023  | 278.9 | PASS
XGBoost                  | 0.1669 | 0.0063 | 0.1742 | 0.0097 | 0.1269   | 0.0123   | 862     | 0.8154  | 74.7  | PASS
LDA1+LogReg              | 0.0559 | 0.0079 | 0.0758 | 0.0097 | 0.0473   | 0.0106   | 862     | 0.5198  | 68.0  | PASS
PCA16+LogReg             | 0.0575 | 0.0087 | 0.0782 | 0.0097 | 0.0497   | 0.0123   | 862     | 0.5191  | 69.5  | PASS
PCA32+LogReg             | 0.0575 | 0.0079 | 0.0790 | 0.0089 | 0.0488   | 0.0106   | 862     | 0.5189  | 72.7  | PASS
PCA16+VecWeighted        | 0.0008 | 0.0094 | 0.0008 | 0.0097 | 0.0019   | 0.0015   | 862     | 0.0535  | 65.4  | PASS
PCA32+VecWeighted        | 0.0079 | 0.0094 | 0.0169 | 0.0097 | 0.0093   | 0.0090   | 862     | 0.0516  | 65.4  | PASS
StabilizedWhitenedCosine | 0.1843 | 0.0039 | 0.1774 | 0.0097 | 0.1335   | 0.0050   | 862     | 1.7349  | 67.3  | PASS

[trial=18 seed=60] GLOBAL mode — total_samples=200000
  total: h0=82063 h1=15019
  pooled_train:  n0=1270 n1=1270
  pooled_calib:  n0=1240 n1=1240
  pooled_eval:   n0=1270 n1=1270
  regions (for macro stats only): 1103
[INFO] Cosine baseline routed to direct Hadamard sum (PrecomputedCosine)
[INFO] WeightedEnsemble Cosine judge routed to direct Hadamard sum
  [Ensemble] Judges routed to 'alt' input: PrecomputedCosine
[WeightedEnsemble] Fitted weights (alpha=0.0100, external calib):
  tau=1.2891, Pooled external calib: TPR=0.2742, FPR=0.0097
  PrecomputedCosine   : +0.6579
  PCAWhitenedCosine   : +0.1446
  XGBoost             : +0.0673
  Tiny MLP            : +0.0713
  LDA                 : +0.0589

Method                   | TPR    | FPR    | TrTPR  | TrFPR  | MacroTPR | MacroFPR | Regions | TauMean | ms    | OK? 
---------------------------------------------------------------------------------------------------------------------
Cosine                   | 0.2402 | 0.0142 | 0.2419 | 0.0250 | 0.2141   | 0.0243   | 837     | 1.0000  | 56.9  | FAIL
AndBox-HC                | 0.1039 | 0.0039 | 0.1218 | 0.0081 | 0.0811   | 0.0077   | 837     | 0.0000  | 50.9  | PASS
PCAWhitenedCosine        | 0.1323 | 0.0008 | 0.1371 | 0.0097 | 0.1002   | 0.0018   | 837     | 1.9662  | 52.0  | PASS
Vec (Wgt)                | 0.1850 | 0.0094 | 0.1806 | 0.0097 | 0.1456   | 0.0177   | 837     | 1.0259  | 52.2  | PASS
Log Reg                  | 0.0827 | 0.0071 | 0.0855 | 0.0097 | 0.0716   | 0.0087   | 837     | 0.5192  | 65.1  | PASS
LDA                      | 0.2055 | 0.0087 | 0.1726 | 0.0097 | 0.1584   | 0.0129   | 837     | 5.8469  | 58.4  | PASS
Tiny MLP                 | 0.2283 | 0.0039 | 0.2089 | 0.0097 | 0.1617   | 0.0081   | 837     | 0.9748  | 214.5 | PASS
MultiProtoCosine         | 0.0394 | 0.0079 | 0.0347 | 0.0097 | 0.0284   | 0.0137   | 837     | 0.9346  | 71.9  | PASS
WeightedEnsemble         | 0.2921 | 0.0079 | 0.2742 | 0.0097 | 0.2310   | 0.0149   | 837     | 1.2891  | 260.0 | PASS
XGBoost                  | 0.2315 | 0.0071 | 0.2379 | 0.0097 | 0.1972   | 0.0135   | 837     | 0.7888  | 75.3  | PASS
LDA1+LogReg              | 0.0827 | 0.0071 | 0.0855 | 0.0097 | 0.0716   | 0.0087   | 837     | 0.5192  | 60.5  | PASS
PCA16+LogReg             | 0.0929 | 0.0079 | 0.0871 | 0.0097 | 0.0789   | 0.0105   | 837     | 0.5184  | 62.8  | PASS
PCA32+LogReg             | 0.0850 | 0.0071 | 0.0855 | 0.0097 | 0.0716   | 0.0087   | 837     | 0.5187  | 65.3  | PASS
PCA16+VecWeighted        | 0.0079 | 0.0102 | 0.0137 | 0.0097 | 0.0067   | 0.0112   | 837     | 0.0487  | 62.6  | FAIL
PCA32+VecWeighted        | 0.0173 | 0.0079 | 0.0145 | 0.0097 | 0.0121   | 0.0066   | 837     | 0.0575  | 62.9  | PASS
StabilizedWhitenedCosine | 0.1543 | 0.0071 | 0.1516 | 0.0097 | 0.1189   | 0.0099   | 837     | 1.8865  | 60.9  | PASS

[trial=19 seed=61] GLOBAL mode — total_samples=200000
  total: h0=82063 h1=15019
  pooled_train:  n0=1270 n1=1270
  pooled_calib:  n0=1240 n1=1240
  pooled_eval:   n0=1270 n1=1270
  regions (for macro stats only): 1103
[INFO] Cosine baseline routed to direct Hadamard sum (PrecomputedCosine)
[INFO] WeightedEnsemble Cosine judge routed to direct Hadamard sum
  [Ensemble] Judges routed to 'alt' input: PrecomputedCosine
[WeightedEnsemble] Fitted weights (alpha=0.0100, external calib):
  tau=1.0414, Pooled external calib: TPR=0.3306, FPR=0.0097
  PrecomputedCosine   : +0.4364
  PCAWhitenedCosine   : +0.0571
  XGBoost             : +0.1048
  Tiny MLP            : +0.3819
  LDA                 : +0.0199

Method                   | TPR    | FPR    | TrTPR  | TrFPR  | MacroTPR | MacroFPR | Regions | TauMean | ms    | OK? 
---------------------------------------------------------------------------------------------------------------------
Cosine                   | 0.2512 | 0.0157 | 0.2444 | 0.0161 | 0.2091   | 0.0227   | 852     | 1.0000  | 57.9  | FAIL
AndBox-HC                | 0.2252 | 0.0126 | 0.2387 | 0.0097 | 0.1711   | 0.0230   | 852     | 0.0000  | 61.4  | FAIL
PCAWhitenedCosine        | 0.3150 | 0.0142 | 0.2903 | 0.0097 | 0.2446   | 0.0246   | 852     | 1.5647  | 52.2  | FAIL
Vec (Wgt)                | 0.3063 | 0.0126 | 0.3056 | 0.0097 | 0.2386   | 0.0247   | 852     | 1.0003  | 53.3  | FAIL
Log Reg                  | 0.1063 | 0.0094 | 0.1000 | 0.0089 | 0.0810   | 0.0166   | 852     | 0.5167  | 71.1  | PASS
LDA                      | 0.2811 | 0.0102 | 0.2605 | 0.0097 | 0.2183   | 0.0172   | 852     | 5.7171  | 58.1  | FAIL
Tiny MLP                 | 0.2299 | 0.0079 | 0.2153 | 0.0097 | 0.1681   | 0.0157   | 852     | 0.9755  | 213.5 | PASS
MultiProtoCosine         | 0.0307 | 0.0071 | 0.0331 | 0.0097 | 0.0217   | 0.0119   | 852     | 0.9328  | 71.3  | PASS
WeightedEnsemble         | 0.3528 | 0.0094 | 0.3306 | 0.0097 | 0.2782   | 0.0183   | 852     | 1.0414  | 261.6 | PASS
XGBoost                  | 0.1772 | 0.0024 | 0.1839 | 0.0056 | 0.1308   | 0.0032   | 852     | 0.7972  | 73.9  | PASS
LDA1+LogReg              | 0.1071 | 0.0094 | 0.1000 | 0.0089 | 0.0829   | 0.0166   | 852     | 0.5167  | 60.0  | PASS
PCA16+LogReg             | 0.0976 | 0.0087 | 0.0952 | 0.0097 | 0.0720   | 0.0148   | 852     | 0.5164  | 62.4  | PASS
PCA32+LogReg             | 0.1055 | 0.0110 | 0.1008 | 0.0089 | 0.0831   | 0.0175   | 852     | 0.5160  | 63.7  | FAIL
PCA16+VecWeighted        | 0.0268 | 0.0055 | 0.0218 | 0.0097 | 0.0174   | 0.0059   | 852     | 0.0454  | 60.8  | PASS
PCA32+VecWeighted        | 0.0315 | 0.0055 | 0.0258 | 0.0097 | 0.0209   | 0.0067   | 852     | 0.0521  | 62.0  | PASS
StabilizedWhitenedCosine | 0.2693 | 0.0142 | 0.2742 | 0.0097 | 0.1977   | 0.0268   | 852     | 1.5724  | 61.0  | FAIL

[trial=20 seed=62] GLOBAL mode — total_samples=200000
  total: h0=82063 h1=15019
  pooled_train:  n0=1270 n1=1270
  pooled_calib:  n0=1240 n1=1240
  pooled_eval:   n0=1270 n1=1270
  regions (for macro stats only): 1103
[INFO] Cosine baseline routed to direct Hadamard sum (PrecomputedCosine)
[INFO] WeightedEnsemble Cosine judge routed to direct Hadamard sum
  [Ensemble] Judges routed to 'alt' input: PrecomputedCosine
[WeightedEnsemble] Fitted weights (alpha=0.0100, external calib):
  tau=1.2033, Pooled external calib: TPR=0.2927, FPR=0.0097
  PrecomputedCosine   : +0.2204
  PCAWhitenedCosine   : +0.3145
  XGBoost             : +0.1972
  Tiny MLP            : +0.2559
  LDA                 : +0.0120

Method                   | TPR    | FPR    | TrTPR  | TrFPR  | MacroTPR | MacroFPR | Regions | TauMean | ms    | OK? 
---------------------------------------------------------------------------------------------------------------------
Cosine                   | 0.2575 | 0.0157 | 0.2492 | 0.0161 | 0.2204   | 0.0228   | 858     | 1.0000  | 58.4  | FAIL
AndBox-HC                | 0.1709 | 0.0110 | 0.1581 | 0.0089 | 0.1407   | 0.0170   | 858     | 0.0000  | 50.7  | FAIL
PCAWhitenedCosine        | 0.1772 | 0.0110 | 0.1879 | 0.0097 | 0.1276   | 0.0158   | 858     | 1.9198  | 53.2  | FAIL
Vec (Wgt)                | 0.2299 | 0.0079 | 0.2177 | 0.0089 | 0.1737   | 0.0137   | 858     | 1.0263  | 52.9  | PASS
Log Reg                  | 0.1150 | 0.0126 | 0.0935 | 0.0097 | 0.0794   | 0.0214   | 858     | 0.5199  | 66.2  | FAIL
LDA                      | 0.1606 | 0.0150 | 0.1734 | 0.0097 | 0.1314   | 0.0219   | 858     | 6.5648  | 57.9  | FAIL
Tiny MLP                 | 0.2693 | 0.0205 | 0.2669 | 0.0097 | 0.2074   | 0.0325   | 858     | 0.9762  | 215.2 | FAIL
MultiProtoCosine         | 0.0189 | 0.0031 | 0.0177 | 0.0097 | 0.0093   | 0.0056   | 858     | 0.9377  | 70.6  | PASS
WeightedEnsemble         | 0.3047 | 0.0181 | 0.2927 | 0.0097 | 0.2209   | 0.0295   | 858     | 1.2033  | 263.7 | FAIL
XGBoost                  | 0.2567 | 0.0031 | 0.2347 | 0.0089 | 0.1964   | 0.0060   | 858     | 0.8184  | 74.4  | PASS
LDA1+LogReg              | 0.1134 | 0.0126 | 0.0935 | 0.0097 | 0.0789   | 0.0214   | 858     | 0.5199  | 60.3  | FAIL
PCA16+LogReg             | 0.1079 | 0.0110 | 0.0895 | 0.0097 | 0.0751   | 0.0179   | 858     | 0.5199  | 65.1  | FAIL
PCA32+LogReg             | 0.1126 | 0.0118 | 0.0935 | 0.0097 | 0.0785   | 0.0197   | 858     | 0.5193  | 66.1  | FAIL
PCA16+VecWeighted        | 0.0000 | 0.0055 | 0.0008 | 0.0097 | 0.0000   | 0.0007   | 858     | 0.0646  | 61.7  | PASS
PCA32+VecWeighted        | 0.0000 | 0.0094 | 0.0008 | 0.0097 | 0.0000   | 0.0011   | 858     | 0.0718  | 63.0  | PASS
StabilizedWhitenedCosine | 0.2496 | 0.0087 | 0.2226 | 0.0097 | 0.1843   | 0.0148   | 858     | 1.7479  | 60.7  | PASS

[trial=21 seed=63] GLOBAL mode — total_samples=200000
  total: h0=82063 h1=15019
  pooled_train:  n0=1270 n1=1270
  pooled_calib:  n0=1240 n1=1240
  pooled_eval:   n0=1270 n1=1270
  regions (for macro stats only): 1103
[INFO] Cosine baseline routed to direct Hadamard sum (PrecomputedCosine)
[INFO] WeightedEnsemble Cosine judge routed to direct Hadamard sum
  [Ensemble] Judges routed to 'alt' input: PrecomputedCosine
[WeightedEnsemble] Fitted weights (alpha=0.0100, external calib):
  tau=1.2235, Pooled external calib: TPR=0.2274, FPR=0.0097
  PrecomputedCosine   : +0.2204
  PCAWhitenedCosine   : +0.3145
  XGBoost             : +0.1972
  Tiny MLP            : +0.2559
  LDA                 : +0.0120

Method                   | TPR    | FPR    | TrTPR  | TrFPR  | MacroTPR | MacroFPR | Regions | TauMean | ms    | OK? 
---------------------------------------------------------------------------------------------------------------------
Cosine                   | 0.2630 | 0.0142 | 0.2532 | 0.0177 | 0.2404   | 0.0241   | 881     | 1.0000  | 64.1  | FAIL
AndBox-HC                | 0.1465 | 0.0110 | 0.1452 | 0.0097 | 0.1372   | 0.0186   | 881     | 0.0000  | 48.9  | FAIL
PCAWhitenedCosine        | 0.2386 | 0.0071 | 0.2161 | 0.0097 | 0.1600   | 0.0101   | 881     | 1.7593  | 56.2  | PASS
Vec (Wgt)                | 0.2323 | 0.0102 | 0.2435 | 0.0097 | 0.1741   | 0.0205   | 881     | 1.0128  | 54.0  | FAIL
Log Reg                  | 0.0795 | 0.0079 | 0.0871 | 0.0097 | 0.0644   | 0.0112   | 881     | 0.5205  | 67.4  | PASS
LDA                      | 0.0638 | 0.0063 | 0.0403 | 0.0097 | 0.0498   | 0.0081   | 881     | 7.2374  | 59.1  | PASS
Tiny MLP                 | 0.1276 | 0.0071 | 0.1105 | 0.0097 | 0.0942   | 0.0118   | 881     | 0.9899  | 212.8 | PASS
MultiProtoCosine         | 0.0268 | 0.0055 | 0.0242 | 0.0097 | 0.0189   | 0.0056   | 881     | 0.9376  | 71.1  | PASS
WeightedEnsemble         | 0.2496 | 0.0055 | 0.2274 | 0.0097 | 0.1713   | 0.0088   | 881     | 1.2235  | 259.8 | PASS
XGBoost                  | 0.2047 | 0.0039 | 0.2040 | 0.0097 | 0.1615   | 0.0082   | 881     | 0.7939  | 74.5  | PASS
LDA1+LogReg              | 0.0811 | 0.0079 | 0.0895 | 0.0097 | 0.0682   | 0.0112   | 881     | 0.5205  | 62.6  | PASS
PCA16+LogReg             | 0.0764 | 0.0087 | 0.0887 | 0.0097 | 0.0618   | 0.0118   | 881     | 0.5198  | 65.0  | PASS
PCA32+LogReg             | 0.0874 | 0.0087 | 0.0968 | 0.0097 | 0.0719   | 0.0120   | 881     | 0.5196  | 68.5  | PASS
PCA16+VecWeighted        | 0.0315 | 0.0134 | 0.0331 | 0.0097 | 0.0251   | 0.0141   | 881     | 0.0423  | 64.7  | FAIL
PCA32+VecWeighted        | 0.0181 | 0.0213 | 0.0145 | 0.0097 | 0.0114   | 0.0061   | 881     | 0.0508  | 64.1  | FAIL
StabilizedWhitenedCosine | 0.3087 | 0.0118 | 0.2694 | 0.0097 | 0.2241   | 0.0194   | 881     | 1.4515  | 62.1  | FAIL

[trial=22 seed=64] GLOBAL mode — total_samples=200000
  total: h0=82063 h1=15019
  pooled_train:  n0=1270 n1=1270
  pooled_calib:  n0=1240 n1=1240
  pooled_eval:   n0=1270 n1=1270
  regions (for macro stats only): 1103
[INFO] Cosine baseline routed to direct Hadamard sum (PrecomputedCosine)
[INFO] WeightedEnsemble Cosine judge routed to direct Hadamard sum
  [Ensemble] Judges routed to 'alt' input: PrecomputedCosine
[WeightedEnsemble] Fitted weights (alpha=0.0100, external calib):
  tau=1.1179, Pooled external calib: TPR=0.2790, FPR=0.0097
  PrecomputedCosine   : +0.2610
  PCAWhitenedCosine   : +0.2348
  XGBoost             : +0.2127
  Tiny MLP            : +0.2846
  LDA                 : +0.0070

Method                   | TPR    | FPR    | TrTPR  | TrFPR  | MacroTPR | MacroFPR | Regions | TauMean | ms    | OK? 
---------------------------------------------------------------------------------------------------------------------
Cosine                   | 0.2583 | 0.0150 | 0.2492 | 0.0161 | 0.2280   | 0.0218   | 846     | 1.0000  | 56.4  | FAIL
AndBox-HC                | 0.1307 | 0.0142 | 0.1371 | 0.0097 | 0.1078   | 0.0225   | 846     | 0.0000  | 58.7  | FAIL
PCAWhitenedCosine        | 0.2504 | 0.0118 | 0.2540 | 0.0097 | 0.1863   | 0.0143   | 846     | 1.7472  | 51.4  | FAIL
Vec (Wgt)                | 0.2906 | 0.0055 | 0.2976 | 0.0097 | 0.2310   | 0.0097   | 846     | 1.0088  | 51.3  | PASS
Log Reg                  | 0.0906 | 0.0094 | 0.1016 | 0.0097 | 0.0792   | 0.0158   | 846     | 0.5193  | 64.7  | PASS
LDA                      | 0.0457 | 0.0047 | 0.0653 | 0.0097 | 0.0468   | 0.0069   | 846     | 7.9129  | 57.8  | PASS
Tiny MLP                 | 0.1969 | 0.0079 | 0.2073 | 0.0097 | 0.1473   | 0.0096   | 846     | 0.9808  | 212.9 | PASS
MultiProtoCosine         | 0.0252 | 0.0134 | 0.0242 | 0.0097 | 0.0183   | 0.0147   | 846     | 0.9346  | 70.7  | FAIL
WeightedEnsemble         | 0.2843 | 0.0102 | 0.2790 | 0.0097 | 0.2172   | 0.0129   | 846     | 1.1179  | 258.7 | FAIL
XGBoost                  | 0.1402 | 0.0039 | 0.1444 | 0.0097 | 0.1125   | 0.0073   | 846     | 0.8100  | 74.4  | PASS
LDA1+LogReg              | 0.0906 | 0.0094 | 0.1024 | 0.0097 | 0.0792   | 0.0158   | 846     | 0.5193  | 59.3  | PASS
PCA16+LogReg             | 0.0890 | 0.0094 | 0.1056 | 0.0097 | 0.0797   | 0.0158   | 846     | 0.5186  | 63.5  | PASS
PCA32+LogReg             | 0.0898 | 0.0079 | 0.1024 | 0.0097 | 0.0782   | 0.0146   | 846     | 0.5186  | 64.7  | PASS
PCA16+VecWeighted        | 0.0283 | 0.0126 | 0.0242 | 0.0097 | 0.0319   | 0.0163   | 846     | 0.0372  | 61.3  | FAIL
PCA32+VecWeighted        | 0.0205 | 0.0110 | 0.0169 | 0.0097 | 0.0191   | 0.0130   | 846     | 0.0502  | 62.8  | FAIL
StabilizedWhitenedCosine | 0.2425 | 0.0094 | 0.2355 | 0.0097 | 0.1775   | 0.0103   | 846     | 1.6828  | 60.6  | PASS

[trial=23 seed=65] GLOBAL mode — total_samples=200000
  total: h0=82063 h1=15019
  pooled_train:  n0=1270 n1=1270
  pooled_calib:  n0=1240 n1=1240
  pooled_eval:   n0=1270 n1=1270
  regions (for macro stats only): 1103
[INFO] Cosine baseline routed to direct Hadamard sum (PrecomputedCosine)
[INFO] WeightedEnsemble Cosine judge routed to direct Hadamard sum
  [Ensemble] Judges routed to 'alt' input: PrecomputedCosine
[WeightedEnsemble] Fitted weights (alpha=0.0100, external calib):
  tau=1.2646, Pooled external calib: TPR=0.2879, FPR=0.0097
  PrecomputedCosine   : +0.1195
  PCAWhitenedCosine   : +0.3770
  XGBoost             : +0.2691
  Tiny MLP            : +0.2045
  LDA                 : +0.0298

Method                   | TPR    | FPR    | TrTPR  | TrFPR  | MacroTPR | MacroFPR | Regions | TauMean | ms    | OK? 
---------------------------------------------------------------------------------------------------------------------
Cosine                   | 0.2480 | 0.0165 | 0.2306 | 0.0185 | 0.2031   | 0.0251   | 869     | 1.0000  | 59.5  | FAIL
AndBox-HC                | 0.1213 | 0.0039 | 0.1145 | 0.0089 | 0.0965   | 0.0070   | 869     | 0.0000  | 57.5  | PASS
PCAWhitenedCosine        | 0.2386 | 0.0118 | 0.2435 | 0.0097 | 0.1701   | 0.0208   | 869     | 1.7328  | 54.5  | FAIL
Vec (Wgt)                | 0.2874 | 0.0134 | 0.2806 | 0.0089 | 0.2118   | 0.0225   | 869     | 1.0066  | 55.1  | FAIL
Log Reg                  | 0.0795 | 0.0039 | 0.0613 | 0.0097 | 0.0539   | 0.0075   | 869     | 0.5169  | 68.8  | PASS
LDA                      | 0.0417 | 0.0039 | 0.0484 | 0.0097 | 0.0381   | 0.0042   | 869     | 7.3961  | 60.0  | PASS
Tiny MLP                 | 0.2102 | 0.0094 | 0.2105 | 0.0097 | 0.1354   | 0.0171   | 869     | 0.9770  | 214.7 | PASS
MultiProtoCosine         | 0.0244 | 0.0087 | 0.0234 | 0.0097 | 0.0214   | 0.0095   | 869     | 0.9340  | 72.4  | PASS
WeightedEnsemble         | 0.2843 | 0.0142 | 0.2879 | 0.0097 | 0.2073   | 0.0234   | 869     | 1.2646  | 260.1 | FAIL
XGBoost                  | 0.2488 | 0.0094 | 0.2315 | 0.0097 | 0.1828   | 0.0173   | 869     | 0.8089  | 73.9  | PASS
LDA1+LogReg              | 0.0803 | 0.0039 | 0.0629 | 0.0097 | 0.0533   | 0.0075   | 869     | 0.5176  | 62.3  | PASS
PCA16+LogReg             | 0.0858 | 0.0055 | 0.0694 | 0.0097 | 0.0596   | 0.0100   | 869     | 0.5164  | 65.8  | PASS
PCA32+LogReg             | 0.0835 | 0.0055 | 0.0629 | 0.0097 | 0.0555   | 0.0100   | 869     | 0.5166  | 66.6  | PASS
PCA16+VecWeighted        | 0.0551 | 0.0157 | 0.0629 | 0.0097 | 0.0379   | 0.0212   | 869     | 0.0387  | 63.5  | FAIL
PCA32+VecWeighted        | 0.0606 | 0.0126 | 0.0492 | 0.0097 | 0.0389   | 0.0166   | 869     | 0.0430  | 66.3  | FAIL
StabilizedWhitenedCosine | 0.2488 | 0.0110 | 0.2710 | 0.0097 | 0.1779   | 0.0179   | 869     | 1.6130  | 61.9  | FAIL

[trial=24 seed=66] GLOBAL mode — total_samples=200000
  total: h0=82063 h1=15019
  pooled_train:  n0=1270 n1=1270
  pooled_calib:  n0=1240 n1=1240
  pooled_eval:   n0=1270 n1=1270
  regions (for macro stats only): 1103
[INFO] Cosine baseline routed to direct Hadamard sum (PrecomputedCosine)
[INFO] WeightedEnsemble Cosine judge routed to direct Hadamard sum
  [Ensemble] Judges routed to 'alt' input: PrecomputedCosine
[WeightedEnsemble] Fitted weights (alpha=0.0100, external calib):
  tau=1.1129, Pooled external calib: TPR=0.3073, FPR=0.0097
  PrecomputedCosine   : +0.1369
  PCAWhitenedCosine   : +0.3322
  XGBoost             : +0.4468
  Tiny MLP            : +0.0732
  LDA                 : +0.0110

Method                   | TPR    | FPR    | TrTPR  | TrFPR  | MacroTPR | MacroFPR | Regions | TauMean | ms    | OK? 
---------------------------------------------------------------------------------------------------------------------
Cosine                   | 0.2354 | 0.0181 | 0.2435 | 0.0145 | 0.2063   | 0.0288   | 866     | 1.0000  | 54.9  | FAIL
AndBox-HC                | 0.1756 | 0.0110 | 0.1685 | 0.0097 | 0.1329   | 0.0165   | 866     | 0.0000  | 51.4  | FAIL
PCAWhitenedCosine        | 0.2685 | 0.0102 | 0.2734 | 0.0097 | 0.2000   | 0.0179   | 866     | 1.6449  | 53.1  | FAIL
Vec (Wgt)                | 0.2701 | 0.0142 | 0.2782 | 0.0097 | 0.2030   | 0.0213   | 866     | 1.0075  | 52.5  | FAIL
Log Reg                  | 0.0898 | 0.0094 | 0.1089 | 0.0097 | 0.0716   | 0.0137   | 866     | 0.5176  | 67.5  | PASS
LDA                      | 0.1197 | 0.0063 | 0.1266 | 0.0097 | 0.1060   | 0.0097   | 866     | 6.4306  | 59.7  | PASS
Tiny MLP                 | 0.1693 | 0.0031 | 0.1855 | 0.0097 | 0.1267   | 0.0060   | 866     | 0.9809  | 214.6 | PASS
MultiProtoCosine         | 0.0197 | 0.0087 | 0.0202 | 0.0097 | 0.0129   | 0.0097   | 866     | 0.9354  | 69.4  | PASS
WeightedEnsemble         | 0.3094 | 0.0110 | 0.3073 | 0.0097 | 0.2402   | 0.0196   | 866     | 1.1129  | 260.7 | FAIL
XGBoost                  | 0.2480 | 0.0110 | 0.2540 | 0.0097 | 0.1880   | 0.0162   | 866     | 0.7986  | 75.6  | FAIL
LDA1+LogReg              | 0.0913 | 0.0094 | 0.1089 | 0.0097 | 0.0722   | 0.0137   | 866     | 0.5175  | 58.7  | PASS
PCA16+LogReg             | 0.0961 | 0.0110 | 0.1129 | 0.0097 | 0.0744   | 0.0154   | 866     | 0.5166  | 61.5  | FAIL
PCA32+LogReg             | 0.0929 | 0.0102 | 0.1105 | 0.0097 | 0.0725   | 0.0145   | 866     | 0.5167  | 64.6  | FAIL
PCA16+VecWeighted        | 0.0142 | 0.0079 | 0.0137 | 0.0097 | 0.0127   | 0.0052   | 866     | 0.0417  | 60.3  | PASS
PCA32+VecWeighted        | 0.0173 | 0.0071 | 0.0129 | 0.0097 | 0.0144   | 0.0058   | 866     | 0.0466  | 62.8  | PASS
StabilizedWhitenedCosine | 0.2575 | 0.0079 | 0.2516 | 0.0097 | 0.1936   | 0.0128   | 866     | 1.5941  | 63.5  | PASS

[trial=25 seed=67] GLOBAL mode — total_samples=200000
  total: h0=82063 h1=15019
  pooled_train:  n0=1270 n1=1270
  pooled_calib:  n0=1240 n1=1240
  pooled_eval:   n0=1270 n1=1270
  regions (for macro stats only): 1103
[INFO] Cosine baseline routed to direct Hadamard sum (PrecomputedCosine)
[INFO] WeightedEnsemble Cosine judge routed to direct Hadamard sum
  [Ensemble] Judges routed to 'alt' input: PrecomputedCosine
[WeightedEnsemble] Fitted weights (alpha=0.0100, external calib):
  tau=1.4138, Pooled external calib: TPR=0.2306, FPR=0.0097
  PrecomputedCosine   : +0.1298
  PCAWhitenedCosine   : +0.1391
  XGBoost             : +0.2872
  Tiny MLP            : +0.3596
  LDA                 : +0.0844

Method                   | TPR    | FPR    | TrTPR  | TrFPR  | MacroTPR | MacroFPR | Regions | TauMean | ms    | OK? 
---------------------------------------------------------------------------------------------------------------------
Cosine                   | 0.2740 | 0.0173 | 0.2250 | 0.0137 | 0.2200   | 0.0219   | 860     | 1.0000  | 58.9  | FAIL
AndBox-HC                | 0.1425 | 0.0087 | 0.1298 | 0.0097 | 0.1115   | 0.0117   | 860     | 0.0000  | 56.8  | PASS
PCAWhitenedCosine        | 0.2323 | 0.0047 | 0.2185 | 0.0097 | 0.1638   | 0.0048   | 860     | 1.7301  | 53.1  | PASS
Vec (Wgt)                | 0.2000 | 0.0047 | 0.1782 | 0.0097 | 0.1376   | 0.0063   | 860     | 1.0201  | 53.6  | PASS
Log Reg                  | 0.1134 | 0.0126 | 0.0960 | 0.0097 | 0.0836   | 0.0164   | 860     | 0.5167  | 65.1  | FAIL
LDA                      | 0.1701 | 0.0118 | 0.1573 | 0.0097 | 0.1337   | 0.0141   | 860     | 6.1526  | 57.9  | FAIL
Tiny MLP                 | 0.1992 | 0.0063 | 0.1871 | 0.0097 | 0.1381   | 0.0079   | 860     | 0.9754  | 212.2 | PASS
MultiProtoCosine         | 0.0402 | 0.0142 | 0.0363 | 0.0097 | 0.0277   | 0.0131   | 860     | 0.9337  | 70.6  | FAIL
WeightedEnsemble         | 0.2535 | 0.0079 | 0.2306 | 0.0097 | 0.1785   | 0.0082   | 860     | 1.4138  | 262.9 | PASS
XGBoost                  | 0.2693 | 0.0063 | 0.2306 | 0.0097 | 0.1984   | 0.0086   | 860     | 0.8004  | 73.9  | PASS
LDA1+LogReg              | 0.1142 | 0.0126 | 0.0960 | 0.0097 | 0.0843   | 0.0164   | 860     | 0.5167  | 60.2  | FAIL
PCA16+LogReg             | 0.1110 | 0.0134 | 0.0944 | 0.0097 | 0.0826   | 0.0166   | 860     | 0.5161  | 62.7  | FAIL
PCA32+LogReg             | 0.1165 | 0.0142 | 0.0968 | 0.0097 | 0.0861   | 0.0175   | 860     | 0.5159  | 65.5  | FAIL
PCA16+VecWeighted        | 0.0260 | 0.0055 | 0.0202 | 0.0097 | 0.0137   | 0.0085   | 860     | 0.0437  | 61.0  | PASS
PCA32+VecWeighted        | 0.0268 | 0.0087 | 0.0202 | 0.0097 | 0.0202   | 0.0112   | 860     | 0.0535  | 62.5  | PASS
StabilizedWhitenedCosine | 0.2441 | 0.0087 | 0.2177 | 0.0097 | 0.1633   | 0.0074   | 860     | 1.6971  | 61.0  | PASS

[trial=26 seed=68] GLOBAL mode — total_samples=200000
  total: h0=82063 h1=15019
  pooled_train:  n0=1270 n1=1270
  pooled_calib:  n0=1240 n1=1240
  pooled_eval:   n0=1270 n1=1270
  regions (for macro stats only): 1103
[INFO] Cosine baseline routed to direct Hadamard sum (PrecomputedCosine)
[INFO] WeightedEnsemble Cosine judge routed to direct Hadamard sum
  [Ensemble] Judges routed to 'alt' input: PrecomputedCosine
[WeightedEnsemble] Fitted weights (alpha=0.0100, external calib):
  tau=1.0966, Pooled external calib: TPR=0.2742, FPR=0.0097
  PrecomputedCosine   : +0.2610
  PCAWhitenedCosine   : +0.2348
  XGBoost             : +0.2127
  Tiny MLP            : +0.2846
  LDA                 : +0.0070

Method                   | TPR    | FPR    | TrTPR  | TrFPR  | MacroTPR | MacroFPR | Regions | TauMean | ms    | OK? 
---------------------------------------------------------------------------------------------------------------------
Cosine                   | 0.2520 | 0.0110 | 0.2468 | 0.0137 | 0.2169   | 0.0184   | 849     | 1.0000  | 58.5  | FAIL
AndBox-HC                | 0.1685 | 0.0071 | 0.1540 | 0.0097 | 0.1362   | 0.0095   | 849     | 0.0000  | 57.4  | PASS
PCAWhitenedCosine        | 0.2929 | 0.0079 | 0.2532 | 0.0097 | 0.2105   | 0.0123   | 849     | 1.6514  | 53.6  | PASS
Vec (Wgt)                | 0.2315 | 0.0071 | 0.2121 | 0.0097 | 0.1599   | 0.0132   | 849     | 1.0148  | 53.3  | PASS
Log Reg                  | 0.0898 | 0.0024 | 0.0798 | 0.0097 | 0.0670   | 0.0044   | 849     | 0.5203  | 66.0  | PASS
LDA                      | 0.1276 | 0.0071 | 0.1274 | 0.0097 | 0.1189   | 0.0078   | 849     | 6.7862  | 57.8  | PASS
Tiny MLP                 | 0.2331 | 0.0102 | 0.2323 | 0.0097 | 0.1701   | 0.0139   | 849     | 0.9820  | 213.4 | FAIL
MultiProtoCosine         | 0.0449 | 0.0087 | 0.0371 | 0.0097 | 0.0384   | 0.0106   | 849     | 0.9333  | 70.0  | PASS
WeightedEnsemble         | 0.3197 | 0.0071 | 0.2742 | 0.0097 | 0.2335   | 0.0109   | 849     | 1.0966  | 260.5 | PASS
XGBoost                  | 0.2772 | 0.0094 | 0.2597 | 0.0097 | 0.2041   | 0.0155   | 849     | 0.7851  | 75.4  | PASS
LDA1+LogReg              | 0.0898 | 0.0024 | 0.0798 | 0.0097 | 0.0670   | 0.0044   | 849     | 0.5202  | 60.7  | PASS
PCA16+LogReg             | 0.0992 | 0.0024 | 0.0831 | 0.0097 | 0.0730   | 0.0044   | 849     | 0.5197  | 63.4  | PASS
PCA32+LogReg             | 0.0969 | 0.0031 | 0.0847 | 0.0097 | 0.0720   | 0.0061   | 849     | 0.5193  | 66.0  | PASS
PCA16+VecWeighted        | 0.0094 | 0.0039 | 0.0081 | 0.0097 | 0.0064   | 0.0041   | 849     | 0.0440  | 61.0  | PASS
PCA32+VecWeighted        | 0.0150 | 0.0094 | 0.0089 | 0.0097 | 0.0094   | 0.0132   | 849     | 0.0501  | 63.0  | PASS
StabilizedWhitenedCosine | 0.2181 | 0.0055 | 0.1895 | 0.0097 | 0.1408   | 0.0096   | 849     | 1.7543  | 60.8  | PASS

[trial=27 seed=69] GLOBAL mode — total_samples=200000
  total: h0=82063 h1=15019
  pooled_train:  n0=1270 n1=1270
  pooled_calib:  n0=1240 n1=1240
  pooled_eval:   n0=1270 n1=1270
  regions (for macro stats only): 1103
[INFO] Cosine baseline routed to direct Hadamard sum (PrecomputedCosine)
[INFO] WeightedEnsemble Cosine judge routed to direct Hadamard sum
  [Ensemble] Judges routed to 'alt' input: PrecomputedCosine
[WeightedEnsemble] Fitted weights (alpha=0.0100, external calib):
  tau=1.6840, Pooled external calib: TPR=0.2677, FPR=0.0097
  PrecomputedCosine   : +0.1817
  PCAWhitenedCosine   : +0.4603
  XGBoost             : +0.0868
  Tiny MLP            : +0.1854
  LDA                 : +0.0858

Method                   | TPR    | FPR    | TrTPR  | TrFPR  | MacroTPR | MacroFPR | Regions | TauMean | ms    | OK? 
---------------------------------------------------------------------------------------------------------------------
Cosine                   | 0.2638 | 0.0126 | 0.2339 | 0.0194 | 0.2197   | 0.0186   | 850     | 1.0000  | 57.6  | FAIL
AndBox-HC                | 0.1827 | 0.0094 | 0.1508 | 0.0097 | 0.1382   | 0.0142   | 850     | 0.0000  | 51.7  | PASS
PCAWhitenedCosine        | 0.2016 | 0.0079 | 0.1879 | 0.0097 | 0.1426   | 0.0112   | 850     | 1.9020  | 52.5  | PASS
Vec (Wgt)                | 0.2236 | 0.0063 | 0.1960 | 0.0097 | 0.1572   | 0.0117   | 850     | 1.0143  | 54.9  | PASS
Log Reg                  | 0.0654 | 0.0047 | 0.0548 | 0.0097 | 0.0483   | 0.0101   | 850     | 0.5258  | 68.5  | PASS
LDA                      | 0.1591 | 0.0110 | 0.1702 | 0.0097 | 0.1373   | 0.0174   | 850     | 6.3944  | 60.7  | FAIL
Tiny MLP                 | 0.2228 | 0.0071 | 0.2185 | 0.0097 | 0.1629   | 0.0119   | 850     | 0.9656  | 215.5 | PASS
MultiProtoCosine         | 0.0134 | 0.0016 | 0.0153 | 0.0097 | 0.0141   | 0.0025   | 850     | 0.9382  | 73.8  | PASS
WeightedEnsemble         | 0.2583 | 0.0094 | 0.2677 | 0.0097 | 0.1956   | 0.0154   | 850     | 1.6840  | 382.5 | PASS
XGBoost                  | 0.1937 | 0.0071 | 0.1637 | 0.0097 | 0.1379   | 0.0126   | 850     | 0.8090  | 81.4  | PASS
LDA1+LogReg              | 0.0654 | 0.0047 | 0.0548 | 0.0097 | 0.0483   | 0.0101   | 850     | 0.5258  | 67.9  | PASS
PCA16+LogReg             | 0.0661 | 0.0047 | 0.0556 | 0.0097 | 0.0492   | 0.0101   | 850     | 0.5248  | 72.3  | PASS
PCA32+LogReg             | 0.0646 | 0.0047 | 0.0556 | 0.0097 | 0.0463   | 0.0101   | 850     | 0.5248  | 74.5  | PASS
PCA16+VecWeighted        | 0.0024 | 0.0126 | 0.0000 | 0.0097 | 0.0027   | 0.0020   | 850     | 0.0439  | 69.7  | FAIL
PCA32+VecWeighted        | 0.0024 | 0.0071 | 0.0000 | 0.0097 | 0.0020   | 0.0046   | 850     | 0.0545  | 69.9  | PASS
StabilizedWhitenedCosine | 0.2252 | 0.0079 | 0.2065 | 0.0097 | 0.1647   | 0.0154   | 850     | 1.7281  | 68.3  | PASS

[trial=28 seed=70] GLOBAL mode — total_samples=200000
  total: h0=82063 h1=15019
  pooled_train:  n0=1270 n1=1270
  pooled_calib:  n0=1240 n1=1240
  pooled_eval:   n0=1270 n1=1270
  regions (for macro stats only): 1103
[INFO] Cosine baseline routed to direct Hadamard sum (PrecomputedCosine)
[INFO] WeightedEnsemble Cosine judge routed to direct Hadamard sum
  [Ensemble] Judges routed to 'alt' input: PrecomputedCosine
[WeightedEnsemble] Fitted weights (alpha=0.0100, external calib):
  tau=1.0734, Pooled external calib: TPR=0.2903, FPR=0.0097
  PrecomputedCosine   : +0.4364
  PCAWhitenedCosine   : +0.0571
  XGBoost             : +0.1048
  Tiny MLP            : +0.3819
  LDA                 : +0.0199

Method                   | TPR    | FPR    | TrTPR  | TrFPR  | MacroTPR | MacroFPR | Regions | TauMean | ms    | OK? 
---------------------------------------------------------------------------------------------------------------------
Cosine                   | 0.2630 | 0.0118 | 0.2500 | 0.0113 | 0.2073   | 0.0179   | 864     | 1.0000  | 59.0  | FAIL
AndBox-HC                | 0.1535 | 0.0087 | 0.1508 | 0.0097 | 0.1315   | 0.0142   | 864     | 0.0000  | 51.2  | PASS
PCAWhitenedCosine        | 0.2441 | 0.0142 | 0.2290 | 0.0097 | 0.1685   | 0.0244   | 864     | 1.7774  | 53.6  | FAIL
Vec (Wgt)                | 0.2819 | 0.0189 | 0.2798 | 0.0097 | 0.2119   | 0.0338   | 864     | 1.0095  | 53.4  | FAIL
Log Reg                  | 0.0882 | 0.0150 | 0.1008 | 0.0097 | 0.0740   | 0.0240   | 864     | 0.5208  | 66.6  | FAIL
LDA                      | 0.0898 | 0.0087 | 0.0863 | 0.0097 | 0.0726   | 0.0141   | 864     | 6.5300  | 60.5  | PASS
Tiny MLP                 | 0.2307 | 0.0118 | 0.2169 | 0.0097 | 0.1515   | 0.0200   | 864     | 0.9844  | 213.0 | FAIL
MultiProtoCosine         | 0.0331 | 0.0047 | 0.0282 | 0.0097 | 0.0277   | 0.0059   | 864     | 0.9340  | 71.3  | PASS
WeightedEnsemble         | 0.3016 | 0.0157 | 0.2903 | 0.0097 | 0.2109   | 0.0281   | 864     | 1.0734  | 260.1 | FAIL
XGBoost                  | 0.3087 | 0.0094 | 0.2903 | 0.0097 | 0.2189   | 0.0179   | 864     | 0.7983  | 73.3  | PASS
LDA1+LogReg              | 0.0882 | 0.0150 | 0.1008 | 0.0097 | 0.0740   | 0.0240   | 864     | 0.5208  | 63.6  | FAIL
PCA16+LogReg             | 0.0976 | 0.0134 | 0.1065 | 0.0097 | 0.0814   | 0.0206   | 864     | 0.5201  | 63.9  | FAIL
PCA32+LogReg             | 0.0937 | 0.0157 | 0.1048 | 0.0097 | 0.0777   | 0.0257   | 864     | 0.5199  | 66.0  | FAIL
PCA16+VecWeighted        | 0.0236 | 0.0173 | 0.0218 | 0.0097 | 0.0138   | 0.0152   | 864     | 0.0397  | 61.9  | FAIL
PCA32+VecWeighted        | 0.0126 | 0.0118 | 0.0097 | 0.0097 | 0.0081   | 0.0100   | 864     | 0.0471  | 63.2  | FAIL
StabilizedWhitenedCosine | 0.2598 | 0.0142 | 0.2565 | 0.0097 | 0.1899   | 0.0253   | 864     | 1.6866  | 64.2  | FAIL

[trial=29 seed=71] GLOBAL mode — total_samples=200000
  total: h0=82063 h1=15019
  pooled_train:  n0=1270 n1=1270
  pooled_calib:  n0=1240 n1=1240
  pooled_eval:   n0=1270 n1=1270
  regions (for macro stats only): 1103
[INFO] Cosine baseline routed to direct Hadamard sum (PrecomputedCosine)
[INFO] WeightedEnsemble Cosine judge routed to direct Hadamard sum
  [Ensemble] Judges routed to 'alt' input: PrecomputedCosine
[WeightedEnsemble] Fitted weights (alpha=0.0100, external calib):
  tau=1.2330, Pooled external calib: TPR=0.3161, FPR=0.0097
  PrecomputedCosine   : +0.1195
  PCAWhitenedCosine   : +0.3770
  XGBoost             : +0.2691
  Tiny MLP            : +0.2045
  LDA                 : +0.0298

Method                   | TPR    | FPR    | TrTPR  | TrFPR  | MacroTPR | MacroFPR | Regions | TauMean | ms    | OK? 
---------------------------------------------------------------------------------------------------------------------
Cosine                   | 0.2354 | 0.0181 | 0.2427 | 0.0161 | 0.2104   | 0.0303   | 851     | 1.0000  | 58.3  | FAIL
AndBox-HC                | 0.1724 | 0.0134 | 0.1774 | 0.0097 | 0.1607   | 0.0160   | 851     | 0.0000  | 51.0  | FAIL
PCAWhitenedCosine        | 0.2803 | 0.0110 | 0.2524 | 0.0097 | 0.2131   | 0.0147   | 851     | 1.6508  | 54.8  | FAIL
Vec (Wgt)                | 0.2024 | 0.0110 | 0.1976 | 0.0097 | 0.1446   | 0.0178   | 851     | 1.0305  | 54.2  | FAIL
Log Reg                  | 0.0945 | 0.0102 | 0.1097 | 0.0097 | 0.0778   | 0.0125   | 851     | 0.5217  | 68.2  | FAIL
LDA                      | 0.2024 | 0.0118 | 0.2113 | 0.0097 | 0.1570   | 0.0181   | 851     | 6.3430  | 61.1  | FAIL
Tiny MLP                 | 0.2386 | 0.0157 | 0.2347 | 0.0097 | 0.1722   | 0.0246   | 851     | 0.9746  | 214.8 | FAIL
MultiProtoCosine         | 0.0323 | 0.0079 | 0.0242 | 0.0097 | 0.0157   | 0.0075   | 851     | 0.9354  | 69.7  | PASS
WeightedEnsemble         | 0.3441 | 0.0142 | 0.3161 | 0.0097 | 0.2608   | 0.0229   | 851     | 1.2330  | 259.9 | FAIL
XGBoost                  | 0.2268 | 0.0142 | 0.2323 | 0.0097 | 0.1866   | 0.0243   | 851     | 0.8085  | 74.5  | FAIL
LDA1+LogReg              | 0.0945 | 0.0102 | 0.1097 | 0.0097 | 0.0778   | 0.0125   | 851     | 0.5217  | 59.9  | FAIL
PCA16+LogReg             | 0.0890 | 0.0094 | 0.1073 | 0.0097 | 0.0700   | 0.0108   | 851     | 0.5216  | 62.8  | PASS
PCA32+LogReg             | 0.0921 | 0.0094 | 0.1065 | 0.0097 | 0.0746   | 0.0108   | 851     | 0.5214  | 66.3  | PASS
PCA16+VecWeighted        | 0.0488 | 0.0055 | 0.0419 | 0.0097 | 0.0298   | 0.0064   | 851     | 0.0445  | 60.5  | PASS
PCA32+VecWeighted        | 0.0386 | 0.0079 | 0.0355 | 0.0097 | 0.0252   | 0.0064   | 851     | 0.0542  | 65.0  | PASS
StabilizedWhitenedCosine | 0.2913 | 0.0126 | 0.2855 | 0.0097 | 0.2129   | 0.0181   | 851     | 1.5694  | 61.1  | FAIL

[trial=30 seed=72] GLOBAL mode — total_samples=200000
  total: h0=82063 h1=15019
  pooled_train:  n0=1270 n1=1270
  pooled_calib:  n0=1240 n1=1240
  pooled_eval:   n0=1270 n1=1270
  regions (for macro stats only): 1103
[INFO] Cosine baseline routed to direct Hadamard sum (PrecomputedCosine)
[INFO] WeightedEnsemble Cosine judge routed to direct Hadamard sum
  [Ensemble] Judges routed to 'alt' input: PrecomputedCosine
[WeightedEnsemble] Fitted weights (alpha=0.0100, external calib):
  tau=1.0687, Pooled external calib: TPR=0.3234, FPR=0.0097
  PrecomputedCosine   : +0.2610
  PCAWhitenedCosine   : +0.2348
  XGBoost             : +0.2127
  Tiny MLP            : +0.2846
  LDA                 : +0.0070

Method                   | TPR    | FPR    | TrTPR  | TrFPR  | MacroTPR | MacroFPR | Regions | TauMean | ms    | OK? 
---------------------------------------------------------------------------------------------------------------------
Cosine                   | 0.2441 | 0.0165 | 0.2476 | 0.0177 | 0.2239   | 0.0311   | 838     | 1.0000  | 55.8  | FAIL
AndBox-HC                | 0.1079 | 0.0142 | 0.1121 | 0.0097 | 0.0992   | 0.0182   | 838     | 0.0000  | 52.4  | FAIL
PCAWhitenedCosine        | 0.2276 | 0.0094 | 0.2226 | 0.0097 | 0.1747   | 0.0123   | 838     | 1.7778  | 51.9  | PASS
Vec (Wgt)                | 0.2213 | 0.0094 | 0.2185 | 0.0089 | 0.1746   | 0.0203   | 838     | 1.0199  | 51.6  | PASS
Log Reg                  | 0.0890 | 0.0071 | 0.0798 | 0.0097 | 0.0640   | 0.0114   | 838     | 0.5200  | 67.0  | PASS
LDA                      | 0.2110 | 0.0134 | 0.2040 | 0.0097 | 0.1658   | 0.0200   | 838     | 6.2041  | 58.0  | FAIL
Tiny MLP                 | 0.2638 | 0.0118 | 0.2508 | 0.0097 | 0.1875   | 0.0177   | 838     | 0.9728  | 213.3 | FAIL
MultiProtoCosine         | 0.0228 | 0.0102 | 0.0202 | 0.0097 | 0.0135   | 0.0123   | 838     | 0.9374  | 70.3  | FAIL
WeightedEnsemble         | 0.3417 | 0.0157 | 0.3234 | 0.0097 | 0.2647   | 0.0246   | 838     | 1.0687  | 260.1 | FAIL
XGBoost                  | 0.2480 | 0.0079 | 0.2565 | 0.0097 | 0.2100   | 0.0123   | 838     | 0.8044  | 74.3  | PASS
LDA1+LogReg              | 0.0882 | 0.0071 | 0.0798 | 0.0097 | 0.0638   | 0.0114   | 838     | 0.5199  | 58.6  | PASS
PCA16+LogReg             | 0.0858 | 0.0063 | 0.0798 | 0.0097 | 0.0625   | 0.0108   | 838     | 0.5200  | 62.0  | PASS
PCA32+LogReg             | 0.0882 | 0.0071 | 0.0815 | 0.0097 | 0.0651   | 0.0114   | 838     | 0.5194  | 64.2  | PASS
PCA16+VecWeighted        | 0.0189 | 0.0047 | 0.0234 | 0.0097 | 0.0134   | 0.0060   | 838     | 0.0427  | 60.9  | PASS
PCA32+VecWeighted        | 0.0213 | 0.0063 | 0.0137 | 0.0097 | 0.0118   | 0.0093   | 838     | 0.0506  | 62.7  | PASS
StabilizedWhitenedCosine | 0.2047 | 0.0055 | 0.2185 | 0.0097 | 0.1637   | 0.0108   | 838     | 1.7205  | 61.5  | PASS

[trial=31 seed=73] GLOBAL mode — total_samples=200000
  total: h0=82063 h1=15019
  pooled_train:  n0=1270 n1=1270
  pooled_calib:  n0=1240 n1=1240
  pooled_eval:   n0=1270 n1=1270
  regions (for macro stats only): 1103
[INFO] Cosine baseline routed to direct Hadamard sum (PrecomputedCosine)
[INFO] WeightedEnsemble Cosine judge routed to direct Hadamard sum
  [Ensemble] Judges routed to 'alt' input: PrecomputedCosine
[WeightedEnsemble] Fitted weights (alpha=0.0100, external calib):
  tau=1.7030, Pooled external calib: TPR=0.2645, FPR=0.0097
  PrecomputedCosine   : +0.2042
  PCAWhitenedCosine   : +0.1982
  XGBoost             : +0.4393
  Tiny MLP            : +0.0111
  LDA                 : +0.1471

Method                   | TPR    | FPR    | TrTPR  | TrFPR  | MacroTPR | MacroFPR | Regions | TauMean | ms    | OK? 
---------------------------------------------------------------------------------------------------------------------
Cosine                   | 0.2315 | 0.0165 | 0.2597 | 0.0177 | 0.1894   | 0.0276   | 859     | 1.0000  | 59.1  | FAIL
AndBox-HC                | 0.1386 | 0.0063 | 0.1540 | 0.0097 | 0.0979   | 0.0098   | 859     | 0.0000  | 52.7  | PASS
PCAWhitenedCosine        | 0.2244 | 0.0118 | 0.2395 | 0.0097 | 0.1734   | 0.0181   | 859     | 1.7387  | 52.8  | FAIL
Vec (Wgt)                | 0.2567 | 0.0157 | 0.2831 | 0.0097 | 0.1947   | 0.0270   | 859     | 1.0177  | 52.8  | FAIL
Log Reg                  | 0.0693 | 0.0047 | 0.0766 | 0.0097 | 0.0519   | 0.0063   | 859     | 0.5236  | 65.9  | PASS
LDA                      | 0.1394 | 0.0102 | 0.1540 | 0.0097 | 0.1234   | 0.0178   | 859     | 6.3165  | 58.9  | FAIL
Tiny MLP                 | 0.1827 | 0.0134 | 0.1952 | 0.0097 | 0.1410   | 0.0197   | 859     | 0.9795  | 240.3 | FAIL
MultiProtoCosine         | 0.0291 | 0.0071 | 0.0185 | 0.0097 | 0.0192   | 0.0062   | 859     | 0.9353  | 70.2  | PASS
WeightedEnsemble         | 0.2677 | 0.0142 | 0.2645 | 0.0097 | 0.2061   | 0.0224   | 859     | 1.7030  | 301.3 | FAIL
XGBoost                  | 0.2315 | 0.0071 | 0.2605 | 0.0097 | 0.1879   | 0.0138   | 859     | 0.8005  | 75.3  | PASS
LDA1+LogReg              | 0.0693 | 0.0047 | 0.0766 | 0.0097 | 0.0519   | 0.0063   | 859     | 0.5236  | 60.3  | PASS
PCA16+LogReg             | 0.0693 | 0.0039 | 0.0766 | 0.0097 | 0.0519   | 0.0057   | 859     | 0.5225  | 63.7  | PASS
PCA32+LogReg             | 0.0701 | 0.0047 | 0.0774 | 0.0097 | 0.0523   | 0.0063   | 859     | 0.5225  | 66.1  | PASS
PCA16+VecWeighted        | 0.0165 | 0.0079 | 0.0194 | 0.0097 | 0.0113   | 0.0094   | 859     | 0.0490  | 62.8  | PASS
PCA32+VecWeighted        | 0.0283 | 0.0047 | 0.0258 | 0.0097 | 0.0169   | 0.0103   | 859     | 0.0637  | 65.2  | PASS
StabilizedWhitenedCosine | 0.2142 | 0.0118 | 0.2202 | 0.0097 | 0.1467   | 0.0154   | 859     | 1.7103  | 60.4  | FAIL

[trial=32 seed=74] GLOBAL mode — total_samples=200000
  total: h0=82063 h1=15019
  pooled_train:  n0=1270 n1=1270
  pooled_calib:  n0=1240 n1=1240
  pooled_eval:   n0=1270 n1=1270
  regions (for macro stats only): 1103
[INFO] Cosine baseline routed to direct Hadamard sum (PrecomputedCosine)
[INFO] WeightedEnsemble Cosine judge routed to direct Hadamard sum
  [Ensemble] Judges routed to 'alt' input: PrecomputedCosine
[WeightedEnsemble] Fitted weights (alpha=0.0100, external calib):
  tau=1.3262, Pooled external calib: TPR=0.3097, FPR=0.0097
  PrecomputedCosine   : +0.2161
  PCAWhitenedCosine   : +0.5478
  XGBoost             : +0.0972
  Tiny MLP            : +0.1269
  LDA                 : +0.0120

Method                   | TPR    | FPR    | TrTPR  | TrFPR  | MacroTPR | MacroFPR | Regions | TauMean | ms    | OK? 
---------------------------------------------------------------------------------------------------------------------
Cosine                   | 0.2512 | 0.0157 | 0.2661 | 0.0161 | 0.2246   | 0.0222   | 841     | 1.0000  | 58.5  | FAIL
AndBox-HC                | 0.1717 | 0.0126 | 0.1742 | 0.0097 | 0.1542   | 0.0209   | 841     | 0.0000  | 53.2  | FAIL
PCAWhitenedCosine        | 0.2646 | 0.0181 | 0.2944 | 0.0097 | 0.1977   | 0.0255   | 841     | 1.5854  | 53.8  | FAIL
Vec (Wgt)                | 0.2425 | 0.0173 | 0.2758 | 0.0097 | 0.1876   | 0.0258   | 841     | 1.0140  | 54.6  | FAIL
Log Reg                  | 0.0961 | 0.0173 | 0.1089 | 0.0097 | 0.0839   | 0.0235   | 841     | 0.5217  | 68.4  | FAIL
LDA                      | 0.0874 | 0.0063 | 0.0903 | 0.0097 | 0.0760   | 0.0099   | 841     | 7.2068  | 58.8  | PASS
Tiny MLP                 | 0.1882 | 0.0039 | 0.2000 | 0.0097 | 0.1235   | 0.0076   | 841     | 0.9861  | 219.7 | PASS
MultiProtoCosine         | 0.0354 | 0.0213 | 0.0516 | 0.0097 | 0.0375   | 0.0254   | 841     | 0.9323  | 75.8  | FAIL
WeightedEnsemble         | 0.2835 | 0.0134 | 0.3097 | 0.0097 | 0.2082   | 0.0230   | 841     | 1.3262  | 273.0 | FAIL
XGBoost                  | 0.2339 | 0.0126 | 0.2298 | 0.0097 | 0.1821   | 0.0223   | 841     | 0.8030  | 75.1  | FAIL
LDA1+LogReg              | 0.0961 | 0.0173 | 0.1089 | 0.0097 | 0.0839   | 0.0235   | 841     | 0.5217  | 62.7  | FAIL
PCA16+LogReg             | 0.0984 | 0.0181 | 0.1121 | 0.0097 | 0.0873   | 0.0243   | 841     | 0.5210  | 66.0  | FAIL
PCA32+LogReg             | 0.0969 | 0.0173 | 0.1073 | 0.0097 | 0.0857   | 0.0235   | 841     | 0.5210  | 67.0  | FAIL
PCA16+VecWeighted        | 0.0409 | 0.0197 | 0.0371 | 0.0097 | 0.0420   | 0.0234   | 841     | 0.0380  | 63.5  | FAIL
PCA32+VecWeighted        | 0.0472 | 0.0189 | 0.0516 | 0.0097 | 0.0423   | 0.0181   | 841     | 0.0445  | 65.2  | FAIL
StabilizedWhitenedCosine | 0.2630 | 0.0205 | 0.3089 | 0.0097 | 0.2048   | 0.0314   | 841     | 1.5582  | 62.3  | FAIL

[trial=33 seed=75] GLOBAL mode — total_samples=200000
  total: h0=82063 h1=15019
  pooled_train:  n0=1270 n1=1270
  pooled_calib:  n0=1240 n1=1240
  pooled_eval:   n0=1270 n1=1270
  regions (for macro stats only): 1103
[INFO] Cosine baseline routed to direct Hadamard sum (PrecomputedCosine)
[INFO] WeightedEnsemble Cosine judge routed to direct Hadamard sum
  [Ensemble] Judges routed to 'alt' input: PrecomputedCosine
[WeightedEnsemble] Fitted weights (alpha=0.0100, external calib):
  tau=1.2012, Pooled external calib: TPR=0.3073, FPR=0.0097
  PrecomputedCosine   : +0.5316
  PCAWhitenedCosine   : +0.2031
  XGBoost             : +0.0553
  Tiny MLP            : +0.1785
  LDA                 : +0.0315

Method                   | TPR    | FPR    | TrTPR  | TrFPR  | MacroTPR | MacroFPR | Regions | TauMean | ms    | OK? 
---------------------------------------------------------------------------------------------------------------------
Cosine                   | 0.2575 | 0.0134 | 0.2508 | 0.0185 | 0.2087   | 0.0204   | 857     | 1.0000  | 57.7  | FAIL
AndBox-HC                | 0.1087 | 0.0110 | 0.1210 | 0.0097 | 0.0867   | 0.0153   | 857     | 0.0000  | 59.7  | FAIL
PCAWhitenedCosine        | 0.2669 | 0.0063 | 0.2540 | 0.0097 | 0.1829   | 0.0115   | 857     | 1.7040  | 56.0  | PASS
Vec (Wgt)                | 0.2984 | 0.0118 | 0.2944 | 0.0097 | 0.2262   | 0.0216   | 857     | 1.0062  | 55.1  | FAIL
Log Reg                  | 0.1134 | 0.0094 | 0.1065 | 0.0097 | 0.0852   | 0.0153   | 857     | 0.5171  | 69.5  | PASS
LDA                      | 0.1787 | 0.0047 | 0.1774 | 0.0097 | 0.1399   | 0.0088   | 857     | 5.8094  | 59.8  | PASS
Tiny MLP                 | 0.2472 | 0.0079 | 0.2468 | 0.0097 | 0.1824   | 0.0141   | 857     | 0.9796  | 220.3 | PASS
MultiProtoCosine         | 0.0567 | 0.0039 | 0.0452 | 0.0097 | 0.0386   | 0.0057   | 857     | 0.9333  | 75.3  | PASS
WeightedEnsemble         | 0.3181 | 0.0063 | 0.3073 | 0.0097 | 0.2297   | 0.0115   | 857     | 1.2012  | 268.6 | PASS
XGBoost                  | 0.2496 | 0.0063 | 0.2234 | 0.0097 | 0.1873   | 0.0123   | 857     | 0.7926  | 75.1  | PASS
LDA1+LogReg              | 0.1142 | 0.0094 | 0.1073 | 0.0097 | 0.0871   | 0.0153   | 857     | 0.5171  | 64.3  | PASS
PCA16+LogReg             | 0.1142 | 0.0087 | 0.0992 | 0.0097 | 0.0843   | 0.0144   | 857     | 0.5166  | 68.4  | PASS
PCA32+LogReg             | 0.1126 | 0.0087 | 0.1032 | 0.0097 | 0.0834   | 0.0144   | 857     | 0.5167  | 67.8  | PASS
PCA16+VecWeighted        | 0.0000 | 0.0102 | 0.0000 | 0.0097 | 0.0000   | 0.0009   | 857     | 0.0550  | 63.2  | FAIL
PCA32+VecWeighted        | 0.0063 | 0.0134 | 0.0032 | 0.0097 | 0.0046   | 0.0024   | 857     | 0.0525  | 66.2  | FAIL
StabilizedWhitenedCosine | 0.2457 | 0.0071 | 0.2581 | 0.0097 | 0.1778   | 0.0119   | 857     | 1.6675  | 63.3  | PASS

[trial=34 seed=76] GLOBAL mode — total_samples=200000
  total: h0=82063 h1=15019
  pooled_train:  n0=1270 n1=1270
  pooled_calib:  n0=1240 n1=1240
  pooled_eval:   n0=1270 n1=1270
  regions (for macro stats only): 1103
[INFO] Cosine baseline routed to direct Hadamard sum (PrecomputedCosine)
[INFO] WeightedEnsemble Cosine judge routed to direct Hadamard sum
  [Ensemble] Judges routed to 'alt' input: PrecomputedCosine
[WeightedEnsemble] Fitted weights (alpha=0.0100, external calib):
  tau=1.3871, Pooled external calib: TPR=0.3347, FPR=0.0097
  PrecomputedCosine   : +0.0477
  PCAWhitenedCosine   : +0.4884
  XGBoost             : +0.3290
  Tiny MLP            : +0.0838
  LDA                 : +0.0511

Method                   | TPR    | FPR    | TrTPR  | TrFPR  | MacroTPR | MacroFPR | Regions | TauMean | ms    | OK? 
---------------------------------------------------------------------------------------------------------------------
Cosine                   | 0.2512 | 0.0142 | 0.2597 | 0.0137 | 0.2126   | 0.0215   | 865     | 1.0000  | 78.8  | FAIL
AndBox-HC                | 0.1307 | 0.0094 | 0.1621 | 0.0097 | 0.1138   | 0.0154   | 865     | 0.0000  | 40.6  | PASS
PCAWhitenedCosine        | 0.2803 | 0.0118 | 0.2976 | 0.0097 | 0.2225   | 0.0190   | 865     | 1.6313  | 53.6  | FAIL
Vec (Wgt)                | 0.2630 | 0.0110 | 0.2726 | 0.0097 | 0.1940   | 0.0191   | 865     | 1.0080  | 53.8  | FAIL
Log Reg                  | 0.0945 | 0.0118 | 0.0984 | 0.0097 | 0.0772   | 0.0211   | 865     | 0.5192  | 67.4  | FAIL
LDA                      | 0.1150 | 0.0079 | 0.1073 | 0.0097 | 0.1036   | 0.0148   | 865     | 6.7426  | 61.0  | PASS
Tiny MLP                 | 0.2465 | 0.0079 | 0.2589 | 0.0097 | 0.1901   | 0.0135   | 865     | 0.9675  | 217.1 | PASS
MultiProtoCosine         | 0.0291 | 0.0071 | 0.0306 | 0.0097 | 0.0170   | 0.0082   | 865     | 0.9366  | 73.7  | PASS
WeightedEnsemble         | 0.3386 | 0.0150 | 0.3347 | 0.0097 | 0.2645   | 0.0249   | 865     | 1.3871  | 260.2 | FAIL
XGBoost                  | 0.1866 | 0.0118 | 0.2016 | 0.0089 | 0.1412   | 0.0184   | 865     | 0.8126  | 73.7  | FAIL
LDA1+LogReg              | 0.0945 | 0.0118 | 0.0984 | 0.0097 | 0.0772   | 0.0211   | 865     | 0.5192  | 61.5  | FAIL
PCA16+LogReg             | 0.0953 | 0.0118 | 0.0976 | 0.0097 | 0.0755   | 0.0211   | 865     | 0.5186  | 65.4  | FAIL
PCA32+LogReg             | 0.1000 | 0.0118 | 0.1016 | 0.0097 | 0.0839   | 0.0211   | 865     | 0.5182  | 66.2  | FAIL
PCA16+VecWeighted        | 0.0157 | 0.0079 | 0.0169 | 0.0097 | 0.0092   | 0.0097   | 865     | 0.0420  | 62.8  | PASS
PCA32+VecWeighted        | 0.0150 | 0.0094 | 0.0242 | 0.0097 | 0.0133   | 0.0134   | 865     | 0.0456  | 63.7  | PASS
StabilizedWhitenedCosine | 0.2591 | 0.0110 | 0.2653 | 0.0097 | 0.1968   | 0.0198   | 865     | 1.6445  | 63.7  | FAIL

[trial=35 seed=77] GLOBAL mode — total_samples=200000
  total: h0=82063 h1=15019
  pooled_train:  n0=1270 n1=1270
  pooled_calib:  n0=1240 n1=1240
  pooled_eval:   n0=1270 n1=1270
  regions (for macro stats only): 1103
[INFO] Cosine baseline routed to direct Hadamard sum (PrecomputedCosine)
[INFO] WeightedEnsemble Cosine judge routed to direct Hadamard sum
  [Ensemble] Judges routed to 'alt' input: PrecomputedCosine
[WeightedEnsemble] Fitted weights (alpha=0.0100, external calib):
  tau=0.7818, Pooled external calib: TPR=0.2927, FPR=0.0097
  PrecomputedCosine   : +0.0000
  PCAWhitenedCosine   : +0.0000
  XGBoost             : +1.0000
  Tiny MLP            : +0.0000
  LDA                 : +0.0000

Method                   | TPR    | FPR    | TrTPR  | TrFPR  | MacroTPR | MacroFPR | Regions | TauMean | ms    | OK? 
---------------------------------------------------------------------------------------------------------------------
Cosine                   | 0.2598 | 0.0165 | 0.2403 | 0.0097 | 0.2389   | 0.0222   | 862     | 1.0000  | 58.7  | FAIL
AndBox-HC                | 0.1961 | 0.0118 | 0.1944 | 0.0097 | 0.1724   | 0.0166   | 862     | -0.0000 | 50.5  | FAIL
PCAWhitenedCosine        | 0.1661 | 0.0039 | 0.1702 | 0.0097 | 0.1277   | 0.0060   | 862     | 1.8910  | 54.2  | PASS
Vec (Wgt)                | 0.2606 | 0.0126 | 0.2661 | 0.0097 | 0.1989   | 0.0222   | 862     | 1.0085  | 52.7  | FAIL
Log Reg                  | 0.1150 | 0.0150 | 0.1177 | 0.0097 | 0.0919   | 0.0254   | 862     | 0.5152  | 66.1  | FAIL
LDA                      | 0.1717 | 0.0150 | 0.1653 | 0.0089 | 0.1235   | 0.0252   | 862     | 6.2385  | 59.3  | FAIL
Tiny MLP                 | 0.1803 | 0.0079 | 0.1806 | 0.0097 | 0.1234   | 0.0125   | 862     | 0.9857  | 238.6 | PASS
MultiProtoCosine         | 0.0213 | 0.0071 | 0.0266 | 0.0097 | 0.0182   | 0.0104   | 862     | 0.9355  | 71.7  | PASS
WeightedEnsemble         | 0.2984 | 0.0102 | 0.2927 | 0.0097 | 0.2437   | 0.0161   | 862     | 0.7818  | 286.1 | FAIL
XGBoost                  | 0.2984 | 0.0102 | 0.2927 | 0.0097 | 0.2437   | 0.0161   | 862     | 0.7818  | 73.6  | FAIL
LDA1+LogReg              | 0.1150 | 0.0150 | 0.1177 | 0.0097 | 0.0919   | 0.0254   | 862     | 0.5152  | 61.9  | FAIL
PCA16+LogReg             | 0.1087 | 0.0110 | 0.1105 | 0.0089 | 0.0865   | 0.0193   | 862     | 0.5157  | 64.6  | FAIL
PCA32+LogReg             | 0.1110 | 0.0118 | 0.1153 | 0.0089 | 0.0887   | 0.0210   | 862     | 0.5150  | 65.9  | FAIL
PCA16+VecWeighted        | 0.0551 | 0.0150 | 0.0452 | 0.0097 | 0.0421   | 0.0171   | 862     | 0.0399  | 62.3  | FAIL
PCA32+VecWeighted        | 0.0614 | 0.0150 | 0.0532 | 0.0097 | 0.0464   | 0.0218   | 862     | 0.0439  | 64.1  | FAIL
StabilizedWhitenedCosine | 0.2126 | 0.0087 | 0.2258 | 0.0097 | 0.1534   | 0.0127   | 862     | 1.6712  | 60.9  | PASS

[trial=36 seed=78] GLOBAL mode — total_samples=200000
  total: h0=82063 h1=15019
  pooled_train:  n0=1270 n1=1270
  pooled_calib:  n0=1240 n1=1240
  pooled_eval:   n0=1270 n1=1270
  regions (for macro stats only): 1103
[INFO] Cosine baseline routed to direct Hadamard sum (PrecomputedCosine)
[INFO] WeightedEnsemble Cosine judge routed to direct Hadamard sum
  [Ensemble] Judges routed to 'alt' input: PrecomputedCosine
[WeightedEnsemble] Fitted weights (alpha=0.0100, external calib):
  tau=0.9652, Pooled external calib: TPR=0.2613, FPR=0.0097
  PrecomputedCosine   : +0.0000
  PCAWhitenedCosine   : +0.0000
  XGBoost             : +0.0000
  Tiny MLP            : +1.0000
  LDA                 : +0.0000

Method                   | TPR    | FPR    | TrTPR  | TrFPR  | MacroTPR | MacroFPR | Regions | TauMean | ms    | OK? 
---------------------------------------------------------------------------------------------------------------------
Cosine                   | 0.2465 | 0.0189 | 0.2411 | 0.0226 | 0.1978   | 0.0278   | 861     | 1.0000  | 72.6  | FAIL
AndBox-HC                | 0.1024 | 0.0079 | 0.0992 | 0.0097 | 0.0840   | 0.0088   | 861     | 0.0000  | 46.3  | PASS
PCAWhitenedCosine        | 0.2126 | 0.0047 | 0.2129 | 0.0097 | 0.1502   | 0.0065   | 861     | 1.8400  | 53.2  | PASS
Vec (Wgt)                | 0.1937 | 0.0071 | 0.1903 | 0.0097 | 0.1444   | 0.0103   | 861     | 1.0237  | 54.3  | PASS
Log Reg                  | 0.0724 | 0.0110 | 0.0855 | 0.0097 | 0.0626   | 0.0169   | 861     | 0.5192  | 69.6  | FAIL
LDA                      | 0.1386 | 0.0094 | 0.1177 | 0.0097 | 0.0999   | 0.0152   | 861     | 6.6829  | 60.3  | PASS
Tiny MLP                 | 0.2717 | 0.0071 | 0.2613 | 0.0097 | 0.1834   | 0.0112   | 861     | 0.9652  | 216.0 | PASS
MultiProtoCosine         | 0.0197 | 0.0063 | 0.0242 | 0.0097 | 0.0242   | 0.0109   | 861     | 0.9336  | 71.5  | PASS
WeightedEnsemble         | 0.2717 | 0.0071 | 0.2613 | 0.0097 | 0.1834   | 0.0112   | 861     | 0.9652  | 263.2 | PASS
XGBoost                  | 0.2244 | 0.0039 | 0.2169 | 0.0097 | 0.1544   | 0.0064   | 861     | 0.8041  | 75.5  | PASS
LDA1+LogReg              | 0.0724 | 0.0110 | 0.0831 | 0.0097 | 0.0626   | 0.0169   | 861     | 0.5192  | 61.4  | FAIL
PCA16+LogReg             | 0.0748 | 0.0102 | 0.0806 | 0.0097 | 0.0633   | 0.0163   | 861     | 0.5186  | 65.1  | FAIL
PCA32+LogReg             | 0.0701 | 0.0102 | 0.0774 | 0.0097 | 0.0604   | 0.0163   | 861     | 0.5187  | 65.9  | FAIL
PCA16+VecWeighted        | 0.0268 | 0.0126 | 0.0226 | 0.0097 | 0.0156   | 0.0169   | 861     | 0.0491  | 63.0  | FAIL
PCA32+VecWeighted        | 0.0181 | 0.0165 | 0.0194 | 0.0097 | 0.0110   | 0.0178   | 861     | 0.0544  | 63.8  | FAIL
StabilizedWhitenedCosine | 0.2370 | 0.0063 | 0.2282 | 0.0097 | 0.1793   | 0.0098   | 861     | 1.6657  | 62.1  | PASS

[trial=37 seed=79] GLOBAL mode — total_samples=200000
  total: h0=82063 h1=15019
  pooled_train:  n0=1270 n1=1270
  pooled_calib:  n0=1240 n1=1240
  pooled_eval:   n0=1270 n1=1270
  regions (for macro stats only): 1103
[INFO] Cosine baseline routed to direct Hadamard sum (PrecomputedCosine)
[INFO] WeightedEnsemble Cosine judge routed to direct Hadamard sum
  [Ensemble] Judges routed to 'alt' input: PrecomputedCosine
[WeightedEnsemble] Fitted weights (alpha=0.0100, external calib):
  tau=1.9063, Pooled external calib: TPR=0.3444, FPR=0.0097
  PrecomputedCosine   : +0.2483
  PCAWhitenedCosine   : +0.3105
  XGBoost             : +0.1971
  Tiny MLP            : +0.0346
  LDA                 : +0.2095

Method                   | TPR    | FPR    | TrTPR  | TrFPR  | MacroTPR | MacroFPR | Regions | TauMean | ms    | OK? 
---------------------------------------------------------------------------------------------------------------------
Cosine                   | 0.2591 | 0.0173 | 0.2532 | 0.0169 | 0.2320   | 0.0218   | 857     | 1.0000  | 56.1  | FAIL
AndBox-HC                | 0.1425 | 0.0142 | 0.1258 | 0.0097 | 0.1183   | 0.0174   | 857     | 0.0000  | 53.2  | FAIL
PCAWhitenedCosine        | 0.2701 | 0.0102 | 0.2419 | 0.0097 | 0.1880   | 0.0154   | 857     | 1.7115  | 52.5  | FAIL
Vec (Wgt)                | 0.3079 | 0.0126 | 0.2766 | 0.0097 | 0.2386   | 0.0194   | 857     | 1.0021  | 53.2  | FAIL
Log Reg                  | 0.0717 | 0.0079 | 0.0758 | 0.0097 | 0.0606   | 0.0126   | 857     | 0.5208  | 67.4  | PASS
LDA                      | 0.2701 | 0.0150 | 0.2613 | 0.0097 | 0.1975   | 0.0198   | 857     | 5.7507  | 58.5  | FAIL
Tiny MLP                 | 0.2772 | 0.0102 | 0.2444 | 0.0097 | 0.1969   | 0.0151   | 857     | 0.9656  | 213.8 | FAIL
MultiProtoCosine         | 0.0173 | 0.0087 | 0.0258 | 0.0097 | 0.0221   | 0.0088   | 857     | 0.9354  | 75.1  | PASS
WeightedEnsemble         | 0.3819 | 0.0126 | 0.3444 | 0.0097 | 0.2926   | 0.0189   | 857     | 1.9063  | 259.4 | FAIL
XGBoost                  | 0.3079 | 0.0134 | 0.2968 | 0.0097 | 0.2569   | 0.0235   | 857     | 0.7819  | 73.7  | FAIL
LDA1+LogReg              | 0.0717 | 0.0087 | 0.0758 | 0.0097 | 0.0606   | 0.0134   | 857     | 0.5208  | 61.2  | PASS
PCA16+LogReg             | 0.0772 | 0.0087 | 0.0847 | 0.0097 | 0.0640   | 0.0134   | 857     | 0.5197  | 63.6  | PASS
PCA32+LogReg             | 0.0701 | 0.0071 | 0.0750 | 0.0097 | 0.0578   | 0.0109   | 857     | 0.5202  | 65.8  | PASS
PCA16+VecWeighted        | 0.0701 | 0.0079 | 0.0766 | 0.0097 | 0.0553   | 0.0057   | 857     | 0.0430  | 63.0  | PASS
PCA32+VecWeighted        | 0.0535 | 0.0047 | 0.0508 | 0.0097 | 0.0450   | 0.0029   | 857     | 0.0516  | 63.6  | PASS
StabilizedWhitenedCosine | 0.2583 | 0.0094 | 0.2427 | 0.0097 | 0.1900   | 0.0127   | 857     | 1.6384  | 62.6  | PASS

[trial=38 seed=80] GLOBAL mode — total_samples=200000
  total: h0=82063 h1=15019
  pooled_train:  n0=1270 n1=1270
  pooled_calib:  n0=1240 n1=1240
  pooled_eval:   n0=1270 n1=1270
  regions (for macro stats only): 1103
[INFO] Cosine baseline routed to direct Hadamard sum (PrecomputedCosine)
[INFO] WeightedEnsemble Cosine judge routed to direct Hadamard sum
  [Ensemble] Judges routed to 'alt' input: PrecomputedCosine
[WeightedEnsemble] Fitted weights (alpha=0.0100, external calib):
  tau=0.9800, Pooled external calib: TPR=0.2903, FPR=0.0097
  PrecomputedCosine   : +0.0000
  PCAWhitenedCosine   : +0.0000
  XGBoost             : +0.0000
  Tiny MLP            : +1.0000
  LDA                 : +0.0000

Method                   | TPR    | FPR    | TrTPR  | TrFPR  | MacroTPR | MacroFPR | Regions | TauMean | ms    | OK? 
---------------------------------------------------------------------------------------------------------------------
Cosine                   | 0.2693 | 0.0157 | 0.2379 | 0.0145 | 0.2198   | 0.0248   | 871     | 1.0000  | 55.6  | FAIL
AndBox-HC                | 0.1835 | 0.0134 | 0.1516 | 0.0097 | 0.1645   | 0.0178   | 871     | 0.0000  | 51.7  | FAIL
PCAWhitenedCosine        | 0.2031 | 0.0094 | 0.1855 | 0.0097 | 0.1522   | 0.0134   | 871     | 1.9151  | 55.2  | PASS
Vec (Wgt)                | 0.2228 | 0.0063 | 0.2234 | 0.0097 | 0.1625   | 0.0112   | 871     | 1.0203  | 54.5  | PASS
Log Reg                  | 0.1071 | 0.0087 | 0.1185 | 0.0097 | 0.0850   | 0.0172   | 871     | 0.5174  | 67.0  | PASS
LDA                      | 0.1071 | 0.0047 | 0.0944 | 0.0097 | 0.0835   | 0.0092   | 871     | 7.3662  | 60.4  | PASS
Tiny MLP                 | 0.2819 | 0.0150 | 0.2903 | 0.0097 | 0.2041   | 0.0198   | 871     | 0.9800  | 218.7 | FAIL
MultiProtoCosine         | 0.0339 | 0.0071 | 0.0492 | 0.0097 | 0.0283   | 0.0086   | 871     | 0.9336  | 72.9  | PASS
WeightedEnsemble         | 0.2819 | 0.0150 | 0.2903 | 0.0097 | 0.2041   | 0.0198   | 871     | 0.9800  | 261.6 | FAIL
XGBoost                  | 0.1827 | 0.0071 | 0.1782 | 0.0097 | 0.1339   | 0.0126   | 871     | 0.8216  | 73.9  | PASS
LDA1+LogReg              | 0.1071 | 0.0087 | 0.1185 | 0.0097 | 0.0850   | 0.0172   | 871     | 0.5173  | 62.8  | PASS
PCA16+LogReg             | 0.1055 | 0.0087 | 0.1194 | 0.0097 | 0.0831   | 0.0172   | 871     | 0.5164  | 64.7  | PASS
PCA32+LogReg             | 0.1055 | 0.0087 | 0.1177 | 0.0097 | 0.0848   | 0.0172   | 871     | 0.5167  | 67.0  | PASS
PCA16+VecWeighted        | 0.0039 | 0.0047 | 0.0024 | 0.0097 | 0.0068   | 0.0070   | 871     | 0.0444  | 62.7  | PASS
PCA32+VecWeighted        | 0.0118 | 0.0094 | 0.0081 | 0.0097 | 0.0120   | 0.0091   | 871     | 0.0478  | 63.4  | PASS
StabilizedWhitenedCosine | 0.2732 | 0.0118 | 0.2661 | 0.0097 | 0.1982   | 0.0165   | 871     | 1.6966  | 62.5  | FAIL

[trial=39 seed=81] GLOBAL mode — total_samples=200000
  total: h0=82063 h1=15019
  pooled_train:  n0=1270 n1=1270
  pooled_calib:  n0=1240 n1=1240
  pooled_eval:   n0=1270 n1=1270
  regions (for macro stats only): 1103
[INFO] Cosine baseline routed to direct Hadamard sum (PrecomputedCosine)
[INFO] WeightedEnsemble Cosine judge routed to direct Hadamard sum
  [Ensemble] Judges routed to 'alt' input: PrecomputedCosine
[WeightedEnsemble] Fitted weights (alpha=0.0100, external calib):
  tau=1.1615, Pooled external calib: TPR=0.3395, FPR=0.0097
  PrecomputedCosine   : +0.5316
  PCAWhitenedCosine   : +0.2031
  XGBoost             : +0.0553
  Tiny MLP            : +0.1785
  LDA                 : +0.0315

Method                   | TPR    | FPR    | TrTPR  | TrFPR  | MacroTPR | MacroFPR | Regions | TauMean | ms    | OK? 
---------------------------------------------------------------------------------------------------------------------
Cosine                   | 0.2449 | 0.0134 | 0.2468 | 0.0121 | 0.2162   | 0.0204   | 872     | 1.0000  | 58.6  | FAIL
AndBox-HC                | 0.1732 | 0.0165 | 0.1589 | 0.0097 | 0.1543   | 0.0226   | 872     | 0.0000  | 53.3  | FAIL
PCAWhitenedCosine        | 0.3016 | 0.0150 | 0.2823 | 0.0097 | 0.2216   | 0.0210   | 872     | 1.5638  | 54.1  | FAIL
Vec (Wgt)                | 0.3157 | 0.0157 | 0.3097 | 0.0097 | 0.2361   | 0.0232   | 872     | 1.0058  | 53.5  | FAIL
Log Reg                  | 0.1110 | 0.0134 | 0.0919 | 0.0097 | 0.0882   | 0.0202   | 872     | 0.5171  | 68.4  | FAIL
LDA                      | 0.2307 | 0.0071 | 0.2234 | 0.0097 | 0.1788   | 0.0132   | 872     | 5.9169  | 59.9  | PASS
Tiny MLP                 | 0.2827 | 0.0110 | 0.2629 | 0.0097 | 0.2204   | 0.0206   | 872     | 0.9690  | 213.4 | FAIL
MultiProtoCosine         | 0.0276 | 0.0094 | 0.0282 | 0.0097 | 0.0181   | 0.0092   | 872     | 0.9362  | 69.6  | PASS
WeightedEnsemble         | 0.3787 | 0.0157 | 0.3395 | 0.0097 | 0.2893   | 0.0255   | 872     | 1.1615  | 257.7 | FAIL
XGBoost                  | 0.3213 | 0.0157 | 0.3097 | 0.0097 | 0.2505   | 0.0222   | 872     | 0.7805  | 74.4  | FAIL
LDA1+LogReg              | 0.1110 | 0.0134 | 0.0919 | 0.0097 | 0.0882   | 0.0202   | 872     | 0.5170  | 59.6  | FAIL
PCA16+LogReg             | 0.0992 | 0.0118 | 0.0855 | 0.0097 | 0.0783   | 0.0171   | 872     | 0.5168  | 64.2  | FAIL
PCA32+LogReg             | 0.1102 | 0.0118 | 0.0944 | 0.0097 | 0.0876   | 0.0169   | 872     | 0.5164  | 66.3  | FAIL
PCA16+VecWeighted        | 0.0535 | 0.0134 | 0.0419 | 0.0097 | 0.0428   | 0.0197   | 872     | 0.0467  | 62.8  | FAIL
PCA32+VecWeighted        | 0.0567 | 0.0094 | 0.0387 | 0.0097 | 0.0422   | 0.0129   | 872     | 0.0512  | 70.9  | PASS
StabilizedWhitenedCosine | 0.3000 | 0.0142 | 0.2653 | 0.0097 | 0.2158   | 0.0204   | 872     | 1.5640  | 62.9  | FAIL

[trial=40 seed=82] GLOBAL mode — total_samples=200000
  total: h0=82063 h1=15019
  pooled_train:  n0=1270 n1=1270
  pooled_calib:  n0=1240 n1=1240
  pooled_eval:   n0=1270 n1=1270
  regions (for macro stats only): 1103
[INFO] Cosine baseline routed to direct Hadamard sum (PrecomputedCosine)
[INFO] WeightedEnsemble Cosine judge routed to direct Hadamard sum
  [Ensemble] Judges routed to 'alt' input: PrecomputedCosine
[WeightedEnsemble] Fitted weights (alpha=0.0100, external calib):
  tau=1.0639, Pooled external calib: TPR=0.3347, FPR=0.0097
  PrecomputedCosine   : +0.1369
  PCAWhitenedCosine   : +0.3322
  XGBoost             : +0.4468
  Tiny MLP            : +0.0732
  LDA                 : +0.0110

Method                   | TPR    | FPR    | TrTPR  | TrFPR  | MacroTPR | MacroFPR | Regions | TauMean | ms    | OK? 
---------------------------------------------------------------------------------------------------------------------
Cosine                   | 0.2370 | 0.0157 | 0.2266 | 0.0161 | 0.2019   | 0.0237   | 866     | 1.0000  | 57.8  | FAIL
AndBox-HC                | 0.1157 | 0.0055 | 0.1137 | 0.0097 | 0.0884   | 0.0074   | 866     | 0.0000  | 58.1  | PASS
PCAWhitenedCosine        | 0.2732 | 0.0094 | 0.2758 | 0.0097 | 0.1986   | 0.0189   | 866     | 1.5899  | 53.3  | PASS
Vec (Wgt)                | 0.2197 | 0.0079 | 0.2040 | 0.0097 | 0.1674   | 0.0123   | 866     | 1.0207  | 53.1  | PASS
Log Reg                  | 0.1079 | 0.0150 | 0.1008 | 0.0097 | 0.1019   | 0.0236   | 866     | 0.5168  | 67.8  | FAIL
LDA                      | 0.1496 | 0.0094 | 0.1323 | 0.0097 | 0.1226   | 0.0180   | 866     | 6.0451  | 58.7  | PASS
Tiny MLP                 | 0.2142 | 0.0071 | 0.2048 | 0.0097 | 0.1580   | 0.0129   | 866     | 0.9637  | 213.7 | PASS
MultiProtoCosine         | 0.0197 | 0.0118 | 0.0258 | 0.0097 | 0.0211   | 0.0134   | 866     | 0.9361  | 72.2  | FAIL
WeightedEnsemble         | 0.3425 | 0.0094 | 0.3347 | 0.0097 | 0.2547   | 0.0172   | 866     | 1.0639  | 266.6 | PASS
XGBoost                  | 0.2724 | 0.0102 | 0.2718 | 0.0097 | 0.2166   | 0.0197   | 866     | 0.7874  | 73.8  | FAIL
LDA1+LogReg              | 0.1079 | 0.0150 | 0.1008 | 0.0097 | 0.1019   | 0.0236   | 866     | 0.5167  | 60.1  | FAIL
PCA16+LogReg             | 0.1039 | 0.0102 | 0.0944 | 0.0097 | 0.0994   | 0.0176   | 866     | 0.5164  | 64.0  | FAIL
PCA32+LogReg             | 0.0961 | 0.0118 | 0.0887 | 0.0097 | 0.0922   | 0.0190   | 866     | 0.5166  | 65.1  | FAIL
PCA16+VecWeighted        | 0.0283 | 0.0110 | 0.0290 | 0.0097 | 0.0328   | 0.0138   | 866     | 0.0377  | 61.5  | FAIL
PCA32+VecWeighted        | 0.0299 | 0.0110 | 0.0323 | 0.0097 | 0.0253   | 0.0122   | 866     | 0.0462  | 63.1  | FAIL
StabilizedWhitenedCosine | 0.2480 | 0.0071 | 0.2435 | 0.0097 | 0.1772   | 0.0129   | 866     | 1.5783  | 61.8  | PASS

[trial=41 seed=83] GLOBAL mode — total_samples=200000
  total: h0=82063 h1=15019
  pooled_train:  n0=1270 n1=1270
  pooled_calib:  n0=1240 n1=1240
  pooled_eval:   n0=1270 n1=1270
  regions (for macro stats only): 1103
[INFO] Cosine baseline routed to direct Hadamard sum (PrecomputedCosine)
[INFO] WeightedEnsemble Cosine judge routed to direct Hadamard sum
  [Ensemble] Judges routed to 'alt' input: PrecomputedCosine
[WeightedEnsemble] Fitted weights (alpha=0.0100, external calib):
  tau=1.1245, Pooled external calib: TPR=0.3008, FPR=0.0097
  PrecomputedCosine   : +0.1369
  PCAWhitenedCosine   : +0.3322
  XGBoost             : +0.4468
  Tiny MLP            : +0.0732
  LDA                 : +0.0110

Method                   | TPR    | FPR    | TrTPR  | TrFPR  | MacroTPR | MacroFPR | Regions | TauMean | ms    | OK? 
---------------------------------------------------------------------------------------------------------------------
Cosine                   | 0.2362 | 0.0126 | 0.2411 | 0.0185 | 0.1999   | 0.0247   | 859     | 1.0000  | 58.4  | FAIL
AndBox-HC                | 0.1008 | 0.0063 | 0.1121 | 0.0097 | 0.0834   | 0.0102   | 859     | 0.0000  | 51.9  | PASS
PCAWhitenedCosine        | 0.2890 | 0.0047 | 0.2734 | 0.0097 | 0.1963   | 0.0085   | 859     | 1.6684  | 54.6  | PASS
Vec (Wgt)                | 0.2213 | 0.0047 | 0.2210 | 0.0097 | 0.1602   | 0.0094   | 859     | 1.0161  | 54.1  | PASS
Log Reg                  | 0.0756 | 0.0063 | 0.0661 | 0.0097 | 0.0537   | 0.0088   | 859     | 0.5206  | 67.6  | PASS
LDA                      | 0.1189 | 0.0039 | 0.1234 | 0.0097 | 0.0932   | 0.0085   | 859     | 6.2375  | 58.6  | PASS
Tiny MLP                 | 0.2000 | 0.0047 | 0.1879 | 0.0097 | 0.1379   | 0.0102   | 859     | 0.9891  | 267.6 | PASS
MultiProtoCosine         | 0.0362 | 0.0079 | 0.0258 | 0.0097 | 0.0187   | 0.0061   | 859     | 0.9358  | 73.4  | PASS
WeightedEnsemble         | 0.3244 | 0.0031 | 0.3008 | 0.0097 | 0.2283   | 0.0060   | 859     | 1.1245  | 311.9 | PASS
XGBoost                  | 0.2244 | 0.0039 | 0.2266 | 0.0097 | 0.1749   | 0.0057   | 859     | 0.7953  | 74.0  | PASS
LDA1+LogReg              | 0.0780 | 0.0063 | 0.0677 | 0.0097 | 0.0556   | 0.0088   | 859     | 0.5206  | 61.6  | PASS
PCA16+LogReg             | 0.0811 | 0.0063 | 0.0710 | 0.0097 | 0.0580   | 0.0088   | 859     | 0.5196  | 64.2  | PASS
PCA32+LogReg             | 0.0764 | 0.0063 | 0.0669 | 0.0097 | 0.0553   | 0.0088   | 859     | 0.5201  | 66.6  | PASS
PCA16+VecWeighted        | 0.0378 | 0.0079 | 0.0282 | 0.0097 | 0.0286   | 0.0129   | 859     | 0.0365  | 62.5  | PASS
PCA32+VecWeighted        | 0.0441 | 0.0071 | 0.0347 | 0.0097 | 0.0341   | 0.0088   | 859     | 0.0443  | 64.5  | PASS
StabilizedWhitenedCosine | 0.2425 | 0.0047 | 0.2363 | 0.0097 | 0.1712   | 0.0085   | 859     | 1.6958  | 61.9  | PASS

[trial=42 seed=84] GLOBAL mode — total_samples=200000
  total: h0=82063 h1=15019
  pooled_train:  n0=1270 n1=1270
  pooled_calib:  n0=1240 n1=1240
  pooled_eval:   n0=1270 n1=1270
  regions (for macro stats only): 1103
[INFO] Cosine baseline routed to direct Hadamard sum (PrecomputedCosine)
[INFO] WeightedEnsemble Cosine judge routed to direct Hadamard sum
  [Ensemble] Judges routed to 'alt' input: PrecomputedCosine
[WeightedEnsemble] Fitted weights (alpha=0.0100, external calib):
  tau=1.2368, Pooled external calib: TPR=0.2847, FPR=0.0097
  PrecomputedCosine   : +0.1924
  PCAWhitenedCosine   : +0.3042
  XGBoost             : +0.0704
  Tiny MLP            : +0.4126
  LDA                 : +0.0204

Method                   | TPR    | FPR    | TrTPR  | TrFPR  | MacroTPR | MacroFPR | Regions | TauMean | ms    | OK? 
---------------------------------------------------------------------------------------------------------------------
Cosine                   | 0.2677 | 0.0118 | 0.2435 | 0.0161 | 0.2270   | 0.0191   | 866     | 1.0000  | 58.9  | FAIL
AndBox-HC                | 0.1150 | 0.0079 | 0.1129 | 0.0097 | 0.1050   | 0.0123   | 866     | 0.0000  | 52.1  | PASS
PCAWhitenedCosine        | 0.2205 | 0.0118 | 0.2032 | 0.0097 | 0.1571   | 0.0167   | 866     | 1.8038  | 54.0  | FAIL
Vec (Wgt)                | 0.2063 | 0.0055 | 0.2145 | 0.0097 | 0.1477   | 0.0093   | 866     | 1.0223  | 55.0  | PASS
Log Reg                  | 0.0850 | 0.0087 | 0.0855 | 0.0097 | 0.0719   | 0.0141   | 866     | 0.5186  | 70.8  | PASS
LDA                      | 0.0890 | 0.0094 | 0.0823 | 0.0097 | 0.0875   | 0.0119   | 866     | 6.7705  | 60.0  | PASS
Tiny MLP                 | 0.2354 | 0.0150 | 0.2290 | 0.0097 | 0.1817   | 0.0190   | 866     | 0.9879  | 241.4 | FAIL
MultiProtoCosine         | 0.0205 | 0.0063 | 0.0137 | 0.0097 | 0.0180   | 0.0078   | 866     | 0.9356  | 73.3  | PASS
WeightedEnsemble         | 0.3000 | 0.0157 | 0.2847 | 0.0097 | 0.2314   | 0.0214   | 866     | 1.2368  | 286.1 | FAIL
XGBoost                  | 0.1969 | 0.0071 | 0.1831 | 0.0097 | 0.1548   | 0.0115   | 866     | 0.8091  | 75.2  | PASS
LDA1+LogReg              | 0.0850 | 0.0079 | 0.0855 | 0.0097 | 0.0719   | 0.0136   | 866     | 0.5187  | 62.8  | PASS
PCA16+LogReg             | 0.0929 | 0.0071 | 0.0911 | 0.0097 | 0.0778   | 0.0119   | 866     | 0.5177  | 65.1  | PASS
PCA32+LogReg             | 0.0953 | 0.0079 | 0.0944 | 0.0097 | 0.0778   | 0.0136   | 866     | 0.5176  | 68.3  | PASS
PCA16+VecWeighted        | 0.0433 | 0.0118 | 0.0460 | 0.0097 | 0.0338   | 0.0126   | 866     | 0.0431  | 63.6  | FAIL
PCA32+VecWeighted        | 0.0425 | 0.0094 | 0.0500 | 0.0097 | 0.0325   | 0.0097   | 866     | 0.0498  | 64.0  | PASS
StabilizedWhitenedCosine | 0.2449 | 0.0142 | 0.2371 | 0.0089 | 0.1741   | 0.0216   | 866     | 1.6570  | 61.1  | FAIL

[trial=43 seed=85] GLOBAL mode — total_samples=200000
  total: h0=82063 h1=15019
  pooled_train:  n0=1270 n1=1270
  pooled_calib:  n0=1240 n1=1240
  pooled_eval:   n0=1270 n1=1270
  regions (for macro stats only): 1103
[INFO] Cosine baseline routed to direct Hadamard sum (PrecomputedCosine)
[INFO] WeightedEnsemble Cosine judge routed to direct Hadamard sum
  [Ensemble] Judges routed to 'alt' input: PrecomputedCosine
[WeightedEnsemble] Fitted weights (alpha=0.0100, external calib):
  tau=1.1622, Pooled external calib: TPR=0.3363, FPR=0.0097
  PrecomputedCosine   : +0.5316
  PCAWhitenedCosine   : +0.2031
  XGBoost             : +0.0553
  Tiny MLP            : +0.1785
  LDA                 : +0.0315

Method                   | TPR    | FPR    | TrTPR  | TrFPR  | MacroTPR | MacroFPR | Regions | TauMean | ms    | OK? 
---------------------------------------------------------------------------------------------------------------------
Cosine                   | 0.2591 | 0.0134 | 0.2661 | 0.0145 | 0.2109   | 0.0212   | 849     | 1.0000  | 61.1  | FAIL
AndBox-HC                | 0.2000 | 0.0110 | 0.2016 | 0.0097 | 0.1608   | 0.0149   | 849     | 0.0000  | 51.2  | FAIL
PCAWhitenedCosine        | 0.2929 | 0.0126 | 0.2790 | 0.0097 | 0.2074   | 0.0158   | 849     | 1.5728  | 51.4  | FAIL
Vec (Wgt)                | 0.2583 | 0.0102 | 0.2556 | 0.0097 | 0.1749   | 0.0183   | 849     | 1.0116  | 51.5  | FAIL
Log Reg                  | 0.0992 | 0.0079 | 0.1097 | 0.0097 | 0.0787   | 0.0167   | 849     | 0.5164  | 65.4  | PASS
LDA                      | 0.2583 | 0.0142 | 0.2702 | 0.0097 | 0.1875   | 0.0200   | 849     | 5.1155  | 57.2  | FAIL
Tiny MLP                 | 0.2268 | 0.0071 | 0.2210 | 0.0097 | 0.1529   | 0.0120   | 849     | 0.9643  | 215.0 | PASS
MultiProtoCosine         | 0.0244 | 0.0087 | 0.0242 | 0.0097 | 0.0179   | 0.0089   | 849     | 0.9378  | 72.1  | PASS
WeightedEnsemble         | 0.3228 | 0.0142 | 0.3363 | 0.0097 | 0.2321   | 0.0204   | 849     | 1.1622  | 259.2 | FAIL
XGBoost                  | 0.2661 | 0.0071 | 0.2581 | 0.0089 | 0.2033   | 0.0088   | 849     | 0.7897  | 74.5  | PASS
LDA1+LogReg              | 0.0992 | 0.0079 | 0.1097 | 0.0097 | 0.0787   | 0.0167   | 849     | 0.5165  | 61.5  | PASS
PCA16+LogReg             | 0.1024 | 0.0079 | 0.1137 | 0.0097 | 0.0815   | 0.0167   | 849     | 0.5159  | 64.1  | PASS
PCA32+LogReg             | 0.0992 | 0.0079 | 0.1105 | 0.0097 | 0.0777   | 0.0167   | 849     | 0.5160  | 66.4  | PASS
PCA16+VecWeighted        | 0.0189 | 0.0063 | 0.0210 | 0.0097 | 0.0189   | 0.0115   | 849     | 0.0442  | 62.4  | PASS
PCA32+VecWeighted        | 0.0071 | 0.0063 | 0.0121 | 0.0097 | 0.0057   | 0.0087   | 849     | 0.0530  | 64.8  | PASS
StabilizedWhitenedCosine | 0.3307 | 0.0102 | 0.3105 | 0.0097 | 0.2440   | 0.0167   | 849     | 1.4066  | 60.3  | FAIL

[trial=44 seed=86] GLOBAL mode — total_samples=200000
  total: h0=82063 h1=15019
  pooled_train:  n0=1270 n1=1270
  pooled_calib:  n0=1240 n1=1240
  pooled_eval:   n0=1270 n1=1270
  regions (for macro stats only): 1103
[INFO] Cosine baseline routed to direct Hadamard sum (PrecomputedCosine)
[INFO] WeightedEnsemble Cosine judge routed to direct Hadamard sum
  [Ensemble] Judges routed to 'alt' input: PrecomputedCosine
[WeightedEnsemble] Fitted weights (alpha=0.0100, external calib):
  tau=1.0657, Pooled external calib: TPR=0.3048, FPR=0.0097
  PrecomputedCosine   : +0.4364
  PCAWhitenedCosine   : +0.0571
  XGBoost             : +0.1048
  Tiny MLP            : +0.3819
  LDA                 : +0.0199

Method                   | TPR    | FPR    | TrTPR  | TrFPR  | MacroTPR | MacroFPR | Regions | TauMean | ms    | OK? 
---------------------------------------------------------------------------------------------------------------------
Cosine                   | 0.2591 | 0.0150 | 0.2524 | 0.0153 | 0.2193   | 0.0246   | 852     | 1.0000  | 57.4  | FAIL
AndBox-HC                | 0.1394 | 0.0087 | 0.1339 | 0.0097 | 0.1222   | 0.0123   | 852     | 0.0000  | 51.0  | PASS
PCAWhitenedCosine        | 0.2559 | 0.0087 | 0.2710 | 0.0097 | 0.2033   | 0.0140   | 852     | 1.6433  | 52.0  | PASS
Vec (Wgt)                | 0.2677 | 0.0110 | 0.2782 | 0.0097 | 0.1961   | 0.0190   | 852     | 1.0092  | 52.0  | FAIL
Log Reg                  | 0.0835 | 0.0094 | 0.0774 | 0.0097 | 0.0690   | 0.0158   | 852     | 0.5190  | 66.2  | PASS
LDA                      | 0.1031 | 0.0079 | 0.1202 | 0.0097 | 0.0858   | 0.0145   | 852     | 6.7118  | 58.2  | PASS
Tiny MLP                 | 0.2031 | 0.0063 | 0.2315 | 0.0097 | 0.1564   | 0.0123   | 852     | 0.9762  | 217.9 | PASS
MultiProtoCosine         | 0.0110 | 0.0031 | 0.0129 | 0.0097 | 0.0096   | 0.0061   | 852     | 0.9378  | 72.7  | PASS
WeightedEnsemble         | 0.2850 | 0.0102 | 0.3048 | 0.0097 | 0.2244   | 0.0180   | 852     | 1.0657  | 260.4 | FAIL
XGBoost                  | 0.2339 | 0.0126 | 0.2411 | 0.0097 | 0.1735   | 0.0204   | 852     | 0.8016  | 76.2  | FAIL
LDA1+LogReg              | 0.0835 | 0.0094 | 0.0774 | 0.0097 | 0.0690   | 0.0158   | 852     | 0.5190  | 58.2  | PASS
PCA16+LogReg             | 0.0945 | 0.0110 | 0.0831 | 0.0097 | 0.0795   | 0.0193   | 852     | 0.5179  | 61.4  | FAIL
PCA32+LogReg             | 0.0929 | 0.0102 | 0.0831 | 0.0097 | 0.0768   | 0.0184   | 852     | 0.5179  | 62.8  | FAIL
PCA16+VecWeighted        | 0.0465 | 0.0102 | 0.0581 | 0.0097 | 0.0330   | 0.0111   | 852     | 0.0420  | 58.3  | FAIL
PCA32+VecWeighted        | 0.0520 | 0.0087 | 0.0597 | 0.0097 | 0.0453   | 0.0120   | 852     | 0.0441  | 60.1  | PASS
StabilizedWhitenedCosine | 0.2969 | 0.0126 | 0.3194 | 0.0097 | 0.2371   | 0.0199   | 852     | 1.4814  | 60.4  | FAIL

[trial=45 seed=87] GLOBAL mode — total_samples=200000
  total: h0=82063 h1=15019
  pooled_train:  n0=1270 n1=1270
  pooled_calib:  n0=1240 n1=1240
  pooled_eval:   n0=1270 n1=1270
  regions (for macro stats only): 1103
[INFO] Cosine baseline routed to direct Hadamard sum (PrecomputedCosine)
[INFO] WeightedEnsemble Cosine judge routed to direct Hadamard sum
  [Ensemble] Judges routed to 'alt' input: PrecomputedCosine
[WeightedEnsemble] Fitted weights (alpha=0.0100, external calib):
  tau=1.3492, Pooled external calib: TPR=0.3323, FPR=0.0097
  PrecomputedCosine   : +0.3246
  PCAWhitenedCosine   : +0.1636
  XGBoost             : +0.2291
  Tiny MLP            : +0.2081
  LDA                 : +0.0747

Method                   | TPR    | FPR    | TrTPR  | TrFPR  | MacroTPR | MacroFPR | Regions | TauMean | ms    | OK? 
---------------------------------------------------------------------------------------------------------------------
Cosine                   | 0.2449 | 0.0134 | 0.2444 | 0.0129 | 0.2137   | 0.0215   | 857     | 1.0000  | 82.0  | FAIL
AndBox-HC                | 0.1583 | 0.0126 | 0.1669 | 0.0097 | 0.1520   | 0.0154   | 857     | 0.0000  | 39.9  | FAIL
PCAWhitenedCosine        | 0.2425 | 0.0142 | 0.2605 | 0.0097 | 0.1742   | 0.0192   | 857     | 1.7898  | 54.4  | FAIL
Vec (Wgt)                | 0.3024 | 0.0142 | 0.3266 | 0.0097 | 0.2426   | 0.0223   | 857     | 1.0011  | 53.0  | FAIL
Log Reg                  | 0.1142 | 0.0142 | 0.1097 | 0.0097 | 0.0885   | 0.0200   | 857     | 0.5186  | 66.1  | FAIL
LDA                      | 0.1764 | 0.0110 | 0.1710 | 0.0097 | 0.1442   | 0.0167   | 857     | 6.1730  | 58.2  | FAIL
Tiny MLP                 | 0.2087 | 0.0142 | 0.2137 | 0.0097 | 0.1553   | 0.0229   | 857     | 0.9856  | 212.0 | FAIL
MultiProtoCosine         | 0.0394 | 0.0110 | 0.0210 | 0.0097 | 0.0252   | 0.0112   | 857     | 0.9322  | 72.4  | FAIL
WeightedEnsemble         | 0.3071 | 0.0126 | 0.3323 | 0.0097 | 0.2401   | 0.0198   | 857     | 1.3492  | 257.1 | FAIL
XGBoost                  | 0.2898 | 0.0126 | 0.3000 | 0.0081 | 0.2399   | 0.0163   | 857     | 0.7905  | 74.4  | FAIL
LDA1+LogReg              | 0.1142 | 0.0142 | 0.1097 | 0.0097 | 0.0885   | 0.0200   | 857     | 0.5186  | 61.6  | FAIL
PCA16+LogReg             | 0.1094 | 0.0134 | 0.1032 | 0.0097 | 0.0817   | 0.0194   | 857     | 0.5188  | 63.8  | FAIL
PCA32+LogReg             | 0.1150 | 0.0142 | 0.1121 | 0.0097 | 0.0903   | 0.0200   | 857     | 0.5179  | 65.6  | FAIL
PCA16+VecWeighted        | 0.0299 | 0.0110 | 0.0218 | 0.0097 | 0.0231   | 0.0120   | 857     | 0.0388  | 62.3  | FAIL
PCA32+VecWeighted        | 0.0457 | 0.0079 | 0.0435 | 0.0097 | 0.0316   | 0.0075   | 857     | 0.0444  | 63.2  | PASS
StabilizedWhitenedCosine | 0.2638 | 0.0181 | 0.2984 | 0.0097 | 0.1948   | 0.0264   | 857     | 1.5615  | 60.4  | FAIL

[trial=46 seed=88] GLOBAL mode — total_samples=200000
  total: h0=82063 h1=15019
  pooled_train:  n0=1270 n1=1270
  pooled_calib:  n0=1240 n1=1240
  pooled_eval:   n0=1270 n1=1270
  regions (for macro stats only): 1103
[INFO] Cosine baseline routed to direct Hadamard sum (PrecomputedCosine)
[INFO] WeightedEnsemble Cosine judge routed to direct Hadamard sum
  [Ensemble] Judges routed to 'alt' input: PrecomputedCosine
[WeightedEnsemble] Fitted weights (alpha=0.0100, external calib):
  tau=1.0654, Pooled external calib: TPR=0.3242, FPR=0.0097
  PrecomputedCosine   : +0.4364
  PCAWhitenedCosine   : +0.0571
  XGBoost             : +0.1048
  Tiny MLP            : +0.3819
  LDA                 : +0.0199

Method                   | TPR    | FPR    | TrTPR  | TrFPR  | MacroTPR | MacroFPR | Regions | TauMean | ms    | OK? 
---------------------------------------------------------------------------------------------------------------------
Cosine                   | 0.2520 | 0.0110 | 0.2685 | 0.0129 | 0.2254   | 0.0200   | 866     | 1.0000  | 53.2  | FAIL
AndBox-HC                | 0.2047 | 0.0118 | 0.1976 | 0.0097 | 0.1726   | 0.0177   | 866     | 0.0000  | 53.4  | FAIL
PCAWhitenedCosine        | 0.2417 | 0.0055 | 0.2524 | 0.0097 | 0.1855   | 0.0096   | 866     | 1.7464  | 52.6  | PASS
Vec (Wgt)                | 0.2173 | 0.0079 | 0.2177 | 0.0097 | 0.1557   | 0.0148   | 866     | 1.0203  | 55.7  | PASS
Log Reg                  | 0.0654 | 0.0047 | 0.0637 | 0.0097 | 0.0479   | 0.0074   | 866     | 0.5235  | 67.4  | PASS
LDA                      | 0.1520 | 0.0094 | 0.1589 | 0.0097 | 0.1201   | 0.0171   | 866     | 6.5823  | 58.8  | PASS
Tiny MLP                 | 0.1976 | 0.0047 | 0.2048 | 0.0097 | 0.1474   | 0.0096   | 866     | 0.9781  | 215.6 | PASS
MultiProtoCosine         | 0.0205 | 0.0047 | 0.0234 | 0.0097 | 0.0139   | 0.0057   | 866     | 0.9353  | 70.1  | PASS
WeightedEnsemble         | 0.3165 | 0.0063 | 0.3242 | 0.0097 | 0.2432   | 0.0122   | 866     | 1.0654  | 258.5 | PASS
XGBoost                  | 0.2276 | 0.0055 | 0.2419 | 0.0097 | 0.1712   | 0.0096   | 866     | 0.8016  | 73.7  | PASS
LDA1+LogReg              | 0.0654 | 0.0047 | 0.0637 | 0.0097 | 0.0479   | 0.0074   | 866     | 0.5234  | 61.9  | PASS
PCA16+LogReg             | 0.0669 | 0.0047 | 0.0653 | 0.0097 | 0.0494   | 0.0074   | 866     | 0.5224  | 65.9  | PASS
PCA32+LogReg             | 0.0669 | 0.0047 | 0.0653 | 0.0097 | 0.0494   | 0.0074   | 866     | 0.5224  | 65.6  | PASS
PCA16+VecWeighted        | 0.0417 | 0.0047 | 0.0419 | 0.0097 | 0.0366   | 0.0087   | 866     | 0.0389  | 63.1  | PASS
PCA32+VecWeighted        | 0.0378 | 0.0047 | 0.0452 | 0.0097 | 0.0315   | 0.0087   | 866     | 0.0486  | 63.0  | PASS
StabilizedWhitenedCosine | 0.2811 | 0.0071 | 0.2944 | 0.0097 | 0.2118   | 0.0122   | 866     | 1.4914  | 61.2  | PASS

[trial=47 seed=89] GLOBAL mode — total_samples=200000
  total: h0=82063 h1=15019
  pooled_train:  n0=1270 n1=1270
  pooled_calib:  n0=1240 n1=1240
  pooled_eval:   n0=1270 n1=1270
  regions (for macro stats only): 1103
[INFO] Cosine baseline routed to direct Hadamard sum (PrecomputedCosine)
[INFO] WeightedEnsemble Cosine judge routed to direct Hadamard sum
  [Ensemble] Judges routed to 'alt' input: PrecomputedCosine
[WeightedEnsemble] Fitted weights (alpha=0.0100, external calib):
  tau=1.1504, Pooled external calib: TPR=0.3177, FPR=0.0097
  PrecomputedCosine   : +0.2204
  PCAWhitenedCosine   : +0.3145
  XGBoost             : +0.1972
  Tiny MLP            : +0.2559
  LDA                 : +0.0120

Method                   | TPR    | FPR    | TrTPR  | TrFPR  | MacroTPR | MacroFPR | Regions | TauMean | ms    | OK? 
---------------------------------------------------------------------------------------------------------------------
Cosine                   | 0.2654 | 0.0189 | 0.2581 | 0.0105 | 0.2277   | 0.0212   | 870     | 1.0000  | 90.3  | FAIL
AndBox-HC                | 0.2063 | 0.0213 | 0.2169 | 0.0097 | 0.1901   | 0.0273   | 870     | 0.0000  | 35.6  | FAIL
PCAWhitenedCosine        | 0.3063 | 0.0110 | 0.2919 | 0.0097 | 0.2342   | 0.0191   | 870     | 1.5972  | 53.2  | FAIL
Vec (Wgt)                | 0.2669 | 0.0189 | 0.2629 | 0.0097 | 0.1970   | 0.0310   | 870     | 1.0087  | 53.2  | FAIL
Log Reg                  | 0.1031 | 0.0134 | 0.1073 | 0.0097 | 0.0805   | 0.0209   | 870     | 0.5190  | 66.5  | FAIL
LDA                      | 0.1441 | 0.0157 | 0.1492 | 0.0097 | 0.1241   | 0.0202   | 870     | 6.7372  | 59.6  | FAIL
Tiny MLP                 | 0.2780 | 0.0157 | 0.2645 | 0.0097 | 0.2045   | 0.0233   | 870     | 0.9645  | 214.2 | FAIL
MultiProtoCosine         | 0.0291 | 0.0142 | 0.0331 | 0.0097 | 0.0146   | 0.0118   | 870     | 0.9335  | 74.5  | FAIL
WeightedEnsemble         | 0.3283 | 0.0118 | 0.3177 | 0.0097 | 0.2503   | 0.0195   | 870     | 1.1504  | 263.5 | FAIL
XGBoost                  | 0.2260 | 0.0102 | 0.2355 | 0.0097 | 0.1747   | 0.0154   | 870     | 0.8133  | 74.3  | FAIL
LDA1+LogReg              | 0.1055 | 0.0134 | 0.1105 | 0.0097 | 0.0824   | 0.0209   | 870     | 0.5190  | 62.6  | FAIL
PCA16+LogReg             | 0.1000 | 0.0102 | 0.1000 | 0.0097 | 0.0741   | 0.0166   | 870     | 0.5189  | 64.7  | FAIL
PCA32+LogReg             | 0.1047 | 0.0118 | 0.1089 | 0.0097 | 0.0824   | 0.0188   | 870     | 0.5184  | 66.7  | FAIL
PCA16+VecWeighted        | 0.0339 | 0.0118 | 0.0290 | 0.0097 | 0.0266   | 0.0116   | 870     | 0.0388  | 62.5  | FAIL
PCA32+VecWeighted        | 0.0346 | 0.0118 | 0.0347 | 0.0097 | 0.0290   | 0.0161   | 870     | 0.0463  | 65.8  | FAIL
StabilizedWhitenedCosine | 0.2898 | 0.0126 | 0.2750 | 0.0097 | 0.2166   | 0.0198   | 870     | 1.5944  | 66.1  | FAIL

[trial=48 seed=90] GLOBAL mode — total_samples=200000
  total: h0=82063 h1=15019
  pooled_train:  n0=1270 n1=1270
  pooled_calib:  n0=1240 n1=1240
  pooled_eval:   n0=1270 n1=1270
  regions (for macro stats only): 1103
[INFO] Cosine baseline routed to direct Hadamard sum (PrecomputedCosine)
[INFO] WeightedEnsemble Cosine judge routed to direct Hadamard sum
  [Ensemble] Judges routed to 'alt' input: PrecomputedCosine
[WeightedEnsemble] Fitted weights (alpha=0.0100, external calib):
  tau=0.8004, Pooled external calib: TPR=0.2315, FPR=0.0097
  PrecomputedCosine   : +0.0000
  PCAWhitenedCosine   : +0.0000
  XGBoost             : +1.0000
  Tiny MLP            : +0.0000
  LDA                 : +0.0000

Method                   | TPR    | FPR    | TrTPR  | TrFPR  | MacroTPR | MacroFPR | Regions | TauMean | ms    | OK? 
---------------------------------------------------------------------------------------------------------------------
Cosine                   | 0.2457 | 0.0157 | 0.2339 | 0.0161 | 0.2047   | 0.0220   | 861     | 1.0000  | 56.8  | FAIL
AndBox-HC                | 0.1480 | 0.0126 | 0.1661 | 0.0097 | 0.1418   | 0.0191   | 861     | 0.0000  | 51.8  | FAIL
PCAWhitenedCosine        | 0.2087 | 0.0094 | 0.1952 | 0.0097 | 0.1651   | 0.0128   | 861     | 1.8299  | 53.0  | PASS
Vec (Wgt)                | 0.1370 | 0.0094 | 0.1444 | 0.0097 | 0.1167   | 0.0155   | 861     | 1.0316  | 52.7  | PASS
Log Reg                  | 0.0622 | 0.0094 | 0.0685 | 0.0097 | 0.0573   | 0.0161   | 861     | 0.5201  | 66.5  | PASS
LDA                      | 0.0787 | 0.0087 | 0.0766 | 0.0097 | 0.0636   | 0.0118   | 861     | 7.2616  | 58.4  | PASS
Tiny MLP                 | 0.1480 | 0.0079 | 0.1315 | 0.0097 | 0.0980   | 0.0115   | 861     | 0.9915  | 212.3 | PASS
MultiProtoCosine         | 0.0220 | 0.0055 | 0.0210 | 0.0097 | 0.0215   | 0.0043   | 861     | 0.9365  | 76.6  | PASS
WeightedEnsemble         | 0.2236 | 0.0126 | 0.2315 | 0.0097 | 0.1759   | 0.0202   | 861     | 0.8004  | 265.6 | FAIL
XGBoost                  | 0.2236 | 0.0126 | 0.2315 | 0.0097 | 0.1759   | 0.0202   | 861     | 0.8004  | 74.5  | FAIL
LDA1+LogReg              | 0.0646 | 0.0094 | 0.0694 | 0.0097 | 0.0591   | 0.0161   | 861     | 0.5201  | 61.2  | PASS
PCA16+LogReg             | 0.0709 | 0.0102 | 0.0718 | 0.0097 | 0.0637   | 0.0178   | 861     | 0.5189  | 65.4  | FAIL
PCA32+LogReg             | 0.0685 | 0.0094 | 0.0694 | 0.0097 | 0.0646   | 0.0161   | 861     | 0.5190  | 64.7  | PASS
PCA16+VecWeighted        | 0.0283 | 0.0110 | 0.0452 | 0.0097 | 0.0382   | 0.0207   | 861     | 0.0465  | 61.5  | FAIL
PCA32+VecWeighted        | 0.0244 | 0.0102 | 0.0476 | 0.0097 | 0.0328   | 0.0198   | 861     | 0.0525  | 63.0  | FAIL
StabilizedWhitenedCosine | 0.2307 | 0.0118 | 0.2218 | 0.0097 | 0.1759   | 0.0168   | 861     | 1.6921  | 61.3  | FAIL

[trial=49 seed=91] GLOBAL mode — total_samples=200000
  total: h0=82063 h1=15019
  pooled_train:  n0=1270 n1=1270
  pooled_calib:  n0=1240 n1=1240
  pooled_eval:   n0=1270 n1=1270
  regions (for macro stats only): 1103
[INFO] Cosine baseline routed to direct Hadamard sum (PrecomputedCosine)
[INFO] WeightedEnsemble Cosine judge routed to direct Hadamard sum
  [Ensemble] Judges routed to 'alt' input: PrecomputedCosine
[WeightedEnsemble] Fitted weights (alpha=0.0100, external calib):
  tau=0.7859, Pooled external calib: TPR=0.3040, FPR=0.0097
  PrecomputedCosine   : +0.0000
  PCAWhitenedCosine   : +0.0000
  XGBoost             : +1.0000
  Tiny MLP            : +0.0000
  LDA                 : +0.0000

Method                   | TPR    | FPR    | TrTPR  | TrFPR  | MacroTPR | MacroFPR | Regions | TauMean | ms    | OK? 
---------------------------------------------------------------------------------------------------------------------
Cosine                   | 0.2543 | 0.0134 | 0.2532 | 0.0145 | 0.2150   | 0.0215   | 859     | 1.0000  | 58.2  | FAIL
AndBox-HC                | 0.1236 | 0.0094 | 0.1161 | 0.0097 | 0.1030   | 0.0150   | 859     | 0.0000  | 52.9  | PASS
PCAWhitenedCosine        | 0.2535 | 0.0087 | 0.2548 | 0.0097 | 0.1651   | 0.0097   | 859     | 1.7324  | 54.1  | PASS
Vec (Wgt)                | 0.2173 | 0.0102 | 0.2476 | 0.0097 | 0.1551   | 0.0182   | 859     | 1.0190  | 53.2  | FAIL
Log Reg                  | 0.0622 | 0.0063 | 0.0823 | 0.0097 | 0.0511   | 0.0100   | 859     | 0.5183  | 65.9  | PASS
LDA                      | 0.1795 | 0.0102 | 0.1694 | 0.0097 | 0.1365   | 0.0129   | 859     | 6.3286  | 58.5  | FAIL
Tiny MLP                 | 0.2228 | 0.0055 | 0.2194 | 0.0097 | 0.1411   | 0.0090   | 859     | 0.9783  | 214.4 | PASS
MultiProtoCosine         | 0.0118 | 0.0039 | 0.0177 | 0.0097 | 0.0090   | 0.0016   | 859     | 0.9378  | 71.9  | PASS
WeightedEnsemble         | 0.2709 | 0.0087 | 0.3040 | 0.0097 | 0.2006   | 0.0129   | 859     | 0.7859  | 260.6 | PASS
XGBoost                  | 0.2709 | 0.0087 | 0.3040 | 0.0097 | 0.2006   | 0.0129   | 859     | 0.7859  | 74.2  | PASS
LDA1+LogReg              | 0.0622 | 0.0063 | 0.0823 | 0.0097 | 0.0511   | 0.0100   | 859     | 0.5182  | 61.8  | PASS
PCA16+LogReg             | 0.0661 | 0.0063 | 0.0887 | 0.0097 | 0.0547   | 0.0100   | 859     | 0.5175  | 64.6  | PASS
PCA32+LogReg             | 0.0646 | 0.0063 | 0.0871 | 0.0097 | 0.0511   | 0.0100   | 859     | 0.5174  | 67.0  | PASS
PCA16+VecWeighted        | 0.0449 | 0.0094 | 0.0532 | 0.0097 | 0.0357   | 0.0094   | 859     | 0.0386  | 61.9  | PASS
PCA32+VecWeighted        | 0.0654 | 0.0126 | 0.0831 | 0.0097 | 0.0557   | 0.0155   | 859     | 0.0414  | 63.4  | FAIL
StabilizedWhitenedCosine | 0.2748 | 0.0110 | 0.2927 | 0.0097 | 0.1961   | 0.0184   | 859     | 1.5695  | 62.1  | FAIL

=== Ranking by mean micro TPR (UNCONSTRAINED) ===
 1. WeightedEnsemble   TPR=0.3028±0.0387 FPR=0.0114±0.0036 [FAIL]
 2. Cosine             TPR=0.2512±0.0115 FPR=0.0152±0.0023 [FAIL]
 3. StabilizedWhitenedCosine TPR=0.2494±0.0386 FPR=0.0099±0.0035 [PASS]
 4. PCAWhitenedCosine  TPR=0.2469±0.0435 FPR=0.0097±0.0035 [PASS]
 5. Vec (Wgt)          TPR=0.2427±0.0446 FPR=0.0105±0.0036 [FAIL]
 6. XGBoost            TPR=0.2426±0.0437 FPR=0.0089±0.0036 [PASS]
 7. Tiny MLP           TPR=0.2286±0.0436 FPR=0.0094±0.0039 [PASS]
 8. LDA                TPR=0.1583±0.0580 FPR=0.0097±0.0032 [PASS]
 9. AndBox-HC          TPR=0.1484±0.0342 FPR=0.0100±0.0037 [FAIL]
10. PCA32+LogReg       TPR=0.0915±0.0170 FPR=0.0095±0.0038 [PASS]
11. PCA16+LogReg       TPR=0.0914±0.0159 FPR=0.0094±0.0037 [PASS]
12. LDA1+LogReg        TPR=0.0906±0.0174 FPR=0.0097±0.0040 [PASS]
13. Log Reg            TPR=0.0904±0.0174 FPR=0.0097±0.0040 [PASS]
14. PCA32+VecWeighted  TPR=0.0323±0.0221 FPR=0.0098±0.0041 [PASS]
15. PCA16+VecWeighted  TPR=0.0314±0.0222 FPR=0.0096±0.0035 [PASS]
16. MultiProtoCosine   TPR=0.0286±0.0102 FPR=0.0085±0.0040 [PASS]

=== Ranking by mean micro TPR (CONSTRAINED: FPR <= alpha) ===
 1. StabilizedWhitenedCosine TPR=0.2494±0.0386 FPR=0.0099±0.0035
 2. PCAWhitenedCosine  TPR=0.2469±0.0435 FPR=0.0097±0.0035
 3. XGBoost            TPR=0.2426±0.0437 FPR=0.0089±0.0036
 4. Tiny MLP           TPR=0.2286±0.0436 FPR=0.0094±0.0039
 5. LDA                TPR=0.1583±0.0580 FPR=0.0097±0.0032
 6. PCA32+LogReg       TPR=0.0915±0.0170 FPR=0.0095±0.0038
 7. PCA16+LogReg       TPR=0.0914±0.0159 FPR=0.0094±0.0037
 8. LDA1+LogReg        TPR=0.0906±0.0174 FPR=0.0097±0.0040
 9. Log Reg            TPR=0.0904±0.0174 FPR=0.0097±0.0040
10. PCA32+VecWeighted  TPR=0.0323±0.0221 FPR=0.0098±0.0041
11. PCA16+VecWeighted  TPR=0.0314±0.0222 FPR=0.0096±0.0035
12. MultiProtoCosine   TPR=0.0286±0.0102 FPR=0.0085±0.0040
[CSV] Saved: /home/malmatal/Projects/Multi_Dim_Threshold/NeighborCache/outputs/region_local_threshold/run_20260503_132407/trial_summary.csv
[JSON] Saved: /home/malmatal/Projects/Multi_Dim_Threshold/NeighborCache/outputs/region_local_threshold/run_20260503_132407/ranking.json
[CSV] Saved: /home/malmatal/Projects/Multi_Dim_Threshold/NeighborCache/outputs/region_local_threshold/run_20260503_132407/weighted_ensemble_meta_weights.csv
[JSON] Saved: /home/malmatal/Projects/Multi_Dim_Threshold/NeighborCache/outputs/region_local_threshold/run_20260503_132407/notes.json

Best (constrained FPR <= alpha): StabilizedWhitenedCosine
[Done] outputs at: /home/malmatal/Projects/Multi_Dim_Threshold/NeighborCache/outputs/region_local_threshold/run_20260503_132407
============================================================
date_end=2026-05-03T15:23:20+03:00
exit_code=0
============================================================
