------------------------------------
Fri 08 May 2026 04:28:20 IDT
SLURM_JOBID:		17433105
SLURM_JOB_NODELIST:	ise-cpu-intl-27
SLURM_SCRATCH_DIR:	
Allocated Resouces:	cpu - 4 / mem - 16384 MB / gpu - 
SLURM_GPU_INDEX:	
Running as malmatal from gilein account with normal QOS
------------------------------------
============================================================
NeighborCache Slurm task
task_id=54
job_id=17433105
array_job_id=17403348
hostname=ise-cpu-intl-27.auth.ad.bgu.ac.il
date_start=2026-05-08T04:28:20+03:00
pwd=/home/malmatal/Projects/Multi_Dim_Threshold
commands_file=NeighborCache/results/paper_experiments_slurm_20260507_081323/commands.txt
task_log=NeighborCache/results/paper_experiments_slurm_20260507_081323/task_logs/task_54.log
============================================================
Command:
/home/malmatal/.conda/envs/ec/bin/python -m NeighborCache.region_local_threshold.cli --data NeighborCache/data/h1h0_final.npz --region_key global_cluster --alpha 0.05 --tau_mode global --n_trials 50 --seed 45 --n_train 1270 --n_calib 500 --n_eval 1270 --hadamard_preprocess
============================================================
<frozen runpy>:128: RuntimeWarning: 'NeighborCache.region_local_threshold.cli' found in sys.modules after import of package 'NeighborCache.region_local_threshold', but prior to execution of 'NeighborCache.region_local_threshold.cli'; this may result in unpredictable behaviour
[INFO] Using features key='emb' dim=1024
[INFO] Applied Hadamard preprocessing (strategy=centroid_nearest, use_delta_vec=False, use_abs_diff=False) to X_main

=== Region Threshold Benchmark ===
dataset_npz=NeighborCache/data/h1h0_final.npz
region_key=global_cluster (resolved=global_cluster, unique=1103)
features=emb+hadamard rows=200000 dim=1024
text_pairs=text+region_anchor[centroid_nearest]
alpha=0.05 tie_mode=ge trials=50 base_seed=45
tau_mode=global
hadamard_preprocess=True
abs_diff_only_preprocess=False
use_delta_vec=False
use_abs_diff=False
normalize_data=False
filter_policy=none
train_cosine_policy_active=False
caps: train=1270 calib=500 eval=1270
mins: min_h0_eval=20 min_h1_eval=20
run_dir=/home/malmatal/Projects/Multi_Dim_Threshold/NeighborCache/outputs/region_local_threshold/run_20260508_042837

[trial=0 seed=45] GLOBAL mode — total_samples=200000
  total: h0=82063 h1=15019
  pooled_train:  n0=1270 n1=1270
  pooled_calib:  n0=500 n1=500
  pooled_eval:   n0=1270 n1=1270
  regions (for macro stats only): 1103
[INFO] Cosine baseline routed to direct Hadamard sum (PrecomputedCosine)
[INFO] WeightedEnsemble Cosine judge routed to direct Hadamard sum
  [Ensemble] Judges routed to 'alt' input: PrecomputedCosine
[WeightedEnsemble] Fitted weights (alpha=0.0500, external calib):
  tau=0.7049, Pooled external calib: TPR=0.6300, FPR=0.0500
  PrecomputedCosine   : +0.1369
  PCAWhitenedCosine   : +0.3322
  XGBoost             : +0.4468
  Tiny MLP            : +0.0732
  LDA                 : +0.0110

Method                   | TPR    | FPR    | TrTPR  | TrFPR  | MacroTPR | MacroFPR | Regions | TauMean | ms    | OK? 
---------------------------------------------------------------------------------------------------------------------
Cosine                   | 0.4772 | 0.0528 | 0.4620 | 0.0500 | 0.4327   | 0.0771   | 834     | 0.9616  | 275.2 | FAIL
AndBox-HC                | 0.3898 | 0.0551 | 0.3840 | 0.0500 | 0.3443   | 0.0772   | 834     | 0.0000  | 57.1  | FAIL
PCAWhitenedCosine        | 0.6087 | 0.0677 | 0.5920 | 0.0500 | 0.5060   | 0.0940   | 834     | 0.7475  | 91.5  | FAIL
Vec (Wgt)                | 0.5520 | 0.0591 | 0.5140 | 0.0500 | 0.4917   | 0.0896   | 834     | 0.9272  | 91.9  | FAIL
Log Reg                  | 0.2496 | 0.0504 | 0.2180 | 0.0500 | 0.2207   | 0.0685   | 834     | 0.5119  | 101.1 | FAIL
LDA                      | 0.5472 | 0.0504 | 0.5040 | 0.0500 | 0.4465   | 0.0665   | 834     | 3.4537  | 95.9  | FAIL
Tiny MLP                 | 0.5732 | 0.0504 | 0.5280 | 0.0500 | 0.4756   | 0.0738   | 834     | 0.8519  | 349.4 | FAIL
MultiProtoCosine         | 0.0921 | 0.0449 | 0.0600 | 0.0500 | 0.0644   | 0.0528   | 834     | 0.9249  | 104.3 | PASS
WeightedEnsemble         | 0.6425 | 0.0693 | 0.6300 | 0.0500 | 0.5368   | 0.0982   | 834     | 0.7049  | 385.4 | FAIL
XGBoost                  | 0.5031 | 0.0465 | 0.4840 | 0.0500 | 0.4397   | 0.0705   | 834     | 0.7046  | 73.9  | PASS
LDA1+LogReg              | 0.2496 | 0.0504 | 0.2180 | 0.0500 | 0.2207   | 0.0685   | 834     | 0.5119  | 97.0  | FAIL
PCA16+LogReg             | 0.2740 | 0.0551 | 0.2440 | 0.0500 | 0.2380   | 0.0743   | 834     | 0.5112  | 102.6 | FAIL
PCA32+LogReg             | 0.2693 | 0.0512 | 0.2420 | 0.0500 | 0.2339   | 0.0694   | 834     | 0.5111  | 105.9 | FAIL
PCA16+VecWeighted        | 0.2024 | 0.0512 | 0.2060 | 0.0500 | 0.1767   | 0.0723   | 834     | 0.0260  | 101.9 | FAIL
PCA32+VecWeighted        | 0.1520 | 0.0386 | 0.1560 | 0.0500 | 0.1303   | 0.0454   | 834     | 0.0328  | 104.3 | PASS
StabilizedWhitenedCosine | 0.6000 | 0.0724 | 0.5860 | 0.0500 | 0.5024   | 0.1024   | 834     | 0.7555  | 97.0  | FAIL

[trial=1 seed=46] GLOBAL mode — total_samples=200000
  total: h0=82063 h1=15019
  pooled_train:  n0=1270 n1=1270
  pooled_calib:  n0=500 n1=500
  pooled_eval:   n0=1270 n1=1270
  regions (for macro stats only): 1103
[INFO] Cosine baseline routed to direct Hadamard sum (PrecomputedCosine)
[INFO] WeightedEnsemble Cosine judge routed to direct Hadamard sum
  [Ensemble] Judges routed to 'alt' input: PrecomputedCosine
[WeightedEnsemble] Fitted weights (alpha=0.0500, external calib):
  tau=0.8045, Pooled external calib: TPR=0.6160, FPR=0.0500
  PrecomputedCosine   : +0.2161
  PCAWhitenedCosine   : +0.5478
  XGBoost             : +0.0972
  Tiny MLP            : +0.1269
  LDA                 : +0.0120

Method                   | TPR    | FPR    | TrTPR  | TrFPR  | MacroTPR | MacroFPR | Regions | TauMean | ms    | OK? 
---------------------------------------------------------------------------------------------------------------------
Cosine                   | 0.4654 | 0.0496 | 0.4720 | 0.0500 | 0.4613   | 0.0796   | 862     | 0.9534  | 99.4  | PASS
AndBox-HC                | 0.3906 | 0.0465 | 0.4060 | 0.0500 | 0.3866   | 0.0684   | 862     | 0.0000  | 55.4  | PASS
PCAWhitenedCosine        | 0.5646 | 0.0717 | 0.5980 | 0.0500 | 0.5104   | 0.1129   | 862     | 0.7913  | 90.7  | FAIL
Vec (Wgt)                | 0.5173 | 0.0567 | 0.5280 | 0.0500 | 0.5033   | 0.0917   | 862     | 0.9241  | 89.1  | FAIL
Log Reg                  | 0.2724 | 0.0709 | 0.2560 | 0.0500 | 0.2537   | 0.0890   | 862     | 0.5103  | 98.2  | FAIL
LDA                      | 0.5150 | 0.0543 | 0.5340 | 0.0500 | 0.4445   | 0.0768   | 862     | 3.4140  | 94.0  | FAIL
Tiny MLP                 | 0.5126 | 0.0535 | 0.5420 | 0.0500 | 0.4507   | 0.0805   | 862     | 0.9002  | 403.4 | FAIL
MultiProtoCosine         | 0.1157 | 0.0575 | 0.0760 | 0.0500 | 0.0960   | 0.0627   | 862     | 0.9210  | 103.7 | FAIL
WeightedEnsemble         | 0.5803 | 0.0654 | 0.6160 | 0.0500 | 0.5266   | 0.1068   | 862     | 0.8045  | 435.2 | FAIL
XGBoost                  | 0.5024 | 0.0512 | 0.5160 | 0.0500 | 0.4797   | 0.0814   | 862     | 0.6951  | 72.4  | FAIL
LDA1+LogReg              | 0.2740 | 0.0709 | 0.2560 | 0.0500 | 0.2563   | 0.0890   | 862     | 0.5104  | 97.7  | FAIL
PCA16+LogReg             | 0.2811 | 0.0740 | 0.2660 | 0.0500 | 0.2630   | 0.0919   | 862     | 0.5097  | 102.0 | FAIL
PCA32+LogReg             | 0.2740 | 0.0701 | 0.2580 | 0.0500 | 0.2541   | 0.0873   | 862     | 0.5101  | 105.8 | FAIL
PCA16+VecWeighted        | 0.1055 | 0.0488 | 0.0880 | 0.0500 | 0.0989   | 0.0401   | 862     | 0.0299  | 100.5 | PASS
PCA32+VecWeighted        | 0.0472 | 0.0354 | 0.0340 | 0.0500 | 0.0424   | 0.0161   | 862     | 0.0443  | 101.9 | PASS
StabilizedWhitenedCosine | 0.5701 | 0.0677 | 0.5900 | 0.0500 | 0.5238   | 0.1049   | 862     | 0.7928  | 96.7  | FAIL

[trial=2 seed=47] GLOBAL mode — total_samples=200000
  total: h0=82063 h1=15019
  pooled_train:  n0=1270 n1=1270
  pooled_calib:  n0=500 n1=500
  pooled_eval:   n0=1270 n1=1270
  regions (for macro stats only): 1103
[INFO] Cosine baseline routed to direct Hadamard sum (PrecomputedCosine)
[INFO] WeightedEnsemble Cosine judge routed to direct Hadamard sum
  [Ensemble] Judges routed to 'alt' input: PrecomputedCosine
[WeightedEnsemble] Fitted weights (alpha=0.0500, external calib):
  tau=0.9670, Pooled external calib: TPR=0.6180, FPR=0.0500
  PrecomputedCosine   : +0.4352
  PCAWhitenedCosine   : +0.0957
  XGBoost             : +0.1866
  Tiny MLP            : +0.2341
  LDA                 : +0.0484

Method                   | TPR    | FPR    | TrTPR  | TrFPR  | MacroTPR | MacroFPR | Regions | TauMean | ms    | OK? 
---------------------------------------------------------------------------------------------------------------------
Cosine                   | 0.4260 | 0.0362 | 0.4640 | 0.0500 | 0.3818   | 0.0528   | 852     | 0.9713  | 101.1 | PASS
AndBox-HC                | 0.3457 | 0.0362 | 0.3660 | 0.0500 | 0.3122   | 0.0507   | 852     | 0.0001  | 58.2  | PASS
PCAWhitenedCosine        | 0.5488 | 0.0512 | 0.5740 | 0.0500 | 0.4475   | 0.0763   | 852     | 0.9445  | 94.1  | FAIL
Vec (Wgt)                | 0.4598 | 0.0386 | 0.5240 | 0.0500 | 0.4022   | 0.0572   | 852     | 0.9613  | 93.6  | PASS
Log Reg                  | 0.2362 | 0.0677 | 0.2720 | 0.0500 | 0.1982   | 0.0909   | 852     | 0.5120  | 103.0 | FAIL
LDA                      | 0.5126 | 0.0433 | 0.5580 | 0.0500 | 0.4134   | 0.0635   | 852     | 4.0492  | 97.1  | PASS
Tiny MLP                 | 0.5866 | 0.0646 | 0.6160 | 0.0500 | 0.4799   | 0.0932   | 852     | 0.8566  | 350.5 | FAIL
MultiProtoCosine         | 0.0969 | 0.0669 | 0.1120 | 0.0500 | 0.0745   | 0.0676   | 852     | 0.9229  | 106.6 | FAIL
WeightedEnsemble         | 0.5772 | 0.0512 | 0.6180 | 0.0500 | 0.4766   | 0.0729   | 852     | 0.9670  | 386.9 | FAIL
XGBoost                  | 0.4551 | 0.0402 | 0.5000 | 0.0500 | 0.3939   | 0.0584   | 852     | 0.7278  | 75.6  | PASS
LDA1+LogReg              | 0.2362 | 0.0669 | 0.2720 | 0.0480 | 0.1982   | 0.0907   | 852     | 0.5120  | 101.2 | FAIL
PCA16+LogReg             | 0.2488 | 0.0654 | 0.2780 | 0.0500 | 0.2084   | 0.0875   | 852     | 0.5119  | 106.0 | FAIL
PCA32+LogReg             | 0.2425 | 0.0661 | 0.2860 | 0.0480 | 0.2007   | 0.0888   | 852     | 0.5116  | 107.8 | FAIL
PCA16+VecWeighted        | 0.0740 | 0.0386 | 0.0840 | 0.0500 | 0.0601   | 0.0505   | 852     | 0.0340  | 103.2 | PASS
PCA32+VecWeighted        | 0.1063 | 0.0362 | 0.1100 | 0.0500 | 0.0858   | 0.0489   | 852     | 0.0353  | 104.6 | PASS
StabilizedWhitenedCosine | 0.5299 | 0.0512 | 0.5740 | 0.0500 | 0.4170   | 0.0778   | 852     | 0.9820  | 98.9  | FAIL

[trial=3 seed=48] GLOBAL mode — total_samples=200000
  total: h0=82063 h1=15019
  pooled_train:  n0=1270 n1=1270
  pooled_calib:  n0=500 n1=500
  pooled_eval:   n0=1270 n1=1270
  regions (for macro stats only): 1103
[INFO] Cosine baseline routed to direct Hadamard sum (PrecomputedCosine)
[INFO] WeightedEnsemble Cosine judge routed to direct Hadamard sum
  [Ensemble] Judges routed to 'alt' input: PrecomputedCosine
[WeightedEnsemble] Fitted weights (alpha=0.0500, external calib):
  tau=1.1087, Pooled external calib: TPR=0.5440, FPR=0.0500
  PrecomputedCosine   : +0.0588
  PCAWhitenedCosine   : +0.4134
  XGBoost             : +0.3025
  Tiny MLP            : +0.0887
  LDA                 : +0.1365

Method                   | TPR    | FPR    | TrTPR  | TrFPR  | MacroTPR | MacroFPR | Regions | TauMean | ms    | OK? 
---------------------------------------------------------------------------------------------------------------------
Cosine                   | 0.4480 | 0.0346 | 0.4400 | 0.0500 | 0.4216   | 0.0491   | 858     | 0.9669  | 101.0 | PASS
AndBox-HC                | 0.3717 | 0.0386 | 0.3660 | 0.0500 | 0.3426   | 0.0539   | 858     | 0.0000  | 60.2  | PASS
PCAWhitenedCosine        | 0.4921 | 0.0417 | 0.5000 | 0.0500 | 0.4172   | 0.0656   | 858     | 1.0747  | 93.1  | PASS
Vec (Wgt)                | 0.4921 | 0.0354 | 0.4840 | 0.0500 | 0.4505   | 0.0520   | 858     | 0.9522  | 93.4  | PASS
Log Reg                  | 0.3165 | 0.0622 | 0.3140 | 0.0500 | 0.2740   | 0.0875   | 858     | 0.5089  | 102.8 | FAIL
LDA                      | 0.5441 | 0.0551 | 0.5160 | 0.0500 | 0.4647   | 0.0820   | 858     | 3.2630  | 97.1  | FAIL
Tiny MLP                 | 0.5370 | 0.0583 | 0.5080 | 0.0500 | 0.4593   | 0.0869   | 858     | 0.8602  | 352.1 | FAIL
MultiProtoCosine         | 0.1173 | 0.0606 | 0.0780 | 0.0500 | 0.0923   | 0.0685   | 858     | 0.9204  | 106.2 | FAIL
WeightedEnsemble         | 0.5488 | 0.0449 | 0.5440 | 0.0500 | 0.4776   | 0.0707   | 858     | 1.1087  | 390.0 | PASS
XGBoost                  | 0.4528 | 0.0346 | 0.4400 | 0.0500 | 0.4186   | 0.0528   | 858     | 0.7303  | 74.1  | PASS
LDA1+LogReg              | 0.3189 | 0.0622 | 0.3160 | 0.0500 | 0.2766   | 0.0875   | 858     | 0.5089  | 99.6  | FAIL
PCA16+LogReg             | 0.3189 | 0.0583 | 0.3160 | 0.0500 | 0.2749   | 0.0838   | 858     | 0.5091  | 105.7 | FAIL
PCA32+LogReg             | 0.3110 | 0.0583 | 0.3040 | 0.0500 | 0.2728   | 0.0838   | 858     | 0.5089  | 107.5 | FAIL
PCA16+VecWeighted        | 0.0835 | 0.0409 | 0.0880 | 0.0500 | 0.0669   | 0.0388   | 858     | 0.0306  | 103.2 | PASS
PCA32+VecWeighted        | 0.0913 | 0.0520 | 0.0940 | 0.0500 | 0.0824   | 0.0549   | 858     | 0.0344  | 104.4 | FAIL
StabilizedWhitenedCosine | 0.4724 | 0.0433 | 0.4800 | 0.0500 | 0.3969   | 0.0633   | 858     | 1.0753  | 98.3  | PASS

[trial=4 seed=49] GLOBAL mode — total_samples=200000
  total: h0=82063 h1=15019
  pooled_train:  n0=1270 n1=1270
  pooled_calib:  n0=500 n1=500
  pooled_eval:   n0=1270 n1=1270
  regions (for macro stats only): 1103
[INFO] Cosine baseline routed to direct Hadamard sum (PrecomputedCosine)
[INFO] WeightedEnsemble Cosine judge routed to direct Hadamard sum
  [Ensemble] Judges routed to 'alt' input: PrecomputedCosine
[WeightedEnsemble] Fitted weights (alpha=0.0500, external calib):
  tau=0.8136, Pooled external calib: TPR=0.6460, FPR=0.0500
  PrecomputedCosine   : +0.3246
  PCAWhitenedCosine   : +0.1636
  XGBoost             : +0.2291
  Tiny MLP            : +0.2081
  LDA                 : +0.0747

Method                   | TPR    | FPR    | TrTPR  | TrFPR  | MacroTPR | MacroFPR | Regions | TauMean | ms    | OK? 
---------------------------------------------------------------------------------------------------------------------
Cosine                   | 0.5063 | 0.0630 | 0.4840 | 0.0500 | 0.4647   | 0.0892   | 849     | 0.9418  | 98.0  | FAIL
AndBox-HC                | 0.4559 | 0.0591 | 0.4460 | 0.0500 | 0.4079   | 0.0822   | 849     | -0.0000 | 62.9  | FAIL
PCAWhitenedCosine        | 0.6024 | 0.0583 | 0.5760 | 0.0500 | 0.5102   | 0.0841   | 849     | 0.6802  | 94.1  | FAIL
Vec (Wgt)                | 0.5535 | 0.0693 | 0.5220 | 0.0500 | 0.5056   | 0.0991   | 849     | 0.9207  | 93.7  | FAIL
Log Reg                  | 0.3031 | 0.0559 | 0.2840 | 0.0500 | 0.2571   | 0.0829   | 849     | 0.5086  | 103.5 | FAIL
LDA                      | 0.5661 | 0.0543 | 0.5660 | 0.0500 | 0.4550   | 0.0788   | 849     | 3.1357  | 97.6  | FAIL
Tiny MLP                 | 0.5984 | 0.0535 | 0.5920 | 0.0500 | 0.4969   | 0.0799   | 849     | 0.8055  | 348.9 | FAIL
MultiProtoCosine         | 0.0937 | 0.0441 | 0.0820 | 0.0500 | 0.0620   | 0.0579   | 849     | 0.9240  | 109.0 | PASS
WeightedEnsemble         | 0.6583 | 0.0693 | 0.6460 | 0.0500 | 0.5511   | 0.1005   | 849     | 0.8136  | 385.0 | FAIL
XGBoost                  | 0.5378 | 0.0543 | 0.5300 | 0.0500 | 0.4716   | 0.0776   | 849     | 0.6717  | 74.3  | FAIL
LDA1+LogReg              | 0.3031 | 0.0559 | 0.2840 | 0.0500 | 0.2571   | 0.0829   | 849     | 0.5086  | 101.2 | FAIL
PCA16+LogReg             | 0.3008 | 0.0551 | 0.2760 | 0.0500 | 0.2564   | 0.0820   | 849     | 0.5085  | 105.7 | FAIL
PCA32+LogReg             | 0.3071 | 0.0543 | 0.2840 | 0.0500 | 0.2617   | 0.0806   | 849     | 0.5082  | 108.1 | FAIL
PCA16+VecWeighted        | 0.2213 | 0.0512 | 0.2020 | 0.0500 | 0.1810   | 0.0623   | 849     | 0.0232  | 103.6 | FAIL
PCA32+VecWeighted        | 0.1969 | 0.0378 | 0.1640 | 0.0500 | 0.1526   | 0.0524   | 849     | 0.0304  | 105.7 | PASS
StabilizedWhitenedCosine | 0.5961 | 0.0559 | 0.5700 | 0.0500 | 0.5005   | 0.0849   | 849     | 0.6977  | 99.9  | FAIL

[trial=5 seed=50] GLOBAL mode — total_samples=200000
  total: h0=82063 h1=15019
  pooled_train:  n0=1270 n1=1270
  pooled_calib:  n0=500 n1=500
  pooled_eval:   n0=1270 n1=1270
  regions (for macro stats only): 1103
[INFO] Cosine baseline routed to direct Hadamard sum (PrecomputedCosine)
[INFO] WeightedEnsemble Cosine judge routed to direct Hadamard sum
  [Ensemble] Judges routed to 'alt' input: PrecomputedCosine
[WeightedEnsemble] Fitted weights (alpha=0.0500, external calib):
  tau=0.9445, Pooled external calib: TPR=0.5460, FPR=0.0500
  PrecomputedCosine   : +0.0000
  PCAWhitenedCosine   : +1.0000
  XGBoost             : +0.0000
  Tiny MLP            : +0.0000
  LDA                 : +0.0000

Method                   | TPR    | FPR    | TrTPR  | TrFPR  | MacroTPR | MacroFPR | Regions | TauMean | ms    | OK? 
---------------------------------------------------------------------------------------------------------------------
Cosine                   | 0.4520 | 0.0465 | 0.4340 | 0.0500 | 0.3969   | 0.0753   | 845     | 0.9680  | 101.7 | PASS
AndBox-HC                | 0.3780 | 0.0480 | 0.3760 | 0.0500 | 0.3481   | 0.0707   | 845     | 0.0000  | 60.9  | PASS
PCAWhitenedCosine        | 0.5575 | 0.0654 | 0.5460 | 0.0500 | 0.4439   | 0.0933   | 845     | 0.9445  | 92.4  | FAIL
Vec (Wgt)                | 0.5031 | 0.0575 | 0.5040 | 0.0500 | 0.4461   | 0.0874   | 845     | 0.9404  | 93.2  | FAIL
Log Reg                  | 0.2906 | 0.0441 | 0.3160 | 0.0500 | 0.2303   | 0.0722   | 845     | 0.5087  | 103.1 | PASS
LDA                      | 0.5008 | 0.0354 | 0.4840 | 0.0500 | 0.3810   | 0.0549   | 845     | 4.4178  | 99.0  | PASS
Tiny MLP                 | 0.5567 | 0.0480 | 0.5300 | 0.0500 | 0.4257   | 0.0728   | 845     | 0.9178  | 349.8 | PASS
MultiProtoCosine         | 0.0929 | 0.0520 | 0.0820 | 0.0500 | 0.0718   | 0.0656   | 845     | 0.9234  | 107.0 | FAIL
WeightedEnsemble         | 0.5575 | 0.0654 | 0.5460 | 0.0500 | 0.4439   | 0.0933   | 845     | 0.9445  | 387.6 | FAIL
XGBoost                  | 0.4693 | 0.0425 | 0.4500 | 0.0500 | 0.3981   | 0.0671   | 845     | 0.7265  | 73.3  | PASS
LDA1+LogReg              | 0.2929 | 0.0441 | 0.3220 | 0.0500 | 0.2335   | 0.0722   | 845     | 0.5086  | 99.0  | PASS
PCA16+LogReg             | 0.2921 | 0.0449 | 0.3160 | 0.0500 | 0.2322   | 0.0728   | 845     | 0.5085  | 104.7 | PASS
PCA32+LogReg             | 0.3071 | 0.0465 | 0.3360 | 0.0500 | 0.2438   | 0.0754   | 845     | 0.5083  | 106.7 | PASS
PCA16+VecWeighted        | 0.1173 | 0.0449 | 0.1260 | 0.0500 | 0.1062   | 0.0551   | 845     | 0.0333  | 102.2 | PASS
PCA32+VecWeighted        | 0.1331 | 0.0425 | 0.1200 | 0.0500 | 0.1145   | 0.0641   | 845     | 0.0363  | 104.2 | PASS
StabilizedWhitenedCosine | 0.4913 | 0.0543 | 0.5000 | 0.0500 | 0.3951   | 0.0787   | 845     | 1.0556  | 98.9  | FAIL

[trial=6 seed=51] GLOBAL mode — total_samples=200000
  total: h0=82063 h1=15019
  pooled_train:  n0=1270 n1=1270
  pooled_calib:  n0=500 n1=500
  pooled_eval:   n0=1270 n1=1270
  regions (for macro stats only): 1103
[INFO] Cosine baseline routed to direct Hadamard sum (PrecomputedCosine)
[INFO] WeightedEnsemble Cosine judge routed to direct Hadamard sum
  [Ensemble] Judges routed to 'alt' input: PrecomputedCosine
[WeightedEnsemble] Fitted weights (alpha=0.0500, external calib):
  tau=1.1610, Pooled external calib: TPR=0.5920, FPR=0.0500
  PrecomputedCosine   : +0.0588
  PCAWhitenedCosine   : +0.4134
  XGBoost             : +0.3025
  Tiny MLP            : +0.0887
  LDA                 : +0.1365

Method                   | TPR    | FPR    | TrTPR  | TrFPR  | MacroTPR | MacroFPR | Regions | TauMean | ms    | OK? 
---------------------------------------------------------------------------------------------------------------------
Cosine                   | 0.4079 | 0.0323 | 0.4060 | 0.0500 | 0.3621   | 0.0489   | 860     | 0.9792  | 101.4 | PASS
AndBox-HC                | 0.3638 | 0.0535 | 0.3820 | 0.0500 | 0.3408   | 0.0733   | 860     | 0.0001  | 59.5  | FAIL
PCAWhitenedCosine        | 0.5094 | 0.0425 | 0.5080 | 0.0500 | 0.3957   | 0.0583   | 860     | 1.1023  | 95.5  | PASS
Vec (Wgt)                | 0.4709 | 0.0433 | 0.4540 | 0.0500 | 0.4115   | 0.0627   | 860     | 0.9609  | 94.5  | PASS
Log Reg                  | 0.2717 | 0.0394 | 0.2660 | 0.0500 | 0.2207   | 0.0625   | 860     | 0.5098  | 104.0 | PASS
LDA                      | 0.5504 | 0.0488 | 0.5460 | 0.0460 | 0.4151   | 0.0620   | 860     | 3.8547  | 99.2  | PASS
Tiny MLP                 | 0.5307 | 0.0559 | 0.5260 | 0.0500 | 0.4185   | 0.0750   | 860     | 0.8951  | 410.7 | FAIL
MultiProtoCosine         | 0.1134 | 0.0402 | 0.0940 | 0.0500 | 0.0885   | 0.0533   | 860     | 0.9219  | 109.0 | PASS
WeightedEnsemble         | 0.5787 | 0.0575 | 0.5920 | 0.0500 | 0.4497   | 0.0750   | 860     | 1.1610  | 446.6 | FAIL
XGBoost                  | 0.4472 | 0.0346 | 0.4420 | 0.0500 | 0.3860   | 0.0498   | 860     | 0.7468  | 76.1  | PASS
LDA1+LogReg              | 0.2709 | 0.0386 | 0.2660 | 0.0500 | 0.2198   | 0.0623   | 860     | 0.5098  | 102.0 | PASS
PCA16+LogReg             | 0.2646 | 0.0394 | 0.2780 | 0.0500 | 0.2165   | 0.0629   | 860     | 0.5098  | 107.1 | PASS
PCA32+LogReg             | 0.2669 | 0.0370 | 0.2740 | 0.0480 | 0.2185   | 0.0577   | 860     | 0.5096  | 109.5 | PASS
PCA16+VecWeighted        | 0.1008 | 0.0299 | 0.1140 | 0.0500 | 0.0826   | 0.0363   | 860     | 0.0328  | 105.2 | PASS
PCA32+VecWeighted        | 0.1016 | 0.0378 | 0.0920 | 0.0500 | 0.0883   | 0.0427   | 860     | 0.0350  | 106.6 | PASS
StabilizedWhitenedCosine | 0.5661 | 0.0535 | 0.5600 | 0.0500 | 0.4620   | 0.0737   | 860     | 0.8745  | 100.3 | FAIL

[trial=7 seed=52] GLOBAL mode — total_samples=200000
  total: h0=82063 h1=15019
  pooled_train:  n0=1270 n1=1270
  pooled_calib:  n0=500 n1=500
  pooled_eval:   n0=1270 n1=1270
  regions (for macro stats only): 1103
[INFO] Cosine baseline routed to direct Hadamard sum (PrecomputedCosine)
[INFO] WeightedEnsemble Cosine judge routed to direct Hadamard sum
  [Ensemble] Judges routed to 'alt' input: PrecomputedCosine
[WeightedEnsemble] Fitted weights (alpha=0.0500, external calib):
  tau=0.8443, Pooled external calib: TPR=0.5160, FPR=0.0500
  PrecomputedCosine   : +0.1369
  PCAWhitenedCosine   : +0.3322
  XGBoost             : +0.4468
  Tiny MLP            : +0.0732
  LDA                 : +0.0110

Method                   | TPR    | FPR    | TrTPR  | TrFPR  | MacroTPR | MacroFPR | Regions | TauMean | ms    | OK? 
---------------------------------------------------------------------------------------------------------------------
Cosine                   | 0.4000 | 0.0409 | 0.4100 | 0.0500 | 0.3759   | 0.0547   | 877     | 0.9724  | 103.0 | PASS
AndBox-HC                | 0.3583 | 0.0441 | 0.3680 | 0.0500 | 0.3520   | 0.0573   | 877     | 0.0000  | 60.2  | PASS
PCAWhitenedCosine        | 0.4630 | 0.0346 | 0.4920 | 0.0500 | 0.3869   | 0.0540   | 877     | 1.0386  | 97.2  | PASS
Vec (Wgt)                | 0.4394 | 0.0362 | 0.4480 | 0.0500 | 0.4007   | 0.0537   | 877     | 0.9549  | 97.5  | PASS
Log Reg                  | 0.1835 | 0.0331 | 0.2000 | 0.0500 | 0.1720   | 0.0440   | 877     | 0.5131  | 107.2 | PASS
LDA                      | 0.4575 | 0.0323 | 0.4860 | 0.0500 | 0.3791   | 0.0458   | 877     | 3.9689  | 101.4 | PASS
Tiny MLP                 | 0.4598 | 0.0339 | 0.4620 | 0.0500 | 0.3858   | 0.0472   | 877     | 0.8821  | 410.0 | PASS
MultiProtoCosine         | 0.0787 | 0.0433 | 0.1040 | 0.0500 | 0.0637   | 0.0430   | 877     | 0.9244  | 109.8 | PASS
WeightedEnsemble         | 0.4835 | 0.0346 | 0.5160 | 0.0500 | 0.4079   | 0.0537   | 877     | 0.8443  | 448.7 | PASS
XGBoost                  | 0.4472 | 0.0409 | 0.4600 | 0.0500 | 0.4041   | 0.0565   | 877     | 0.7065  | 76.9  | PASS
LDA1+LogReg              | 0.1843 | 0.0323 | 0.2000 | 0.0500 | 0.1724   | 0.0424   | 877     | 0.5131  | 103.7 | PASS
PCA16+LogReg             | 0.1835 | 0.0299 | 0.1980 | 0.0500 | 0.1696   | 0.0406   | 877     | 0.5129  | 108.9 | PASS
PCA32+LogReg             | 0.1835 | 0.0283 | 0.1960 | 0.0500 | 0.1717   | 0.0383   | 877     | 0.5128  | 110.6 | PASS
PCA16+VecWeighted        | 0.0843 | 0.0465 | 0.1040 | 0.0500 | 0.0970   | 0.0472   | 877     | 0.0273  | 107.1 | PASS
PCA32+VecWeighted        | 0.1370 | 0.0638 | 0.1320 | 0.0500 | 0.1370   | 0.0610   | 877     | 0.0292  | 109.1 | FAIL
StabilizedWhitenedCosine | 0.4756 | 0.0370 | 0.5180 | 0.0500 | 0.4098   | 0.0555   | 877     | 0.9293  | 102.9 | PASS

[trial=8 seed=53] GLOBAL mode — total_samples=200000
  total: h0=82063 h1=15019
  pooled_train:  n0=1270 n1=1270
  pooled_calib:  n0=500 n1=500
  pooled_eval:   n0=1270 n1=1270
  regions (for macro stats only): 1103
[INFO] Cosine baseline routed to direct Hadamard sum (PrecomputedCosine)
[INFO] WeightedEnsemble Cosine judge routed to direct Hadamard sum
  [Ensemble] Judges routed to 'alt' input: PrecomputedCosine
[WeightedEnsemble] Fitted weights (alpha=0.0500, external calib):
  tau=0.8261, Pooled external calib: TPR=0.5800, FPR=0.0500
  PrecomputedCosine   : +0.2610
  PCAWhitenedCosine   : +0.2348
  XGBoost             : +0.2127
  Tiny MLP            : +0.2846
  LDA                 : +0.0070

Method                   | TPR    | FPR    | TrTPR  | TrFPR  | MacroTPR | MacroFPR | Regions | TauMean | ms    | OK? 
---------------------------------------------------------------------------------------------------------------------
Cosine                   | 0.4835 | 0.0614 | 0.4680 | 0.0500 | 0.4267   | 0.0919   | 869     | 0.9602  | 100.1 | FAIL
AndBox-HC                | 0.3654 | 0.0551 | 0.3620 | 0.0500 | 0.3319   | 0.0764   | 869     | 0.0000  | 61.7  | FAIL
PCAWhitenedCosine        | 0.5535 | 0.0622 | 0.5400 | 0.0500 | 0.4508   | 0.0874   | 869     | 0.8818  | 94.9  | FAIL
Vec (Wgt)                | 0.5142 | 0.0559 | 0.4860 | 0.0500 | 0.4555   | 0.0868   | 869     | 0.9486  | 96.5  | FAIL
Log Reg                  | 0.2819 | 0.0614 | 0.2420 | 0.0500 | 0.2423   | 0.0756   | 869     | 0.5112  | 105.7 | FAIL
LDA                      | 0.5252 | 0.0449 | 0.5160 | 0.0500 | 0.4229   | 0.0662   | 869     | 3.5335  | 99.4  | PASS
Tiny MLP                 | 0.4976 | 0.0441 | 0.5040 | 0.0500 | 0.4073   | 0.0656   | 869     | 0.9126  | 402.6 | PASS
MultiProtoCosine         | 0.1000 | 0.0441 | 0.0980 | 0.0500 | 0.0734   | 0.0513   | 869     | 0.9253  | 110.0 | PASS
WeightedEnsemble         | 0.5772 | 0.0567 | 0.5800 | 0.0500 | 0.4755   | 0.0807   | 869     | 0.8261  | 438.7 | FAIL
XGBoost                  | 0.4921 | 0.0559 | 0.4860 | 0.0500 | 0.4259   | 0.0843   | 869     | 0.7233  | 74.5  | FAIL
LDA1+LogReg              | 0.2835 | 0.0622 | 0.2440 | 0.0500 | 0.2437   | 0.0760   | 869     | 0.5112  | 102.4 | FAIL
PCA16+LogReg             | 0.2953 | 0.0646 | 0.2480 | 0.0500 | 0.2529   | 0.0798   | 869     | 0.5107  | 107.4 | FAIL
PCA32+LogReg             | 0.2835 | 0.0638 | 0.2460 | 0.0500 | 0.2436   | 0.0783   | 869     | 0.5107  | 110.1 | FAIL
PCA16+VecWeighted        | 0.0362 | 0.0480 | 0.0300 | 0.0500 | 0.0417   | 0.0457   | 869     | 0.0315  | 105.4 | PASS
PCA32+VecWeighted        | 0.0299 | 0.0551 | 0.0360 | 0.0500 | 0.0388   | 0.0419   | 869     | 0.0387  | 107.3 | FAIL
StabilizedWhitenedCosine | 0.5598 | 0.0575 | 0.5520 | 0.0500 | 0.4772   | 0.0812   | 869     | 0.8347  | 100.8 | FAIL

[trial=9 seed=54] GLOBAL mode — total_samples=200000
  total: h0=82063 h1=15019
  pooled_train:  n0=1270 n1=1270
  pooled_calib:  n0=500 n1=500
  pooled_eval:   n0=1270 n1=1270
  regions (for macro stats only): 1103
[INFO] Cosine baseline routed to direct Hadamard sum (PrecomputedCosine)
[INFO] WeightedEnsemble Cosine judge routed to direct Hadamard sum
  [Ensemble] Judges routed to 'alt' input: PrecomputedCosine
[WeightedEnsemble] Fitted weights (alpha=0.0500, external calib):
  tau=1.3482, Pooled external calib: TPR=0.5720, FPR=0.0500
  PrecomputedCosine   : +0.4290
  PCAWhitenedCosine   : +0.0485
  XGBoost             : +0.1648
  Tiny MLP            : +0.0825
  LDA                 : +0.2751

Method                   | TPR    | FPR    | TrTPR  | TrFPR  | MacroTPR | MacroFPR | Regions | TauMean | ms    | OK? 
---------------------------------------------------------------------------------------------------------------------
Cosine                   | 0.5118 | 0.0638 | 0.4760 | 0.0500 | 0.4809   | 0.0933   | 845     | 0.9403  | 100.9 | FAIL
AndBox-HC                | 0.5079 | 0.0835 | 0.4680 | 0.0500 | 0.4845   | 0.1201   | 845     | -0.0000 | 55.9  | FAIL
PCAWhitenedCosine        | 0.5543 | 0.0559 | 0.5160 | 0.0500 | 0.4685   | 0.0816   | 845     | 0.8514  | 92.8  | FAIL
Vec (Wgt)                | 0.5528 | 0.0724 | 0.5100 | 0.0500 | 0.5218   | 0.1093   | 845     | 0.9205  | 93.0  | FAIL
Log Reg                  | 0.2992 | 0.0606 | 0.2620 | 0.0500 | 0.2637   | 0.0856   | 845     | 0.5096  | 102.4 | FAIL
LDA                      | 0.6000 | 0.0874 | 0.5600 | 0.0500 | 0.4900   | 0.1281   | 845     | 2.8467  | 98.0  | FAIL
Tiny MLP                 | 0.5646 | 0.0646 | 0.5140 | 0.0500 | 0.4582   | 0.0988   | 845     | 0.8636  | 407.4 | FAIL
MultiProtoCosine         | 0.1016 | 0.0685 | 0.1000 | 0.0500 | 0.0920   | 0.0798   | 845     | 0.9198  | 108.8 | FAIL
WeightedEnsemble         | 0.5961 | 0.0843 | 0.5720 | 0.0500 | 0.4921   | 0.1265   | 845     | 1.3482  | 443.5 | FAIL
XGBoost                  | 0.5528 | 0.0630 | 0.4960 | 0.0500 | 0.4996   | 0.0910   | 845     | 0.6792  | 71.6  | FAIL
LDA1+LogReg              | 0.3031 | 0.0614 | 0.2680 | 0.0500 | 0.2656   | 0.0861   | 845     | 0.5096  | 100.1 | FAIL
PCA16+LogReg             | 0.3039 | 0.0614 | 0.2680 | 0.0500 | 0.2665   | 0.0857   | 845     | 0.5093  | 105.8 | FAIL
PCA32+LogReg             | 0.3055 | 0.0622 | 0.2760 | 0.0500 | 0.2681   | 0.0867   | 845     | 0.5092  | 107.3 | FAIL
PCA16+VecWeighted        | 0.1039 | 0.0362 | 0.1240 | 0.0500 | 0.0859   | 0.0378   | 845     | 0.0319  | 103.8 | PASS
PCA32+VecWeighted        | 0.0756 | 0.0441 | 0.0940 | 0.0500 | 0.0693   | 0.0463   | 845     | 0.0396  | 106.1 | PASS
StabilizedWhitenedCosine | 0.5819 | 0.0646 | 0.5400 | 0.0500 | 0.4920   | 0.0968   | 845     | 0.8242  | 98.9  | FAIL

[trial=10 seed=55] GLOBAL mode — total_samples=200000
  total: h0=82063 h1=15019
  pooled_train:  n0=1270 n1=1270
  pooled_calib:  n0=500 n1=500
  pooled_eval:   n0=1270 n1=1270
  regions (for macro stats only): 1103
[INFO] Cosine baseline routed to direct Hadamard sum (PrecomputedCosine)
[INFO] WeightedEnsemble Cosine judge routed to direct Hadamard sum
  [Ensemble] Judges routed to 'alt' input: PrecomputedCosine
[WeightedEnsemble] Fitted weights (alpha=0.0500, external calib):
  tau=0.6540, Pooled external calib: TPR=0.5780, FPR=0.0500
  PrecomputedCosine   : +0.0000
  PCAWhitenedCosine   : +0.0000
  XGBoost             : +1.0000
  Tiny MLP            : +0.0000
  LDA                 : +0.0000

Method                   | TPR    | FPR    | TrTPR  | TrFPR  | MacroTPR | MacroFPR | Regions | TauMean | ms    | OK? 
---------------------------------------------------------------------------------------------------------------------
Cosine                   | 0.5220 | 0.0661 | 0.5320 | 0.0500 | 0.4937   | 0.0988   | 853     | 0.9370  | 100.5 | FAIL
AndBox-HC                | 0.3913 | 0.0457 | 0.4060 | 0.0500 | 0.3568   | 0.0634   | 853     | 0.0000  | 58.5  | PASS
PCAWhitenedCosine        | 0.5110 | 0.0433 | 0.5500 | 0.0500 | 0.4059   | 0.0603   | 853     | 0.9884  | 93.4  | PASS
Vec (Wgt)                | 0.5315 | 0.0591 | 0.5440 | 0.0500 | 0.4933   | 0.0916   | 853     | 0.9323  | 93.5  | FAIL
Log Reg                  | 0.1850 | 0.0315 | 0.1920 | 0.0500 | 0.1620   | 0.0525   | 853     | 0.5131  | 104.2 | PASS
LDA                      | 0.4732 | 0.0315 | 0.5000 | 0.0500 | 0.3700   | 0.0417   | 853     | 4.0045  | 98.1  | PASS
Tiny MLP                 | 0.4858 | 0.0378 | 0.5100 | 0.0500 | 0.3828   | 0.0508   | 853     | 0.9089  | 350.5 | PASS
MultiProtoCosine         | 0.0701 | 0.0472 | 0.0760 | 0.0500 | 0.0564   | 0.0657   | 853     | 0.9249  | 108.0 | PASS
WeightedEnsemble         | 0.5709 | 0.0638 | 0.5780 | 0.0500 | 0.5083   | 0.0927   | 853     | 0.6540  | 387.3 | FAIL
XGBoost                  | 0.5709 | 0.0638 | 0.5780 | 0.0500 | 0.5083   | 0.0927   | 853     | 0.6540  | 74.3  | FAIL
LDA1+LogReg              | 0.1850 | 0.0315 | 0.1920 | 0.0500 | 0.1620   | 0.0525   | 853     | 0.5130  | 100.7 | PASS
PCA16+LogReg             | 0.1819 | 0.0323 | 0.1880 | 0.0500 | 0.1579   | 0.0534   | 853     | 0.5127  | 106.7 | PASS
PCA32+LogReg             | 0.1961 | 0.0323 | 0.2020 | 0.0500 | 0.1744   | 0.0534   | 853     | 0.5122  | 109.4 | PASS
PCA16+VecWeighted        | 0.1087 | 0.0583 | 0.1200 | 0.0500 | 0.0902   | 0.0616   | 853     | 0.0257  | 105.0 | FAIL
PCA32+VecWeighted        | 0.1213 | 0.0504 | 0.1280 | 0.0500 | 0.1005   | 0.0594   | 853     | 0.0325  | 108.0 | FAIL
StabilizedWhitenedCosine | 0.5551 | 0.0535 | 0.5500 | 0.0500 | 0.4562   | 0.0738   | 853     | 0.8920  | 100.4 | FAIL

[trial=11 seed=56] GLOBAL mode — total_samples=200000
  total: h0=82063 h1=15019
  pooled_train:  n0=1270 n1=1270
  pooled_calib:  n0=500 n1=500
  pooled_eval:   n0=1270 n1=1270
  regions (for macro stats only): 1103
[INFO] Cosine baseline routed to direct Hadamard sum (PrecomputedCosine)
[INFO] WeightedEnsemble Cosine judge routed to direct Hadamard sum
  [Ensemble] Judges routed to 'alt' input: PrecomputedCosine
[WeightedEnsemble] Fitted weights (alpha=0.0500, external calib):
  tau=1.0646, Pooled external calib: TPR=0.5660, FPR=0.0500
  PrecomputedCosine   : +0.2403
  PCAWhitenedCosine   : +0.0431
  XGBoost             : +0.3540
  Tiny MLP            : +0.2364
  LDA                 : +0.1263

Method                   | TPR    | FPR    | TrTPR  | TrFPR  | MacroTPR | MacroFPR | Regions | TauMean | ms    | OK? 
---------------------------------------------------------------------------------------------------------------------
Cosine                   | 0.4480 | 0.0425 | 0.4080 | 0.0500 | 0.4136   | 0.0604   | 869     | 0.9641  | 100.7 | PASS
AndBox-HC                | 0.3528 | 0.0488 | 0.3560 | 0.0500 | 0.3476   | 0.0684   | 869     | 0.0000  | 61.3  | PASS
PCAWhitenedCosine        | 0.5307 | 0.0504 | 0.5100 | 0.0500 | 0.4435   | 0.0685   | 869     | 0.9293  | 94.9  | FAIL
Vec (Wgt)                | 0.4874 | 0.0449 | 0.4820 | 0.0500 | 0.4420   | 0.0634   | 869     | 0.9466  | 95.2  | PASS
Log Reg                  | 0.2283 | 0.0472 | 0.2540 | 0.0480 | 0.2076   | 0.0682   | 869     | 0.5103  | 104.4 | PASS
LDA                      | 0.5126 | 0.0575 | 0.4900 | 0.0500 | 0.4052   | 0.0735   | 869     | 3.8031  | 99.1  | FAIL
Tiny MLP                 | 0.5457 | 0.0551 | 0.5380 | 0.0500 | 0.4478   | 0.0718   | 869     | 0.8297  | 349.5 | FAIL
MultiProtoCosine         | 0.0669 | 0.0409 | 0.0780 | 0.0500 | 0.0533   | 0.0479   | 869     | 0.9249  | 108.1 | PASS
WeightedEnsemble         | 0.5772 | 0.0614 | 0.5660 | 0.0500 | 0.4805   | 0.0773   | 869     | 1.0646  | 390.1 | FAIL
XGBoost                  | 0.5047 | 0.0465 | 0.4860 | 0.0500 | 0.4524   | 0.0638   | 869     | 0.6934  | 75.3  | PASS
LDA1+LogReg              | 0.2417 | 0.0472 | 0.2640 | 0.0480 | 0.2122   | 0.0682   | 869     | 0.5102  | 100.5 | PASS
PCA16+LogReg             | 0.2283 | 0.0488 | 0.2460 | 0.0500 | 0.2044   | 0.0664   | 869     | 0.5103  | 106.8 | PASS
PCA32+LogReg             | 0.2535 | 0.0504 | 0.2660 | 0.0500 | 0.2256   | 0.0709   | 869     | 0.5098  | 108.2 | FAIL
PCA16+VecWeighted        | 0.0504 | 0.0575 | 0.0700 | 0.0500 | 0.0532   | 0.0241   | 869     | 0.0360  | 104.3 | FAIL
PCA32+VecWeighted        | 0.0795 | 0.0614 | 0.0920 | 0.0500 | 0.0556   | 0.0235   | 869     | 0.0413  | 106.0 | FAIL
StabilizedWhitenedCosine | 0.5087 | 0.0425 | 0.5100 | 0.0500 | 0.4182   | 0.0614   | 869     | 0.9754  | 100.5 | PASS

[trial=12 seed=57] GLOBAL mode — total_samples=200000
  total: h0=82063 h1=15019
  pooled_train:  n0=1270 n1=1270
  pooled_calib:  n0=500 n1=500
  pooled_eval:   n0=1270 n1=1270
  regions (for macro stats only): 1103
[INFO] Cosine baseline routed to direct Hadamard sum (PrecomputedCosine)
[INFO] WeightedEnsemble Cosine judge routed to direct Hadamard sum
  [Ensemble] Judges routed to 'alt' input: PrecomputedCosine
[WeightedEnsemble] Fitted weights (alpha=0.0500, external calib):
  tau=0.8748, Pooled external calib: TPR=0.6120, FPR=0.0500
  PrecomputedCosine   : +0.3246
  PCAWhitenedCosine   : +0.1636
  XGBoost             : +0.2291
  Tiny MLP            : +0.2081
  LDA                 : +0.0747

Method                   | TPR    | FPR    | TrTPR  | TrFPR  | MacroTPR | MacroFPR | Regions | TauMean | ms    | OK? 
---------------------------------------------------------------------------------------------------------------------
Cosine                   | 0.4937 | 0.0520 | 0.4420 | 0.0500 | 0.4499   | 0.0773   | 856     | 0.9552  | 115.9 | FAIL
AndBox-HC                | 0.4394 | 0.0512 | 0.4080 | 0.0500 | 0.4078   | 0.0730   | 856     | 0.0000  | 57.2  | FAIL
PCAWhitenedCosine        | 0.5772 | 0.0535 | 0.5340 | 0.0500 | 0.4647   | 0.0813   | 856     | 0.8358  | 90.3  | FAIL
Vec (Wgt)                | 0.5157 | 0.0528 | 0.4880 | 0.0500 | 0.4557   | 0.0785   | 856     | 0.9460  | 90.6  | FAIL
Log Reg                  | 0.2252 | 0.0512 | 0.2500 | 0.0500 | 0.1919   | 0.0648   | 856     | 0.5114  | 99.9  | FAIL
LDA                      | 0.5417 | 0.0528 | 0.5020 | 0.0500 | 0.4188   | 0.0741   | 856     | 3.5557  | 94.0  | FAIL
Tiny MLP                 | 0.5504 | 0.0575 | 0.5120 | 0.0500 | 0.4391   | 0.0819   | 856     | 0.8908  | 392.2 | FAIL
MultiProtoCosine         | 0.0984 | 0.0622 | 0.0820 | 0.0500 | 0.0707   | 0.0614   | 856     | 0.9227  | 101.4 | FAIL
WeightedEnsemble         | 0.6472 | 0.0677 | 0.6120 | 0.0500 | 0.5425   | 0.1009   | 856     | 0.8748  | 427.0 | FAIL
XGBoost                  | 0.4945 | 0.0472 | 0.4620 | 0.0500 | 0.4306   | 0.0678   | 856     | 0.7103  | 71.6  | PASS
LDA1+LogReg              | 0.2252 | 0.0512 | 0.2500 | 0.0500 | 0.1919   | 0.0648   | 856     | 0.5114  | 95.2  | FAIL
PCA16+LogReg             | 0.2236 | 0.0496 | 0.2500 | 0.0500 | 0.1891   | 0.0608   | 856     | 0.5112  | 100.9 | PASS
PCA32+LogReg             | 0.2299 | 0.0520 | 0.2500 | 0.0500 | 0.1994   | 0.0641   | 856     | 0.5109  | 102.2 | FAIL
PCA16+VecWeighted        | 0.1071 | 0.0512 | 0.1040 | 0.0500 | 0.1055   | 0.0564   | 856     | 0.0303  | 98.7  | FAIL
PCA32+VecWeighted        | 0.1181 | 0.0646 | 0.0940 | 0.0500 | 0.1118   | 0.0614   | 856     | 0.0330  | 100.1 | FAIL
StabilizedWhitenedCosine | 0.5661 | 0.0551 | 0.5420 | 0.0500 | 0.4598   | 0.0793   | 856     | 0.8646  | 96.1  | FAIL

[trial=13 seed=58] GLOBAL mode — total_samples=200000
  total: h0=82063 h1=15019
  pooled_train:  n0=1270 n1=1270
  pooled_calib:  n0=500 n1=500
  pooled_eval:   n0=1270 n1=1270
  regions (for macro stats only): 1103
[INFO] Cosine baseline routed to direct Hadamard sum (PrecomputedCosine)
[INFO] WeightedEnsemble Cosine judge routed to direct Hadamard sum
  [Ensemble] Judges routed to 'alt' input: PrecomputedCosine
[WeightedEnsemble] Fitted weights (alpha=0.0500, external calib):
  tau=1.0696, Pooled external calib: TPR=0.5080, FPR=0.0500
  PrecomputedCosine   : +0.0656
  PCAWhitenedCosine   : +0.4602
  XGBoost             : +0.1200
  Tiny MLP            : +0.2889
  LDA                 : +0.0653

Method                   | TPR    | FPR    | TrTPR  | TrFPR  | MacroTPR | MacroFPR | Regions | TauMean | ms    | OK? 
---------------------------------------------------------------------------------------------------------------------
Cosine                   | 0.4669 | 0.0528 | 0.4420 | 0.0500 | 0.4311   | 0.0752   | 844     | 0.9599  | 109.9 | FAIL
AndBox-HC                | 0.3748 | 0.0449 | 0.3260 | 0.0500 | 0.3390   | 0.0655   | 844     | 0.0000  | 59.5  | PASS
PCAWhitenedCosine        | 0.5496 | 0.0591 | 0.4920 | 0.0500 | 0.4337   | 0.0849   | 844     | 0.9697  | 92.6  | FAIL
Vec (Wgt)                | 0.5087 | 0.0591 | 0.4800 | 0.0500 | 0.4588   | 0.0845   | 844     | 0.9473  | 92.1  | FAIL
Log Reg                  | 0.2583 | 0.0465 | 0.2200 | 0.0500 | 0.2062   | 0.0659   | 844     | 0.5104  | 102.1 | PASS
LDA                      | 0.4638 | 0.0425 | 0.4180 | 0.0500 | 0.3694   | 0.0596   | 844     | 4.0468  | 96.3  | PASS
Tiny MLP                 | 0.5630 | 0.0559 | 0.5040 | 0.0500 | 0.4447   | 0.0841   | 844     | 0.8573  | 349.9 | FAIL
MultiProtoCosine         | 0.0827 | 0.0402 | 0.0740 | 0.0500 | 0.0614   | 0.0446   | 844     | 0.9249  | 105.3 | PASS
WeightedEnsemble         | 0.5520 | 0.0496 | 0.5080 | 0.0500 | 0.4344   | 0.0727   | 844     | 1.0696  | 387.9 | PASS
XGBoost                  | 0.5102 | 0.0559 | 0.4900 | 0.0500 | 0.4430   | 0.0795   | 844     | 0.6994  | 73.6  | FAIL
LDA1+LogReg              | 0.2575 | 0.0449 | 0.2200 | 0.0500 | 0.2042   | 0.0639   | 844     | 0.5104  | 98.3  | PASS
PCA16+LogReg             | 0.2480 | 0.0449 | 0.2160 | 0.0500 | 0.1989   | 0.0664   | 844     | 0.5103  | 103.8 | PASS
PCA32+LogReg             | 0.2685 | 0.0472 | 0.2320 | 0.0500 | 0.2144   | 0.0678   | 844     | 0.5099  | 105.4 | PASS
PCA16+VecWeighted        | 0.0827 | 0.0346 | 0.0780 | 0.0500 | 0.0672   | 0.0452   | 844     | 0.0311  | 101.7 | PASS
PCA32+VecWeighted        | 0.0787 | 0.0260 | 0.0600 | 0.0500 | 0.0637   | 0.0349   | 844     | 0.0352  | 103.7 | PASS
StabilizedWhitenedCosine | 0.6079 | 0.0693 | 0.5840 | 0.0500 | 0.5118   | 0.0936   | 844     | 0.7418  | 97.5  | FAIL

[trial=14 seed=59] GLOBAL mode — total_samples=200000
  total: h0=82063 h1=15019
  pooled_train:  n0=1270 n1=1270
  pooled_calib:  n0=500 n1=500
  pooled_eval:   n0=1270 n1=1270
  regions (for macro stats only): 1103
[INFO] Cosine baseline routed to direct Hadamard sum (PrecomputedCosine)
[INFO] WeightedEnsemble Cosine judge routed to direct Hadamard sum
  [Ensemble] Judges routed to 'alt' input: PrecomputedCosine
[WeightedEnsemble] Fitted weights (alpha=0.0500, external calib):
  tau=0.8775, Pooled external calib: TPR=0.4980, FPR=0.0500
  PrecomputedCosine   : +0.0000
  PCAWhitenedCosine   : +1.0000
  XGBoost             : +0.0000
  Tiny MLP            : +0.0000
  LDA                 : +0.0000

Method                   | TPR    | FPR    | TrTPR  | TrFPR  | MacroTPR | MacroFPR | Regions | TauMean | ms    | OK? 
---------------------------------------------------------------------------------------------------------------------
Cosine                   | 0.4134 | 0.0417 | 0.3900 | 0.0500 | 0.3658   | 0.0637   | 851     | 0.9772  | 109.1 | PASS
AndBox-HC                | 0.4244 | 0.0496 | 0.3980 | 0.0500 | 0.3855   | 0.0720   | 851     | 0.0000  | 54.2  | PASS
PCAWhitenedCosine        | 0.5307 | 0.0488 | 0.4980 | 0.0500 | 0.4478   | 0.0734   | 851     | 0.8775  | 89.7  | PASS
Vec (Wgt)                | 0.4701 | 0.0504 | 0.4480 | 0.0500 | 0.4159   | 0.0779   | 851     | 0.9578  | 89.2  | FAIL
Log Reg                  | 0.2173 | 0.0433 | 0.2260 | 0.0500 | 0.1772   | 0.0708   | 851     | 0.5114  | 98.6  | PASS
LDA                      | 0.4669 | 0.0425 | 0.4440 | 0.0500 | 0.3745   | 0.0647   | 851     | 3.9127  | 95.4  | PASS
Tiny MLP                 | 0.4976 | 0.0480 | 0.4600 | 0.0500 | 0.4080   | 0.0703   | 851     | 0.9004  | 339.4 | PASS
MultiProtoCosine         | 0.0850 | 0.0441 | 0.1080 | 0.0500 | 0.0710   | 0.0523   | 851     | 0.9226  | 102.3 | PASS
WeightedEnsemble         | 0.5307 | 0.0488 | 0.4980 | 0.0500 | 0.4478   | 0.0734   | 851     | 0.8775  | 378.9 | PASS
XGBoost                  | 0.4559 | 0.0465 | 0.4340 | 0.0500 | 0.3907   | 0.0704   | 851     | 0.7250  | 72.1  | PASS
LDA1+LogReg              | 0.2181 | 0.0441 | 0.2260 | 0.0500 | 0.1775   | 0.0726   | 851     | 0.5114  | 99.9  | PASS
PCA16+LogReg             | 0.2339 | 0.0441 | 0.2400 | 0.0500 | 0.1843   | 0.0726   | 851     | 0.5108  | 105.5 | PASS
PCA32+LogReg             | 0.2299 | 0.0441 | 0.2360 | 0.0500 | 0.1912   | 0.0726   | 851     | 0.5107  | 107.5 | PASS
PCA16+VecWeighted        | 0.0323 | 0.0441 | 0.0360 | 0.0500 | 0.0331   | 0.0183   | 851     | 0.0346  | 102.2 | PASS
PCA32+VecWeighted        | 0.0283 | 0.0402 | 0.0320 | 0.0500 | 0.0250   | 0.0222   | 851     | 0.0430  | 104.1 | PASS
StabilizedWhitenedCosine | 0.5039 | 0.0362 | 0.4680 | 0.0500 | 0.4187   | 0.0558   | 851     | 0.9563  | 98.7  | PASS

[trial=15 seed=60] GLOBAL mode — total_samples=200000
  total: h0=82063 h1=15019
  pooled_train:  n0=1270 n1=1270
  pooled_calib:  n0=500 n1=500
  pooled_eval:   n0=1270 n1=1270
  regions (for macro stats only): 1103
[INFO] Cosine baseline routed to direct Hadamard sum (PrecomputedCosine)
[INFO] WeightedEnsemble Cosine judge routed to direct Hadamard sum
  [Ensemble] Judges routed to 'alt' input: PrecomputedCosine
[WeightedEnsemble] Fitted weights (alpha=0.0500, external calib):
  tau=1.0642, Pooled external calib: TPR=0.5880, FPR=0.0500
  PrecomputedCosine   : +0.2584
  PCAWhitenedCosine   : +0.1385
  XGBoost             : +0.1296
  Tiny MLP            : +0.3539
  LDA                 : +0.1196

Method                   | TPR    | FPR    | TrTPR  | TrFPR  | MacroTPR | MacroFPR | Regions | TauMean | ms    | OK? 
---------------------------------------------------------------------------------------------------------------------
Cosine                   | 0.4472 | 0.0457 | 0.4580 | 0.0500 | 0.4109   | 0.0631   | 843     | 0.9689  | 103.7 | PASS
AndBox-HC                | 0.4228 | 0.0457 | 0.4340 | 0.0500 | 0.3904   | 0.0575   | 843     | 0.0000  | 59.4  | PASS
PCAWhitenedCosine        | 0.4858 | 0.0378 | 0.4540 | 0.0500 | 0.3945   | 0.0599   | 843     | 1.0198  | 91.3  | PASS
Vec (Wgt)                | 0.4803 | 0.0441 | 0.4940 | 0.0500 | 0.4245   | 0.0610   | 843     | 0.9610  | 91.5  | PASS
Log Reg                  | 0.2614 | 0.0480 | 0.2680 | 0.0500 | 0.2317   | 0.0671   | 843     | 0.5102  | 101.2 | PASS
LDA                      | 0.5441 | 0.0465 | 0.5520 | 0.0500 | 0.4340   | 0.0636   | 843     | 3.1551  | 95.5  | PASS
Tiny MLP                 | 0.5488 | 0.0480 | 0.5480 | 0.0500 | 0.4368   | 0.0740   | 843     | 0.8514  | 345.9 | PASS
MultiProtoCosine         | 0.1118 | 0.0504 | 0.1140 | 0.0500 | 0.0897   | 0.0591   | 843     | 0.9213  | 107.9 | FAIL
WeightedEnsemble         | 0.5819 | 0.0472 | 0.5880 | 0.0500 | 0.4633   | 0.0695   | 843     | 1.0642  | 383.7 | PASS
XGBoost                  | 0.4724 | 0.0480 | 0.4660 | 0.0500 | 0.4182   | 0.0673   | 843     | 0.7168  | 73.4  | PASS
LDA1+LogReg              | 0.2638 | 0.0480 | 0.2680 | 0.0500 | 0.2333   | 0.0671   | 843     | 0.5102  | 98.3  | PASS
PCA16+LogReg             | 0.2622 | 0.0480 | 0.2660 | 0.0500 | 0.2332   | 0.0671   | 843     | 0.5098  | 103.8 | PASS
PCA32+LogReg             | 0.2740 | 0.0520 | 0.2840 | 0.0500 | 0.2437   | 0.0724   | 843     | 0.5094  | 106.1 | FAIL
PCA16+VecWeighted        | 0.1024 | 0.0583 | 0.1060 | 0.0500 | 0.0904   | 0.0548   | 843     | 0.0294  | 102.2 | FAIL
PCA32+VecWeighted        | 0.1291 | 0.0528 | 0.1360 | 0.0500 | 0.0972   | 0.0606   | 843     | 0.0331  | 103.4 | FAIL
StabilizedWhitenedCosine | 0.4819 | 0.0378 | 0.4480 | 0.0500 | 0.3949   | 0.0585   | 843     | 0.9915  | 96.9  | PASS

[trial=16 seed=61] GLOBAL mode — total_samples=200000
  total: h0=82063 h1=15019
  pooled_train:  n0=1270 n1=1270
  pooled_calib:  n0=500 n1=500
  pooled_eval:   n0=1270 n1=1270
  regions (for macro stats only): 1103
[INFO] Cosine baseline routed to direct Hadamard sum (PrecomputedCosine)
[INFO] WeightedEnsemble Cosine judge routed to direct Hadamard sum
  [Ensemble] Judges routed to 'alt' input: PrecomputedCosine
[WeightedEnsemble] Fitted weights (alpha=0.0500, external calib):
  tau=0.8362, Pooled external calib: TPR=0.6600, FPR=0.0500
  PrecomputedCosine   : +0.5316
  PCAWhitenedCosine   : +0.2031
  XGBoost             : +0.0553
  Tiny MLP            : +0.1785
  LDA                 : +0.0315

Method                   | TPR    | FPR    | TrTPR  | TrFPR  | MacroTPR | MacroFPR | Regions | TauMean | ms    | OK? 
---------------------------------------------------------------------------------------------------------------------
Cosine                   | 0.4598 | 0.0669 | 0.4960 | 0.0500 | 0.4177   | 0.0979   | 854     | 0.9506  | 86.5  | FAIL
AndBox-HC                | 0.4433 | 0.0614 | 0.4620 | 0.0500 | 0.3987   | 0.0905   | 854     | 0.0000  | 57.6  | FAIL
PCAWhitenedCosine        | 0.5961 | 0.0803 | 0.6040 | 0.0500 | 0.4976   | 0.1200   | 854     | 0.7127  | 89.8  | FAIL
Vec (Wgt)                | 0.5110 | 0.0661 | 0.5340 | 0.0500 | 0.4672   | 0.1003   | 854     | 0.9263  | 90.8  | FAIL
Log Reg                  | 0.2717 | 0.0496 | 0.2780 | 0.0500 | 0.2406   | 0.0723   | 854     | 0.5094  | 100.7 | PASS
LDA                      | 0.5409 | 0.0496 | 0.5780 | 0.0500 | 0.4427   | 0.0784   | 854     | 3.5678  | 95.3  | PASS
Tiny MLP                 | 0.5646 | 0.0654 | 0.5880 | 0.0500 | 0.4675   | 0.0994   | 854     | 0.8419  | 344.2 | FAIL
MultiProtoCosine         | 0.0732 | 0.0465 | 0.0980 | 0.0500 | 0.0627   | 0.0556   | 854     | 0.9213  | 109.3 | PASS
WeightedEnsemble         | 0.6323 | 0.0780 | 0.6600 | 0.0500 | 0.5457   | 0.1178   | 854     | 0.8362  | 388.0 | FAIL
XGBoost                  | 0.5000 | 0.0630 | 0.5220 | 0.0500 | 0.4444   | 0.0915   | 854     | 0.6874  | 73.5  | FAIL
LDA1+LogReg              | 0.2724 | 0.0496 | 0.2780 | 0.0500 | 0.2412   | 0.0723   | 854     | 0.5094  | 101.1 | PASS
PCA16+LogReg             | 0.2512 | 0.0441 | 0.2480 | 0.0480 | 0.2181   | 0.0655   | 854     | 0.5099  | 106.1 | PASS
PCA32+LogReg             | 0.2740 | 0.0520 | 0.2740 | 0.0500 | 0.2435   | 0.0757   | 854     | 0.5091  | 108.4 | FAIL
PCA16+VecWeighted        | 0.0575 | 0.0449 | 0.0860 | 0.0500 | 0.0421   | 0.0427   | 854     | 0.0322  | 103.7 | PASS
PCA32+VecWeighted        | 0.0929 | 0.0417 | 0.1020 | 0.0500 | 0.0677   | 0.0516   | 854     | 0.0351  | 105.5 | PASS
StabilizedWhitenedCosine | 0.5724 | 0.0740 | 0.5700 | 0.0500 | 0.4787   | 0.1091   | 854     | 0.7730  | 100.0 | FAIL

[trial=17 seed=62] GLOBAL mode — total_samples=200000
  total: h0=82063 h1=15019
  pooled_train:  n0=1270 n1=1270
  pooled_calib:  n0=500 n1=500
  pooled_eval:   n0=1270 n1=1270
  regions (for macro stats only): 1103
[INFO] Cosine baseline routed to direct Hadamard sum (PrecomputedCosine)
[INFO] WeightedEnsemble Cosine judge routed to direct Hadamard sum
  [Ensemble] Judges routed to 'alt' input: PrecomputedCosine
[WeightedEnsemble] Fitted weights (alpha=0.0500, external calib):
  tau=0.7937, Pooled external calib: TPR=0.5880, FPR=0.0500
  PrecomputedCosine   : +0.1369
  PCAWhitenedCosine   : +0.3322
  XGBoost             : +0.4468
  Tiny MLP            : +0.0732
  LDA                 : +0.0110

Method                   | TPR    | FPR    | TrTPR  | TrFPR  | MacroTPR | MacroFPR | Regions | TauMean | ms    | OK? 
---------------------------------------------------------------------------------------------------------------------
Cosine                   | 0.4819 | 0.0606 | 0.4920 | 0.0500 | 0.4441   | 0.0851   | 846     | 0.9460  | 104.5 | FAIL
AndBox-HC                | 0.5087 | 0.0819 | 0.5120 | 0.0500 | 0.4768   | 0.1101   | 846     | 0.0000  | 57.6  | FAIL
PCAWhitenedCosine        | 0.5646 | 0.0583 | 0.5720 | 0.0500 | 0.4620   | 0.0856   | 846     | 0.9131  | 92.7  | FAIL
Vec (Wgt)                | 0.5260 | 0.0654 | 0.5400 | 0.0500 | 0.4851   | 0.0930   | 846     | 0.9327  | 92.9  | FAIL
Log Reg                  | 0.2472 | 0.0535 | 0.2280 | 0.0500 | 0.2073   | 0.0655   | 846     | 0.5119  | 102.5 | FAIL
LDA                      | 0.5386 | 0.0496 | 0.5260 | 0.0500 | 0.4306   | 0.0688   | 846     | 3.7751  | 96.2  | PASS
Tiny MLP                 | 0.5622 | 0.0512 | 0.5360 | 0.0500 | 0.4504   | 0.0748   | 846     | 0.8801  | 348.4 | FAIL
MultiProtoCosine         | 0.0961 | 0.0701 | 0.0880 | 0.0500 | 0.0745   | 0.0797   | 846     | 0.9229  | 106.8 | FAIL
WeightedEnsemble         | 0.6008 | 0.0583 | 0.5880 | 0.0500 | 0.5030   | 0.0864   | 846     | 0.7937  | 384.3 | FAIL
XGBoost                  | 0.5559 | 0.0622 | 0.5420 | 0.0500 | 0.4935   | 0.0911   | 846     | 0.6804  | 71.2  | FAIL
LDA1+LogReg              | 0.2465 | 0.0528 | 0.2280 | 0.0500 | 0.2064   | 0.0652   | 846     | 0.5119  | 98.9  | FAIL
PCA16+LogReg             | 0.2520 | 0.0559 | 0.2360 | 0.0500 | 0.2127   | 0.0687   | 846     | 0.5113  | 104.4 | FAIL
PCA32+LogReg             | 0.2630 | 0.0543 | 0.2380 | 0.0500 | 0.2194   | 0.0673   | 846     | 0.5112  | 106.6 | FAIL
PCA16+VecWeighted        | 0.0189 | 0.0354 | 0.0200 | 0.0500 | 0.0257   | 0.0174   | 846     | 0.0372  | 102.7 | PASS
PCA32+VecWeighted        | 0.0102 | 0.0299 | 0.0160 | 0.0500 | 0.0154   | 0.0116   | 846     | 0.0490  | 104.8 | PASS
StabilizedWhitenedCosine | 0.5528 | 0.0551 | 0.5600 | 0.0500 | 0.4669   | 0.0803   | 846     | 0.9269  | 98.2  | FAIL

[trial=18 seed=63] GLOBAL mode — total_samples=200000
  total: h0=82063 h1=15019
  pooled_train:  n0=1270 n1=1270
  pooled_calib:  n0=500 n1=500
  pooled_eval:   n0=1270 n1=1270
  regions (for macro stats only): 1103
[INFO] Cosine baseline routed to direct Hadamard sum (PrecomputedCosine)
[INFO] WeightedEnsemble Cosine judge routed to direct Hadamard sum
  [Ensemble] Judges routed to 'alt' input: PrecomputedCosine
[WeightedEnsemble] Fitted weights (alpha=0.0500, external calib):
  tau=0.7776, Pooled external calib: TPR=0.5720, FPR=0.0500
  PrecomputedCosine   : +0.1369
  PCAWhitenedCosine   : +0.3322
  XGBoost             : +0.4468
  Tiny MLP            : +0.0732
  LDA                 : +0.0110

Method                   | TPR    | FPR    | TrTPR  | TrFPR  | MacroTPR | MacroFPR | Regions | TauMean | ms    | OK? 
---------------------------------------------------------------------------------------------------------------------
Cosine                   | 0.4992 | 0.0591 | 0.5100 | 0.0500 | 0.4570   | 0.0892   | 857     | 0.9509  | 108.4 | FAIL
AndBox-HC                | 0.3559 | 0.0480 | 0.3540 | 0.0500 | 0.3229   | 0.0705   | 857     | 0.0000  | 59.8  | PASS
PCAWhitenedCosine        | 0.5504 | 0.0583 | 0.5560 | 0.0500 | 0.4538   | 0.0865   | 857     | 0.8399  | 95.5  | FAIL
Vec (Wgt)                | 0.5134 | 0.0591 | 0.5400 | 0.0500 | 0.4591   | 0.0898   | 857     | 0.9444  | 94.5  | FAIL
Log Reg                  | 0.2283 | 0.0543 | 0.2140 | 0.0500 | 0.1936   | 0.0717   | 857     | 0.5116  | 106.0 | FAIL
LDA                      | 0.4291 | 0.0402 | 0.4460 | 0.0500 | 0.3512   | 0.0594   | 857     | 4.1172  | 98.5  | PASS
Tiny MLP                 | 0.4480 | 0.0449 | 0.4520 | 0.0500 | 0.3747   | 0.0633   | 857     | 0.9113  | 352.0 | PASS
MultiProtoCosine         | 0.0913 | 0.0764 | 0.0920 | 0.0500 | 0.0724   | 0.0909   | 857     | 0.9220  | 108.5 | FAIL
WeightedEnsemble         | 0.5677 | 0.0520 | 0.5720 | 0.0500 | 0.4803   | 0.0821   | 857     | 0.7776  | 390.7 | FAIL
XGBoost                  | 0.4945 | 0.0504 | 0.5000 | 0.0500 | 0.4274   | 0.0780   | 857     | 0.7013  | 74.4  | FAIL
LDA1+LogReg              | 0.2283 | 0.0535 | 0.2140 | 0.0500 | 0.1936   | 0.0700   | 857     | 0.5116  | 102.4 | FAIL
PCA16+LogReg             | 0.2315 | 0.0528 | 0.2060 | 0.0500 | 0.1953   | 0.0692   | 857     | 0.5114  | 107.3 | FAIL
PCA32+LogReg             | 0.2331 | 0.0551 | 0.2200 | 0.0500 | 0.1962   | 0.0708   | 857     | 0.5111  | 111.0 | FAIL
PCA16+VecWeighted        | 0.0654 | 0.0543 | 0.0700 | 0.0500 | 0.0566   | 0.0479   | 857     | 0.0300  | 105.2 | FAIL
PCA32+VecWeighted        | 0.0693 | 0.0583 | 0.0600 | 0.0500 | 0.0524   | 0.0329   | 857     | 0.0368  | 107.3 | FAIL
StabilizedWhitenedCosine | 0.5173 | 0.0512 | 0.5160 | 0.0500 | 0.4351   | 0.0783   | 857     | 0.8822  | 100.2 | FAIL

[trial=19 seed=64] GLOBAL mode — total_samples=200000
  total: h0=82063 h1=15019
  pooled_train:  n0=1270 n1=1270
  pooled_calib:  n0=500 n1=500
  pooled_eval:   n0=1270 n1=1270
  regions (for macro stats only): 1103
[INFO] Cosine baseline routed to direct Hadamard sum (PrecomputedCosine)
[INFO] WeightedEnsemble Cosine judge routed to direct Hadamard sum
  [Ensemble] Judges routed to 'alt' input: PrecomputedCosine
[WeightedEnsemble] Fitted weights (alpha=0.0500, external calib):
  tau=1.0594, Pooled external calib: TPR=0.5740, FPR=0.0500
  PrecomputedCosine   : +0.0595
  PCAWhitenedCosine   : +0.3558
  XGBoost             : +0.1566
  Tiny MLP            : +0.3547
  LDA                 : +0.0734

Method                   | TPR    | FPR    | TrTPR  | TrFPR  | MacroTPR | MacroFPR | Regions | TauMean | ms    | OK? 
---------------------------------------------------------------------------------------------------------------------
Cosine                   | 0.4677 | 0.0433 | 0.4740 | 0.0500 | 0.4194   | 0.0649   | 858     | 0.9589  | 104.8 | PASS
AndBox-HC                | 0.4087 | 0.0441 | 0.4300 | 0.0500 | 0.3647   | 0.0591   | 858     | 0.0000  | 57.6  | PASS
PCAWhitenedCosine        | 0.5488 | 0.0457 | 0.5340 | 0.0500 | 0.4263   | 0.0658   | 858     | 1.0151  | 92.2  | PASS
Vec (Wgt)                | 0.5323 | 0.0449 | 0.5340 | 0.0500 | 0.4683   | 0.0688   | 858     | 0.9388  | 93.6  | PASS
Log Reg                  | 0.2307 | 0.0457 | 0.2240 | 0.0500 | 0.1825   | 0.0645   | 858     | 0.5117  | 105.9 | PASS
LDA                      | 0.5480 | 0.0504 | 0.5420 | 0.0500 | 0.4368   | 0.0659   | 858     | 4.0099  | 96.6  | FAIL
Tiny MLP                 | 0.5764 | 0.0496 | 0.5580 | 0.0500 | 0.4506   | 0.0622   | 858     | 0.8653  | 347.1 | PASS
MultiProtoCosine         | 0.0906 | 0.0386 | 0.0680 | 0.0500 | 0.0595   | 0.0406   | 858     | 0.9240  | 107.3 | PASS
WeightedEnsemble         | 0.5819 | 0.0480 | 0.5740 | 0.0500 | 0.4613   | 0.0635   | 858     | 1.0594  | 385.0 | PASS
XGBoost                  | 0.5055 | 0.0433 | 0.4880 | 0.0500 | 0.4307   | 0.0600   | 858     | 0.7148  | 74.1  | PASS
LDA1+LogReg              | 0.2331 | 0.0457 | 0.2320 | 0.0500 | 0.1869   | 0.0645   | 858     | 0.5116  | 99.4  | PASS
PCA16+LogReg             | 0.2457 | 0.0465 | 0.2520 | 0.0500 | 0.1973   | 0.0656   | 858     | 0.5112  | 104.6 | PASS
PCA32+LogReg             | 0.2386 | 0.0465 | 0.2480 | 0.0500 | 0.1927   | 0.0661   | 858     | 0.5109  | 107.1 | PASS
PCA16+VecWeighted        | 0.0913 | 0.0543 | 0.0740 | 0.0500 | 0.0842   | 0.0564   | 858     | 0.0283  | 102.8 | FAIL
PCA32+VecWeighted        | 0.0535 | 0.0386 | 0.0660 | 0.0500 | 0.0561   | 0.0296   | 858     | 0.0380  | 104.5 | PASS
StabilizedWhitenedCosine | 0.5591 | 0.0480 | 0.5280 | 0.0500 | 0.4369   | 0.0681   | 858     | 0.9374  | 99.2  | PASS

[trial=20 seed=65] GLOBAL mode — total_samples=200000
  total: h0=82063 h1=15019
  pooled_train:  n0=1270 n1=1270
  pooled_calib:  n0=500 n1=500
  pooled_eval:   n0=1270 n1=1270
  regions (for macro stats only): 1103
[INFO] Cosine baseline routed to direct Hadamard sum (PrecomputedCosine)
[INFO] WeightedEnsemble Cosine judge routed to direct Hadamard sum
  [Ensemble] Judges routed to 'alt' input: PrecomputedCosine
[WeightedEnsemble] Fitted weights (alpha=0.0500, external calib):
  tau=0.7039, Pooled external calib: TPR=0.6760, FPR=0.0500
  PrecomputedCosine   : +0.2610
  PCAWhitenedCosine   : +0.2348
  XGBoost             : +0.2127
  Tiny MLP            : +0.2846
  LDA                 : +0.0070

Method                   | TPR    | FPR    | TrTPR  | TrFPR  | MacroTPR | MacroFPR | Regions | TauMean | ms    | OK? 
---------------------------------------------------------------------------------------------------------------------
Cosine                   | 0.4787 | 0.0520 | 0.4800 | 0.0500 | 0.4445   | 0.0746   | 854     | 0.9527  | 99.5  | FAIL
AndBox-HC                | 0.4228 | 0.0551 | 0.4140 | 0.0480 | 0.3889   | 0.0785   | 854     | 0.0000  | 61.6  | FAIL
PCAWhitenedCosine        | 0.6071 | 0.0795 | 0.6280 | 0.0500 | 0.5127   | 0.1084   | 854     | 0.6667  | 92.2  | FAIL
Vec (Wgt)                | 0.5157 | 0.0543 | 0.5420 | 0.0500 | 0.4785   | 0.0804   | 854     | 0.9301  | 90.8  | FAIL
Log Reg                  | 0.3173 | 0.0512 | 0.3500 | 0.0500 | 0.2649   | 0.0688   | 854     | 0.5079  | 100.7 | FAIL
LDA                      | 0.5252 | 0.0528 | 0.5580 | 0.0500 | 0.4395   | 0.0761   | 854     | 3.4555  | 98.5  | FAIL
Tiny MLP                 | 0.6031 | 0.0693 | 0.6280 | 0.0500 | 0.5052   | 0.0971   | 854     | 0.8004  | 353.3 | FAIL
MultiProtoCosine         | 0.1008 | 0.0551 | 0.0680 | 0.0500 | 0.0818   | 0.0741   | 854     | 0.9206  | 108.4 | FAIL
WeightedEnsemble         | 0.6598 | 0.0835 | 0.6760 | 0.0500 | 0.5730   | 0.1148   | 854     | 0.7039  | 386.4 | FAIL
XGBoost                  | 0.5378 | 0.0583 | 0.5560 | 0.0500 | 0.4861   | 0.0814   | 854     | 0.6743  | 72.2  | FAIL
LDA1+LogReg              | 0.3071 | 0.0496 | 0.3400 | 0.0500 | 0.2574   | 0.0664   | 854     | 0.5083  | 100.2 | PASS
PCA16+LogReg             | 0.3047 | 0.0535 | 0.3400 | 0.0500 | 0.2554   | 0.0707   | 854     | 0.5080  | 105.7 | FAIL
PCA32+LogReg             | 0.3173 | 0.0543 | 0.3520 | 0.0500 | 0.2663   | 0.0723   | 854     | 0.5078  | 108.1 | FAIL
PCA16+VecWeighted        | 0.1039 | 0.0339 | 0.0820 | 0.0500 | 0.0748   | 0.0403   | 854     | 0.0311  | 103.3 | PASS
PCA32+VecWeighted        | 0.1622 | 0.0622 | 0.1240 | 0.0500 | 0.1364   | 0.0684   | 854     | 0.0283  | 105.1 | FAIL
StabilizedWhitenedCosine | 0.5992 | 0.0803 | 0.6240 | 0.0500 | 0.5156   | 0.1077   | 854     | 0.6685  | 100.1 | FAIL

[trial=21 seed=66] GLOBAL mode — total_samples=200000
  total: h0=82063 h1=15019
  pooled_train:  n0=1270 n1=1270
  pooled_calib:  n0=500 n1=500
  pooled_eval:   n0=1270 n1=1270
  regions (for macro stats only): 1103
[INFO] Cosine baseline routed to direct Hadamard sum (PrecomputedCosine)
[INFO] WeightedEnsemble Cosine judge routed to direct Hadamard sum
  [Ensemble] Judges routed to 'alt' input: PrecomputedCosine
[WeightedEnsemble] Fitted weights (alpha=0.0500, external calib):
  tau=0.9742, Pooled external calib: TPR=0.6380, FPR=0.0500
  PrecomputedCosine   : +0.2042
  PCAWhitenedCosine   : +0.1982
  XGBoost             : +0.4393
  Tiny MLP            : +0.0111
  LDA                 : +0.1471

Method                   | TPR    | FPR    | TrTPR  | TrFPR  | MacroTPR | MacroFPR | Regions | TauMean | ms    | OK? 
---------------------------------------------------------------------------------------------------------------------
Cosine                   | 0.4496 | 0.0480 | 0.4760 | 0.0500 | 0.4233   | 0.0717   | 859     | 0.9573  | 100.1 | PASS
AndBox-HC                | 0.4228 | 0.0638 | 0.4540 | 0.0500 | 0.3998   | 0.1001   | 859     | 0.0000  | 60.0  | FAIL
PCAWhitenedCosine        | 0.5449 | 0.0528 | 0.5500 | 0.0500 | 0.4454   | 0.0797   | 859     | 0.8981  | 95.6  | FAIL
Vec (Wgt)                | 0.5039 | 0.0575 | 0.5420 | 0.0480 | 0.4695   | 0.0901   | 859     | 0.9305  | 94.9  | FAIL
Log Reg                  | 0.2331 | 0.0465 | 0.2360 | 0.0500 | 0.2086   | 0.0717   | 859     | 0.5108  | 103.3 | PASS
LDA                      | 0.5268 | 0.0488 | 0.5400 | 0.0500 | 0.4216   | 0.0711   | 859     | 3.3615  | 98.4  | PASS
Tiny MLP                 | 0.5252 | 0.0488 | 0.5260 | 0.0500 | 0.4306   | 0.0715   | 859     | 0.8585  | 352.1 | PASS
MultiProtoCosine         | 0.0827 | 0.0528 | 0.0840 | 0.0500 | 0.0671   | 0.0637   | 859     | 0.9238  | 108.9 | FAIL
WeightedEnsemble         | 0.6165 | 0.0614 | 0.6380 | 0.0500 | 0.5030   | 0.0937   | 859     | 0.9742  | 388.8 | FAIL
XGBoost                  | 0.5197 | 0.0520 | 0.5260 | 0.0500 | 0.4575   | 0.0814   | 859     | 0.6804  | 74.7  | FAIL
LDA1+LogReg              | 0.2354 | 0.0465 | 0.2360 | 0.0500 | 0.2100   | 0.0717   | 859     | 0.5108  | 101.3 | PASS
PCA16+LogReg             | 0.2394 | 0.0457 | 0.2480 | 0.0500 | 0.2109   | 0.0699   | 859     | 0.5104  | 108.4 | PASS
PCA32+LogReg             | 0.2567 | 0.0472 | 0.2620 | 0.0500 | 0.2228   | 0.0719   | 859     | 0.5102  | 110.8 | PASS
PCA16+VecWeighted        | 0.0378 | 0.0394 | 0.0480 | 0.0500 | 0.0413   | 0.0357   | 859     | 0.0304  | 105.2 | PASS
PCA32+VecWeighted        | 0.0756 | 0.0425 | 0.0940 | 0.0500 | 0.0758   | 0.0398   | 859     | 0.0338  | 106.5 | PASS
StabilizedWhitenedCosine | 0.5606 | 0.0654 | 0.5760 | 0.0500 | 0.4690   | 0.0982   | 859     | 0.8059  | 99.9  | FAIL

[trial=22 seed=67] GLOBAL mode — total_samples=200000
  total: h0=82063 h1=15019
  pooled_train:  n0=1270 n1=1270
  pooled_calib:  n0=500 n1=500
  pooled_eval:   n0=1270 n1=1270
  regions (for macro stats only): 1103
[INFO] Cosine baseline routed to direct Hadamard sum (PrecomputedCosine)
[INFO] WeightedEnsemble Cosine judge routed to direct Hadamard sum
  [Ensemble] Judges routed to 'alt' input: PrecomputedCosine
[WeightedEnsemble] Fitted weights (alpha=0.0500, external calib):
  tau=0.9604, Pooled external calib: TPR=0.5120, FPR=0.0500
  PrecomputedCosine   : +0.2832
  PCAWhitenedCosine   : +0.0456
  XGBoost             : +0.2004
  Tiny MLP            : +0.4151
  LDA                 : +0.0558

Method                   | TPR    | FPR    | TrTPR  | TrFPR  | MacroTPR | MacroFPR | Regions | TauMean | ms    | OK? 
---------------------------------------------------------------------------------------------------------------------
Cosine                   | 0.5181 | 0.0614 | 0.4500 | 0.0500 | 0.4809   | 0.0941   | 872     | 0.9457  | 100.9 | FAIL
AndBox-HC                | 0.4740 | 0.0591 | 0.4140 | 0.0500 | 0.4488   | 0.0903   | 872     | 0.0000  | 57.9  | FAIL
PCAWhitenedCosine        | 0.5205 | 0.0465 | 0.4660 | 0.0500 | 0.4100   | 0.0716   | 872     | 1.0335  | 94.7  | PASS
Vec (Wgt)                | 0.5504 | 0.0638 | 0.4860 | 0.0500 | 0.5056   | 0.1003   | 872     | 0.9246  | 95.1  | FAIL
Log Reg                  | 0.2646 | 0.0504 | 0.2280 | 0.0500 | 0.2163   | 0.0757   | 872     | 0.5097  | 104.8 | FAIL
LDA                      | 0.4984 | 0.0465 | 0.4500 | 0.0500 | 0.3900   | 0.0667   | 872     | 3.7297  | 99.8  | PASS
Tiny MLP                 | 0.5598 | 0.0559 | 0.5120 | 0.0500 | 0.4496   | 0.0857   | 872     | 0.8478  | 351.0 | FAIL
MultiProtoCosine         | 0.0803 | 0.0496 | 0.0760 | 0.0500 | 0.0640   | 0.0590   | 872     | 0.9228  | 109.1 | PASS
WeightedEnsemble         | 0.5614 | 0.0496 | 0.5120 | 0.0500 | 0.4573   | 0.0799   | 872     | 0.9604  | 387.3 | PASS
XGBoost                  | 0.4913 | 0.0417 | 0.4340 | 0.0500 | 0.4217   | 0.0657   | 872     | 0.7146  | 73.4  | PASS
LDA1+LogReg              | 0.2669 | 0.0504 | 0.2320 | 0.0500 | 0.2192   | 0.0757   | 872     | 0.5097  | 100.9 | FAIL
PCA16+LogReg             | 0.2724 | 0.0480 | 0.2280 | 0.0500 | 0.2243   | 0.0722   | 872     | 0.5093  | 108.5 | PASS
PCA32+LogReg             | 0.2724 | 0.0480 | 0.2300 | 0.0500 | 0.2235   | 0.0727   | 872     | 0.5094  | 109.2 | PASS
PCA16+VecWeighted        | 0.1354 | 0.0638 | 0.1160 | 0.0500 | 0.0985   | 0.0528   | 872     | 0.0288  | 105.0 | FAIL
PCA32+VecWeighted        | 0.1102 | 0.0638 | 0.0940 | 0.0500 | 0.0880   | 0.0503   | 872     | 0.0337  | 106.9 | FAIL
StabilizedWhitenedCosine | 0.5583 | 0.0504 | 0.5020 | 0.0500 | 0.4494   | 0.0780   | 872     | 0.8782  | 100.6 | FAIL

[trial=23 seed=68] GLOBAL mode — total_samples=200000
  total: h0=82063 h1=15019
  pooled_train:  n0=1270 n1=1270
  pooled_calib:  n0=500 n1=500
  pooled_eval:   n0=1270 n1=1270
  regions (for macro stats only): 1103
[INFO] Cosine baseline routed to direct Hadamard sum (PrecomputedCosine)
[INFO] WeightedEnsemble Cosine judge routed to direct Hadamard sum
  [Ensemble] Judges routed to 'alt' input: PrecomputedCosine
[WeightedEnsemble] Fitted weights (alpha=0.0500, external calib):
  tau=0.7592, Pooled external calib: TPR=0.6240, FPR=0.0500
  PrecomputedCosine   : +0.1369
  PCAWhitenedCosine   : +0.3322
  XGBoost             : +0.4468
  Tiny MLP            : +0.0732
  LDA                 : +0.0110

Method                   | TPR    | FPR    | TrTPR  | TrFPR  | MacroTPR | MacroFPR | Regions | TauMean | ms    | OK? 
---------------------------------------------------------------------------------------------------------------------
Cosine                   | 0.4465 | 0.0402 | 0.5040 | 0.0500 | 0.4220   | 0.0555   | 849     | 0.9615  | 99.6  | PASS
AndBox-HC                | 0.3835 | 0.0346 | 0.3980 | 0.0500 | 0.3576   | 0.0476   | 849     | 0.0000  | 59.8  | PASS
PCAWhitenedCosine        | 0.5331 | 0.0472 | 0.5720 | 0.0500 | 0.4328   | 0.0721   | 849     | 0.8877  | 94.3  | PASS
Vec (Wgt)                | 0.4756 | 0.0362 | 0.5200 | 0.0500 | 0.4348   | 0.0560   | 849     | 0.9465  | 93.4  | PASS
Log Reg                  | 0.1661 | 0.0228 | 0.1820 | 0.0500 | 0.1454   | 0.0337   | 849     | 0.5142  | 102.7 | PASS
LDA                      | 0.5323 | 0.0465 | 0.5140 | 0.0500 | 0.4382   | 0.0711   | 849     | 3.7058  | 97.5  | PASS
Tiny MLP                 | 0.5535 | 0.0606 | 0.5620 | 0.0500 | 0.4589   | 0.0917   | 849     | 0.8659  | 347.4 | FAIL
MultiProtoCosine         | 0.0953 | 0.0370 | 0.1020 | 0.0500 | 0.0774   | 0.0416   | 849     | 0.9226  | 106.8 | PASS
WeightedEnsemble         | 0.5811 | 0.0488 | 0.6240 | 0.0500 | 0.4943   | 0.0745   | 849     | 0.7592  | 384.2 | PASS
XGBoost                  | 0.5528 | 0.0575 | 0.5880 | 0.0500 | 0.4906   | 0.0846   | 849     | 0.6591  | 74.1  | FAIL
LDA1+LogReg              | 0.1661 | 0.0228 | 0.1820 | 0.0500 | 0.1454   | 0.0337   | 849     | 0.5142  | 99.7  | PASS
PCA16+LogReg             | 0.1638 | 0.0220 | 0.1720 | 0.0500 | 0.1434   | 0.0334   | 849     | 0.5139  | 105.4 | PASS
PCA32+LogReg             | 0.1646 | 0.0213 | 0.1800 | 0.0500 | 0.1443   | 0.0340   | 849     | 0.5140  | 107.4 | PASS
PCA16+VecWeighted        | 0.0354 | 0.0323 | 0.0320 | 0.0500 | 0.0304   | 0.0266   | 849     | 0.0350  | 104.5 | PASS
PCA32+VecWeighted        | 0.0496 | 0.0402 | 0.0500 | 0.0500 | 0.0435   | 0.0388   | 849     | 0.0361  | 106.4 | PASS
StabilizedWhitenedCosine | 0.5252 | 0.0480 | 0.5600 | 0.0500 | 0.4368   | 0.0725   | 849     | 0.8825  | 99.2  | PASS

[trial=24 seed=69] GLOBAL mode — total_samples=200000
  total: h0=82063 h1=15019
  pooled_train:  n0=1270 n1=1270
  pooled_calib:  n0=500 n1=500
  pooled_eval:   n0=1270 n1=1270
  regions (for macro stats only): 1103
[INFO] Cosine baseline routed to direct Hadamard sum (PrecomputedCosine)
[INFO] WeightedEnsemble Cosine judge routed to direct Hadamard sum
  [Ensemble] Judges routed to 'alt' input: PrecomputedCosine
[WeightedEnsemble] Fitted weights (alpha=0.0500, external calib):
  tau=0.9955, Pooled external calib: TPR=0.5360, FPR=0.0500
  PrecomputedCosine   : +0.5316
  PCAWhitenedCosine   : +0.2031
  XGBoost             : +0.0553
  Tiny MLP            : +0.1785
  LDA                 : +0.0315

Method                   | TPR    | FPR    | TrTPR  | TrFPR  | MacroTPR | MacroFPR | Regions | TauMean | ms    | OK? 
---------------------------------------------------------------------------------------------------------------------
Cosine                   | 0.3693 | 0.0331 | 0.3720 | 0.0500 | 0.3409   | 0.0446   | 838     | 0.9840  | 98.6  | PASS
AndBox-HC                | 0.2835 | 0.0276 | 0.2780 | 0.0500 | 0.2659   | 0.0344   | 838     | 0.0000  | 56.0  | PASS
PCAWhitenedCosine        | 0.4992 | 0.0441 | 0.5260 | 0.0500 | 0.4000   | 0.0664   | 838     | 1.0533  | 92.6  | PASS
Vec (Wgt)                | 0.4378 | 0.0323 | 0.4420 | 0.0500 | 0.3837   | 0.0437   | 838     | 0.9659  | 92.6  | PASS
Log Reg                  | 0.1780 | 0.0457 | 0.1520 | 0.0500 | 0.1600   | 0.0585   | 838     | 0.5153  | 103.8 | PASS
LDA                      | 0.4228 | 0.0354 | 0.4660 | 0.0500 | 0.3315   | 0.0480   | 838     | 4.4273  | 97.4  | PASS
Tiny MLP                 | 0.4701 | 0.0339 | 0.4840 | 0.0500 | 0.3738   | 0.0506   | 838     | 0.8922  | 347.0 | PASS
MultiProtoCosine         | 0.0732 | 0.0496 | 0.0660 | 0.0500 | 0.0678   | 0.0473   | 838     | 0.9258  | 106.5 | PASS
WeightedEnsemble         | 0.5094 | 0.0394 | 0.5360 | 0.0500 | 0.4090   | 0.0568   | 838     | 0.9955  | 383.3 | PASS
XGBoost                  | 0.4331 | 0.0307 | 0.4220 | 0.0480 | 0.3747   | 0.0435   | 838     | 0.7301  | 72.4  | PASS
LDA1+LogReg              | 0.1835 | 0.0457 | 0.1580 | 0.0500 | 0.1629   | 0.0585   | 838     | 0.5152  | 99.7  | PASS
PCA16+LogReg             | 0.1921 | 0.0449 | 0.1720 | 0.0500 | 0.1703   | 0.0583   | 838     | 0.5146  | 104.8 | PASS
PCA32+LogReg             | 0.1945 | 0.0449 | 0.1720 | 0.0500 | 0.1723   | 0.0577   | 838     | 0.5145  | 107.1 | PASS
PCA16+VecWeighted        | 0.0047 | 0.0417 | 0.0040 | 0.0500 | 0.0098   | 0.0097   | 838     | 0.0375  | 103.1 | PASS
PCA32+VecWeighted        | 0.0228 | 0.0559 | 0.0160 | 0.0500 | 0.0307   | 0.0258   | 838     | 0.0400  | 104.7 | FAIL
StabilizedWhitenedCosine | 0.4843 | 0.0394 | 0.4860 | 0.0500 | 0.3968   | 0.0544   | 838     | 0.9877  | 98.2  | PASS

[trial=25 seed=70] GLOBAL mode — total_samples=200000
  total: h0=82063 h1=15019
  pooled_train:  n0=1270 n1=1270
  pooled_calib:  n0=500 n1=500
  pooled_eval:   n0=1270 n1=1270
  regions (for macro stats only): 1103
[INFO] Cosine baseline routed to direct Hadamard sum (PrecomputedCosine)
[INFO] WeightedEnsemble Cosine judge routed to direct Hadamard sum
  [Ensemble] Judges routed to 'alt' input: PrecomputedCosine
[WeightedEnsemble] Fitted weights (alpha=0.0500, external calib):
  tau=0.9321, Pooled external calib: TPR=0.5620, FPR=0.0500
  PrecomputedCosine   : +0.5316
  PCAWhitenedCosine   : +0.2031
  XGBoost             : +0.0553
  Tiny MLP            : +0.1785
  LDA                 : +0.0315

Method                   | TPR    | FPR    | TrTPR  | TrFPR  | MacroTPR | MacroFPR | Regions | TauMean | ms    | OK? 
---------------------------------------------------------------------------------------------------------------------
Cosine                   | 0.4394 | 0.0331 | 0.3760 | 0.0500 | 0.3884   | 0.0547   | 866     | 0.9757  | 100.0 | PASS
AndBox-HC                | 0.3913 | 0.0370 | 0.3400 | 0.0500 | 0.3552   | 0.0554   | 866     | 0.0001  | 58.9  | PASS
PCAWhitenedCosine        | 0.4992 | 0.0402 | 0.4780 | 0.0500 | 0.3907   | 0.0602   | 866     | 1.0469  | 94.3  | PASS
Vec (Wgt)                | 0.4764 | 0.0339 | 0.4160 | 0.0500 | 0.4065   | 0.0540   | 866     | 0.9655  | 94.6  | PASS
Log Reg                  | 0.2402 | 0.0465 | 0.2120 | 0.0500 | 0.2099   | 0.0609   | 866     | 0.5120  | 105.0 | PASS
LDA                      | 0.5205 | 0.0520 | 0.5120 | 0.0500 | 0.4016   | 0.0694   | 866     | 3.5847  | 99.2  | FAIL
Tiny MLP                 | 0.4622 | 0.0394 | 0.4380 | 0.0500 | 0.3536   | 0.0551   | 866     | 0.9251  | 352.1 | PASS
MultiProtoCosine         | 0.1031 | 0.0315 | 0.0920 | 0.0500 | 0.0826   | 0.0392   | 866     | 0.9237  | 108.7 | PASS
WeightedEnsemble         | 0.5638 | 0.0496 | 0.5620 | 0.0500 | 0.4601   | 0.0728   | 866     | 0.9321  | 387.3 | PASS
XGBoost                  | 0.5228 | 0.0449 | 0.4740 | 0.0500 | 0.4592   | 0.0670   | 866     | 0.6963  | 73.8  | PASS
LDA1+LogReg              | 0.2409 | 0.0465 | 0.2120 | 0.0500 | 0.2102   | 0.0609   | 866     | 0.5120  | 101.2 | PASS
PCA16+LogReg             | 0.2331 | 0.0472 | 0.2040 | 0.0500 | 0.2056   | 0.0591   | 866     | 0.5119  | 106.8 | PASS
PCA32+LogReg             | 0.2472 | 0.0496 | 0.2160 | 0.0500 | 0.2151   | 0.0623   | 866     | 0.5114  | 109.1 | PASS
PCA16+VecWeighted        | 0.0417 | 0.0717 | 0.0340 | 0.0500 | 0.0355   | 0.0574   | 866     | 0.0316  | 104.4 | FAIL
PCA32+VecWeighted        | 0.0244 | 0.0504 | 0.0100 | 0.0500 | 0.0183   | 0.0480   | 866     | 0.0390  | 107.2 | FAIL
StabilizedWhitenedCosine | 0.4764 | 0.0315 | 0.4500 | 0.0500 | 0.3864   | 0.0457   | 866     | 1.0647  | 100.0 | PASS

[trial=26 seed=71] GLOBAL mode — total_samples=200000
  total: h0=82063 h1=15019
  pooled_train:  n0=1270 n1=1270
  pooled_calib:  n0=500 n1=500
  pooled_eval:   n0=1270 n1=1270
  regions (for macro stats only): 1103
[INFO] Cosine baseline routed to direct Hadamard sum (PrecomputedCosine)
[INFO] WeightedEnsemble Cosine judge routed to direct Hadamard sum
  [Ensemble] Judges routed to 'alt' input: PrecomputedCosine
[WeightedEnsemble] Fitted weights (alpha=0.0500, external calib):
  tau=0.8529, Pooled external calib: TPR=0.6660, FPR=0.0500
  PrecomputedCosine   : +0.4364
  PCAWhitenedCosine   : +0.0571
  XGBoost             : +0.1048
  Tiny MLP            : +0.3819
  LDA                 : +0.0199

Method                   | TPR    | FPR    | TrTPR  | TrFPR  | MacroTPR | MacroFPR | Regions | TauMean | ms    | OK? 
---------------------------------------------------------------------------------------------------------------------
Cosine                   | 0.4504 | 0.0488 | 0.4620 | 0.0500 | 0.4227   | 0.0653   | 870     | 0.9637  | 100.6 | PASS
AndBox-HC                | 0.4205 | 0.0520 | 0.4260 | 0.0500 | 0.3923   | 0.0717   | 870     | 0.0000  | 62.0  | FAIL
PCAWhitenedCosine        | 0.5677 | 0.0693 | 0.6160 | 0.0500 | 0.4706   | 0.0939   | 870     | 0.8219  | 95.2  | FAIL
Vec (Wgt)                | 0.4835 | 0.0551 | 0.4920 | 0.0500 | 0.4363   | 0.0734   | 870     | 0.9523  | 95.7  | FAIL
Log Reg                  | 0.2976 | 0.0732 | 0.3080 | 0.0500 | 0.2437   | 0.1000   | 870     | 0.5113  | 107.4 | FAIL
LDA                      | 0.6047 | 0.0866 | 0.6180 | 0.0500 | 0.5012   | 0.1148   | 870     | 3.1662  | 99.4  | FAIL
Tiny MLP                 | 0.5906 | 0.0748 | 0.6220 | 0.0500 | 0.4968   | 0.1003   | 870     | 0.8413  | 351.7 | FAIL
MultiProtoCosine         | 0.1087 | 0.0606 | 0.1180 | 0.0500 | 0.0865   | 0.0737   | 870     | 0.9219  | 109.0 | FAIL
WeightedEnsemble         | 0.6291 | 0.0811 | 0.6660 | 0.0500 | 0.5318   | 0.1124   | 870     | 0.8529  | 387.2 | FAIL
XGBoost                  | 0.5409 | 0.0709 | 0.5660 | 0.0500 | 0.4781   | 0.0923   | 870     | 0.6739  | 72.8  | FAIL
LDA1+LogReg              | 0.2992 | 0.0732 | 0.3100 | 0.0500 | 0.2449   | 0.1000   | 870     | 0.5113  | 102.4 | FAIL
PCA16+LogReg             | 0.2827 | 0.0724 | 0.3080 | 0.0480 | 0.2414   | 0.0999   | 870     | 0.5109  | 107.1 | FAIL
PCA32+LogReg             | 0.2984 | 0.0717 | 0.3140 | 0.0500 | 0.2474   | 0.0990   | 870     | 0.5110  | 109.6 | FAIL
PCA16+VecWeighted        | 0.1197 | 0.0457 | 0.1320 | 0.0500 | 0.1026   | 0.0409   | 870     | 0.0328  | 105.5 | PASS
PCA32+VecWeighted        | 0.0976 | 0.0528 | 0.0980 | 0.0500 | 0.0897   | 0.0402   | 870     | 0.0388  | 108.0 | FAIL
StabilizedWhitenedCosine | 0.5748 | 0.0677 | 0.6200 | 0.0500 | 0.4945   | 0.0903   | 870     | 0.8070  | 102.1 | FAIL

[trial=27 seed=72] GLOBAL mode — total_samples=200000
  total: h0=82063 h1=15019
  pooled_train:  n0=1270 n1=1270
  pooled_calib:  n0=500 n1=500
  pooled_eval:   n0=1270 n1=1270
  regions (for macro stats only): 1103
[INFO] Cosine baseline routed to direct Hadamard sum (PrecomputedCosine)
[INFO] WeightedEnsemble Cosine judge routed to direct Hadamard sum
  [Ensemble] Judges routed to 'alt' input: PrecomputedCosine
[WeightedEnsemble] Fitted weights (alpha=0.0500, external calib):
  tau=0.8646, Pooled external calib: TPR=0.5780, FPR=0.0500
  PrecomputedCosine   : +0.3209
  PCAWhitenedCosine   : +0.3118
  XGBoost             : +0.3183
  Tiny MLP            : +0.0373
  LDA                 : +0.0115

Method                   | TPR    | FPR    | TrTPR  | TrFPR  | MacroTPR | MacroFPR | Regions | TauMean | ms    | OK? 
---------------------------------------------------------------------------------------------------------------------
Cosine                   | 0.4441 | 0.0520 | 0.4620 | 0.0500 | 0.4054   | 0.0745   | 849     | 0.9655  | 97.3  | FAIL
AndBox-HC                | 0.3717 | 0.0512 | 0.3840 | 0.0500 | 0.3368   | 0.0697   | 849     | 0.0000  | 53.6  | FAIL
PCAWhitenedCosine        | 0.5087 | 0.0402 | 0.5320 | 0.0500 | 0.4085   | 0.0594   | 849     | 0.9813  | 88.9  | PASS
Vec (Wgt)                | 0.4685 | 0.0496 | 0.4800 | 0.0500 | 0.4228   | 0.0702   | 849     | 0.9524  | 90.8  | PASS
Log Reg                  | 0.2433 | 0.0512 | 0.2240 | 0.0500 | 0.1982   | 0.0686   | 849     | 0.5113  | 103.6 | FAIL
LDA                      | 0.5047 | 0.0370 | 0.5220 | 0.0500 | 0.4153   | 0.0554   | 849     | 3.7925  | 97.6  | PASS
Tiny MLP                 | 0.5181 | 0.0394 | 0.5280 | 0.0500 | 0.4249   | 0.0600   | 849     | 0.8853  | 349.9 | PASS
MultiProtoCosine         | 0.0654 | 0.0512 | 0.0740 | 0.0500 | 0.0483   | 0.0592   | 849     | 0.9244  | 106.4 | FAIL
WeightedEnsemble         | 0.5488 | 0.0402 | 0.5780 | 0.0500 | 0.4517   | 0.0610   | 849     | 0.8646  | 501.8 | PASS
XGBoost                  | 0.4701 | 0.0512 | 0.5040 | 0.0500 | 0.4212   | 0.0687   | 849     | 0.7150  | 77.0  | FAIL
LDA1+LogReg              | 0.2441 | 0.0512 | 0.2240 | 0.0500 | 0.1988   | 0.0686   | 849     | 0.5113  | 100.1 | FAIL
PCA16+LogReg             | 0.2606 | 0.0567 | 0.2600 | 0.0500 | 0.2208   | 0.0742   | 849     | 0.5103  | 104.1 | FAIL
PCA32+LogReg             | 0.2654 | 0.0567 | 0.2560 | 0.0500 | 0.2194   | 0.0729   | 849     | 0.5105  | 107.8 | FAIL
PCA16+VecWeighted        | 0.0724 | 0.0433 | 0.0980 | 0.0500 | 0.0605   | 0.0440   | 849     | 0.0300  | 102.6 | PASS
PCA32+VecWeighted        | 0.0606 | 0.0425 | 0.0840 | 0.0500 | 0.0698   | 0.0507   | 849     | 0.0364  | 104.1 | PASS
StabilizedWhitenedCosine | 0.4984 | 0.0417 | 0.5360 | 0.0500 | 0.4080   | 0.0527   | 849     | 0.9636  | 97.5  | PASS

[trial=28 seed=73] GLOBAL mode — total_samples=200000
  total: h0=82063 h1=15019
  pooled_train:  n0=1270 n1=1270
  pooled_calib:  n0=500 n1=500
  pooled_eval:   n0=1270 n1=1270
  regions (for macro stats only): 1103
[INFO] Cosine baseline routed to direct Hadamard sum (PrecomputedCosine)
[INFO] WeightedEnsemble Cosine judge routed to direct Hadamard sum
  [Ensemble] Judges routed to 'alt' input: PrecomputedCosine
[WeightedEnsemble] Fitted weights (alpha=0.0500, external calib):
  tau=1.1978, Pooled external calib: TPR=0.5660, FPR=0.0500
  PrecomputedCosine   : +0.0786
  PCAWhitenedCosine   : +0.2785
  XGBoost             : +0.3243
  Tiny MLP            : +0.1558
  LDA                 : +0.1628

Method                   | TPR    | FPR    | TrTPR  | TrFPR  | MacroTPR | MacroFPR | Regions | TauMean | ms    | OK? 
---------------------------------------------------------------------------------------------------------------------
Cosine                   | 0.4835 | 0.0614 | 0.4820 | 0.0500 | 0.4367   | 0.0989   | 849     | 0.9521  | 100.7 | FAIL
AndBox-HC                | 0.4205 | 0.0551 | 0.4260 | 0.0500 | 0.3748   | 0.0900   | 849     | 0.0000  | 56.3  | FAIL
PCAWhitenedCosine        | 0.5260 | 0.0504 | 0.5300 | 0.0500 | 0.4145   | 0.0809   | 849     | 1.0129  | 90.9  | FAIL
Vec (Wgt)                | 0.5165 | 0.0583 | 0.5120 | 0.0500 | 0.4607   | 0.0951   | 849     | 0.9445  | 91.5  | FAIL
Log Reg                  | 0.2213 | 0.0472 | 0.2540 | 0.0500 | 0.1992   | 0.0641   | 849     | 0.5123  | 101.9 | PASS
LDA                      | 0.5307 | 0.0630 | 0.5360 | 0.0500 | 0.4234   | 0.0953   | 849     | 3.5998  | 95.6  | FAIL
Tiny MLP                 | 0.5102 | 0.0496 | 0.5100 | 0.0500 | 0.4083   | 0.0812   | 849     | 0.8871  | 406.3 | PASS
MultiProtoCosine         | 0.0803 | 0.0449 | 0.0780 | 0.0500 | 0.0671   | 0.0502   | 849     | 0.9232  | 105.4 | PASS
WeightedEnsemble         | 0.5575 | 0.0551 | 0.5660 | 0.0500 | 0.4520   | 0.0868   | 849     | 1.1978  | 441.4 | FAIL
XGBoost                  | 0.5701 | 0.0756 | 0.5600 | 0.0500 | 0.4967   | 0.1180   | 849     | 0.6498  | 71.2  | FAIL
LDA1+LogReg              | 0.2307 | 0.0472 | 0.2620 | 0.0500 | 0.2030   | 0.0641   | 849     | 0.5123  | 98.6  | PASS
PCA16+LogReg             | 0.2323 | 0.0496 | 0.2540 | 0.0500 | 0.2021   | 0.0669   | 849     | 0.5119  | 104.7 | PASS
PCA32+LogReg             | 0.2386 | 0.0472 | 0.2680 | 0.0500 | 0.2094   | 0.0656   | 849     | 0.5118  | 107.9 | PASS
PCA16+VecWeighted        | 0.1866 | 0.0449 | 0.1840 | 0.0500 | 0.1553   | 0.0557   | 849     | 0.0289  | 103.1 | PASS
PCA32+VecWeighted        | 0.1575 | 0.0614 | 0.1580 | 0.0500 | 0.1389   | 0.0774   | 849     | 0.0315  | 103.1 | FAIL
StabilizedWhitenedCosine | 0.5039 | 0.0504 | 0.5180 | 0.0500 | 0.4047   | 0.0825   | 849     | 0.9898  | 98.0  | FAIL

[trial=29 seed=74] GLOBAL mode — total_samples=200000
  total: h0=82063 h1=15019
  pooled_train:  n0=1270 n1=1270
  pooled_calib:  n0=500 n1=500
  pooled_eval:   n0=1270 n1=1270
  regions (for macro stats only): 1103
[INFO] Cosine baseline routed to direct Hadamard sum (PrecomputedCosine)
[INFO] WeightedEnsemble Cosine judge routed to direct Hadamard sum
  [Ensemble] Judges routed to 'alt' input: PrecomputedCosine
[WeightedEnsemble] Fitted weights (alpha=0.0500, external calib):
  tau=0.7619, Pooled external calib: TPR=0.6460, FPR=0.0500
  PrecomputedCosine   : +0.1195
  PCAWhitenedCosine   : +0.3770
  XGBoost             : +0.2691
  Tiny MLP            : +0.2045
  LDA                 : +0.0298

Method                   | TPR    | FPR    | TrTPR  | TrFPR  | MacroTPR | MacroFPR | Regions | TauMean | ms    | OK? 
---------------------------------------------------------------------------------------------------------------------
Cosine                   | 0.5016 | 0.0614 | 0.5140 | 0.0500 | 0.4899   | 0.0787   | 847     | 0.9452  | 91.8  | FAIL
AndBox-HC                | 0.4843 | 0.0622 | 0.4820 | 0.0500 | 0.4694   | 0.0758   | 847     | 0.0000  | 56.2  | FAIL
PCAWhitenedCosine        | 0.5961 | 0.0740 | 0.6140 | 0.0500 | 0.5128   | 0.0966   | 847     | 0.7117  | 91.4  | FAIL
Vec (Wgt)                | 0.5299 | 0.0717 | 0.5520 | 0.0500 | 0.5158   | 0.0945   | 847     | 0.9231  | 90.6  | FAIL
Log Reg                  | 0.2906 | 0.0764 | 0.3060 | 0.0500 | 0.2538   | 0.0931   | 847     | 0.5109  | 99.8  | FAIL
LDA                      | 0.5244 | 0.0598 | 0.5660 | 0.0500 | 0.4423   | 0.0829   | 847     | 3.7809  | 95.1  | FAIL
Tiny MLP                 | 0.5559 | 0.0685 | 0.5880 | 0.0500 | 0.4699   | 0.0957   | 847     | 0.8602  | 344.9 | FAIL
MultiProtoCosine         | 0.1252 | 0.0882 | 0.1500 | 0.0500 | 0.1024   | 0.0945   | 847     | 0.9181  | 104.3 | FAIL
WeightedEnsemble         | 0.6165 | 0.0701 | 0.6460 | 0.0500 | 0.5421   | 0.0942   | 847     | 0.7619  | 379.4 | FAIL
XGBoost                  | 0.5449 | 0.0654 | 0.5500 | 0.0500 | 0.5138   | 0.0783   | 847     | 0.6658  | 71.1  | FAIL
LDA1+LogReg              | 0.2984 | 0.0764 | 0.3180 | 0.0500 | 0.2570   | 0.0931   | 847     | 0.5109  | 98.4  | FAIL
PCA16+LogReg             | 0.2906 | 0.0709 | 0.3100 | 0.0500 | 0.2492   | 0.0809   | 847     | 0.5109  | 104.9 | FAIL
PCA32+LogReg             | 0.3000 | 0.0764 | 0.3240 | 0.0500 | 0.2584   | 0.0914   | 847     | 0.5106  | 106.5 | FAIL
PCA16+VecWeighted        | 0.1717 | 0.0551 | 0.1600 | 0.0500 | 0.1524   | 0.0608   | 847     | 0.0250  | 103.1 | FAIL
PCA32+VecWeighted        | 0.1748 | 0.0614 | 0.1600 | 0.0500 | 0.1537   | 0.0720   | 847     | 0.0292  | 104.0 | FAIL
StabilizedWhitenedCosine | 0.5858 | 0.0748 | 0.6040 | 0.0500 | 0.5077   | 0.1018   | 847     | 0.7074  | 96.9  | FAIL

[trial=30 seed=75] GLOBAL mode — total_samples=200000
  total: h0=82063 h1=15019
  pooled_train:  n0=1270 n1=1270
  pooled_calib:  n0=500 n1=500
  pooled_eval:   n0=1270 n1=1270
  regions (for macro stats only): 1103
[INFO] Cosine baseline routed to direct Hadamard sum (PrecomputedCosine)
[INFO] WeightedEnsemble Cosine judge routed to direct Hadamard sum
  [Ensemble] Judges routed to 'alt' input: PrecomputedCosine
[WeightedEnsemble] Fitted weights (alpha=0.0500, external calib):
  tau=0.5643, Pooled external calib: TPR=0.6560, FPR=0.0500
  PrecomputedCosine   : +0.0000
  PCAWhitenedCosine   : +1.0000
  XGBoost             : +0.0000
  Tiny MLP            : +0.0000
  LDA                 : +0.0000

Method                   | TPR    | FPR    | TrTPR  | TrFPR  | MacroTPR | MacroFPR | Regions | TauMean | ms    | OK? 
---------------------------------------------------------------------------------------------------------------------
Cosine                   | 0.4937 | 0.0551 | 0.4860 | 0.0500 | 0.4580   | 0.0775   | 853     | 0.9506  | 102.2 | FAIL
AndBox-HC                | 0.5047 | 0.0661 | 0.5320 | 0.0500 | 0.4683   | 0.0887   | 853     | -0.0000 | 55.7  | FAIL
PCAWhitenedCosine        | 0.6512 | 0.0748 | 0.6560 | 0.0500 | 0.5600   | 0.1047   | 853     | 0.5643  | 92.4  | FAIL
Vec (Wgt)                | 0.5409 | 0.0591 | 0.5520 | 0.0500 | 0.5046   | 0.0823   | 853     | 0.9347  | 91.7  | FAIL
Log Reg                  | 0.3197 | 0.0606 | 0.3000 | 0.0480 | 0.2746   | 0.0758   | 853     | 0.5085  | 101.9 | FAIL
LDA                      | 0.5661 | 0.0441 | 0.5760 | 0.0500 | 0.4652   | 0.0619   | 853     | 3.0516  | 96.3  | PASS
Tiny MLP                 | 0.5606 | 0.0504 | 0.5760 | 0.0500 | 0.4726   | 0.0650   | 853     | 0.8692  | 405.8 | FAIL
MultiProtoCosine         | 0.1315 | 0.0480 | 0.1220 | 0.0500 | 0.0939   | 0.0490   | 853     | 0.9220  | 105.5 | PASS
WeightedEnsemble         | 0.6512 | 0.0748 | 0.6560 | 0.0500 | 0.5600   | 0.1047   | 853     | 0.5643  | 446.8 | FAIL
XGBoost                  | 0.5472 | 0.0567 | 0.5440 | 0.0500 | 0.4831   | 0.0786   | 853     | 0.6615  | 73.5  | FAIL
LDA1+LogReg              | 0.3220 | 0.0614 | 0.3020 | 0.0480 | 0.2775   | 0.0763   | 853     | 0.5085  | 98.2  | FAIL
PCA16+LogReg             | 0.3205 | 0.0646 | 0.3040 | 0.0500 | 0.2732   | 0.0813   | 853     | 0.5085  | 104.2 | FAIL
PCA32+LogReg             | 0.3299 | 0.0646 | 0.3060 | 0.0500 | 0.2872   | 0.0799   | 853     | 0.5080  | 106.3 | FAIL
PCA16+VecWeighted        | 0.0071 | 0.0346 | 0.0060 | 0.0500 | 0.0114   | 0.0191   | 853     | 0.0378  | 101.4 | PASS
PCA32+VecWeighted        | 0.0236 | 0.0370 | 0.0300 | 0.0500 | 0.0231   | 0.0248   | 853     | 0.0426  | 104.0 | PASS
StabilizedWhitenedCosine | 0.6488 | 0.0740 | 0.6320 | 0.0500 | 0.5679   | 0.1083   | 853     | 0.5200  | 98.4  | FAIL

[trial=31 seed=76] GLOBAL mode — total_samples=200000
  total: h0=82063 h1=15019
  pooled_train:  n0=1270 n1=1270
  pooled_calib:  n0=500 n1=500
  pooled_eval:   n0=1270 n1=1270
  regions (for macro stats only): 1103
[INFO] Cosine baseline routed to direct Hadamard sum (PrecomputedCosine)
[INFO] WeightedEnsemble Cosine judge routed to direct Hadamard sum
  [Ensemble] Judges routed to 'alt' input: PrecomputedCosine
[WeightedEnsemble] Fitted weights (alpha=0.0500, external calib):
  tau=0.9279, Pooled external calib: TPR=0.5600, FPR=0.0500
  PrecomputedCosine   : +0.4364
  PCAWhitenedCosine   : +0.0571
  XGBoost             : +0.1048
  Tiny MLP            : +0.3819
  LDA                 : +0.0199

Method                   | TPR    | FPR    | TrTPR  | TrFPR  | MacroTPR | MacroFPR | Regions | TauMean | ms    | OK? 
---------------------------------------------------------------------------------------------------------------------
Cosine                   | 0.4110 | 0.0299 | 0.4580 | 0.0500 | 0.3631   | 0.0449   | 865     | 0.9757  | 95.9  | PASS
AndBox-HC                | 0.3394 | 0.0260 | 0.3820 | 0.0500 | 0.3015   | 0.0350   | 865     | 0.0001  | 58.4  | PASS
PCAWhitenedCosine        | 0.5047 | 0.0315 | 0.5200 | 0.0500 | 0.4238   | 0.0525   | 865     | 1.0493  | 93.3  | PASS
Vec (Wgt)                | 0.4724 | 0.0354 | 0.5000 | 0.0500 | 0.4155   | 0.0574   | 865     | 0.9528  | 92.8  | PASS
Log Reg                  | 0.2039 | 0.0307 | 0.2080 | 0.0500 | 0.1777   | 0.0465   | 865     | 0.5129  | 102.8 | PASS
LDA                      | 0.4724 | 0.0323 | 0.4680 | 0.0500 | 0.3843   | 0.0567   | 865     | 4.2987  | 97.1  | PASS
Tiny MLP                 | 0.4906 | 0.0323 | 0.4940 | 0.0500 | 0.4016   | 0.0550   | 865     | 0.8975  | 345.4 | PASS
MultiProtoCosine         | 0.0992 | 0.0591 | 0.1020 | 0.0500 | 0.0785   | 0.0570   | 865     | 0.9230  | 105.7 | FAIL
WeightedEnsemble         | 0.5402 | 0.0346 | 0.5600 | 0.0500 | 0.4623   | 0.0593   | 865     | 0.9279  | 381.3 | PASS
XGBoost                  | 0.4551 | 0.0244 | 0.4880 | 0.0500 | 0.3921   | 0.0388   | 865     | 0.7320  | 73.8  | PASS
LDA1+LogReg              | 0.2055 | 0.0307 | 0.2080 | 0.0500 | 0.1793   | 0.0465   | 865     | 0.5129  | 98.9  | PASS
PCA16+LogReg             | 0.2110 | 0.0346 | 0.2160 | 0.0500 | 0.1848   | 0.0501   | 865     | 0.5122  | 104.2 | PASS
PCA32+LogReg             | 0.2307 | 0.0346 | 0.2300 | 0.0500 | 0.1967   | 0.0501   | 865     | 0.5120  | 106.4 | PASS
PCA16+VecWeighted        | 0.0764 | 0.0449 | 0.0740 | 0.0500 | 0.0665   | 0.0498   | 865     | 0.0302  | 102.2 | PASS
PCA32+VecWeighted        | 0.0598 | 0.0441 | 0.0600 | 0.0500 | 0.0603   | 0.0495   | 865     | 0.0360  | 106.1 | PASS
StabilizedWhitenedCosine | 0.5047 | 0.0276 | 0.5420 | 0.0500 | 0.4222   | 0.0434   | 865     | 1.0186  | 99.8  | PASS

[trial=32 seed=77] GLOBAL mode — total_samples=200000
  total: h0=82063 h1=15019
  pooled_train:  n0=1270 n1=1270
  pooled_calib:  n0=500 n1=500
  pooled_eval:   n0=1270 n1=1270
  regions (for macro stats only): 1103
[INFO] Cosine baseline routed to direct Hadamard sum (PrecomputedCosine)
[INFO] WeightedEnsemble Cosine judge routed to direct Hadamard sum
  [Ensemble] Judges routed to 'alt' input: PrecomputedCosine
[WeightedEnsemble] Fitted weights (alpha=0.0500, external calib):
  tau=0.8618, Pooled external calib: TPR=0.5900, FPR=0.0500
  PrecomputedCosine   : +0.4364
  PCAWhitenedCosine   : +0.0571
  XGBoost             : +0.1048
  Tiny MLP            : +0.3819
  LDA                 : +0.0199

Method                   | TPR    | FPR    | TrTPR  | TrFPR  | MacroTPR | MacroFPR | Regions | TauMean | ms    | OK? 
---------------------------------------------------------------------------------------------------------------------
Cosine                   | 0.5008 | 0.0504 | 0.4500 | 0.0500 | 0.4515   | 0.0800   | 838     | 0.9491  | 92.6  | FAIL
AndBox-HC                | 0.3803 | 0.0425 | 0.3980 | 0.0500 | 0.3400   | 0.0666   | 838     | 0.0000  | 55.8  | PASS
PCAWhitenedCosine        | 0.5646 | 0.0567 | 0.5360 | 0.0500 | 0.4461   | 0.0848   | 838     | 0.8359  | 89.7  | FAIL
Vec (Wgt)                | 0.5402 | 0.0520 | 0.4940 | 0.0500 | 0.4875   | 0.0831   | 838     | 0.9316  | 89.8  | FAIL
Log Reg                  | 0.2638 | 0.0472 | 0.2560 | 0.0500 | 0.2121   | 0.0594   | 838     | 0.5097  | 99.1  | PASS
LDA                      | 0.5669 | 0.0638 | 0.5340 | 0.0500 | 0.4504   | 0.0951   | 838     | 3.0740  | 93.6  | FAIL
Tiny MLP                 | 0.5874 | 0.0732 | 0.5640 | 0.0500 | 0.4725   | 0.1060   | 838     | 0.8291  | 345.8 | FAIL
MultiProtoCosine         | 0.0961 | 0.0606 | 0.1220 | 0.0500 | 0.0814   | 0.0630   | 838     | 0.9239  | 103.7 | FAIL
WeightedEnsemble         | 0.6079 | 0.0638 | 0.5900 | 0.0500 | 0.4963   | 0.0987   | 838     | 0.8618  | 381.7 | FAIL
XGBoost                  | 0.5386 | 0.0543 | 0.5060 | 0.0500 | 0.4668   | 0.0831   | 838     | 0.6745  | 72.3  | FAIL
LDA1+LogReg              | 0.2661 | 0.0472 | 0.2560 | 0.0500 | 0.2149   | 0.0591   | 838     | 0.5097  | 96.7  | PASS
PCA16+LogReg             | 0.2748 | 0.0449 | 0.2580 | 0.0500 | 0.2224   | 0.0572   | 838     | 0.5092  | 101.5 | PASS
PCA32+LogReg             | 0.2795 | 0.0535 | 0.2680 | 0.0500 | 0.2259   | 0.0663   | 838     | 0.5089  | 103.8 | FAIL
PCA16+VecWeighted        | 0.2134 | 0.0756 | 0.2040 | 0.0500 | 0.1826   | 0.0845   | 838     | 0.0233  | 100.0 | FAIL
PCA32+VecWeighted        | 0.2008 | 0.0535 | 0.1920 | 0.0500 | 0.1648   | 0.0556   | 838     | 0.0285  | 102.0 | FAIL
StabilizedWhitenedCosine | 0.5654 | 0.0543 | 0.5520 | 0.0500 | 0.4568   | 0.0821   | 838     | 0.7940  | 95.7  | FAIL

[trial=33 seed=78] GLOBAL mode — total_samples=200000
  total: h0=82063 h1=15019
  pooled_train:  n0=1270 n1=1270
  pooled_calib:  n0=500 n1=500
  pooled_eval:   n0=1270 n1=1270
  regions (for macro stats only): 1103
[INFO] Cosine baseline routed to direct Hadamard sum (PrecomputedCosine)
[INFO] WeightedEnsemble Cosine judge routed to direct Hadamard sum
  [Ensemble] Judges routed to 'alt' input: PrecomputedCosine
[WeightedEnsemble] Fitted weights (alpha=0.0500, external calib):
  tau=0.8547, Pooled external calib: TPR=0.5420, FPR=0.0500
  PrecomputedCosine   : +0.3209
  PCAWhitenedCosine   : +0.3118
  XGBoost             : +0.3183
  Tiny MLP            : +0.0373
  LDA                 : +0.0115

Method                   | TPR    | FPR    | TrTPR  | TrFPR  | MacroTPR | MacroFPR | Regions | TauMean | ms    | OK? 
---------------------------------------------------------------------------------------------------------------------
Cosine                   | 0.4142 | 0.0386 | 0.4260 | 0.0500 | 0.3979   | 0.0577   | 866     | 0.9728  | 108.7 | PASS
AndBox-HC                | 0.3827 | 0.0559 | 0.4100 | 0.0500 | 0.3650   | 0.0756   | 866     | 0.0000  | 60.8  | FAIL
PCAWhitenedCosine        | 0.4795 | 0.0433 | 0.4680 | 0.0500 | 0.3949   | 0.0620   | 866     | 1.0283  | 93.8  | PASS
Vec (Wgt)                | 0.4685 | 0.0535 | 0.5100 | 0.0500 | 0.4459   | 0.0800   | 866     | 0.9462  | 94.0  | FAIL
Log Reg                  | 0.2307 | 0.0535 | 0.2620 | 0.0500 | 0.2110   | 0.0737   | 866     | 0.5104  | 102.7 | FAIL
LDA                      | 0.4953 | 0.0315 | 0.4680 | 0.0500 | 0.4029   | 0.0508   | 866     | 4.0481  | 97.7  | PASS
Tiny MLP                 | 0.5339 | 0.0457 | 0.5020 | 0.0500 | 0.4342   | 0.0688   | 866     | 0.8568  | 349.0 | PASS
MultiProtoCosine         | 0.0724 | 0.0362 | 0.0980 | 0.0500 | 0.0707   | 0.0442   | 866     | 0.9242  | 107.3 | PASS
WeightedEnsemble         | 0.5331 | 0.0465 | 0.5420 | 0.0500 | 0.4494   | 0.0680   | 866     | 0.8547  | 382.8 | PASS
XGBoost                  | 0.4425 | 0.0433 | 0.4320 | 0.0500 | 0.3939   | 0.0619   | 866     | 0.7315  | 73.6  | PASS
LDA1+LogReg              | 0.2346 | 0.0535 | 0.2680 | 0.0500 | 0.2143   | 0.0737   | 866     | 0.5104  | 99.6  | FAIL
PCA16+LogReg             | 0.2504 | 0.0551 | 0.2820 | 0.0500 | 0.2298   | 0.0758   | 866     | 0.5098  | 105.1 | FAIL
PCA32+LogReg             | 0.2425 | 0.0551 | 0.2720 | 0.0500 | 0.2253   | 0.0760   | 866     | 0.5100  | 107.0 | FAIL
PCA16+VecWeighted        | 0.1110 | 0.0370 | 0.1240 | 0.0500 | 0.0799   | 0.0472   | 866     | 0.0310  | 102.7 | PASS
PCA32+VecWeighted        | 0.0717 | 0.0323 | 0.0560 | 0.0500 | 0.0495   | 0.0413   | 866     | 0.0401  | 104.7 | PASS
StabilizedWhitenedCosine | 0.5315 | 0.0567 | 0.5460 | 0.0500 | 0.4579   | 0.0797   | 866     | 0.8497  | 99.0  | FAIL

[trial=34 seed=79] GLOBAL mode — total_samples=200000
  total: h0=82063 h1=15019
  pooled_train:  n0=1270 n1=1270
  pooled_calib:  n0=500 n1=500
  pooled_eval:   n0=1270 n1=1270
  regions (for macro stats only): 1103
[INFO] Cosine baseline routed to direct Hadamard sum (PrecomputedCosine)
[INFO] WeightedEnsemble Cosine judge routed to direct Hadamard sum
  [Ensemble] Judges routed to 'alt' input: PrecomputedCosine
[WeightedEnsemble] Fitted weights (alpha=0.0500, external calib):
  tau=0.8233, Pooled external calib: TPR=0.5660, FPR=0.0500
  PrecomputedCosine   : +0.3209
  PCAWhitenedCosine   : +0.3118
  XGBoost             : +0.3183
  Tiny MLP            : +0.0373
  LDA                 : +0.0115

Method                   | TPR    | FPR    | TrTPR  | TrFPR  | MacroTPR | MacroFPR | Regions | TauMean | ms    | OK? 
---------------------------------------------------------------------------------------------------------------------
Cosine                   | 0.4953 | 0.0630 | 0.4440 | 0.0500 | 0.4567   | 0.0928   | 851     | 0.9496  | 99.7  | FAIL
AndBox-HC                | 0.3780 | 0.0496 | 0.3400 | 0.0500 | 0.3620   | 0.0743   | 851     | 0.0000  | 58.0  | PASS
PCAWhitenedCosine        | 0.5559 | 0.0559 | 0.5420 | 0.0500 | 0.4672   | 0.0767   | 851     | 0.9632  | 93.0  | FAIL
Vec (Wgt)                | 0.5268 | 0.0638 | 0.4860 | 0.0500 | 0.4835   | 0.0925   | 851     | 0.9306  | 93.6  | FAIL
Log Reg                  | 0.2449 | 0.0591 | 0.2340 | 0.0500 | 0.2218   | 0.0735   | 851     | 0.5111  | 103.6 | FAIL
LDA                      | 0.5433 | 0.0480 | 0.4940 | 0.0500 | 0.4336   | 0.0600   | 851     | 3.6080  | 98.2  | PASS
Tiny MLP                 | 0.5220 | 0.0409 | 0.4880 | 0.0500 | 0.4103   | 0.0575   | 851     | 0.8796  | 349.5 | PASS
MultiProtoCosine         | 0.0874 | 0.0504 | 0.0860 | 0.0500 | 0.0724   | 0.0582   | 851     | 0.9244  | 106.3 | FAIL
WeightedEnsemble         | 0.6039 | 0.0622 | 0.5660 | 0.0500 | 0.5163   | 0.0851   | 851     | 0.8233  | 386.5 | FAIL
XGBoost                  | 0.5331 | 0.0622 | 0.4760 | 0.0500 | 0.4750   | 0.0889   | 851     | 0.6889  | 73.5  | FAIL
LDA1+LogReg              | 0.2425 | 0.0591 | 0.2340 | 0.0500 | 0.2199   | 0.0735   | 851     | 0.5112  | 99.1  | FAIL
PCA16+LogReg             | 0.2567 | 0.0630 | 0.2400 | 0.0500 | 0.2271   | 0.0757   | 851     | 0.5110  | 105.2 | FAIL
PCA32+LogReg             | 0.2551 | 0.0606 | 0.2400 | 0.0500 | 0.2246   | 0.0756   | 851     | 0.5107  | 106.7 | FAIL
PCA16+VecWeighted        | 0.1898 | 0.0543 | 0.1660 | 0.0500 | 0.1676   | 0.0641   | 851     | 0.0271  | 103.0 | FAIL
PCA32+VecWeighted        | 0.2331 | 0.0843 | 0.1900 | 0.0500 | 0.2173   | 0.0940   | 851     | 0.0254  | 104.6 | FAIL
StabilizedWhitenedCosine | 0.5449 | 0.0535 | 0.5060 | 0.0500 | 0.4625   | 0.0797   | 851     | 1.0019  | 98.0  | FAIL

[trial=35 seed=80] GLOBAL mode — total_samples=200000
  total: h0=82063 h1=15019
  pooled_train:  n0=1270 n1=1270
  pooled_calib:  n0=500 n1=500
  pooled_eval:   n0=1270 n1=1270
  regions (for macro stats only): 1103
[INFO] Cosine baseline routed to direct Hadamard sum (PrecomputedCosine)
[INFO] WeightedEnsemble Cosine judge routed to direct Hadamard sum
  [Ensemble] Judges routed to 'alt' input: PrecomputedCosine
[WeightedEnsemble] Fitted weights (alpha=0.0500, external calib):
  tau=0.8952, Pooled external calib: TPR=0.6160, FPR=0.0500
  PrecomputedCosine   : +0.4323
  PCAWhitenedCosine   : +0.1110
  XGBoost             : +0.2003
  Tiny MLP            : +0.2025
  LDA                 : +0.0539

Method                   | TPR    | FPR    | TrTPR  | TrFPR  | MacroTPR | MacroFPR | Regions | TauMean | ms    | OK? 
---------------------------------------------------------------------------------------------------------------------
Cosine                   | 0.4693 | 0.0559 | 0.4560 | 0.0500 | 0.4326   | 0.0814   | 880     | 0.9566  | 101.7 | FAIL
AndBox-HC                | 0.4449 | 0.0654 | 0.4280 | 0.0500 | 0.4127   | 0.0910   | 880     | 0.0000  | 60.8  | FAIL
PCAWhitenedCosine        | 0.5748 | 0.0740 | 0.5800 | 0.0500 | 0.4684   | 0.1057   | 880     | 0.8528  | 97.9  | FAIL
Vec (Wgt)                | 0.5213 | 0.0622 | 0.5060 | 0.0500 | 0.4751   | 0.0950   | 880     | 0.9334  | 97.9  | FAIL
Log Reg                  | 0.2976 | 0.0661 | 0.3260 | 0.0500 | 0.2605   | 0.0826   | 880     | 0.5092  | 106.5 | FAIL
LDA                      | 0.6047 | 0.0850 | 0.5600 | 0.0500 | 0.5075   | 0.1139   | 880     | 3.3441  | 100.6 | FAIL
Tiny MLP                 | 0.5701 | 0.0685 | 0.5480 | 0.0500 | 0.4705   | 0.0981   | 880     | 0.8871  | 354.1 | FAIL
MultiProtoCosine         | 0.0906 | 0.0606 | 0.1180 | 0.0500 | 0.0792   | 0.0567   | 880     | 0.9209  | 110.7 | FAIL
WeightedEnsemble         | 0.6354 | 0.0858 | 0.6160 | 0.0500 | 0.5367   | 0.1192   | 880     | 0.8952  | 390.0 | FAIL
XGBoost                  | 0.5449 | 0.0638 | 0.5280 | 0.0500 | 0.4709   | 0.0938   | 880     | 0.6839  | 74.4  | FAIL
LDA1+LogReg              | 0.3016 | 0.0654 | 0.3280 | 0.0500 | 0.2642   | 0.0810   | 880     | 0.5092  | 102.9 | FAIL
PCA16+LogReg             | 0.3039 | 0.0685 | 0.3320 | 0.0500 | 0.2696   | 0.0856   | 880     | 0.5089  | 108.5 | FAIL
PCA32+LogReg             | 0.3189 | 0.0701 | 0.3400 | 0.0500 | 0.2818   | 0.0875   | 880     | 0.5086  | 111.0 | FAIL
PCA16+VecWeighted        | 0.0378 | 0.0394 | 0.0380 | 0.0500 | 0.0505   | 0.0462   | 880     | 0.0324  | 106.7 | PASS
PCA32+VecWeighted        | 0.1299 | 0.0756 | 0.1140 | 0.0500 | 0.1278   | 0.0778   | 880     | 0.0314  | 108.3 | FAIL
StabilizedWhitenedCosine | 0.5315 | 0.0638 | 0.5360 | 0.0500 | 0.4307   | 0.0855   | 880     | 0.9699  | 102.0 | FAIL

[trial=36 seed=81] GLOBAL mode — total_samples=200000
  total: h0=82063 h1=15019
  pooled_train:  n0=1270 n1=1270
  pooled_calib:  n0=500 n1=500
  pooled_eval:   n0=1270 n1=1270
  regions (for macro stats only): 1103
[INFO] Cosine baseline routed to direct Hadamard sum (PrecomputedCosine)
[INFO] WeightedEnsemble Cosine judge routed to direct Hadamard sum
  [Ensemble] Judges routed to 'alt' input: PrecomputedCosine
[WeightedEnsemble] Fitted weights (alpha=0.0500, external calib):
  tau=1.3014, Pooled external calib: TPR=0.5360, FPR=0.0500
  PrecomputedCosine   : +0.3588
  PCAWhitenedCosine   : +0.3100
  XGBoost             : +0.1046
  Tiny MLP            : +0.0572
  LDA                 : +0.1694

Method                   | TPR    | FPR    | TrTPR  | TrFPR  | MacroTPR | MacroFPR | Regions | TauMean | ms    | OK? 
---------------------------------------------------------------------------------------------------------------------
Cosine                   | 0.4756 | 0.0543 | 0.4680 | 0.0500 | 0.4406   | 0.0742   | 853     | 0.9483  | 99.2  | FAIL
AndBox-HC                | 0.4417 | 0.0559 | 0.4200 | 0.0500 | 0.4105   | 0.0793   | 853     | 0.0000  | 58.8  | FAIL
PCAWhitenedCosine        | 0.5181 | 0.0409 | 0.4920 | 0.0500 | 0.4219   | 0.0607   | 853     | 0.9986  | 93.7  | PASS
Vec (Wgt)                | 0.5228 | 0.0488 | 0.4960 | 0.0500 | 0.4782   | 0.0717   | 853     | 0.9355  | 93.6  | PASS
Log Reg                  | 0.2220 | 0.0472 | 0.2260 | 0.0500 | 0.1998   | 0.0608   | 853     | 0.5104  | 102.6 | PASS
LDA                      | 0.4496 | 0.0283 | 0.4020 | 0.0500 | 0.3696   | 0.0414   | 853     | 4.2812  | 97.1  | PASS
Tiny MLP                 | 0.4937 | 0.0417 | 0.4720 | 0.0500 | 0.4071   | 0.0612   | 853     | 0.9008  | 405.4 | PASS
MultiProtoCosine         | 0.0992 | 0.0449 | 0.0840 | 0.0500 | 0.0808   | 0.0484   | 853     | 0.9240  | 105.7 | PASS
WeightedEnsemble         | 0.5441 | 0.0425 | 0.5360 | 0.0500 | 0.4568   | 0.0648   | 853     | 1.3014  | 445.3 | PASS
XGBoost                  | 0.5047 | 0.0528 | 0.4980 | 0.0500 | 0.4371   | 0.0737   | 853     | 0.6988  | 74.7  | FAIL
LDA1+LogReg              | 0.2220 | 0.0472 | 0.2260 | 0.0500 | 0.1998   | 0.0608   | 853     | 0.5104  | 101.0 | PASS
PCA16+LogReg             | 0.2591 | 0.0543 | 0.2660 | 0.0500 | 0.2274   | 0.0695   | 853     | 0.5095  | 106.1 | FAIL
PCA32+LogReg             | 0.2378 | 0.0496 | 0.2460 | 0.0500 | 0.2100   | 0.0636   | 853     | 0.5099  | 108.4 | PASS
PCA16+VecWeighted        | 0.1386 | 0.0583 | 0.1400 | 0.0500 | 0.1393   | 0.0692   | 853     | 0.0294  | 106.7 | FAIL
PCA32+VecWeighted        | 0.1346 | 0.0457 | 0.1460 | 0.0500 | 0.1231   | 0.0666   | 853     | 0.0337  | 106.6 | PASS
StabilizedWhitenedCosine | 0.5220 | 0.0386 | 0.5080 | 0.0500 | 0.4348   | 0.0508   | 853     | 0.9305  | 100.6 | PASS

[trial=37 seed=82] GLOBAL mode — total_samples=200000
  total: h0=82063 h1=15019
  pooled_train:  n0=1270 n1=1270
  pooled_calib:  n0=500 n1=500
  pooled_eval:   n0=1270 n1=1270
  regions (for macro stats only): 1103
[INFO] Cosine baseline routed to direct Hadamard sum (PrecomputedCosine)
[INFO] WeightedEnsemble Cosine judge routed to direct Hadamard sum
  [Ensemble] Judges routed to 'alt' input: PrecomputedCosine
[WeightedEnsemble] Fitted weights (alpha=0.0500, external calib):
  tau=1.0684, Pooled external calib: TPR=0.6120, FPR=0.0500
  PrecomputedCosine   : +0.0156
  PCAWhitenedCosine   : +0.2410
  XGBoost             : +0.1453
  Tiny MLP            : +0.4189
  LDA                 : +0.1793

Method                   | TPR    | FPR    | TrTPR  | TrFPR  | MacroTPR | MacroFPR | Regions | TauMean | ms    | OK? 
---------------------------------------------------------------------------------------------------------------------
Cosine                   | 0.4520 | 0.0402 | 0.4740 | 0.0500 | 0.4198   | 0.0611   | 864     | 0.9601  | 99.8  | PASS
AndBox-HC                | 0.4024 | 0.0346 | 0.4260 | 0.0500 | 0.3628   | 0.0518   | 864     | 0.0000  | 58.1  | PASS
PCAWhitenedCosine        | 0.5512 | 0.0520 | 0.5500 | 0.0500 | 0.4324   | 0.0716   | 864     | 0.8572  | 94.9  | FAIL
Vec (Wgt)                | 0.4835 | 0.0386 | 0.5080 | 0.0500 | 0.4429   | 0.0593   | 864     | 0.9446  | 94.6  | PASS
Log Reg                  | 0.2937 | 0.0598 | 0.2820 | 0.0500 | 0.2594   | 0.0796   | 864     | 0.5090  | 105.3 | FAIL
LDA                      | 0.5157 | 0.0504 | 0.5440 | 0.0500 | 0.4033   | 0.0634   | 864     | 3.3612  | 100.4 | FAIL
Tiny MLP                 | 0.5969 | 0.0591 | 0.6120 | 0.0500 | 0.4930   | 0.0787   | 864     | 0.7869  | 351.7 | FAIL
MultiProtoCosine         | 0.0740 | 0.0528 | 0.0780 | 0.0500 | 0.0638   | 0.0566   | 864     | 0.9232  | 110.6 | FAIL
WeightedEnsemble         | 0.6008 | 0.0567 | 0.6120 | 0.0500 | 0.4946   | 0.0745   | 864     | 1.0684  | 387.7 | FAIL
XGBoost                  | 0.4724 | 0.0378 | 0.4800 | 0.0500 | 0.4102   | 0.0513   | 864     | 0.7059  | 74.9  | PASS
LDA1+LogReg              | 0.2945 | 0.0598 | 0.2840 | 0.0500 | 0.2604   | 0.0796   | 864     | 0.5089  | 103.1 | FAIL
PCA16+LogReg             | 0.2850 | 0.0575 | 0.2800 | 0.0480 | 0.2559   | 0.0753   | 864     | 0.5088  | 107.2 | FAIL
PCA32+LogReg             | 0.3055 | 0.0606 | 0.2980 | 0.0500 | 0.2736   | 0.0801   | 864     | 0.5085  | 109.2 | FAIL
PCA16+VecWeighted        | 0.0575 | 0.0575 | 0.0560 | 0.0500 | 0.0613   | 0.0593   | 864     | 0.0285  | 105.2 | FAIL
PCA32+VecWeighted        | 0.0756 | 0.0630 | 0.0940 | 0.0500 | 0.0667   | 0.0627   | 864     | 0.0334  | 108.4 | FAIL
StabilizedWhitenedCosine | 0.5362 | 0.0417 | 0.5340 | 0.0500 | 0.4412   | 0.0540   | 864     | 0.8794  | 100.1 | PASS

[trial=38 seed=83] GLOBAL mode — total_samples=200000
  total: h0=82063 h1=15019
  pooled_train:  n0=1270 n1=1270
  pooled_calib:  n0=500 n1=500
  pooled_eval:   n0=1270 n1=1270
  regions (for macro stats only): 1103
[INFO] Cosine baseline routed to direct Hadamard sum (PrecomputedCosine)
[INFO] WeightedEnsemble Cosine judge routed to direct Hadamard sum
  [Ensemble] Judges routed to 'alt' input: PrecomputedCosine
[WeightedEnsemble] Fitted weights (alpha=0.0500, external calib):
  tau=0.8832, Pooled external calib: TPR=0.5940, FPR=0.0500
  PrecomputedCosine   : +0.4323
  PCAWhitenedCosine   : +0.1110
  XGBoost             : +0.2003
  Tiny MLP            : +0.2025
  LDA                 : +0.0539

Method                   | TPR    | FPR    | TrTPR  | TrFPR  | MacroTPR | MacroFPR | Regions | TauMean | ms    | OK? 
---------------------------------------------------------------------------------------------------------------------
Cosine                   | 0.5370 | 0.0724 | 0.5140 | 0.0500 | 0.5098   | 0.1006   | 874     | 0.9320  | 99.2  | FAIL
AndBox-HC                | 0.5220 | 0.0866 | 0.4920 | 0.0500 | 0.4980   | 0.1167   | 874     | -0.0000 | 60.2  | FAIL
PCAWhitenedCosine        | 0.5197 | 0.0394 | 0.4860 | 0.0500 | 0.4159   | 0.0616   | 874     | 0.9832  | 96.2  | PASS
Vec (Wgt)                | 0.5787 | 0.0740 | 0.5480 | 0.0500 | 0.5430   | 0.1057   | 874     | 0.9125  | 96.7  | FAIL
Log Reg                  | 0.2102 | 0.0457 | 0.2100 | 0.0500 | 0.1901   | 0.0625   | 874     | 0.5119  | 105.1 | PASS
LDA                      | 0.5480 | 0.0370 | 0.5080 | 0.0500 | 0.4398   | 0.0525   | 874     | 3.4148  | 99.6  | PASS
Tiny MLP                 | 0.5661 | 0.0551 | 0.5300 | 0.0500 | 0.4690   | 0.0836   | 874     | 0.8755  | 408.2 | FAIL
MultiProtoCosine         | 0.0780 | 0.0441 | 0.0860 | 0.0500 | 0.0596   | 0.0477   | 874     | 0.9262  | 109.3 | PASS
WeightedEnsemble         | 0.6244 | 0.0622 | 0.5940 | 0.0500 | 0.5313   | 0.0898   | 874     | 0.8832  | 444.8 | FAIL
XGBoost                  | 0.5780 | 0.0717 | 0.5640 | 0.0500 | 0.5291   | 0.1012   | 874     | 0.6517  | 75.5  | FAIL
LDA1+LogReg              | 0.2126 | 0.0457 | 0.2180 | 0.0500 | 0.1941   | 0.0625   | 874     | 0.5118  | 102.8 | PASS
PCA16+LogReg             | 0.2173 | 0.0488 | 0.2240 | 0.0500 | 0.1979   | 0.0666   | 874     | 0.5113  | 108.0 | PASS
PCA32+LogReg             | 0.2307 | 0.0488 | 0.2280 | 0.0500 | 0.2040   | 0.0670   | 874     | 0.5110  | 110.5 | PASS
PCA16+VecWeighted        | 0.0811 | 0.0504 | 0.0700 | 0.0500 | 0.0687   | 0.0521   | 874     | 0.0272  | 105.9 | FAIL
PCA32+VecWeighted        | 0.0890 | 0.0441 | 0.0940 | 0.0500 | 0.0792   | 0.0504   | 874     | 0.0327  | 107.4 | PASS
StabilizedWhitenedCosine | 0.5772 | 0.0520 | 0.5380 | 0.0500 | 0.4968   | 0.0784   | 874     | 0.7890  | 101.1 | FAIL

[trial=39 seed=84] GLOBAL mode — total_samples=200000
  total: h0=82063 h1=15019
  pooled_train:  n0=1270 n1=1270
  pooled_calib:  n0=500 n1=500
  pooled_eval:   n0=1270 n1=1270
  regions (for macro stats only): 1103
[INFO] Cosine baseline routed to direct Hadamard sum (PrecomputedCosine)
[INFO] WeightedEnsemble Cosine judge routed to direct Hadamard sum
  [Ensemble] Judges routed to 'alt' input: PrecomputedCosine
[WeightedEnsemble] Fitted weights (alpha=0.0500, external calib):
  tau=0.7236, Pooled external calib: TPR=0.5820, FPR=0.0500
  PrecomputedCosine   : +0.1369
  PCAWhitenedCosine   : +0.3322
  XGBoost             : +0.4468
  Tiny MLP            : +0.0732
  LDA                 : +0.0110

Method                   | TPR    | FPR    | TrTPR  | TrFPR  | MacroTPR | MacroFPR | Regions | TauMean | ms    | OK? 
---------------------------------------------------------------------------------------------------------------------
Cosine                   | 0.5331 | 0.0795 | 0.5320 | 0.0500 | 0.4988   | 0.1081   | 881     | 0.9223  | 101.2 | FAIL
AndBox-HC                | 0.4567 | 0.0669 | 0.4600 | 0.0500 | 0.4357   | 0.0900   | 881     | 0.0000  | 59.1  | FAIL
PCAWhitenedCosine        | 0.5370 | 0.0520 | 0.5320 | 0.0500 | 0.4496   | 0.0709   | 881     | 0.8762  | 97.2  | FAIL
Vec (Wgt)                | 0.5457 | 0.0811 | 0.5500 | 0.0500 | 0.5069   | 0.1092   | 881     | 0.9114  | 97.1  | FAIL
Log Reg                  | 0.2528 | 0.0480 | 0.2600 | 0.0500 | 0.2122   | 0.0674   | 881     | 0.5105  | 105.6 | PASS
LDA                      | 0.5000 | 0.0575 | 0.5020 | 0.0500 | 0.3983   | 0.0785   | 881     | 3.6512  | 100.5 | FAIL
Tiny MLP                 | 0.4583 | 0.0465 | 0.4620 | 0.0500 | 0.3729   | 0.0604   | 881     | 0.9263  | 410.3 | PASS
MultiProtoCosine         | 0.0685 | 0.0504 | 0.0700 | 0.0500 | 0.0583   | 0.0544   | 881     | 0.9234  | 110.5 | FAIL
WeightedEnsemble         | 0.5937 | 0.0638 | 0.5820 | 0.0500 | 0.5126   | 0.0876   | 881     | 0.7236  | 445.4 | FAIL
XGBoost                  | 0.5717 | 0.0811 | 0.5780 | 0.0500 | 0.5150   | 0.1088   | 881     | 0.6326  | 73.0  | FAIL
LDA1+LogReg              | 0.2535 | 0.0480 | 0.2640 | 0.0500 | 0.2120   | 0.0674   | 881     | 0.5106  | 103.0 | PASS
PCA16+LogReg             | 0.2709 | 0.0488 | 0.2720 | 0.0500 | 0.2270   | 0.0683   | 881     | 0.5100  | 107.8 | PASS
PCA32+LogReg             | 0.2764 | 0.0504 | 0.2840 | 0.0500 | 0.2341   | 0.0705   | 881     | 0.5100  | 109.7 | FAIL
PCA16+VecWeighted        | 0.1307 | 0.0449 | 0.1280 | 0.0500 | 0.1126   | 0.0560   | 881     | 0.0291  | 106.4 | PASS
PCA32+VecWeighted        | 0.1402 | 0.0520 | 0.1320 | 0.0500 | 0.1083   | 0.0639   | 881     | 0.0321  | 108.2 | FAIL
StabilizedWhitenedCosine | 0.5425 | 0.0591 | 0.5520 | 0.0500 | 0.4625   | 0.0837   | 881     | 0.8406  | 100.3 | FAIL

[trial=40 seed=85] GLOBAL mode — total_samples=200000
  total: h0=82063 h1=15019
  pooled_train:  n0=1270 n1=1270
  pooled_calib:  n0=500 n1=500
  pooled_eval:   n0=1270 n1=1270
  regions (for macro stats only): 1103
[INFO] Cosine baseline routed to direct Hadamard sum (PrecomputedCosine)
[INFO] WeightedEnsemble Cosine judge routed to direct Hadamard sum
  [Ensemble] Judges routed to 'alt' input: PrecomputedCosine
[WeightedEnsemble] Fitted weights (alpha=0.0500, external calib):
  tau=0.8047, Pooled external calib: TPR=0.5960, FPR=0.0500
  PrecomputedCosine   : +0.3209
  PCAWhitenedCosine   : +0.3118
  XGBoost             : +0.3183
  Tiny MLP            : +0.0373
  LDA                 : +0.0115

Method                   | TPR    | FPR    | TrTPR  | TrFPR  | MacroTPR | MacroFPR | Regions | TauMean | ms    | OK? 
---------------------------------------------------------------------------------------------------------------------
Cosine                   | 0.4724 | 0.0433 | 0.4680 | 0.0500 | 0.4309   | 0.0652   | 866     | 0.9630  | 99.9  | PASS
AndBox-HC                | 0.3984 | 0.0457 | 0.3960 | 0.0500 | 0.3859   | 0.0679   | 866     | 0.0000  | 59.9  | PASS
PCAWhitenedCosine        | 0.5748 | 0.0543 | 0.5880 | 0.0500 | 0.4975   | 0.0855   | 866     | 0.8405  | 95.5  | FAIL
Vec (Wgt)                | 0.4976 | 0.0402 | 0.5000 | 0.0480 | 0.4469   | 0.0651   | 866     | 0.9503  | 95.4  | PASS
Log Reg                  | 0.1945 | 0.0362 | 0.1860 | 0.0500 | 0.1734   | 0.0551   | 866     | 0.5110  | 104.5 | PASS
LDA                      | 0.5512 | 0.0433 | 0.5180 | 0.0500 | 0.4477   | 0.0684   | 866     | 3.2007  | 100.4 | PASS
Tiny MLP                 | 0.5866 | 0.0496 | 0.5680 | 0.0500 | 0.4829   | 0.0807   | 866     | 0.8220  | 351.5 | PASS
MultiProtoCosine         | 0.0961 | 0.0472 | 0.1080 | 0.0500 | 0.0738   | 0.0560   | 866     | 0.9240  | 108.8 | PASS
WeightedEnsemble         | 0.5913 | 0.0457 | 0.5960 | 0.0500 | 0.5150   | 0.0786   | 866     | 0.8047  | 388.2 | PASS
XGBoost                  | 0.5055 | 0.0457 | 0.5020 | 0.0500 | 0.4538   | 0.0648   | 866     | 0.7024  | 74.5  | PASS
LDA1+LogReg              | 0.1953 | 0.0354 | 0.1860 | 0.0500 | 0.1736   | 0.0533   | 866     | 0.5110  | 102.0 | PASS
PCA16+LogReg             | 0.1969 | 0.0354 | 0.1920 | 0.0500 | 0.1762   | 0.0502   | 866     | 0.5107  | 107.9 | PASS
PCA32+LogReg             | 0.2000 | 0.0354 | 0.1940 | 0.0500 | 0.1780   | 0.0526   | 866     | 0.5106  | 111.3 | PASS
PCA16+VecWeighted        | 0.0638 | 0.0535 | 0.0520 | 0.0500 | 0.0592   | 0.0606   | 866     | 0.0316  | 106.3 | FAIL
PCA32+VecWeighted        | 0.0535 | 0.0441 | 0.0420 | 0.0500 | 0.0497   | 0.0455   | 866     | 0.0366  | 108.2 | PASS
StabilizedWhitenedCosine | 0.5575 | 0.0520 | 0.5680 | 0.0500 | 0.4752   | 0.0829   | 866     | 0.8262  | 101.1 | FAIL

[trial=41 seed=86] GLOBAL mode — total_samples=200000
  total: h0=82063 h1=15019
  pooled_train:  n0=1270 n1=1270
  pooled_calib:  n0=500 n1=500
  pooled_eval:   n0=1270 n1=1270
  regions (for macro stats only): 1103
[INFO] Cosine baseline routed to direct Hadamard sum (PrecomputedCosine)
[INFO] WeightedEnsemble Cosine judge routed to direct Hadamard sum
  [Ensemble] Judges routed to 'alt' input: PrecomputedCosine
[WeightedEnsemble] Fitted weights (alpha=0.0500, external calib):
  tau=1.3263, Pooled external calib: TPR=0.5480, FPR=0.0500
  PrecomputedCosine   : +0.3588
  PCAWhitenedCosine   : +0.3100
  XGBoost             : +0.1046
  Tiny MLP            : +0.0572
  LDA                 : +0.1694

Method                   | TPR    | FPR    | TrTPR  | TrFPR  | MacroTPR | MacroFPR | Regions | TauMean | ms    | OK? 
---------------------------------------------------------------------------------------------------------------------
Cosine                   | 0.4323 | 0.0362 | 0.4520 | 0.0500 | 0.3980   | 0.0517   | 851     | 0.9721  | 92.9  | PASS
AndBox-HC                | 0.2740 | 0.0260 | 0.2820 | 0.0500 | 0.2482   | 0.0340   | 851     | 0.0001  | 59.5  | PASS
PCAWhitenedCosine        | 0.4866 | 0.0433 | 0.5180 | 0.0500 | 0.4037   | 0.0624   | 851     | 1.0056  | 94.1  | PASS
Vec (Wgt)                | 0.5024 | 0.0488 | 0.5160 | 0.0500 | 0.4624   | 0.0740   | 851     | 0.9454  | 93.3  | PASS
Log Reg                  | 0.2134 | 0.0331 | 0.2180 | 0.0500 | 0.1920   | 0.0480   | 851     | 0.5113  | 101.6 | PASS
LDA                      | 0.4520 | 0.0433 | 0.4900 | 0.0500 | 0.3671   | 0.0635   | 851     | 3.9539  | 96.5  | PASS
Tiny MLP                 | 0.4614 | 0.0386 | 0.4980 | 0.0500 | 0.3793   | 0.0538   | 851     | 0.8930  | 351.1 | PASS
MultiProtoCosine         | 0.0756 | 0.0441 | 0.0820 | 0.0500 | 0.0739   | 0.0571   | 851     | 0.9236  | 106.5 | PASS
WeightedEnsemble         | 0.5039 | 0.0457 | 0.5480 | 0.0500 | 0.4193   | 0.0640   | 851     | 1.3263  | 388.0 | PASS
XGBoost                  | 0.4803 | 0.0457 | 0.5160 | 0.0500 | 0.4210   | 0.0669   | 851     | 0.7157  | 73.7  | PASS
LDA1+LogReg              | 0.2142 | 0.0331 | 0.2180 | 0.0500 | 0.1926   | 0.0480   | 851     | 0.5113  | 99.2  | PASS
PCA16+LogReg             | 0.2276 | 0.0323 | 0.2320 | 0.0500 | 0.1983   | 0.0480   | 851     | 0.5108  | 104.0 | PASS
PCA32+LogReg             | 0.2268 | 0.0323 | 0.2320 | 0.0500 | 0.1999   | 0.0462   | 851     | 0.5108  | 106.3 | PASS
PCA16+VecWeighted        | 0.1819 | 0.0244 | 0.1700 | 0.0500 | 0.1319   | 0.0278   | 851     | 0.0287  | 102.4 | PASS
PCA32+VecWeighted        | 0.1575 | 0.0331 | 0.1540 | 0.0500 | 0.1145   | 0.0383   | 851     | 0.0337  | 104.9 | PASS
StabilizedWhitenedCosine | 0.5197 | 0.0567 | 0.5380 | 0.0500 | 0.4468   | 0.0817   | 851     | 0.8797  | 99.2  | FAIL

[trial=42 seed=87] GLOBAL mode — total_samples=200000
  total: h0=82063 h1=15019
  pooled_train:  n0=1270 n1=1270
  pooled_calib:  n0=500 n1=500
  pooled_eval:   n0=1270 n1=1270
  regions (for macro stats only): 1103
[INFO] Cosine baseline routed to direct Hadamard sum (PrecomputedCosine)
[INFO] WeightedEnsemble Cosine judge routed to direct Hadamard sum
  [Ensemble] Judges routed to 'alt' input: PrecomputedCosine
[WeightedEnsemble] Fitted weights (alpha=0.0500, external calib):
  tau=1.1077, Pooled external calib: TPR=0.5740, FPR=0.0500
  PrecomputedCosine   : +0.0786
  PCAWhitenedCosine   : +0.2785
  XGBoost             : +0.3243
  Tiny MLP            : +0.1558
  LDA                 : +0.1628

Method                   | TPR    | FPR    | TrTPR  | TrFPR  | MacroTPR | MacroFPR | Regions | TauMean | ms    | OK? 
---------------------------------------------------------------------------------------------------------------------
Cosine                   | 0.5268 | 0.0551 | 0.4900 | 0.0500 | 0.4620   | 0.0785   | 846     | 0.9361  | 103.1 | FAIL
AndBox-HC                | 0.4764 | 0.0528 | 0.4320 | 0.0500 | 0.4070   | 0.0757   | 846     | -0.0000 | 56.7  | FAIL
PCAWhitenedCosine        | 0.5354 | 0.0433 | 0.5160 | 0.0500 | 0.4234   | 0.0600   | 846     | 0.9584  | 93.3  | PASS
Vec (Wgt)                | 0.5220 | 0.0402 | 0.4840 | 0.0500 | 0.4485   | 0.0626   | 846     | 0.9335  | 91.0  | PASS
Log Reg                  | 0.2260 | 0.0417 | 0.2080 | 0.0500 | 0.1758   | 0.0556   | 846     | 0.5126  | 100.0 | PASS
LDA                      | 0.5559 | 0.0520 | 0.5200 | 0.0500 | 0.4311   | 0.0721   | 846     | 3.4181  | 96.6  | FAIL
Tiny MLP                 | 0.5811 | 0.0567 | 0.5520 | 0.0500 | 0.4771   | 0.0750   | 846     | 0.8753  | 353.2 | FAIL
MultiProtoCosine         | 0.0992 | 0.0378 | 0.0800 | 0.0500 | 0.0748   | 0.0417   | 846     | 0.9227  | 107.6 | PASS
WeightedEnsemble         | 0.6094 | 0.0512 | 0.5740 | 0.0500 | 0.4860   | 0.0705   | 846     | 1.1077  | 387.6 | FAIL
XGBoost                  | 0.5283 | 0.0457 | 0.4820 | 0.0500 | 0.4489   | 0.0696   | 846     | 0.6822  | 72.7  | PASS
LDA1+LogReg              | 0.2260 | 0.0417 | 0.2080 | 0.0500 | 0.1758   | 0.0556   | 846     | 0.5126  | 99.8  | PASS
PCA16+LogReg             | 0.2315 | 0.0417 | 0.2060 | 0.0500 | 0.1801   | 0.0556   | 846     | 0.5121  | 105.1 | PASS
PCA32+LogReg             | 0.2354 | 0.0417 | 0.2260 | 0.0500 | 0.1863   | 0.0556   | 846     | 0.5118  | 106.9 | PASS
PCA16+VecWeighted        | 0.0906 | 0.0433 | 0.0740 | 0.0500 | 0.0766   | 0.0412   | 846     | 0.0281  | 102.9 | PASS
PCA32+VecWeighted        | 0.0913 | 0.0409 | 0.0780 | 0.0500 | 0.0723   | 0.0419   | 846     | 0.0344  | 104.8 | PASS
StabilizedWhitenedCosine | 0.5559 | 0.0433 | 0.5240 | 0.0500 | 0.4399   | 0.0642   | 846     | 0.8920  | 98.9  | PASS

[trial=43 seed=88] GLOBAL mode — total_samples=200000
  total: h0=82063 h1=15019
  pooled_train:  n0=1270 n1=1270
  pooled_calib:  n0=500 n1=500
  pooled_eval:   n0=1270 n1=1270
  regions (for macro stats only): 1103
[INFO] Cosine baseline routed to direct Hadamard sum (PrecomputedCosine)
[INFO] WeightedEnsemble Cosine judge routed to direct Hadamard sum
  [Ensemble] Judges routed to 'alt' input: PrecomputedCosine
[WeightedEnsemble] Fitted weights (alpha=0.0500, external calib):
  tau=0.8965, Pooled external calib: TPR=0.5680, FPR=0.0500
  PrecomputedCosine   : +0.2161
  PCAWhitenedCosine   : +0.5478
  XGBoost             : +0.0972
  Tiny MLP            : +0.1269
  LDA                 : +0.0120

Method                   | TPR    | FPR    | TrTPR  | TrFPR  | MacroTPR | MacroFPR | Regions | TauMean | ms    | OK? 
---------------------------------------------------------------------------------------------------------------------
Cosine                   | 0.4496 | 0.0370 | 0.4940 | 0.0500 | 0.4109   | 0.0660   | 848     | 0.9599  | 95.8  | PASS
AndBox-HC                | 0.3803 | 0.0370 | 0.4300 | 0.0500 | 0.3508   | 0.0588   | 848     | 0.0000  | 57.4  | PASS
PCAWhitenedCosine        | 0.5457 | 0.0441 | 0.5660 | 0.0500 | 0.4401   | 0.0710   | 848     | 0.8869  | 92.7  | PASS
Vec (Wgt)                | 0.4764 | 0.0323 | 0.5220 | 0.0500 | 0.4244   | 0.0579   | 848     | 0.9464  | 92.6  | PASS
Log Reg                  | 0.1961 | 0.0417 | 0.1980 | 0.0500 | 0.1690   | 0.0690   | 848     | 0.5132  | 101.6 | PASS
LDA                      | 0.4520 | 0.0307 | 0.4420 | 0.0500 | 0.3544   | 0.0490   | 848     | 4.3216  | 95.8  | PASS
Tiny MLP                 | 0.4858 | 0.0331 | 0.4880 | 0.0500 | 0.3840   | 0.0524   | 848     | 0.8863  | 348.0 | PASS
MultiProtoCosine         | 0.0929 | 0.0465 | 0.0900 | 0.0500 | 0.0754   | 0.0591   | 848     | 0.9227  | 106.2 | PASS
WeightedEnsemble         | 0.5449 | 0.0402 | 0.5680 | 0.0500 | 0.4404   | 0.0651   | 848     | 0.8965  | 382.7 | PASS
XGBoost                  | 0.4567 | 0.0315 | 0.5040 | 0.0500 | 0.4008   | 0.0545   | 848     | 0.7099  | 73.8  | PASS
LDA1+LogReg              | 0.1976 | 0.0409 | 0.1980 | 0.0500 | 0.1713   | 0.0681   | 848     | 0.5132  | 98.5  | PASS
PCA16+LogReg             | 0.1984 | 0.0417 | 0.1940 | 0.0500 | 0.1735   | 0.0675   | 848     | 0.5128  | 103.3 | PASS
PCA32+LogReg             | 0.2047 | 0.0425 | 0.2060 | 0.0500 | 0.1765   | 0.0707   | 848     | 0.5125  | 105.4 | PASS
PCA16+VecWeighted        | 0.2150 | 0.0449 | 0.2360 | 0.0500 | 0.1791   | 0.0676   | 848     | 0.0228  | 101.7 | PASS
PCA32+VecWeighted        | 0.2236 | 0.0535 | 0.2100 | 0.0500 | 0.1821   | 0.0820   | 848     | 0.0238  | 102.9 | FAIL
StabilizedWhitenedCosine | 0.5039 | 0.0339 | 0.5160 | 0.0500 | 0.4013   | 0.0545   | 848     | 0.9670  | 96.8  | PASS

[trial=44 seed=89] GLOBAL mode — total_samples=200000
  total: h0=82063 h1=15019
  pooled_train:  n0=1270 n1=1270
  pooled_calib:  n0=500 n1=500
  pooled_eval:   n0=1270 n1=1270
  regions (for macro stats only): 1103
[INFO] Cosine baseline routed to direct Hadamard sum (PrecomputedCosine)
[INFO] WeightedEnsemble Cosine judge routed to direct Hadamard sum
  [Ensemble] Judges routed to 'alt' input: PrecomputedCosine
[WeightedEnsemble] Fitted weights (alpha=0.0500, external calib):
  tau=0.9084, Pooled external calib: TPR=0.6340, FPR=0.0500
  PrecomputedCosine   : +0.2832
  PCAWhitenedCosine   : +0.0456
  XGBoost             : +0.2004
  Tiny MLP            : +0.4151
  LDA                 : +0.0558

Method                   | TPR    | FPR    | TrTPR  | TrFPR  | MacroTPR | MacroFPR | Regions | TauMean | ms    | OK? 
---------------------------------------------------------------------------------------------------------------------
Cosine                   | 0.5252 | 0.0685 | 0.5260 | 0.0500 | 0.4860   | 0.1011   | 855     | 0.9331  | 106.5 | FAIL
AndBox-HC                | 0.4543 | 0.0646 | 0.4480 | 0.0500 | 0.4265   | 0.0876   | 855     | -0.0000 | 58.6  | FAIL
PCAWhitenedCosine        | 0.5654 | 0.0551 | 0.5640 | 0.0500 | 0.4548   | 0.0809   | 855     | 0.8851  | 92.7  | FAIL
Vec (Wgt)                | 0.5701 | 0.0835 | 0.5620 | 0.0500 | 0.5249   | 0.1154   | 855     | 0.9073  | 92.3  | FAIL
Log Reg                  | 0.2567 | 0.0543 | 0.2400 | 0.0500 | 0.2219   | 0.0724   | 855     | 0.5114  | 102.0 | FAIL
LDA                      | 0.5402 | 0.0591 | 0.5560 | 0.0500 | 0.4307   | 0.0832   | 855     | 3.7198  | 96.4  | FAIL
Tiny MLP                 | 0.5701 | 0.0520 | 0.5940 | 0.0500 | 0.4709   | 0.0787   | 855     | 0.8295  | 346.9 | FAIL
MultiProtoCosine         | 0.0961 | 0.0378 | 0.0820 | 0.0500 | 0.0731   | 0.0462   | 855     | 0.9240  | 104.9 | PASS
WeightedEnsemble         | 0.6173 | 0.0559 | 0.6340 | 0.0500 | 0.5152   | 0.0826   | 855     | 0.9084  | 383.0 | FAIL
XGBoost                  | 0.5764 | 0.0764 | 0.5800 | 0.0500 | 0.4991   | 0.1080   | 855     | 0.6515  | 75.2  | FAIL
LDA1+LogReg              | 0.2575 | 0.0535 | 0.2400 | 0.0500 | 0.2225   | 0.0719   | 855     | 0.5114  | 102.3 | FAIL
PCA16+LogReg             | 0.2740 | 0.0559 | 0.2460 | 0.0500 | 0.2373   | 0.0760   | 855     | 0.5107  | 105.0 | FAIL
PCA32+LogReg             | 0.2685 | 0.0543 | 0.2480 | 0.0500 | 0.2309   | 0.0736   | 855     | 0.5108  | 108.6 | FAIL
PCA16+VecWeighted        | 0.1063 | 0.0843 | 0.1180 | 0.0500 | 0.0978   | 0.0841   | 855     | 0.0244  | 104.2 | FAIL
PCA32+VecWeighted        | 0.0787 | 0.0654 | 0.1080 | 0.0500 | 0.0816   | 0.0776   | 855     | 0.0302  | 105.5 | FAIL
StabilizedWhitenedCosine | 0.5795 | 0.0567 | 0.5520 | 0.0500 | 0.4814   | 0.0857   | 855     | 0.8194  | 98.5  | FAIL

[trial=45 seed=90] GLOBAL mode — total_samples=200000
  total: h0=82063 h1=15019
  pooled_train:  n0=1270 n1=1270
  pooled_calib:  n0=500 n1=500
  pooled_eval:   n0=1270 n1=1270
  regions (for macro stats only): 1103
[INFO] Cosine baseline routed to direct Hadamard sum (PrecomputedCosine)
[INFO] WeightedEnsemble Cosine judge routed to direct Hadamard sum
  [Ensemble] Judges routed to 'alt' input: PrecomputedCosine
[WeightedEnsemble] Fitted weights (alpha=0.0500, external calib):
  tau=1.8655, Pooled external calib: TPR=0.4640, FPR=0.0500
  PrecomputedCosine   : +0.0154
  PCAWhitenedCosine   : +0.4848
  XGBoost             : +0.1267
  Tiny MLP            : +0.1090
  LDA                 : +0.2640

Method                   | TPR    | FPR    | TrTPR  | TrFPR  | MacroTPR | MacroFPR | Regions | TauMean | ms    | OK? 
---------------------------------------------------------------------------------------------------------------------
Cosine                   | 0.4055 | 0.0339 | 0.4180 | 0.0500 | 0.3776   | 0.0494   | 857     | 0.9772  | 110.1 | PASS
AndBox-HC                | 0.3638 | 0.0488 | 0.3480 | 0.0500 | 0.3480   | 0.0762   | 857     | 0.0000  | 54.7  | PASS
PCAWhitenedCosine        | 0.4677 | 0.0378 | 0.4520 | 0.0480 | 0.3853   | 0.0599   | 857     | 1.1544  | 91.7  | PASS
Vec (Wgt)                | 0.4157 | 0.0354 | 0.4160 | 0.0500 | 0.3697   | 0.0563   | 857     | 0.9777  | 91.6  | PASS
Log Reg                  | 0.2016 | 0.0425 | 0.1740 | 0.0500 | 0.1966   | 0.0589   | 857     | 0.5122  | 100.7 | PASS
LDA                      | 0.4220 | 0.0370 | 0.3800 | 0.0500 | 0.3330   | 0.0608   | 857     | 4.8111  | 95.4  | PASS
Tiny MLP                 | 0.4315 | 0.0480 | 0.4200 | 0.0500 | 0.3343   | 0.0675   | 857     | 0.9389  | 341.2 | PASS
MultiProtoCosine         | 0.1236 | 0.0693 | 0.1180 | 0.0500 | 0.1102   | 0.0719   | 857     | 0.9205  | 102.1 | FAIL
WeightedEnsemble         | 0.4748 | 0.0409 | 0.4640 | 0.0500 | 0.3834   | 0.0649   | 857     | 1.8655  | 377.6 | PASS
XGBoost                  | 0.4638 | 0.0402 | 0.4580 | 0.0500 | 0.4104   | 0.0602   | 857     | 0.7286  | 69.4  | PASS
LDA1+LogReg              | 0.2024 | 0.0425 | 0.1760 | 0.0500 | 0.1972   | 0.0589   | 857     | 0.5122  | 95.5  | PASS
PCA16+LogReg             | 0.2102 | 0.0409 | 0.1940 | 0.0500 | 0.1958   | 0.0554   | 857     | 0.5118  | 101.2 | PASS
PCA32+LogReg             | 0.2126 | 0.0425 | 0.1820 | 0.0500 | 0.2030   | 0.0589   | 857     | 0.5116  | 102.5 | PASS
PCA16+VecWeighted        | 0.1126 | 0.0409 | 0.1040 | 0.0500 | 0.1111   | 0.0349   | 857     | 0.0322  | 99.2  | PASS
PCA32+VecWeighted        | 0.0953 | 0.0417 | 0.1020 | 0.0500 | 0.0965   | 0.0354   | 857     | 0.0354  | 100.6 | PASS
StabilizedWhitenedCosine | 0.4260 | 0.0315 | 0.4220 | 0.0500 | 0.3578   | 0.0504   | 857     | 1.1994  | 95.6  | PASS

[trial=46 seed=91] GLOBAL mode — total_samples=200000
  total: h0=82063 h1=15019
  pooled_train:  n0=1270 n1=1270
  pooled_calib:  n0=500 n1=500
  pooled_eval:   n0=1270 n1=1270
  regions (for macro stats only): 1103
[INFO] Cosine baseline routed to direct Hadamard sum (PrecomputedCosine)
[INFO] WeightedEnsemble Cosine judge routed to direct Hadamard sum
  [Ensemble] Judges routed to 'alt' input: PrecomputedCosine
[WeightedEnsemble] Fitted weights (alpha=0.0500, external calib):
  tau=0.9264, Pooled external calib: TPR=0.6120, FPR=0.0500
  PrecomputedCosine   : +0.4323
  PCAWhitenedCosine   : +0.1110
  XGBoost             : +0.2003
  Tiny MLP            : +0.2025
  LDA                 : +0.0539

Method                   | TPR    | FPR    | TrTPR  | TrFPR  | MacroTPR | MacroFPR | Regions | TauMean | ms    | OK? 
---------------------------------------------------------------------------------------------------------------------
Cosine                   | 0.4787 | 0.0559 | 0.4960 | 0.0500 | 0.4426   | 0.0887   | 860     | 0.9540  | 97.6  | FAIL
AndBox-HC                | 0.4449 | 0.0583 | 0.4520 | 0.0500 | 0.4209   | 0.0836   | 860     | 0.0000  | 58.6  | FAIL
PCAWhitenedCosine        | 0.5480 | 0.0465 | 0.5260 | 0.0500 | 0.4455   | 0.0733   | 860     | 0.9717  | 93.6  | PASS
Vec (Wgt)                | 0.5236 | 0.0583 | 0.5320 | 0.0500 | 0.4752   | 0.0911   | 860     | 0.9397  | 93.9  | FAIL
Log Reg                  | 0.2929 | 0.0488 | 0.3060 | 0.0500 | 0.2422   | 0.0712   | 860     | 0.5087  | 102.7 | PASS
LDA                      | 0.5819 | 0.0551 | 0.5800 | 0.0500 | 0.4771   | 0.0888   | 860     | 3.1597  | 97.7  | FAIL
Tiny MLP                 | 0.5803 | 0.0614 | 0.5600 | 0.0500 | 0.4834   | 0.0943   | 860     | 0.8494  | 352.4 | FAIL
MultiProtoCosine         | 0.0559 | 0.0339 | 0.0720 | 0.0500 | 0.0496   | 0.0369   | 860     | 0.9256  | 107.4 | PASS
WeightedEnsemble         | 0.5929 | 0.0535 | 0.6120 | 0.0500 | 0.4965   | 0.0844   | 860     | 0.9264  | 390.1 | FAIL
XGBoost                  | 0.5756 | 0.0622 | 0.5820 | 0.0500 | 0.5122   | 0.0954   | 860     | 0.6533  | 73.8  | FAIL
LDA1+LogReg              | 0.2961 | 0.0488 | 0.3100 | 0.0500 | 0.2441   | 0.0712   | 860     | 0.5085  | 100.1 | PASS
PCA16+LogReg             | 0.3047 | 0.0512 | 0.3240 | 0.0500 | 0.2525   | 0.0752   | 860     | 0.5080  | 105.6 | FAIL
PCA32+LogReg             | 0.3118 | 0.0528 | 0.3320 | 0.0500 | 0.2574   | 0.0771   | 860     | 0.5079  | 107.7 | FAIL
PCA16+VecWeighted        | 0.1535 | 0.0457 | 0.1640 | 0.0500 | 0.1311   | 0.0630   | 860     | 0.0264  | 103.4 | PASS
PCA32+VecWeighted        | 0.1535 | 0.0496 | 0.1680 | 0.0500 | 0.1416   | 0.0652   | 860     | 0.0296  | 105.7 | PASS
StabilizedWhitenedCosine | 0.5709 | 0.0472 | 0.5540 | 0.0500 | 0.4674   | 0.0734   | 860     | 0.8134  | 99.8  | PASS

[trial=47 seed=92] GLOBAL mode — total_samples=200000
  total: h0=82063 h1=15019
  pooled_train:  n0=1270 n1=1270
  pooled_calib:  n0=500 n1=500
  pooled_eval:   n0=1270 n1=1270
  regions (for macro stats only): 1103
[INFO] Cosine baseline routed to direct Hadamard sum (PrecomputedCosine)
[INFO] WeightedEnsemble Cosine judge routed to direct Hadamard sum
  [Ensemble] Judges routed to 'alt' input: PrecomputedCosine
[WeightedEnsemble] Fitted weights (alpha=0.0500, external calib):
  tau=0.8986, Pooled external calib: TPR=0.6220, FPR=0.0500
  PrecomputedCosine   : +0.0595
  PCAWhitenedCosine   : +0.3558
  XGBoost             : +0.1566
  Tiny MLP            : +0.3547
  LDA                 : +0.0734

Method                   | TPR    | FPR    | TrTPR  | TrFPR  | MacroTPR | MacroFPR | Regions | TauMean | ms    | OK? 
---------------------------------------------------------------------------------------------------------------------
Cosine                   | 0.3906 | 0.0409 | 0.3820 | 0.0500 | 0.3696   | 0.0548   | 860     | 0.9795  | 95.7  | PASS
AndBox-HC                | 0.3717 | 0.0567 | 0.3820 | 0.0500 | 0.3479   | 0.0710   | 860     | 0.0001  | 58.0  | FAIL
PCAWhitenedCosine        | 0.5417 | 0.0512 | 0.5580 | 0.0500 | 0.4521   | 0.0747   | 860     | 0.9411  | 93.5  | FAIL
Vec (Wgt)                | 0.4866 | 0.0488 | 0.4720 | 0.0500 | 0.4504   | 0.0704   | 860     | 0.9534  | 93.7  | PASS
Log Reg                  | 0.2173 | 0.0457 | 0.2720 | 0.0500 | 0.1995   | 0.0639   | 860     | 0.5118  | 103.1 | PASS
LDA                      | 0.5354 | 0.0504 | 0.5300 | 0.0500 | 0.4362   | 0.0720   | 860     | 3.6297  | 97.8  | FAIL
Tiny MLP                 | 0.5685 | 0.0575 | 0.5840 | 0.0500 | 0.4655   | 0.0866   | 860     | 0.8629  | 350.8 | FAIL
MultiProtoCosine         | 0.0693 | 0.0488 | 0.1040 | 0.0500 | 0.0681   | 0.0502   | 860     | 0.9216  | 107.2 | PASS
WeightedEnsemble         | 0.6110 | 0.0614 | 0.6220 | 0.0500 | 0.5188   | 0.0932   | 860     | 0.8986  | 388.3 | FAIL
XGBoost                  | 0.4858 | 0.0528 | 0.4520 | 0.0500 | 0.4398   | 0.0714   | 860     | 0.7215  | 74.3  | FAIL
LDA1+LogReg              | 0.2181 | 0.0457 | 0.2720 | 0.0500 | 0.1998   | 0.0639   | 860     | 0.5118  | 100.5 | PASS
PCA16+LogReg             | 0.2102 | 0.0362 | 0.2620 | 0.0480 | 0.1938   | 0.0493   | 860     | 0.5119  | 106.2 | PASS
PCA32+LogReg             | 0.2378 | 0.0449 | 0.2840 | 0.0500 | 0.2135   | 0.0644   | 860     | 0.5113  | 108.2 | PASS
PCA16+VecWeighted        | 0.1969 | 0.0496 | 0.2320 | 0.0500 | 0.1591   | 0.0562   | 860     | 0.0247  | 103.7 | PASS
PCA32+VecWeighted        | 0.1858 | 0.0472 | 0.2040 | 0.0500 | 0.1551   | 0.0557   | 860     | 0.0271  | 105.8 | PASS
StabilizedWhitenedCosine | 0.5276 | 0.0480 | 0.5280 | 0.0500 | 0.4525   | 0.0749   | 860     | 0.9585  | 99.1  | PASS

[trial=48 seed=93] GLOBAL mode — total_samples=200000
  total: h0=82063 h1=15019
  pooled_train:  n0=1270 n1=1270
  pooled_calib:  n0=500 n1=500
  pooled_eval:   n0=1270 n1=1270
  regions (for macro stats only): 1103
[INFO] Cosine baseline routed to direct Hadamard sum (PrecomputedCosine)
[INFO] WeightedEnsemble Cosine judge routed to direct Hadamard sum
  [Ensemble] Judges routed to 'alt' input: PrecomputedCosine
[WeightedEnsemble] Fitted weights (alpha=0.0500, external calib):
  tau=0.8432, Pooled external calib: TPR=0.5300, FPR=0.0500
  PrecomputedCosine   : +0.3209
  PCAWhitenedCosine   : +0.3118
  XGBoost             : +0.3183
  Tiny MLP            : +0.0373
  LDA                 : +0.0115

Method                   | TPR    | FPR    | TrTPR  | TrFPR  | MacroTPR | MacroFPR | Regions | TauMean | ms    | OK? 
---------------------------------------------------------------------------------------------------------------------
Cosine                   | 0.5094 | 0.0677 | 0.5140 | 0.0500 | 0.4611   | 0.0982   | 860     | 0.9371  | 107.3 | FAIL
AndBox-HC                | 0.4677 | 0.0575 | 0.4600 | 0.0500 | 0.4391   | 0.0843   | 860     | 0.0000  | 59.8  | FAIL
PCAWhitenedCosine        | 0.5071 | 0.0394 | 0.4880 | 0.0500 | 0.4170   | 0.0640   | 860     | 1.0236  | 93.9  | PASS
Vec (Wgt)                | 0.5362 | 0.0661 | 0.5180 | 0.0500 | 0.4858   | 0.0977   | 860     | 0.9213  | 94.0  | FAIL
Log Reg                  | 0.2299 | 0.0567 | 0.2080 | 0.0500 | 0.1901   | 0.0727   | 860     | 0.5127  | 104.0 | FAIL
LDA                      | 0.4969 | 0.0465 | 0.4720 | 0.0500 | 0.3941   | 0.0657   | 860     | 3.8104  | 97.8  | PASS
Tiny MLP                 | 0.4787 | 0.0402 | 0.4380 | 0.0500 | 0.3837   | 0.0613   | 860     | 0.9186  | 349.7 | PASS
MultiProtoCosine         | 0.0961 | 0.0654 | 0.0660 | 0.0500 | 0.0698   | 0.0637   | 860     | 0.9228  | 107.1 | FAIL
WeightedEnsemble         | 0.5488 | 0.0457 | 0.5300 | 0.0500 | 0.4559   | 0.0726   | 860     | 0.8432  | 388.3 | PASS
XGBoost                  | 0.5276 | 0.0543 | 0.4960 | 0.0500 | 0.4733   | 0.0780   | 860     | 0.6807  | 74.9  | FAIL
LDA1+LogReg              | 0.2307 | 0.0567 | 0.2100 | 0.0500 | 0.1919   | 0.0727   | 860     | 0.5127  | 100.8 | FAIL
PCA16+LogReg             | 0.2386 | 0.0606 | 0.2300 | 0.0500 | 0.1966   | 0.0755   | 860     | 0.5119  | 106.3 | FAIL
PCA32+LogReg             | 0.2307 | 0.0535 | 0.2140 | 0.0500 | 0.1905   | 0.0702   | 860     | 0.5121  | 108.2 | FAIL
PCA16+VecWeighted        | 0.0535 | 0.0606 | 0.0800 | 0.0500 | 0.0449   | 0.0382   | 860     | 0.0333  | 103.2 | FAIL
PCA32+VecWeighted        | 0.0551 | 0.0630 | 0.0840 | 0.0500 | 0.0564   | 0.0434   | 860     | 0.0386  | 105.2 | FAIL
StabilizedWhitenedCosine | 0.5567 | 0.0512 | 0.5340 | 0.0500 | 0.4708   | 0.0802   | 860     | 0.8308  | 99.8  | FAIL

[trial=49 seed=94] GLOBAL mode — total_samples=200000
  total: h0=82063 h1=15019
  pooled_train:  n0=1270 n1=1270
  pooled_calib:  n0=500 n1=500
  pooled_eval:   n0=1270 n1=1270
  regions (for macro stats only): 1103
[INFO] Cosine baseline routed to direct Hadamard sum (PrecomputedCosine)
[INFO] WeightedEnsemble Cosine judge routed to direct Hadamard sum
  [Ensemble] Judges routed to 'alt' input: PrecomputedCosine
[WeightedEnsemble] Fitted weights (alpha=0.0500, external calib):
  tau=2.0023, Pooled external calib: TPR=0.6060, FPR=0.0500
  PrecomputedCosine   : +0.0361
  PCAWhitenedCosine   : +0.0348
  XGBoost             : +0.1549
  Tiny MLP            : +0.3211
  LDA                 : +0.4530

Method                   | TPR    | FPR    | TrTPR  | TrFPR  | MacroTPR | MacroFPR | Regions | TauMean | ms    | OK? 
---------------------------------------------------------------------------------------------------------------------
Cosine                   | 0.4016 | 0.0465 | 0.3780 | 0.0500 | 0.3567   | 0.0741   | 849     | 0.9849  | 91.9  | PASS
AndBox-HC                | 0.3394 | 0.0449 | 0.3300 | 0.0500 | 0.3306   | 0.0658   | 849     | 0.0001  | 59.4  | PASS
PCAWhitenedCosine        | 0.4961 | 0.0331 | 0.5140 | 0.0500 | 0.3895   | 0.0537   | 849     | 1.1176  | 92.4  | PASS
Vec (Wgt)                | 0.4772 | 0.0417 | 0.4900 | 0.0500 | 0.4133   | 0.0719   | 849     | 0.9605  | 92.1  | PASS
Log Reg                  | 0.2409 | 0.0354 | 0.2600 | 0.0500 | 0.2079   | 0.0555   | 849     | 0.5103  | 101.3 | PASS
LDA                      | 0.5732 | 0.0614 | 0.5920 | 0.0500 | 0.4668   | 0.0922   | 849     | 3.4573  | 95.9  | FAIL
Tiny MLP                 | 0.5693 | 0.0488 | 0.5960 | 0.0500 | 0.4596   | 0.0802   | 849     | 0.8593  | 347.9 | PASS
MultiProtoCosine         | 0.1094 | 0.0583 | 0.1040 | 0.0500 | 0.0929   | 0.0676   | 849     | 0.9210  | 106.2 | FAIL
WeightedEnsemble         | 0.5850 | 0.0583 | 0.6060 | 0.0500 | 0.4755   | 0.0895   | 849     | 2.0023  | 382.4 | FAIL
XGBoost                  | 0.4811 | 0.0402 | 0.4800 | 0.0500 | 0.4163   | 0.0722   | 849     | 0.7242  | 73.6  | PASS
LDA1+LogReg              | 0.2425 | 0.0354 | 0.2600 | 0.0500 | 0.2085   | 0.0555   | 849     | 0.5103  | 98.8  | PASS
PCA16+LogReg             | 0.2394 | 0.0378 | 0.2560 | 0.0500 | 0.2098   | 0.0568   | 849     | 0.5098  | 104.2 | PASS
PCA32+LogReg             | 0.2567 | 0.0370 | 0.2600 | 0.0500 | 0.2172   | 0.0574   | 849     | 0.5096  | 106.5 | PASS
PCA16+VecWeighted        | 0.0921 | 0.0409 | 0.0920 | 0.0500 | 0.0626   | 0.0309   | 849     | 0.0360  | 102.1 | PASS
PCA32+VecWeighted        | 0.0787 | 0.0457 | 0.0920 | 0.0500 | 0.0557   | 0.0285   | 849     | 0.0399  | 104.3 | PASS
StabilizedWhitenedCosine | 0.5780 | 0.0630 | 0.6020 | 0.0500 | 0.4877   | 0.0981   | 849     | 0.7948  | 97.6  | FAIL

=== Ranking by mean micro TPR (UNCONSTRAINED) ===
 1. WeightedEnsemble   TPR=0.5820±0.0425 FPR=0.0569±0.0128 [FAIL]
 2. StabilizedWhitenedCosine TPR=0.5423±0.0419 FPR=0.0527±0.0123 [FAIL]
 3. PCAWhitenedCosine  TPR=0.5405±0.0388 FPR=0.0520±0.0122 [FAIL]
 4. Tiny MLP           TPR=0.5360±0.0456 FPR=0.0516±0.0105 [FAIL]
 5. LDA                TPR=0.5198±0.0452 FPR=0.0491±0.0129 [PASS]
 6. XGBoost            TPR=0.5075±0.0410 FPR=0.0516±0.0123 [FAIL]
 7. Vec (Wgt)          TPR=0.5060±0.0344 FPR=0.0529±0.0128 [FAIL]
 8. Cosine             TPR=0.4647±0.0403 FPR=0.0506±0.0119 [FAIL]
 9. AndBox-HC          TPR=0.4069±0.0542 FPR=0.0516±0.0130 [FAIL]
10. PCA32+LogReg       TPR=0.2572±0.0380 FPR=0.0505±0.0112 [FAIL]
11. PCA16+LogReg       TPR=0.2515±0.0376 FPR=0.0500±0.0114 [PASS]
12. LDA1+LogReg        TPR=0.2479±0.0386 FPR=0.0495±0.0110 [PASS]
13. Log Reg            TPR=0.2464±0.0388 FPR=0.0496±0.0110 [PASS]
14. PCA32+VecWeighted  TPR=0.1024±0.0539 FPR=0.0491±0.0120 [PASS]
15. PCA16+VecWeighted  TPR=0.1013±0.0562 FPR=0.0477±0.0113 [PASS]
16. MultiProtoCosine   TPR=0.0919±0.0166 FPR=0.0511±0.0115 [FAIL]

=== Ranking by mean micro TPR (CONSTRAINED: FPR <= alpha) ===
 1. LDA                TPR=0.5198±0.0452 FPR=0.0491±0.0129
 2. PCA16+LogReg       TPR=0.2515±0.0376 FPR=0.0500±0.0114
 3. LDA1+LogReg        TPR=0.2479±0.0386 FPR=0.0495±0.0110
 4. Log Reg            TPR=0.2464±0.0388 FPR=0.0496±0.0110
 5. PCA32+VecWeighted  TPR=0.1024±0.0539 FPR=0.0491±0.0120
 6. PCA16+VecWeighted  TPR=0.1013±0.0562 FPR=0.0477±0.0113
[CSV] Saved: /home/malmatal/Projects/Multi_Dim_Threshold/NeighborCache/outputs/region_local_threshold/run_20260508_042837/trial_summary.csv
[JSON] Saved: /home/malmatal/Projects/Multi_Dim_Threshold/NeighborCache/outputs/region_local_threshold/run_20260508_042837/ranking.json
[CSV] Saved: /home/malmatal/Projects/Multi_Dim_Threshold/NeighborCache/outputs/region_local_threshold/run_20260508_042837/weighted_ensemble_meta_weights.csv
[JSON] Saved: /home/malmatal/Projects/Multi_Dim_Threshold/NeighborCache/outputs/region_local_threshold/run_20260508_042837/notes.json

Best (constrained FPR <= alpha): LDA
[Done] outputs at: /home/malmatal/Projects/Multi_Dim_Threshold/NeighborCache/outputs/region_local_threshold/run_20260508_042837
============================================================
date_end=2026-05-08T08:47:44+03:00
exit_code=0
============================================================
