------------------------------------
Fri 08 May 2026 11:06:30 IDT
SLURM_JOBID:		17435589
SLURM_JOB_NODELIST:	ise-cpu-intl-18
SLURM_SCRATCH_DIR:	
Allocated Resouces:	cpu - 4 / mem - 16384 MB / gpu - 
SLURM_GPU_INDEX:	
Running as malmatal from gilein account with normal QOS
------------------------------------
============================================================
NeighborCache Slurm task
task_id=62
job_id=17435589
array_job_id=17403348
hostname=ise-cpu-intl-18.auth.ad.bgu.ac.il
date_start=2026-05-08T11:06:30+03:00
pwd=/home/malmatal/Projects/Multi_Dim_Threshold
commands_file=NeighborCache/results/paper_experiments_slurm_20260507_081323/commands.txt
task_log=NeighborCache/results/paper_experiments_slurm_20260507_081323/task_logs/task_62.log
============================================================
Command:
/home/malmatal/.conda/envs/ec/bin/python -m NeighborCache.region_local_threshold.cli --data NeighborCache/data/h1h0_final.npz --region_key global_cluster --alpha 0.05 --tau_mode global --n_trials 50 --seed 43 --n_train 1270 --n_calib 1000 --n_eval 1270 --hadamard_preprocess
============================================================
<frozen runpy>:128: RuntimeWarning: 'NeighborCache.region_local_threshold.cli' found in sys.modules after import of package 'NeighborCache.region_local_threshold', but prior to execution of 'NeighborCache.region_local_threshold.cli'; this may result in unpredictable behaviour
[INFO] Using features key='emb' dim=1024
[INFO] Applied Hadamard preprocessing (strategy=centroid_nearest, use_delta_vec=False, use_abs_diff=False) to X_main

=== Region Threshold Benchmark ===
dataset_npz=NeighborCache/data/h1h0_final.npz
region_key=global_cluster (resolved=global_cluster, unique=1103)
features=emb+hadamard rows=200000 dim=1024
text_pairs=text+region_anchor[centroid_nearest]
alpha=0.05 tie_mode=ge trials=50 base_seed=43
tau_mode=global
hadamard_preprocess=True
abs_diff_only_preprocess=False
use_delta_vec=False
use_abs_diff=False
normalize_data=False
filter_policy=none
train_cosine_policy_active=False
caps: train=1270 calib=1000 eval=1270
mins: min_h0_eval=20 min_h1_eval=20
run_dir=/home/malmatal/Projects/Multi_Dim_Threshold/NeighborCache/outputs/region_local_threshold/run_20260508_110644

[trial=0 seed=43] GLOBAL mode — total_samples=200000
  total: h0=82063 h1=15019
  pooled_train:  n0=1270 n1=1270
  pooled_calib:  n0=1000 n1=1000
  pooled_eval:   n0=1270 n1=1270
  regions (for macro stats only): 1103
[INFO] Cosine baseline routed to direct Hadamard sum (PrecomputedCosine)
[INFO] WeightedEnsemble Cosine judge routed to direct Hadamard sum
  [Ensemble] Judges routed to 'alt' input: PrecomputedCosine
[WeightedEnsemble] Fitted weights (alpha=0.0500, external calib):
  tau=1.0929, Pooled external calib: TPR=0.5660, FPR=0.0500
  PrecomputedCosine   : +0.2042
  PCAWhitenedCosine   : +0.1982
  XGBoost             : +0.4393
  Tiny MLP            : +0.0111
  LDA                 : +0.1471

Method                   | TPR    | FPR    | TrTPR  | TrFPR  | MacroTPR | MacroFPR | Regions | TauMean | ms    | OK? 
---------------------------------------------------------------------------------------------------------------------
Cosine                   | 0.4165 | 0.0362 | 0.4270 | 0.0500 | 0.3758   | 0.0540   | 852     | 0.9734  | 90.9  | PASS
AndBox-HC                | 0.3835 | 0.0504 | 0.4080 | 0.0500 | 0.3423   | 0.0733   | 852     | 0.0000  | 38.7  | FAIL
PCAWhitenedCosine        | 0.4913 | 0.0378 | 0.5010 | 0.0500 | 0.3965   | 0.0605   | 852     | 0.9949  | 58.5  | PASS
Vec (Wgt)                | 0.4583 | 0.0417 | 0.4900 | 0.0500 | 0.4090   | 0.0593   | 852     | 0.9483  | 59.1  | PASS
Log Reg                  | 0.1890 | 0.0378 | 0.2280 | 0.0500 | 0.1742   | 0.0530   | 852     | 0.5126  | 70.9  | PASS
LDA                      | 0.5331 | 0.0535 | 0.5160 | 0.0500 | 0.4113   | 0.0751   | 852     | 3.5137  | 64.2  | FAIL
Tiny MLP                 | 0.5433 | 0.0465 | 0.5380 | 0.0500 | 0.4377   | 0.0656   | 852     | 0.8574  | 222.7 | PASS
MultiProtoCosine         | 0.0646 | 0.0409 | 0.0750 | 0.0500 | 0.0579   | 0.0509   | 852     | 0.9246  | 75.1  | PASS
WeightedEnsemble         | 0.5669 | 0.0472 | 0.5660 | 0.0500 | 0.4501   | 0.0716   | 852     | 1.0929  | 271.0 | PASS
XGBoost                  | 0.4693 | 0.0315 | 0.4730 | 0.0500 | 0.3984   | 0.0455   | 852     | 0.7153  | 76.4  | PASS
LDA1+LogReg              | 0.1890 | 0.0378 | 0.2290 | 0.0500 | 0.1742   | 0.0530   | 852     | 0.5127  | 64.5  | PASS
PCA16+LogReg             | 0.1913 | 0.0362 | 0.2280 | 0.0500 | 0.1751   | 0.0512   | 852     | 0.5123  | 67.2  | PASS
PCA32+LogReg             | 0.1969 | 0.0370 | 0.2410 | 0.0500 | 0.1809   | 0.0526   | 852     | 0.5120  | 69.6  | PASS
PCA16+VecWeighted        | 0.1370 | 0.0291 | 0.1360 | 0.0500 | 0.1152   | 0.0314   | 852     | 0.0253  | 65.4  | PASS
PCA32+VecWeighted        | 0.1591 | 0.0425 | 0.1710 | 0.0500 | 0.1376   | 0.0484   | 852     | 0.0252  | 67.1  | PASS
StabilizedWhitenedCosine | 0.5449 | 0.0417 | 0.5480 | 0.0500 | 0.4510   | 0.0688   | 852     | 0.8313  | 65.6  | PASS

[trial=1 seed=44] GLOBAL mode — total_samples=200000
  total: h0=82063 h1=15019
  pooled_train:  n0=1270 n1=1270
  pooled_calib:  n0=1000 n1=1000
  pooled_eval:   n0=1270 n1=1270
  regions (for macro stats only): 1103
[INFO] Cosine baseline routed to direct Hadamard sum (PrecomputedCosine)
[INFO] WeightedEnsemble Cosine judge routed to direct Hadamard sum
  [Ensemble] Judges routed to 'alt' input: PrecomputedCosine
[WeightedEnsemble] Fitted weights (alpha=0.0500, external calib):
  tau=0.9199, Pooled external calib: TPR=0.5860, FPR=0.0500
  PrecomputedCosine   : +0.4323
  PCAWhitenedCosine   : +0.1110
  XGBoost             : +0.2003
  Tiny MLP            : +0.2025
  LDA                 : +0.0539

Method                   | TPR    | FPR    | TrTPR  | TrFPR  | MacroTPR | MacroFPR | Regions | TauMean | ms    | OK? 
---------------------------------------------------------------------------------------------------------------------
Cosine                   | 0.4528 | 0.0449 | 0.4510 | 0.0500 | 0.4241   | 0.0653   | 864     | 0.9637  | 78.7  | PASS
AndBox-HC                | 0.4543 | 0.0496 | 0.4560 | 0.0500 | 0.4207   | 0.0722   | 864     | 0.0000  | 46.8  | PASS
PCAWhitenedCosine        | 0.5126 | 0.0488 | 0.5270 | 0.0500 | 0.4102   | 0.0718   | 864     | 0.8942  | 59.7  | PASS
Vec (Wgt)                | 0.4898 | 0.0417 | 0.5020 | 0.0500 | 0.4454   | 0.0615   | 864     | 0.9498  | 59.6  | PASS
Log Reg                  | 0.2717 | 0.0591 | 0.2440 | 0.0500 | 0.2363   | 0.0900   | 864     | 0.5108  | 71.7  | FAIL
LDA                      | 0.4976 | 0.0457 | 0.5280 | 0.0500 | 0.4010   | 0.0709   | 864     | 3.4851  | 64.7  | PASS
Tiny MLP                 | 0.5110 | 0.0528 | 0.5340 | 0.0500 | 0.4103   | 0.0807   | 864     | 0.8305  | 224.0 | FAIL
MultiProtoCosine         | 0.0898 | 0.0606 | 0.0750 | 0.0500 | 0.0660   | 0.0746   | 864     | 0.9220  | 77.3  | FAIL
WeightedEnsemble         | 0.5646 | 0.0520 | 0.5860 | 0.0500 | 0.4689   | 0.0799   | 864     | 0.9199  | 272.6 | FAIL
XGBoost                  | 0.4858 | 0.0457 | 0.4910 | 0.0500 | 0.4280   | 0.0679   | 864     | 0.7035  | 77.4  | PASS
LDA1+LogReg              | 0.2748 | 0.0583 | 0.2500 | 0.0500 | 0.2382   | 0.0894   | 864     | 0.5108  | 66.8  | FAIL
PCA16+LogReg             | 0.2614 | 0.0575 | 0.2370 | 0.0500 | 0.2286   | 0.0877   | 864     | 0.5106  | 70.4  | FAIL
PCA32+LogReg             | 0.2835 | 0.0606 | 0.2570 | 0.0500 | 0.2450   | 0.0928   | 864     | 0.5103  | 72.2  | FAIL
PCA16+VecWeighted        | 0.1000 | 0.0520 | 0.0940 | 0.0500 | 0.0862   | 0.0673   | 864     | 0.0271  | 68.0  | FAIL
PCA32+VecWeighted        | 0.0913 | 0.0551 | 0.0850 | 0.0500 | 0.0705   | 0.0705   | 864     | 0.0317  | 69.2  | FAIL
StabilizedWhitenedCosine | 0.5016 | 0.0472 | 0.5230 | 0.0500 | 0.4071   | 0.0728   | 864     | 0.8781  | 65.9  | PASS

[trial=2 seed=45] GLOBAL mode — total_samples=200000
  total: h0=82063 h1=15019
  pooled_train:  n0=1270 n1=1270
  pooled_calib:  n0=1000 n1=1000
  pooled_eval:   n0=1270 n1=1270
  regions (for macro stats only): 1103
[INFO] Cosine baseline routed to direct Hadamard sum (PrecomputedCosine)
[INFO] WeightedEnsemble Cosine judge routed to direct Hadamard sum
  [Ensemble] Judges routed to 'alt' input: PrecomputedCosine
[WeightedEnsemble] Fitted weights (alpha=0.0500, external calib):
  tau=0.9054, Pooled external calib: TPR=0.6030, FPR=0.0500
  PrecomputedCosine   : +0.5316
  PCAWhitenedCosine   : +0.2031
  XGBoost             : +0.0553
  Tiny MLP            : +0.1785
  LDA                 : +0.0315

Method                   | TPR    | FPR    | TrTPR  | TrFPR  | MacroTPR | MacroFPR | Regions | TauMean | ms    | OK? 
---------------------------------------------------------------------------------------------------------------------
Cosine                   | 0.4724 | 0.0528 | 0.4610 | 0.0500 | 0.4303   | 0.0740   | 854     | 0.9629  | 88.4  | FAIL
AndBox-HC                | 0.3614 | 0.0465 | 0.3480 | 0.0500 | 0.3120   | 0.0605   | 854     | 0.0000  | 41.1  | PASS
PCAWhitenedCosine        | 0.5630 | 0.0441 | 0.5450 | 0.0500 | 0.4599   | 0.0628   | 854     | 0.8409  | 58.8  | PASS
Vec (Wgt)                | 0.5370 | 0.0583 | 0.5130 | 0.0500 | 0.4818   | 0.0853   | 854     | 0.9361  | 59.1  | FAIL
Log Reg                  | 0.2386 | 0.0488 | 0.2340 | 0.0500 | 0.2156   | 0.0673   | 854     | 0.5121  | 71.7  | PASS
LDA                      | 0.5315 | 0.0339 | 0.4890 | 0.0500 | 0.4145   | 0.0437   | 854     | 3.7002  | 64.8  | PASS
Tiny MLP                 | 0.5614 | 0.0449 | 0.5340 | 0.0500 | 0.4630   | 0.0623   | 854     | 0.8578  | 223.6 | PASS
MultiProtoCosine         | 0.0937 | 0.0496 | 0.0840 | 0.0500 | 0.0792   | 0.0574   | 854     | 0.9236  | 77.1  | PASS
WeightedEnsemble         | 0.6197 | 0.0630 | 0.6030 | 0.0500 | 0.5193   | 0.0860   | 854     | 0.9054  | 271.9 | FAIL
XGBoost                  | 0.5016 | 0.0465 | 0.4790 | 0.0500 | 0.4383   | 0.0629   | 854     | 0.7046  | 77.7  | PASS
LDA1+LogReg              | 0.2441 | 0.0488 | 0.2390 | 0.0500 | 0.2178   | 0.0673   | 854     | 0.5120  | 67.1  | PASS
PCA16+LogReg             | 0.2598 | 0.0488 | 0.2520 | 0.0490 | 0.2301   | 0.0673   | 854     | 0.5115  | 70.7  | PASS
PCA32+LogReg             | 0.2685 | 0.0488 | 0.2600 | 0.0500 | 0.2342   | 0.0673   | 854     | 0.5113  | 72.5  | PASS
PCA16+VecWeighted        | 0.2087 | 0.0567 | 0.2020 | 0.0500 | 0.1888   | 0.0751   | 854     | 0.0253  | 68.4  | FAIL
PCA32+VecWeighted        | 0.1606 | 0.0465 | 0.1640 | 0.0500 | 0.1381   | 0.0585   | 854     | 0.0304  | 69.2  | PASS
StabilizedWhitenedCosine | 0.5409 | 0.0465 | 0.5370 | 0.0500 | 0.4410   | 0.0652   | 854     | 0.8625  | 66.8  | PASS

[trial=3 seed=46] GLOBAL mode — total_samples=200000
  total: h0=82063 h1=15019
  pooled_train:  n0=1270 n1=1270
  pooled_calib:  n0=1000 n1=1000
  pooled_eval:   n0=1270 n1=1270
  regions (for macro stats only): 1103
[INFO] Cosine baseline routed to direct Hadamard sum (PrecomputedCosine)
[INFO] WeightedEnsemble Cosine judge routed to direct Hadamard sum
  [Ensemble] Judges routed to 'alt' input: PrecomputedCosine
[WeightedEnsemble] Fitted weights (alpha=0.0500, external calib):
  tau=0.8176, Pooled external calib: TPR=0.5740, FPR=0.0500
  PrecomputedCosine   : +0.1195
  PCAWhitenedCosine   : +0.3770
  XGBoost             : +0.2691
  Tiny MLP            : +0.2045
  LDA                 : +0.0298

Method                   | TPR    | FPR    | TrTPR  | TrFPR  | MacroTPR | MacroFPR | Regions | TauMean | ms    | OK? 
---------------------------------------------------------------------------------------------------------------------
Cosine                   | 0.4575 | 0.0417 | 0.4460 | 0.0500 | 0.4260   | 0.0675   | 867     | 0.9619  | 81.0  | PASS
AndBox-HC                | 0.4276 | 0.0441 | 0.4140 | 0.0500 | 0.3925   | 0.0681   | 867     | 0.0000  | 46.2  | PASS
PCAWhitenedCosine        | 0.5496 | 0.0622 | 0.5520 | 0.0500 | 0.4724   | 0.0920   | 867     | 0.8984  | 59.5  | FAIL
Vec (Wgt)                | 0.5165 | 0.0512 | 0.5010 | 0.0500 | 0.4824   | 0.0829   | 867     | 0.9319  | 59.2  | FAIL
Log Reg                  | 0.2520 | 0.0591 | 0.2400 | 0.0500 | 0.2344   | 0.0761   | 867     | 0.5112  | 70.7  | FAIL
LDA                      | 0.5220 | 0.0575 | 0.5180 | 0.0500 | 0.4316   | 0.0801   | 867     | 3.4171  | 64.2  | FAIL
Tiny MLP                 | 0.5252 | 0.0598 | 0.5130 | 0.0500 | 0.4358   | 0.0870   | 867     | 0.9057  | 147.9 | FAIL
MultiProtoCosine         | 0.1047 | 0.0583 | 0.1010 | 0.0500 | 0.0865   | 0.0623   | 867     | 0.9208  | 75.1  | FAIL
WeightedEnsemble         | 0.5803 | 0.0638 | 0.5740 | 0.0500 | 0.4972   | 0.0947   | 867     | 0.8176  | 198.7 | FAIL
XGBoost                  | 0.4913 | 0.0465 | 0.4820 | 0.0500 | 0.4437   | 0.0744   | 867     | 0.7083  | 77.3  | PASS
LDA1+LogReg              | 0.2512 | 0.0591 | 0.2410 | 0.0500 | 0.2340   | 0.0761   | 867     | 0.5112  | 67.8  | FAIL
PCA16+LogReg             | 0.2701 | 0.0622 | 0.2470 | 0.0500 | 0.2458   | 0.0778   | 867     | 0.5105  | 71.4  | FAIL
PCA32+LogReg             | 0.2701 | 0.0630 | 0.2510 | 0.0500 | 0.2442   | 0.0798   | 867     | 0.5104  | 71.4  | FAIL
PCA16+VecWeighted        | 0.1173 | 0.0543 | 0.1000 | 0.0500 | 0.1051   | 0.0454   | 867     | 0.0286  | 66.9  | FAIL
PCA32+VecWeighted        | 0.0598 | 0.0402 | 0.0430 | 0.0500 | 0.0533   | 0.0180   | 867     | 0.0415  | 69.5  | PASS
StabilizedWhitenedCosine | 0.5520 | 0.0591 | 0.5340 | 0.0500 | 0.4872   | 0.0862   | 867     | 0.9068  | 66.2  | FAIL

[trial=4 seed=47] GLOBAL mode — total_samples=200000
  total: h0=82063 h1=15019
  pooled_train:  n0=1270 n1=1270
  pooled_calib:  n0=1000 n1=1000
  pooled_eval:   n0=1270 n1=1270
  regions (for macro stats only): 1103
[INFO] Cosine baseline routed to direct Hadamard sum (PrecomputedCosine)
[INFO] WeightedEnsemble Cosine judge routed to direct Hadamard sum
  [Ensemble] Judges routed to 'alt' input: PrecomputedCosine
[WeightedEnsemble] Fitted weights (alpha=0.0500, external calib):
  tau=0.8608, Pooled external calib: TPR=0.6090, FPR=0.0500
  PrecomputedCosine   : +0.0000
  PCAWhitenedCosine   : +0.0000
  XGBoost             : +0.0000
  Tiny MLP            : +1.0000
  LDA                 : +0.0000

Method                   | TPR    | FPR    | TrTPR  | TrFPR  | MacroTPR | MacroFPR | Regions | TauMean | ms    | OK? 
---------------------------------------------------------------------------------------------------------------------
Cosine                   | 0.4228 | 0.0323 | 0.4570 | 0.0500 | 0.3729   | 0.0493   | 847     | 0.9707  | 61.9  | PASS
AndBox-HC                | 0.3480 | 0.0260 | 0.3640 | 0.0490 | 0.3080   | 0.0388   | 847     | 0.0001  | 52.2  | PASS
PCAWhitenedCosine        | 0.5504 | 0.0591 | 0.5700 | 0.0500 | 0.4487   | 0.0882   | 847     | 0.9334  | 58.0  | FAIL
Vec (Wgt)                | 0.4512 | 0.0346 | 0.4910 | 0.0500 | 0.3873   | 0.0544   | 847     | 0.9592  | 59.0  | PASS
Log Reg                  | 0.2307 | 0.0654 | 0.2520 | 0.0500 | 0.2024   | 0.0773   | 847     | 0.5122  | 71.7  | FAIL
LDA                      | 0.5213 | 0.0520 | 0.5610 | 0.0500 | 0.4237   | 0.0727   | 847     | 3.8933  | 64.0  | FAIL
Tiny MLP                 | 0.5693 | 0.0677 | 0.6090 | 0.0500 | 0.4704   | 0.0980   | 847     | 0.8608  | 223.8 | FAIL
MultiProtoCosine         | 0.0921 | 0.0551 | 0.1030 | 0.0500 | 0.0735   | 0.0528   | 847     | 0.9239  | 77.2  | FAIL
WeightedEnsemble         | 0.5693 | 0.0677 | 0.6090 | 0.0500 | 0.4704   | 0.0980   | 847     | 0.8608  | 272.9 | FAIL
XGBoost                  | 0.4457 | 0.0362 | 0.4870 | 0.0500 | 0.3854   | 0.0537   | 847     | 0.7278  | 77.7  | PASS
LDA1+LogReg              | 0.2315 | 0.0654 | 0.2520 | 0.0500 | 0.2028   | 0.0773   | 847     | 0.5122  | 66.6  | FAIL
PCA16+LogReg             | 0.2236 | 0.0575 | 0.2460 | 0.0500 | 0.1983   | 0.0693   | 847     | 0.5121  | 70.1  | FAIL
PCA32+LogReg             | 0.2323 | 0.0638 | 0.2570 | 0.0500 | 0.2018   | 0.0758   | 847     | 0.5119  | 72.9  | FAIL
PCA16+VecWeighted        | 0.0866 | 0.0457 | 0.0880 | 0.0500 | 0.0727   | 0.0484   | 847     | 0.0327  | 68.0  | PASS
PCA32+VecWeighted        | 0.1205 | 0.0315 | 0.1150 | 0.0500 | 0.0898   | 0.0345   | 847     | 0.0345  | 68.9  | PASS
StabilizedWhitenedCosine | 0.5197 | 0.0496 | 0.5460 | 0.0500 | 0.4135   | 0.0751   | 847     | 1.0131  | 65.8  | PASS

[trial=5 seed=48] GLOBAL mode — total_samples=200000
  total: h0=82063 h1=15019
  pooled_train:  n0=1270 n1=1270
  pooled_calib:  n0=1000 n1=1000
  pooled_eval:   n0=1270 n1=1270
  regions (for macro stats only): 1103
[INFO] Cosine baseline routed to direct Hadamard sum (PrecomputedCosine)
[INFO] WeightedEnsemble Cosine judge routed to direct Hadamard sum
  [Ensemble] Judges routed to 'alt' input: PrecomputedCosine
[WeightedEnsemble] Fitted weights (alpha=0.0500, external calib):
  tau=1.1392, Pooled external calib: TPR=0.5450, FPR=0.0500
  PrecomputedCosine   : +0.0786
  PCAWhitenedCosine   : +0.2785
  XGBoost             : +0.3243
  Tiny MLP            : +0.1558
  LDA                 : +0.1628

Method                   | TPR    | FPR    | TrTPR  | TrFPR  | MacroTPR | MacroFPR | Regions | TauMean | ms    | OK? 
---------------------------------------------------------------------------------------------------------------------
Cosine                   | 0.4630 | 0.0425 | 0.4510 | 0.0500 | 0.4356   | 0.0706   | 849     | 0.9608  | 56.2  | PASS
AndBox-HC                | 0.3346 | 0.0409 | 0.3250 | 0.0500 | 0.3044   | 0.0610   | 849     | 0.0001  | 62.1  | PASS
PCAWhitenedCosine        | 0.5220 | 0.0457 | 0.5210 | 0.0500 | 0.4486   | 0.0675   | 849     | 0.9694  | 58.3  | PASS
Vec (Wgt)                | 0.5087 | 0.0457 | 0.5140 | 0.0500 | 0.4752   | 0.0727   | 849     | 0.9420  | 58.2  | PASS
Log Reg                  | 0.2740 | 0.0535 | 0.2970 | 0.0500 | 0.2434   | 0.0745   | 849     | 0.5097  | 70.3  | FAIL
LDA                      | 0.5496 | 0.0551 | 0.5220 | 0.0500 | 0.4749   | 0.0793   | 849     | 3.2630  | 64.3  | FAIL
Tiny MLP                 | 0.5362 | 0.0488 | 0.4860 | 0.0500 | 0.4546   | 0.0684   | 849     | 0.8721  | 223.3 | PASS
MultiProtoCosine         | 0.1071 | 0.0638 | 0.1040 | 0.0500 | 0.0805   | 0.0706   | 849     | 0.9209  | 77.1  | FAIL
WeightedEnsemble         | 0.5772 | 0.0465 | 0.5450 | 0.0500 | 0.5036   | 0.0687   | 849     | 1.1392  | 270.0 | PASS
XGBoost                  | 0.4858 | 0.0425 | 0.4760 | 0.0500 | 0.4395   | 0.0693   | 849     | 0.7065  | 76.8  | PASS
LDA1+LogReg              | 0.2764 | 0.0535 | 0.2970 | 0.0500 | 0.2453   | 0.0745   | 849     | 0.5097  | 65.9  | FAIL
PCA16+LogReg             | 0.2882 | 0.0520 | 0.3090 | 0.0500 | 0.2556   | 0.0730   | 849     | 0.5094  | 69.4  | FAIL
PCA32+LogReg             | 0.2898 | 0.0543 | 0.3080 | 0.0500 | 0.2556   | 0.0753   | 849     | 0.5092  | 71.9  | FAIL
PCA16+VecWeighted        | 0.0969 | 0.0465 | 0.1030 | 0.0500 | 0.0718   | 0.0510   | 849     | 0.0289  | 68.1  | PASS
PCA32+VecWeighted        | 0.0866 | 0.0520 | 0.1010 | 0.0500 | 0.0710   | 0.0598   | 849     | 0.0339  | 69.9  | FAIL
StabilizedWhitenedCosine | 0.5000 | 0.0457 | 0.4950 | 0.0500 | 0.4203   | 0.0651   | 849     | 1.0146  | 65.8  | PASS

[trial=6 seed=49] GLOBAL mode — total_samples=200000
  total: h0=82063 h1=15019
  pooled_train:  n0=1270 n1=1270
  pooled_calib:  n0=1000 n1=1000
  pooled_eval:   n0=1270 n1=1270
  regions (for macro stats only): 1103
[INFO] Cosine baseline routed to direct Hadamard sum (PrecomputedCosine)
[INFO] WeightedEnsemble Cosine judge routed to direct Hadamard sum
  [Ensemble] Judges routed to 'alt' input: PrecomputedCosine
[WeightedEnsemble] Fitted weights (alpha=0.0500, external calib):
  tau=0.8172, Pooled external calib: TPR=0.6310, FPR=0.0500
  PrecomputedCosine   : +0.3246
  PCAWhitenedCosine   : +0.1636
  XGBoost             : +0.2291
  Tiny MLP            : +0.2081
  LDA                 : +0.0747

Method                   | TPR    | FPR    | TrTPR  | TrFPR  | MacroTPR | MacroFPR | Regions | TauMean | ms    | OK? 
---------------------------------------------------------------------------------------------------------------------
Cosine                   | 0.5150 | 0.0646 | 0.4860 | 0.0500 | 0.4694   | 0.0949   | 854     | 0.9409  | 77.1  | FAIL
AndBox-HC                | 0.4378 | 0.0567 | 0.3950 | 0.0500 | 0.4033   | 0.0770   | 854     | -0.0000 | 47.1  | FAIL
PCAWhitenedCosine        | 0.6102 | 0.0724 | 0.5870 | 0.0500 | 0.4996   | 0.1024   | 854     | 0.6611  | 58.7  | FAIL
Vec (Wgt)                | 0.5417 | 0.0654 | 0.5120 | 0.0500 | 0.4912   | 0.0961   | 854     | 0.9255  | 59.6  | FAIL
Log Reg                  | 0.3118 | 0.0591 | 0.2810 | 0.0500 | 0.2629   | 0.0914   | 854     | 0.5087  | 72.1  | FAIL
LDA                      | 0.6110 | 0.0740 | 0.5530 | 0.0500 | 0.4931   | 0.0986   | 854     | 2.9243  | 65.1  | FAIL
Tiny MLP                 | 0.6268 | 0.0677 | 0.5830 | 0.0500 | 0.5124   | 0.0964   | 854     | 0.7967  | 253.5 | FAIL
MultiProtoCosine         | 0.0984 | 0.0567 | 0.0860 | 0.0500 | 0.0727   | 0.0601   | 854     | 0.9233  | 78.8  | FAIL
WeightedEnsemble         | 0.6677 | 0.0827 | 0.6310 | 0.0500 | 0.5504   | 0.1194   | 854     | 0.8172  | 303.1 | FAIL
XGBoost                  | 0.5512 | 0.0567 | 0.5320 | 0.0500 | 0.4785   | 0.0807   | 854     | 0.6661  | 79.2  | FAIL
LDA1+LogReg              | 0.3142 | 0.0591 | 0.2830 | 0.0500 | 0.2646   | 0.0914   | 854     | 0.5087  | 70.4  | FAIL
PCA16+LogReg             | 0.3142 | 0.0583 | 0.2780 | 0.0500 | 0.2670   | 0.0890   | 854     | 0.5085  | 73.3  | FAIL
PCA32+LogReg             | 0.3189 | 0.0567 | 0.2860 | 0.0500 | 0.2711   | 0.0879   | 854     | 0.5082  | 74.2  | FAIL
PCA16+VecWeighted        | 0.2315 | 0.0433 | 0.1910 | 0.0500 | 0.1773   | 0.0502   | 854     | 0.0235  | 69.0  | PASS
PCA32+VecWeighted        | 0.2102 | 0.0465 | 0.1770 | 0.0500 | 0.1644   | 0.0636   | 854     | 0.0295  | 71.5  | PASS
StabilizedWhitenedCosine | 0.6173 | 0.0787 | 0.5920 | 0.0500 | 0.5267   | 0.1174   | 854     | 0.6246  | 67.3  | FAIL

[trial=7 seed=50] GLOBAL mode — total_samples=200000
  total: h0=82063 h1=15019
  pooled_train:  n0=1270 n1=1270
  pooled_calib:  n0=1000 n1=1000
  pooled_eval:   n0=1270 n1=1270
  regions (for macro stats only): 1103
[INFO] Cosine baseline routed to direct Hadamard sum (PrecomputedCosine)
[INFO] WeightedEnsemble Cosine judge routed to direct Hadamard sum
  [Ensemble] Judges routed to 'alt' input: PrecomputedCosine
[WeightedEnsemble] Fitted weights (alpha=0.0500, external calib):
  tau=0.9632, Pooled external calib: TPR=0.5990, FPR=0.0500
  PrecomputedCosine   : +0.4352
  PCAWhitenedCosine   : +0.0957
  XGBoost             : +0.1866
  Tiny MLP            : +0.2341
  LDA                 : +0.0484

Method                   | TPR    | FPR    | TrTPR  | TrFPR  | MacroTPR | MacroFPR | Regions | TauMean | ms    | OK? 
---------------------------------------------------------------------------------------------------------------------
Cosine                   | 0.4953 | 0.0504 | 0.4640 | 0.0500 | 0.4487   | 0.0762   | 862     | 0.9601  | 61.1  | FAIL
AndBox-HC                | 0.3559 | 0.0441 | 0.3430 | 0.0500 | 0.3448   | 0.0633   | 862     | 0.0000  | 54.6  | PASS
PCAWhitenedCosine        | 0.5472 | 0.0472 | 0.5330 | 0.0500 | 0.4442   | 0.0715   | 862     | 1.0181  | 58.4  | PASS
Vec (Wgt)                | 0.5228 | 0.0535 | 0.4980 | 0.0500 | 0.4676   | 0.0783   | 862     | 0.9424  | 59.5  | FAIL
Log Reg                  | 0.3173 | 0.0417 | 0.3210 | 0.0500 | 0.2590   | 0.0596   | 862     | 0.5083  | 73.1  | PASS
LDA                      | 0.5504 | 0.0370 | 0.5500 | 0.0500 | 0.4280   | 0.0602   | 862     | 3.9430  | 64.2  | PASS
Tiny MLP                 | 0.5472 | 0.0449 | 0.5740 | 0.0500 | 0.4350   | 0.0721   | 862     | 0.9095  | 249.8 | PASS
MultiProtoCosine         | 0.0732 | 0.0559 | 0.0930 | 0.0500 | 0.0616   | 0.0669   | 862     | 0.9241  | 78.0  | FAIL
WeightedEnsemble         | 0.5929 | 0.0465 | 0.5990 | 0.0500 | 0.4811   | 0.0763   | 862     | 0.9632  | 298.4 | PASS
XGBoost                  | 0.4937 | 0.0394 | 0.4760 | 0.0500 | 0.4266   | 0.0633   | 862     | 0.7185  | 76.4  | PASS
LDA1+LogReg              | 0.3181 | 0.0433 | 0.3220 | 0.0500 | 0.2600   | 0.0622   | 862     | 0.5083  | 66.4  | PASS
PCA16+LogReg             | 0.3047 | 0.0417 | 0.3080 | 0.0480 | 0.2413   | 0.0604   | 862     | 0.5084  | 69.9  | PASS
PCA32+LogReg             | 0.3205 | 0.0425 | 0.3270 | 0.0500 | 0.2585   | 0.0613   | 862     | 0.5081  | 71.0  | PASS
PCA16+VecWeighted        | 0.1220 | 0.0504 | 0.1310 | 0.0500 | 0.1124   | 0.0561   | 862     | 0.0322  | 68.7  | FAIL
PCA32+VecWeighted        | 0.1488 | 0.0606 | 0.1420 | 0.0500 | 0.1361   | 0.0848   | 862     | 0.0328  | 69.5  | FAIL
StabilizedWhitenedCosine | 0.5134 | 0.0520 | 0.5140 | 0.0500 | 0.4197   | 0.0747   | 862     | 1.0187  | 65.3  | FAIL

[trial=8 seed=51] GLOBAL mode — total_samples=200000
  total: h0=82063 h1=15019
  pooled_train:  n0=1270 n1=1270
  pooled_calib:  n0=1000 n1=1000
  pooled_eval:   n0=1270 n1=1270
  regions (for macro stats only): 1103
[INFO] Cosine baseline routed to direct Hadamard sum (PrecomputedCosine)
[INFO] WeightedEnsemble Cosine judge routed to direct Hadamard sum
  [Ensemble] Judges routed to 'alt' input: PrecomputedCosine
[WeightedEnsemble] Fitted weights (alpha=0.0500, external calib):
  tau=1.1644, Pooled external calib: TPR=0.5750, FPR=0.0500
  PrecomputedCosine   : +0.1287
  PCAWhitenedCosine   : +0.3555
  XGBoost             : +0.1143
  Tiny MLP            : +0.2967
  LDA                 : +0.1048

Method                   | TPR    | FPR    | TrTPR  | TrFPR  | MacroTPR | MacroFPR | Regions | TauMean | ms    | OK? 
---------------------------------------------------------------------------------------------------------------------
Cosine                   | 0.4543 | 0.0441 | 0.4610 | 0.0500 | 0.4113   | 0.0675   | 860     | 0.9634  | 79.6  | PASS
AndBox-HC                | 0.4000 | 0.0402 | 0.4300 | 0.0500 | 0.3637   | 0.0591   | 860     | 0.0001  | 44.7  | PASS
PCAWhitenedCosine        | 0.5055 | 0.0417 | 0.5070 | 0.0500 | 0.3948   | 0.0548   | 860     | 1.1023  | 57.9  | PASS
Vec (Wgt)                | 0.4756 | 0.0425 | 0.4730 | 0.0500 | 0.4157   | 0.0622   | 860     | 0.9589  | 57.7  | PASS
Log Reg                  | 0.2945 | 0.0441 | 0.2810 | 0.0500 | 0.2377   | 0.0622   | 860     | 0.5095  | 69.5  | PASS
LDA                      | 0.5480 | 0.0520 | 0.5610 | 0.0500 | 0.4130   | 0.0666   | 860     | 3.8220  | 63.7  | FAIL
Tiny MLP                 | 0.5307 | 0.0528 | 0.5280 | 0.0500 | 0.4117   | 0.0704   | 860     | 0.8980  | 251.6 | FAIL
MultiProtoCosine         | 0.1055 | 0.0512 | 0.1150 | 0.0500 | 0.0818   | 0.0689   | 860     | 0.9202  | 77.6  | FAIL
WeightedEnsemble         | 0.5677 | 0.0488 | 0.5750 | 0.0500 | 0.4437   | 0.0644   | 860     | 1.1644  | 299.1 | PASS
XGBoost                  | 0.4819 | 0.0465 | 0.4830 | 0.0500 | 0.4245   | 0.0660   | 860     | 0.7231  | 77.0  | PASS
LDA1+LogReg              | 0.2953 | 0.0441 | 0.2820 | 0.0500 | 0.2379   | 0.0622   | 860     | 0.5094  | 66.5  | PASS
PCA16+LogReg             | 0.2890 | 0.0409 | 0.2770 | 0.0500 | 0.2291   | 0.0574   | 860     | 0.5094  | 69.4  | PASS
PCA32+LogReg             | 0.2906 | 0.0402 | 0.2810 | 0.0500 | 0.2355   | 0.0556   | 860     | 0.5093  | 71.5  | PASS
PCA16+VecWeighted        | 0.1118 | 0.0386 | 0.1000 | 0.0500 | 0.0913   | 0.0402   | 860     | 0.0308  | 68.1  | PASS
PCA32+VecWeighted        | 0.1055 | 0.0386 | 0.0930 | 0.0500 | 0.0911   | 0.0462   | 860     | 0.0341  | 69.0  | PASS
StabilizedWhitenedCosine | 0.5402 | 0.0465 | 0.5490 | 0.0500 | 0.4328   | 0.0643   | 860     | 0.9212  | 65.1  | PASS

[trial=9 seed=52] GLOBAL mode — total_samples=200000
  total: h0=82063 h1=15019
  pooled_train:  n0=1270 n1=1270
  pooled_calib:  n0=1000 n1=1000
  pooled_eval:   n0=1270 n1=1270
  regions (for macro stats only): 1103
[INFO] Cosine baseline routed to direct Hadamard sum (PrecomputedCosine)
[INFO] WeightedEnsemble Cosine judge routed to direct Hadamard sum
  [Ensemble] Judges routed to 'alt' input: PrecomputedCosine
[WeightedEnsemble] Fitted weights (alpha=0.0500, external calib):
  tau=0.9446, Pooled external calib: TPR=0.5300, FPR=0.0500
  PrecomputedCosine   : +0.2832
  PCAWhitenedCosine   : +0.0456
  XGBoost             : +0.2004
  Tiny MLP            : +0.4151
  LDA                 : +0.0558

Method                   | TPR    | FPR    | TrTPR  | TrFPR  | MacroTPR | MacroFPR | Regions | TauMean | ms    | OK? 
---------------------------------------------------------------------------------------------------------------------
Cosine                   | 0.4331 | 0.0551 | 0.4280 | 0.0500 | 0.4006   | 0.0707   | 859     | 0.9657  | 85.9  | FAIL
AndBox-HC                | 0.3457 | 0.0512 | 0.3470 | 0.0500 | 0.3306   | 0.0660   | 859     | 0.0000  | 43.3  | FAIL
PCAWhitenedCosine        | 0.5016 | 0.0417 | 0.5140 | 0.0500 | 0.4083   | 0.0631   | 859     | 0.9251  | 60.3  | PASS
Vec (Wgt)                | 0.4764 | 0.0559 | 0.4600 | 0.0500 | 0.4247   | 0.0745   | 859     | 0.9441  | 60.4  | FAIL
Log Reg                  | 0.2409 | 0.0409 | 0.2360 | 0.0500 | 0.2012   | 0.0543   | 859     | 0.5119  | 72.9  | PASS
LDA                      | 0.5016 | 0.0394 | 0.4910 | 0.0500 | 0.4195   | 0.0586   | 859     | 3.7696  | 65.5  | PASS
Tiny MLP                 | 0.5071 | 0.0457 | 0.4940 | 0.0500 | 0.4300   | 0.0733   | 859     | 0.8622  | 254.1 | PASS
MultiProtoCosine         | 0.1087 | 0.0472 | 0.0930 | 0.0500 | 0.0787   | 0.0459   | 859     | 0.9229  | 79.5  | PASS
WeightedEnsemble         | 0.5299 | 0.0457 | 0.5300 | 0.0500 | 0.4496   | 0.0693   | 859     | 0.9446  | 304.4 | PASS
XGBoost                  | 0.4764 | 0.0559 | 0.4590 | 0.0500 | 0.4230   | 0.0710   | 859     | 0.6983  | 78.5  | FAIL
LDA1+LogReg              | 0.2409 | 0.0409 | 0.2360 | 0.0500 | 0.2012   | 0.0543   | 859     | 0.5119  | 68.9  | PASS
PCA16+LogReg             | 0.2488 | 0.0449 | 0.2440 | 0.0500 | 0.2063   | 0.0560   | 859     | 0.5115  | 71.4  | PASS
PCA32+LogReg             | 0.2630 | 0.0480 | 0.2550 | 0.0500 | 0.2180   | 0.0616   | 859     | 0.5110  | 73.2  | PASS
PCA16+VecWeighted        | 0.0929 | 0.0425 | 0.0970 | 0.0500 | 0.1006   | 0.0510   | 859     | 0.0275  | 68.4  | PASS
PCA32+VecWeighted        | 0.1354 | 0.0583 | 0.1340 | 0.0500 | 0.1230   | 0.0539   | 859     | 0.0297  | 70.0  | FAIL
StabilizedWhitenedCosine | 0.4929 | 0.0441 | 0.5120 | 0.0500 | 0.4075   | 0.0670   | 859     | 0.8857  | 69.1  | PASS

[trial=10 seed=53] GLOBAL mode — total_samples=200000
  total: h0=82063 h1=15019
  pooled_train:  n0=1270 n1=1270
  pooled_calib:  n0=1000 n1=1000
  pooled_eval:   n0=1270 n1=1270
  regions (for macro stats only): 1103
[INFO] Cosine baseline routed to direct Hadamard sum (PrecomputedCosine)
[INFO] WeightedEnsemble Cosine judge routed to direct Hadamard sum
  [Ensemble] Judges routed to 'alt' input: PrecomputedCosine
[WeightedEnsemble] Fitted weights (alpha=0.0500, external calib):
  tau=0.9105, Pooled external calib: TPR=0.6040, FPR=0.0500
  PrecomputedCosine   : +0.5316
  PCAWhitenedCosine   : +0.2031
  XGBoost             : +0.0553
  Tiny MLP            : +0.1785
  LDA                 : +0.0315

Method                   | TPR    | FPR    | TrTPR  | TrFPR  | MacroTPR | MacroFPR | Regions | TauMean | ms    | OK? 
---------------------------------------------------------------------------------------------------------------------
Cosine                   | 0.4346 | 0.0465 | 0.4580 | 0.0500 | 0.3930   | 0.0728   | 873     | 0.9701  | 76.6  | PASS
AndBox-HC                | 0.3102 | 0.0394 | 0.3280 | 0.0500 | 0.2926   | 0.0532   | 873     | 0.0000  | 46.7  | PASS
PCAWhitenedCosine        | 0.5244 | 0.0567 | 0.5390 | 0.0500 | 0.4146   | 0.0824   | 873     | 0.9494  | 58.6  | FAIL
Vec (Wgt)                | 0.4913 | 0.0496 | 0.5060 | 0.0500 | 0.4382   | 0.0749   | 873     | 0.9511  | 58.9  | PASS
Log Reg                  | 0.2480 | 0.0583 | 0.2320 | 0.0500 | 0.2119   | 0.0732   | 873     | 0.5124  | 71.1  | FAIL
LDA                      | 0.5598 | 0.0638 | 0.5800 | 0.0500 | 0.4554   | 0.0922   | 873     | 3.1000  | 63.9  | FAIL
Tiny MLP                 | 0.4969 | 0.0575 | 0.5450 | 0.0500 | 0.4068   | 0.0813   | 873     | 0.9014  | 250.5 | FAIL
MultiProtoCosine         | 0.1047 | 0.0520 | 0.0870 | 0.0500 | 0.0850   | 0.0618   | 873     | 0.9248  | 78.2  | FAIL
WeightedEnsemble         | 0.5787 | 0.0614 | 0.6040 | 0.0500 | 0.4735   | 0.0917   | 873     | 0.9105  | 299.2 | FAIL
XGBoost                  | 0.4591 | 0.0465 | 0.4780 | 0.0500 | 0.3998   | 0.0704   | 873     | 0.7332  | 76.7  | PASS
LDA1+LogReg              | 0.2488 | 0.0583 | 0.2320 | 0.0500 | 0.2129   | 0.0732   | 873     | 0.5123  | 67.5  | FAIL
PCA16+LogReg             | 0.2488 | 0.0583 | 0.2330 | 0.0500 | 0.2096   | 0.0742   | 873     | 0.5120  | 70.9  | FAIL
PCA32+LogReg             | 0.2559 | 0.0598 | 0.2360 | 0.0500 | 0.2163   | 0.0761   | 873     | 0.5118  | 72.3  | FAIL
PCA16+VecWeighted        | 0.0315 | 0.0441 | 0.0260 | 0.0500 | 0.0479   | 0.0399   | 873     | 0.0317  | 68.2  | PASS
PCA32+VecWeighted        | 0.0323 | 0.0315 | 0.0260 | 0.0500 | 0.0471   | 0.0225   | 873     | 0.0415  | 70.2  | PASS
StabilizedWhitenedCosine | 0.5252 | 0.0528 | 0.5490 | 0.0500 | 0.4431   | 0.0844   | 873     | 0.9128  | 66.0  | FAIL

[trial=11 seed=54] GLOBAL mode — total_samples=200000
  total: h0=82063 h1=15019
  pooled_train:  n0=1270 n1=1270
  pooled_calib:  n0=1000 n1=1000
  pooled_eval:   n0=1270 n1=1270
  regions (for macro stats only): 1103
[INFO] Cosine baseline routed to direct Hadamard sum (PrecomputedCosine)
[INFO] WeightedEnsemble Cosine judge routed to direct Hadamard sum
  [Ensemble] Judges routed to 'alt' input: PrecomputedCosine
[WeightedEnsemble] Fitted weights (alpha=0.0500, external calib):
  tau=0.9327, Pooled external calib: TPR=0.5610, FPR=0.0500
  PrecomputedCosine   : +0.5316
  PCAWhitenedCosine   : +0.2031
  XGBoost             : +0.0553
  Tiny MLP            : +0.1785
  LDA                 : +0.0315

Method                   | TPR    | FPR    | TrTPR  | TrFPR  | MacroTPR | MacroFPR | Regions | TauMean | ms    | OK? 
---------------------------------------------------------------------------------------------------------------------
Cosine                   | 0.5079 | 0.0646 | 0.4770 | 0.0500 | 0.4629   | 0.0947   | 845     | 0.9453  | 74.5  | FAIL
AndBox-HC                | 0.4756 | 0.0606 | 0.4350 | 0.0500 | 0.4288   | 0.0814   | 845     | 0.0000  | 47.1  | FAIL
PCAWhitenedCosine        | 0.5449 | 0.0496 | 0.5300 | 0.0500 | 0.4372   | 0.0707   | 845     | 0.8867  | 58.0  | PASS
Vec (Wgt)                | 0.5291 | 0.0614 | 0.5040 | 0.0500 | 0.4736   | 0.0911   | 845     | 0.9337  | 57.5  | FAIL
Log Reg                  | 0.2614 | 0.0441 | 0.2200 | 0.0500 | 0.2238   | 0.0581   | 845     | 0.5110  | 69.2  | PASS
LDA                      | 0.5102 | 0.0512 | 0.4850 | 0.0500 | 0.3981   | 0.0732   | 845     | 4.0259  | 62.8  | FAIL
Tiny MLP                 | 0.5346 | 0.0559 | 0.5120 | 0.0500 | 0.4062   | 0.0788   | 845     | 0.8845  | 147.4 | FAIL
MultiProtoCosine         | 0.1016 | 0.0504 | 0.0830 | 0.0500 | 0.0883   | 0.0600   | 845     | 0.9222  | 76.5  | FAIL
WeightedEnsemble         | 0.5732 | 0.0551 | 0.5610 | 0.0500 | 0.4676   | 0.0799   | 845     | 0.9327  | 194.5 | FAIL
XGBoost                  | 0.5331 | 0.0583 | 0.5010 | 0.0500 | 0.4603   | 0.0832   | 845     | 0.6894  | 76.5  | FAIL
LDA1+LogReg              | 0.2606 | 0.0433 | 0.2200 | 0.0500 | 0.2235   | 0.0572   | 845     | 0.5111  | 64.8  | PASS
PCA16+LogReg             | 0.2512 | 0.0370 | 0.2200 | 0.0500 | 0.2168   | 0.0486   | 845     | 0.5109  | 67.1  | PASS
PCA32+LogReg             | 0.2575 | 0.0394 | 0.2220 | 0.0500 | 0.2192   | 0.0520   | 845     | 0.5108  | 69.3  | PASS
PCA16+VecWeighted        | 0.1071 | 0.0433 | 0.1230 | 0.0500 | 0.0978   | 0.0437   | 845     | 0.0304  | 65.3  | PASS
PCA32+VecWeighted        | 0.0764 | 0.0449 | 0.0910 | 0.0500 | 0.0696   | 0.0419   | 845     | 0.0389  | 68.1  | PASS
StabilizedWhitenedCosine | 0.5449 | 0.0496 | 0.5500 | 0.0500 | 0.4478   | 0.0729   | 845     | 0.9045  | 66.5  | PASS

[trial=12 seed=55] GLOBAL mode — total_samples=200000
  total: h0=82063 h1=15019
  pooled_train:  n0=1270 n1=1270
  pooled_calib:  n0=1000 n1=1000
  pooled_eval:   n0=1270 n1=1270
  regions (for macro stats only): 1103
[INFO] Cosine baseline routed to direct Hadamard sum (PrecomputedCosine)
[INFO] WeightedEnsemble Cosine judge routed to direct Hadamard sum
  [Ensemble] Judges routed to 'alt' input: PrecomputedCosine
[WeightedEnsemble] Fitted weights (alpha=0.0500, external calib):
  tau=0.8807, Pooled external calib: TPR=0.5680, FPR=0.0500
  PrecomputedCosine   : +0.4364
  PCAWhitenedCosine   : +0.0571
  XGBoost             : +0.1048
  Tiny MLP            : +0.3819
  LDA                 : +0.0199

Method                   | TPR    | FPR    | TrTPR  | TrFPR  | MacroTPR | MacroFPR | Regions | TauMean | ms    | OK? 
---------------------------------------------------------------------------------------------------------------------
Cosine                   | 0.5047 | 0.0496 | 0.4830 | 0.0500 | 0.4520   | 0.0723   | 854     | 0.9516  | 77.4  | PASS
AndBox-HC                | 0.4677 | 0.0504 | 0.4550 | 0.0500 | 0.4416   | 0.0762   | 854     | -0.0000 | 47.3  | FAIL
PCAWhitenedCosine        | 0.5433 | 0.0433 | 0.5330 | 0.0500 | 0.4400   | 0.0636   | 854     | 0.9696  | 58.7  | PASS
Vec (Wgt)                | 0.5252 | 0.0449 | 0.5010 | 0.0500 | 0.4694   | 0.0685   | 854     | 0.9449  | 58.9  | PASS
Log Reg                  | 0.2031 | 0.0362 | 0.2130 | 0.0500 | 0.1794   | 0.0520   | 854     | 0.5117  | 75.2  | PASS
LDA                      | 0.5228 | 0.0346 | 0.5150 | 0.0500 | 0.4207   | 0.0512   | 854     | 3.6522  | 64.9  | PASS
Tiny MLP                 | 0.5197 | 0.0417 | 0.5100 | 0.0500 | 0.4274   | 0.0631   | 854     | 0.8939  | 252.8 | PASS
MultiProtoCosine         | 0.0677 | 0.0472 | 0.0720 | 0.0500 | 0.0586   | 0.0641   | 854     | 0.9249  | 78.5  | PASS
WeightedEnsemble         | 0.5835 | 0.0417 | 0.5680 | 0.0500 | 0.4874   | 0.0607   | 854     | 0.8807  | 303.0 | PASS
XGBoost                  | 0.5693 | 0.0567 | 0.5430 | 0.0500 | 0.4902   | 0.0824   | 854     | 0.6689  | 78.2  | FAIL
LDA1+LogReg              | 0.2031 | 0.0362 | 0.2130 | 0.0500 | 0.1794   | 0.0520   | 854     | 0.5117  | 68.5  | PASS
PCA16+LogReg             | 0.2150 | 0.0378 | 0.2170 | 0.0500 | 0.1799   | 0.0540   | 854     | 0.5112  | 72.9  | PASS
PCA32+LogReg             | 0.2181 | 0.0362 | 0.2290 | 0.0500 | 0.1928   | 0.0531   | 854     | 0.5110  | 73.0  | PASS
PCA16+VecWeighted        | 0.1047 | 0.0528 | 0.1090 | 0.0500 | 0.0830   | 0.0560   | 854     | 0.0264  | 68.8  | FAIL
PCA32+VecWeighted        | 0.1252 | 0.0449 | 0.1240 | 0.0500 | 0.1009   | 0.0513   | 854     | 0.0325  | 69.6  | PASS
StabilizedWhitenedCosine | 0.5496 | 0.0457 | 0.5280 | 0.0500 | 0.4520   | 0.0655   | 854     | 0.9460  | 66.1  | PASS

[trial=13 seed=56] GLOBAL mode — total_samples=200000
  total: h0=82063 h1=15019
  pooled_train:  n0=1270 n1=1270
  pooled_calib:  n0=1000 n1=1000
  pooled_eval:   n0=1270 n1=1270
  regions (for macro stats only): 1103
[INFO] Cosine baseline routed to direct Hadamard sum (PrecomputedCosine)
[INFO] WeightedEnsemble Cosine judge routed to direct Hadamard sum
  [Ensemble] Judges routed to 'alt' input: PrecomputedCosine
[WeightedEnsemble] Fitted weights (alpha=0.0500, external calib):
  tau=0.9484, Pooled external calib: TPR=0.5980, FPR=0.0500
  PrecomputedCosine   : +0.1298
  PCAWhitenedCosine   : +0.1391
  XGBoost             : +0.2872
  Tiny MLP            : +0.3596
  LDA                 : +0.0844

Method                   | TPR    | FPR    | TrTPR  | TrFPR  | MacroTPR | MacroFPR | Regions | TauMean | ms    | OK? 
---------------------------------------------------------------------------------------------------------------------
Cosine                   | 0.4496 | 0.0520 | 0.4590 | 0.0500 | 0.4245   | 0.0789   | 863     | 0.9595  | 76.6  | FAIL
AndBox-HC                | 0.3937 | 0.0559 | 0.4140 | 0.0500 | 0.3832   | 0.0851   | 863     | 0.0000  | 46.8  | FAIL
PCAWhitenedCosine        | 0.5260 | 0.0591 | 0.5310 | 0.0500 | 0.4376   | 0.0809   | 863     | 0.9158  | 58.2  | FAIL
Vec (Wgt)                | 0.4874 | 0.0520 | 0.5070 | 0.0500 | 0.4549   | 0.0803   | 863     | 0.9436  | 58.4  | FAIL
Log Reg                  | 0.2346 | 0.0528 | 0.2670 | 0.0500 | 0.2118   | 0.0788   | 863     | 0.5101  | 70.9  | FAIL
LDA                      | 0.4898 | 0.0535 | 0.5000 | 0.0500 | 0.4097   | 0.0762   | 863     | 3.9226  | 64.1  | FAIL
Tiny MLP                 | 0.5433 | 0.0591 | 0.5640 | 0.0500 | 0.4568   | 0.0860   | 863     | 0.8224  | 222.3 | FAIL
MultiProtoCosine         | 0.0764 | 0.0543 | 0.0770 | 0.0500 | 0.0628   | 0.0567   | 863     | 0.9235  | 76.7  | FAIL
WeightedEnsemble         | 0.5787 | 0.0638 | 0.5980 | 0.0500 | 0.4923   | 0.0875   | 863     | 0.9484  | 269.6 | FAIL
XGBoost                  | 0.5213 | 0.0669 | 0.5170 | 0.0500 | 0.4783   | 0.0968   | 863     | 0.6768  | 75.5  | FAIL
LDA1+LogReg              | 0.2346 | 0.0520 | 0.2670 | 0.0500 | 0.2118   | 0.0784   | 863     | 0.5102  | 65.3  | FAIL
PCA16+LogReg             | 0.2465 | 0.0488 | 0.2790 | 0.0500 | 0.2189   | 0.0733   | 863     | 0.5099  | 68.3  | PASS
PCA32+LogReg             | 0.2488 | 0.0520 | 0.2790 | 0.0500 | 0.2247   | 0.0784   | 863     | 0.5097  | 70.7  | FAIL
PCA16+VecWeighted        | 0.0394 | 0.0488 | 0.0570 | 0.0500 | 0.0350   | 0.0236   | 863     | 0.0380  | 67.4  | PASS
PCA32+VecWeighted        | 0.0598 | 0.0488 | 0.0730 | 0.0500 | 0.0366   | 0.0182   | 863     | 0.0438  | 68.3  | PASS
StabilizedWhitenedCosine | 0.5614 | 0.0709 | 0.5710 | 0.0500 | 0.4780   | 0.0984   | 863     | 0.7823  | 65.5  | FAIL

[trial=14 seed=57] GLOBAL mode — total_samples=200000
  total: h0=82063 h1=15019
  pooled_train:  n0=1270 n1=1270
  pooled_calib:  n0=1000 n1=1000
  pooled_eval:   n0=1270 n1=1270
  regions (for macro stats only): 1103
[INFO] Cosine baseline routed to direct Hadamard sum (PrecomputedCosine)
[INFO] WeightedEnsemble Cosine judge routed to direct Hadamard sum
  [Ensemble] Judges routed to 'alt' input: PrecomputedCosine
[WeightedEnsemble] Fitted weights (alpha=0.0500, external calib):
  tau=0.9382, Pooled external calib: TPR=0.6100, FPR=0.0500
  PrecomputedCosine   : +0.0588
  PCAWhitenedCosine   : +0.4134
  XGBoost             : +0.3025
  Tiny MLP            : +0.0887
  LDA                 : +0.1365

Method                   | TPR    | FPR    | TrTPR  | TrFPR  | MacroTPR | MacroFPR | Regions | TauMean | ms    | OK? 
---------------------------------------------------------------------------------------------------------------------
Cosine                   | 0.4654 | 0.0433 | 0.4430 | 0.0500 | 0.4219   | 0.0656   | 852     | 0.9638  | 68.0  | PASS
AndBox-HC                | 0.4402 | 0.0535 | 0.4220 | 0.0500 | 0.3925   | 0.0784   | 852     | 0.0000  | 51.9  | FAIL
PCAWhitenedCosine        | 0.5795 | 0.0559 | 0.5510 | 0.0500 | 0.4704   | 0.0843   | 852     | 0.8358  | 57.5  | FAIL
Vec (Wgt)                | 0.5055 | 0.0441 | 0.4930 | 0.0500 | 0.4503   | 0.0723   | 852     | 0.9484  | 58.1  | PASS
Log Reg                  | 0.2228 | 0.0402 | 0.2310 | 0.0500 | 0.1951   | 0.0485   | 852     | 0.5116  | 68.6  | PASS
LDA                      | 0.5449 | 0.0559 | 0.5050 | 0.0500 | 0.4322   | 0.0857   | 852     | 3.5679  | 62.8  | FAIL
Tiny MLP                 | 0.5409 | 0.0528 | 0.5060 | 0.0500 | 0.4366   | 0.0799   | 852     | 0.8982  | 273.3 | FAIL
MultiProtoCosine         | 0.1008 | 0.0520 | 0.0870 | 0.0500 | 0.0749   | 0.0510   | 852     | 0.9231  | 76.6  | FAIL
WeightedEnsemble         | 0.6433 | 0.0685 | 0.6100 | 0.0500 | 0.5421   | 0.1007   | 852     | 0.9382  | 320.5 | FAIL
XGBoost                  | 0.4874 | 0.0488 | 0.4780 | 0.0500 | 0.4174   | 0.0775   | 852     | 0.7082  | 76.8  | PASS
LDA1+LogReg              | 0.2236 | 0.0394 | 0.2300 | 0.0500 | 0.1956   | 0.0480   | 852     | 0.5117  | 65.6  | PASS
PCA16+LogReg             | 0.2291 | 0.0425 | 0.2300 | 0.0500 | 0.1990   | 0.0505   | 852     | 0.5113  | 69.8  | PASS
PCA32+LogReg             | 0.2268 | 0.0386 | 0.2290 | 0.0500 | 0.1977   | 0.0467   | 852     | 0.5114  | 71.1  | PASS
PCA16+VecWeighted        | 0.1000 | 0.0551 | 0.1010 | 0.0490 | 0.1035   | 0.0585   | 852     | 0.0300  | 66.3  | FAIL
PCA32+VecWeighted        | 0.1087 | 0.0677 | 0.1020 | 0.0500 | 0.1099   | 0.0624   | 852     | 0.0328  | 67.2  | FAIL
StabilizedWhitenedCosine | 0.5598 | 0.0575 | 0.5490 | 0.0500 | 0.4655   | 0.0856   | 852     | 0.8646  | 64.1  | FAIL

[trial=15 seed=58] GLOBAL mode — total_samples=200000
  total: h0=82063 h1=15019
  pooled_train:  n0=1270 n1=1270
  pooled_calib:  n0=1000 n1=1000
  pooled_eval:   n0=1270 n1=1270
  regions (for macro stats only): 1103
[INFO] Cosine baseline routed to direct Hadamard sum (PrecomputedCosine)
[INFO] WeightedEnsemble Cosine judge routed to direct Hadamard sum
  [Ensemble] Judges routed to 'alt' input: PrecomputedCosine
[WeightedEnsemble] Fitted weights (alpha=0.0500, external calib):
  tau=0.9330, Pooled external calib: TPR=0.5490, FPR=0.0500
  PrecomputedCosine   : +0.1924
  PCAWhitenedCosine   : +0.3042
  XGBoost             : +0.0704
  Tiny MLP            : +0.4126
  LDA                 : +0.0204

Method                   | TPR    | FPR    | TrTPR  | TrFPR  | MacroTPR | MacroFPR | Regions | TauMean | ms    | OK? 
---------------------------------------------------------------------------------------------------------------------
Cosine                   | 0.4717 | 0.0449 | 0.4590 | 0.0500 | 0.4271   | 0.0681   | 859     | 0.9599  | 87.0  | PASS
AndBox-HC                | 0.4094 | 0.0409 | 0.3740 | 0.0500 | 0.3531   | 0.0579   | 859     | 0.0000  | 41.8  | PASS
PCAWhitenedCosine        | 0.5346 | 0.0457 | 0.5180 | 0.0490 | 0.4086   | 0.0677   | 859     | 0.9813  | 59.8  | PASS
Vec (Wgt)                | 0.5142 | 0.0488 | 0.4870 | 0.0500 | 0.4567   | 0.0740   | 859     | 0.9501  | 59.7  | PASS
Log Reg                  | 0.2748 | 0.0480 | 0.2630 | 0.0500 | 0.2105   | 0.0703   | 859     | 0.5099  | 73.6  | PASS
LDA                      | 0.4661 | 0.0307 | 0.4490 | 0.0500 | 0.3610   | 0.0466   | 859     | 3.9920  | 66.1  | PASS
Tiny MLP                 | 0.5323 | 0.0378 | 0.5080 | 0.0500 | 0.4199   | 0.0592   | 859     | 0.8720  | 228.7 | PASS
MultiProtoCosine         | 0.0835 | 0.0362 | 0.0790 | 0.0500 | 0.0669   | 0.0414   | 859     | 0.9246  | 78.9  | PASS
WeightedEnsemble         | 0.5551 | 0.0433 | 0.5490 | 0.0500 | 0.4344   | 0.0664   | 859     | 0.9330  | 277.7 | PASS
XGBoost                  | 0.5220 | 0.0488 | 0.4960 | 0.0500 | 0.4425   | 0.0764   | 859     | 0.6994  | 78.8  | PASS
LDA1+LogReg              | 0.2780 | 0.0480 | 0.2670 | 0.0500 | 0.2146   | 0.0703   | 859     | 0.5099  | 67.3  | PASS
PCA16+LogReg             | 0.2709 | 0.0457 | 0.2650 | 0.0500 | 0.2156   | 0.0659   | 859     | 0.5098  | 70.5  | PASS
PCA32+LogReg             | 0.2819 | 0.0488 | 0.2780 | 0.0500 | 0.2204   | 0.0714   | 859     | 0.5094  | 73.6  | PASS
PCA16+VecWeighted        | 0.0898 | 0.0323 | 0.0850 | 0.0500 | 0.0677   | 0.0387   | 859     | 0.0305  | 68.1  | PASS
PCA32+VecWeighted        | 0.0898 | 0.0370 | 0.0890 | 0.0500 | 0.0749   | 0.0481   | 859     | 0.0328  | 69.8  | PASS
StabilizedWhitenedCosine | 0.5827 | 0.0528 | 0.5720 | 0.0500 | 0.4782   | 0.0780   | 859     | 0.8128  | 66.7  | FAIL

[trial=16 seed=59] GLOBAL mode — total_samples=200000
  total: h0=82063 h1=15019
  pooled_train:  n0=1270 n1=1270
  pooled_calib:  n0=1000 n1=1000
  pooled_eval:   n0=1270 n1=1270
  regions (for macro stats only): 1103
[INFO] Cosine baseline routed to direct Hadamard sum (PrecomputedCosine)
[INFO] WeightedEnsemble Cosine judge routed to direct Hadamard sum
  [Ensemble] Judges routed to 'alt' input: PrecomputedCosine
[WeightedEnsemble] Fitted weights (alpha=0.0500, external calib):
  tau=1.0746, Pooled external calib: TPR=0.5240, FPR=0.0500
  PrecomputedCosine   : +0.0652
  PCAWhitenedCosine   : +0.4878
  XGBoost             : +0.2661
  Tiny MLP            : +0.0535
  LDA                 : +0.1273

Method                   | TPR    | FPR    | TrTPR  | TrFPR  | MacroTPR | MacroFPR | Regions | TauMean | ms    | OK? 
---------------------------------------------------------------------------------------------------------------------
Cosine                   | 0.4402 | 0.0496 | 0.4570 | 0.0500 | 0.3998   | 0.0806   | 870     | 0.9613  | 74.9  | PASS
AndBox-HC                | 0.3638 | 0.0433 | 0.3860 | 0.0490 | 0.3354   | 0.0665   | 870     | 0.0000  | 46.7  | PASS
PCAWhitenedCosine        | 0.5236 | 0.0441 | 0.5110 | 0.0500 | 0.4440   | 0.0679   | 870     | 0.8783  | 58.2  | PASS
Vec (Wgt)                | 0.4543 | 0.0457 | 0.4690 | 0.0500 | 0.4037   | 0.0721   | 870     | 0.9568  | 59.4  | PASS
Log Reg                  | 0.2094 | 0.0386 | 0.2220 | 0.0500 | 0.1753   | 0.0615   | 870     | 0.5114  | 72.9  | PASS
LDA                      | 0.4866 | 0.0488 | 0.4660 | 0.0500 | 0.4032   | 0.0736   | 870     | 3.6609  | 64.3  | PASS
Tiny MLP                 | 0.4984 | 0.0449 | 0.4680 | 0.0500 | 0.4175   | 0.0675   | 870     | 0.9004  | 223.0 | PASS
MultiProtoCosine         | 0.0906 | 0.0496 | 0.1120 | 0.0500 | 0.0732   | 0.0515   | 870     | 0.9216  | 76.9  | PASS
WeightedEnsemble         | 0.5457 | 0.0465 | 0.5240 | 0.0500 | 0.4634   | 0.0707   | 870     | 1.0746  | 269.1 | PASS
XGBoost                  | 0.4488 | 0.0354 | 0.4420 | 0.0480 | 0.3814   | 0.0595   | 870     | 0.7256  | 76.5  | PASS
LDA1+LogReg              | 0.2094 | 0.0386 | 0.2220 | 0.0500 | 0.1753   | 0.0615   | 870     | 0.5114  | 66.2  | PASS
PCA16+LogReg             | 0.2181 | 0.0394 | 0.2340 | 0.0500 | 0.1766   | 0.0619   | 870     | 0.5109  | 69.2  | PASS
PCA32+LogReg             | 0.2110 | 0.0378 | 0.2340 | 0.0500 | 0.1781   | 0.0598   | 870     | 0.5109  | 72.7  | PASS
PCA16+VecWeighted        | 0.0276 | 0.0496 | 0.0400 | 0.0500 | 0.0332   | 0.0257   | 870     | 0.0344  | 68.3  | PASS
PCA32+VecWeighted        | 0.0213 | 0.0433 | 0.0310 | 0.0500 | 0.0214   | 0.0275   | 870     | 0.0427  | 68.9  | PASS
StabilizedWhitenedCosine | 0.5079 | 0.0425 | 0.5040 | 0.0500 | 0.4235   | 0.0677   | 870     | 0.9194  | 66.1  | PASS

[trial=17 seed=60] GLOBAL mode — total_samples=200000
  total: h0=82063 h1=15019
  pooled_train:  n0=1270 n1=1270
  pooled_calib:  n0=1000 n1=1000
  pooled_eval:   n0=1270 n1=1270
  regions (for macro stats only): 1103
[INFO] Cosine baseline routed to direct Hadamard sum (PrecomputedCosine)
[INFO] WeightedEnsemble Cosine judge routed to direct Hadamard sum
  [Ensemble] Judges routed to 'alt' input: PrecomputedCosine
[WeightedEnsemble] Fitted weights (alpha=0.0500, external calib):
  tau=0.8854, Pooled external calib: TPR=0.5540, FPR=0.0500
  PrecomputedCosine   : +0.4364
  PCAWhitenedCosine   : +0.0571
  XGBoost             : +0.1048
  Tiny MLP            : +0.3819
  LDA                 : +0.0199

Method                   | TPR    | FPR    | TrTPR  | TrFPR  | MacroTPR | MacroFPR | Regions | TauMean | ms    | OK? 
---------------------------------------------------------------------------------------------------------------------
Cosine                   | 0.4339 | 0.0441 | 0.4360 | 0.0500 | 0.4186   | 0.0677   | 844     | 0.9689  | 58.6  | PASS
AndBox-HC                | 0.3890 | 0.0378 | 0.4050 | 0.0500 | 0.3646   | 0.0518   | 844     | 0.0000  | 54.7  | PASS
PCAWhitenedCosine        | 0.5000 | 0.0346 | 0.4720 | 0.0500 | 0.4222   | 0.0551   | 844     | 0.9603  | 54.9  | PASS
Vec (Wgt)                | 0.4858 | 0.0409 | 0.4810 | 0.0500 | 0.4490   | 0.0678   | 844     | 0.9551  | 55.6  | PASS
Log Reg                  | 0.2701 | 0.0528 | 0.2540 | 0.0500 | 0.2457   | 0.0780   | 844     | 0.5100  | 65.6  | FAIL
LDA                      | 0.5425 | 0.0409 | 0.5110 | 0.0500 | 0.4456   | 0.0636   | 844     | 3.2079  | 60.8  | PASS
Tiny MLP                 | 0.5488 | 0.0402 | 0.5250 | 0.0500 | 0.4522   | 0.0636   | 844     | 0.8555  | 217.4 | PASS
MultiProtoCosine         | 0.1142 | 0.0417 | 0.1060 | 0.0500 | 0.0798   | 0.0475   | 844     | 0.9221  | 74.9  | PASS
WeightedEnsemble         | 0.5780 | 0.0378 | 0.5540 | 0.0500 | 0.4926   | 0.0609   | 844     | 0.8854  | 261.4 | PASS
XGBoost                  | 0.4677 | 0.0433 | 0.4540 | 0.0500 | 0.4214   | 0.0654   | 844     | 0.7168  | 76.0  | PASS
LDA1+LogReg              | 0.2717 | 0.0520 | 0.2540 | 0.0500 | 0.2469   | 0.0762   | 844     | 0.5100  | 63.7  | FAIL
PCA16+LogReg             | 0.2654 | 0.0480 | 0.2550 | 0.0500 | 0.2449   | 0.0738   | 844     | 0.5097  | 66.9  | PASS
PCA32+LogReg             | 0.2803 | 0.0528 | 0.2680 | 0.0500 | 0.2549   | 0.0786   | 844     | 0.5094  | 71.7  | FAIL
PCA16+VecWeighted        | 0.0929 | 0.0575 | 0.0970 | 0.0500 | 0.0892   | 0.0626   | 844     | 0.0297  | 66.6  | FAIL
PCA32+VecWeighted        | 0.1283 | 0.0583 | 0.1350 | 0.0500 | 0.1110   | 0.0681   | 844     | 0.0327  | 69.6  | FAIL
StabilizedWhitenedCosine | 0.5024 | 0.0386 | 0.4710 | 0.0500 | 0.4240   | 0.0638   | 844     | 0.9330  | 64.2  | PASS

[trial=18 seed=61] GLOBAL mode — total_samples=200000
  total: h0=82063 h1=15019
  pooled_train:  n0=1270 n1=1270
  pooled_calib:  n0=1000 n1=1000
  pooled_eval:   n0=1270 n1=1270
  regions (for macro stats only): 1103
[INFO] Cosine baseline routed to direct Hadamard sum (PrecomputedCosine)
[INFO] WeightedEnsemble Cosine judge routed to direct Hadamard sum
  [Ensemble] Judges routed to 'alt' input: PrecomputedCosine
[WeightedEnsemble] Fitted weights (alpha=0.0500, external calib):
  tau=0.8018, Pooled external calib: TPR=0.6090, FPR=0.0500
  PrecomputedCosine   : +0.1195
  PCAWhitenedCosine   : +0.3770
  XGBoost             : +0.2691
  Tiny MLP            : +0.2045
  LDA                 : +0.0298

Method                   | TPR    | FPR    | TrTPR  | TrFPR  | MacroTPR | MacroFPR | Regions | TauMean | ms    | OK? 
---------------------------------------------------------------------------------------------------------------------
Cosine                   | 0.4630 | 0.0480 | 0.4530 | 0.0500 | 0.4181   | 0.0725   | 868     | 0.9613  | 77.3  | PASS
AndBox-HC                | 0.4252 | 0.0520 | 0.4350 | 0.0500 | 0.3753   | 0.0758   | 868     | 0.0000  | 46.1  | FAIL
PCAWhitenedCosine        | 0.5850 | 0.0591 | 0.5750 | 0.0500 | 0.4831   | 0.0978   | 868     | 0.7981  | 58.3  | FAIL
Vec (Wgt)                | 0.5071 | 0.0551 | 0.5090 | 0.0500 | 0.4528   | 0.0849   | 868     | 0.9336  | 58.7  | FAIL
Log Reg                  | 0.2969 | 0.0614 | 0.2950 | 0.0500 | 0.2602   | 0.0819   | 868     | 0.5093  | 73.0  | FAIL
LDA                      | 0.5331 | 0.0465 | 0.5390 | 0.0500 | 0.4215   | 0.0726   | 868     | 3.7262  | 64.3  | PASS
Tiny MLP                 | 0.5512 | 0.0543 | 0.5410 | 0.0500 | 0.4531   | 0.0846   | 868     | 0.8612  | 228.0 | FAIL
MultiProtoCosine         | 0.0929 | 0.0441 | 0.0890 | 0.0500 | 0.0709   | 0.0544   | 868     | 0.9209  | 77.3  | PASS
WeightedEnsemble         | 0.6142 | 0.0646 | 0.6090 | 0.0500 | 0.5120   | 0.1043   | 868     | 0.8018  | 276.6 | FAIL
XGBoost                  | 0.4906 | 0.0472 | 0.4770 | 0.0500 | 0.4214   | 0.0722   | 868     | 0.7078  | 78.0  | PASS
LDA1+LogReg              | 0.2961 | 0.0606 | 0.2950 | 0.0500 | 0.2596   | 0.0802   | 868     | 0.5093  | 67.5  | FAIL
PCA16+LogReg             | 0.2756 | 0.0543 | 0.2790 | 0.0500 | 0.2382   | 0.0700   | 868     | 0.5096  | 72.6  | FAIL
PCA32+LogReg             | 0.2984 | 0.0591 | 0.2950 | 0.0440 | 0.2598   | 0.0790   | 868     | 0.5089  | 73.8  | FAIL
PCA16+VecWeighted        | 0.0638 | 0.0433 | 0.0700 | 0.0500 | 0.0458   | 0.0400   | 868     | 0.0322  | 68.0  | PASS
PCA32+VecWeighted        | 0.0945 | 0.0528 | 0.1020 | 0.0500 | 0.0715   | 0.0586   | 868     | 0.0343  | 70.0  | FAIL
StabilizedWhitenedCosine | 0.5638 | 0.0575 | 0.5440 | 0.0500 | 0.4729   | 0.0893   | 868     | 0.8671  | 67.6  | FAIL

[trial=19 seed=62] GLOBAL mode — total_samples=200000
  total: h0=82063 h1=15019
  pooled_train:  n0=1270 n1=1270
  pooled_calib:  n0=1000 n1=1000
  pooled_eval:   n0=1270 n1=1270
  regions (for macro stats only): 1103
[INFO] Cosine baseline routed to direct Hadamard sum (PrecomputedCosine)
[INFO] WeightedEnsemble Cosine judge routed to direct Hadamard sum
  [Ensemble] Judges routed to 'alt' input: PrecomputedCosine
[WeightedEnsemble] Fitted weights (alpha=0.0500, external calib):
  tau=0.8566, Pooled external calib: TPR=0.5780, FPR=0.0500
  PrecomputedCosine   : +0.3209
  PCAWhitenedCosine   : +0.3118
  XGBoost             : +0.3183
  Tiny MLP            : +0.0373
  LDA                 : +0.0115

Method                   | TPR    | FPR    | TrTPR  | TrFPR  | MacroTPR | MacroFPR | Regions | TauMean | ms    | OK? 
---------------------------------------------------------------------------------------------------------------------
Cosine                   | 0.4850 | 0.0465 | 0.4610 | 0.0500 | 0.4388   | 0.0680   | 861     | 0.9597  | 73.0  | PASS
AndBox-HC                | 0.4654 | 0.0465 | 0.4390 | 0.0500 | 0.4189   | 0.0665   | 861     | 0.0001  | 48.6  | PASS
PCAWhitenedCosine        | 0.5638 | 0.0504 | 0.5500 | 0.0500 | 0.4716   | 0.0812   | 861     | 0.9777  | 58.4  | FAIL
Vec (Wgt)                | 0.5197 | 0.0425 | 0.5040 | 0.0500 | 0.4662   | 0.0687   | 861     | 0.9500  | 58.8  | PASS
Log Reg                  | 0.2528 | 0.0472 | 0.2340 | 0.0500 | 0.2028   | 0.0670   | 861     | 0.5122  | 70.4  | PASS
LDA                      | 0.5583 | 0.0575 | 0.5500 | 0.0500 | 0.4604   | 0.0880   | 861     | 3.6248  | 63.3  | FAIL
Tiny MLP                 | 0.5787 | 0.0567 | 0.5530 | 0.0500 | 0.4859   | 0.0860   | 861     | 0.8774  | 222.4 | FAIL
MultiProtoCosine         | 0.0827 | 0.0504 | 0.0800 | 0.0500 | 0.0590   | 0.0610   | 861     | 0.9264  | 76.7  | FAIL
WeightedEnsemble         | 0.6031 | 0.0520 | 0.5780 | 0.0500 | 0.5101   | 0.0843   | 861     | 0.8566  | 271.0 | FAIL
XGBoost                  | 0.5386 | 0.0512 | 0.5200 | 0.0500 | 0.4685   | 0.0744   | 861     | 0.7070  | 76.4  | FAIL
LDA1+LogReg              | 0.2559 | 0.0472 | 0.2360 | 0.0500 | 0.2051   | 0.0670   | 861     | 0.5121  | 65.9  | PASS
PCA16+LogReg             | 0.2512 | 0.0472 | 0.2330 | 0.0500 | 0.2000   | 0.0653   | 861     | 0.5117  | 70.5  | PASS
PCA32+LogReg             | 0.2646 | 0.0449 | 0.2430 | 0.0500 | 0.2107   | 0.0628   | 861     | 0.5117  | 71.6  | PASS
PCA16+VecWeighted        | 0.0197 | 0.0520 | 0.0250 | 0.0500 | 0.0259   | 0.0270   | 861     | 0.0351  | 67.7  | FAIL
PCA32+VecWeighted        | 0.0252 | 0.0520 | 0.0270 | 0.0500 | 0.0275   | 0.0249   | 861     | 0.0434  | 68.5  | FAIL
StabilizedWhitenedCosine | 0.5638 | 0.0480 | 0.5560 | 0.0500 | 0.4893   | 0.0772   | 861     | 0.9514  | 64.4  | PASS

[trial=20 seed=63] GLOBAL mode — total_samples=200000
  total: h0=82063 h1=15019
  pooled_train:  n0=1270 n1=1270
  pooled_calib:  n0=1000 n1=1000
  pooled_eval:   n0=1270 n1=1270
  regions (for macro stats only): 1103
[INFO] Cosine baseline routed to direct Hadamard sum (PrecomputedCosine)
[INFO] WeightedEnsemble Cosine judge routed to direct Hadamard sum
  [Ensemble] Judges routed to 'alt' input: PrecomputedCosine
[WeightedEnsemble] Fitted weights (alpha=0.0500, external calib):
  tau=0.8260, Pooled external calib: TPR=0.5620, FPR=0.0500
  PrecomputedCosine   : +0.2610
  PCAWhitenedCosine   : +0.2348
  XGBoost             : +0.2127
  Tiny MLP            : +0.2846
  LDA                 : +0.0070

Method                   | TPR    | FPR    | TrTPR  | TrFPR  | MacroTPR | MacroFPR | Regions | TauMean | ms    | OK? 
---------------------------------------------------------------------------------------------------------------------
Cosine                   | 0.4756 | 0.0480 | 0.4840 | 0.0500 | 0.4409   | 0.0772   | 860     | 0.9604  | 101.6 | PASS
AndBox-HC                | 0.4386 | 0.0520 | 0.4480 | 0.0500 | 0.3847   | 0.0821   | 860     | 0.0000  | 35.5  | FAIL
PCAWhitenedCosine        | 0.5496 | 0.0488 | 0.5270 | 0.0500 | 0.4420   | 0.0705   | 860     | 0.8903  | 58.7  | PASS
Vec (Wgt)                | 0.4929 | 0.0472 | 0.5140 | 0.0500 | 0.4385   | 0.0765   | 860     | 0.9509  | 58.6  | PASS
Log Reg                  | 0.2197 | 0.0528 | 0.2050 | 0.0500 | 0.2071   | 0.0668   | 860     | 0.5117  | 72.8  | FAIL
LDA                      | 0.4528 | 0.0370 | 0.4510 | 0.0500 | 0.3693   | 0.0512   | 860     | 4.0453  | 64.6  | PASS
Tiny MLP                 | 0.4835 | 0.0488 | 0.4660 | 0.0500 | 0.3916   | 0.0714   | 860     | 0.9026  | 224.1 | PASS
MultiProtoCosine         | 0.0866 | 0.0701 | 0.0860 | 0.0500 | 0.0758   | 0.0831   | 860     | 0.9231  | 78.5  | FAIL
WeightedEnsemble         | 0.5780 | 0.0480 | 0.5620 | 0.0500 | 0.4796   | 0.0714   | 860     | 0.8260  | 271.1 | PASS
XGBoost                  | 0.5055 | 0.0496 | 0.4980 | 0.0500 | 0.4496   | 0.0770   | 860     | 0.6989  | 76.2  | PASS
LDA1+LogReg              | 0.2213 | 0.0528 | 0.2070 | 0.0500 | 0.2079   | 0.0668   | 860     | 0.5117  | 67.5  | FAIL
PCA16+LogReg             | 0.2323 | 0.0543 | 0.2080 | 0.0500 | 0.2107   | 0.0656   | 860     | 0.5114  | 70.4  | FAIL
PCA32+LogReg             | 0.2370 | 0.0535 | 0.2100 | 0.0500 | 0.2137   | 0.0684   | 860     | 0.5114  | 71.5  | FAIL
PCA16+VecWeighted        | 0.0701 | 0.0622 | 0.0650 | 0.0500 | 0.0572   | 0.0424   | 860     | 0.0302  | 67.0  | FAIL
PCA32+VecWeighted        | 0.0701 | 0.0622 | 0.0560 | 0.0500 | 0.0520   | 0.0282   | 860     | 0.0386  | 68.9  | FAIL
StabilizedWhitenedCosine | 0.5283 | 0.0480 | 0.5070 | 0.0500 | 0.4294   | 0.0688   | 860     | 0.8873  | 65.2  | PASS

[trial=21 seed=64] GLOBAL mode — total_samples=200000
  total: h0=82063 h1=15019
  pooled_train:  n0=1270 n1=1270
  pooled_calib:  n0=1000 n1=1000
  pooled_eval:   n0=1270 n1=1270
  regions (for macro stats only): 1103
[INFO] Cosine baseline routed to direct Hadamard sum (PrecomputedCosine)
[INFO] WeightedEnsemble Cosine judge routed to direct Hadamard sum
  [Ensemble] Judges routed to 'alt' input: PrecomputedCosine
[WeightedEnsemble] Fitted weights (alpha=0.0500, external calib):
  tau=0.9861, Pooled external calib: TPR=0.5970, FPR=0.0500
  PrecomputedCosine   : +0.0595
  PCAWhitenedCosine   : +0.3558
  XGBoost             : +0.1566
  Tiny MLP            : +0.3547
  LDA                 : +0.0734

Method                   | TPR    | FPR    | TrTPR  | TrFPR  | MacroTPR | MacroFPR | Regions | TauMean | ms    | OK? 
---------------------------------------------------------------------------------------------------------------------
Cosine                   | 0.4819 | 0.0504 | 0.4720 | 0.0500 | 0.4487   | 0.0759   | 849     | 0.9526  | 109.1 | FAIL
AndBox-HC                | 0.4220 | 0.0520 | 0.4410 | 0.0500 | 0.3749   | 0.0776   | 849     | 0.0000  | 35.0  | FAIL
PCAWhitenedCosine        | 0.5693 | 0.0559 | 0.5740 | 0.0500 | 0.4539   | 0.0734   | 849     | 0.9180  | 58.6  | FAIL
Vec (Wgt)                | 0.5220 | 0.0488 | 0.5290 | 0.0500 | 0.4769   | 0.0734   | 849     | 0.9394  | 58.8  | PASS
Log Reg                  | 0.2205 | 0.0425 | 0.2280 | 0.0500 | 0.1808   | 0.0596   | 849     | 0.5117  | 74.3  | PASS
LDA                      | 0.5480 | 0.0551 | 0.5580 | 0.0500 | 0.4421   | 0.0779   | 849     | 3.9296  | 65.5  | FAIL
Tiny MLP                 | 0.5874 | 0.0583 | 0.5810 | 0.0500 | 0.4787   | 0.0824   | 849     | 0.8565  | 226.1 | FAIL
MultiProtoCosine         | 0.0874 | 0.0504 | 0.0860 | 0.0500 | 0.0671   | 0.0570   | 849     | 0.9227  | 78.4  | FAIL
WeightedEnsemble         | 0.6031 | 0.0575 | 0.5970 | 0.0500 | 0.4928   | 0.0759   | 849     | 0.9861  | 272.1 | FAIL
XGBoost                  | 0.5016 | 0.0480 | 0.5050 | 0.0500 | 0.4415   | 0.0647   | 849     | 0.7075  | 76.8  | PASS
LDA1+LogReg              | 0.2213 | 0.0425 | 0.2290 | 0.0500 | 0.1818   | 0.0596   | 849     | 0.5117  | 66.7  | PASS
PCA16+LogReg             | 0.2315 | 0.0425 | 0.2460 | 0.0500 | 0.1909   | 0.0610   | 849     | 0.5114  | 69.1  | PASS
PCA32+LogReg             | 0.2268 | 0.0433 | 0.2440 | 0.0500 | 0.1896   | 0.0614   | 849     | 0.5110  | 71.7  | PASS
PCA16+VecWeighted        | 0.0843 | 0.0551 | 0.0770 | 0.0500 | 0.0806   | 0.0545   | 849     | 0.0284  | 66.8  | FAIL
PCA32+VecWeighted        | 0.0685 | 0.0669 | 0.0730 | 0.0500 | 0.0690   | 0.0473   | 849     | 0.0345  | 69.1  | FAIL
StabilizedWhitenedCosine | 0.5543 | 0.0504 | 0.5570 | 0.0500 | 0.4491   | 0.0699   | 849     | 0.9207  | 67.6  | FAIL

[trial=22 seed=65] GLOBAL mode — total_samples=200000
  total: h0=82063 h1=15019
  pooled_train:  n0=1270 n1=1270
  pooled_calib:  n0=1000 n1=1000
  pooled_eval:   n0=1270 n1=1270
  regions (for macro stats only): 1103
[INFO] Cosine baseline routed to direct Hadamard sum (PrecomputedCosine)
[INFO] WeightedEnsemble Cosine judge routed to direct Hadamard sum
  [Ensemble] Judges routed to 'alt' input: PrecomputedCosine
[WeightedEnsemble] Fitted weights (alpha=0.0500, external calib):
  tau=0.9139, Pooled external calib: TPR=0.6040, FPR=0.0500
  PrecomputedCosine   : +0.2832
  PCAWhitenedCosine   : +0.0456
  XGBoost             : +0.2004
  Tiny MLP            : +0.4151
  LDA                 : +0.0558

Method                   | TPR    | FPR    | TrTPR  | TrFPR  | MacroTPR | MacroFPR | Regions | TauMean | ms    | OK? 
---------------------------------------------------------------------------------------------------------------------
Cosine                   | 0.4811 | 0.0520 | 0.4700 | 0.0500 | 0.4441   | 0.0805   | 855     | 0.9527  | 76.6  | FAIL
AndBox-HC                | 0.4622 | 0.0606 | 0.4780 | 0.0500 | 0.4349   | 0.0883   | 855     | 0.0000  | 46.7  | FAIL
PCAWhitenedCosine        | 0.5339 | 0.0504 | 0.5710 | 0.0500 | 0.4417   | 0.0724   | 855     | 0.8706  | 58.6  | FAIL
Vec (Wgt)                | 0.5087 | 0.0512 | 0.5180 | 0.0500 | 0.4677   | 0.0779   | 855     | 0.9358  | 59.4  | FAIL
Log Reg                  | 0.3197 | 0.0528 | 0.3360 | 0.0500 | 0.2607   | 0.0768   | 855     | 0.5079  | 71.5  | FAIL
LDA                      | 0.5299 | 0.0543 | 0.5520 | 0.0500 | 0.4447   | 0.0810   | 855     | 3.3488  | 64.3  | FAIL
Tiny MLP                 | 0.5559 | 0.0520 | 0.5900 | 0.0500 | 0.4623   | 0.0770   | 855     | 0.8337  | 223.1 | FAIL
MultiProtoCosine         | 0.0961 | 0.0535 | 0.0800 | 0.0500 | 0.0818   | 0.0661   | 855     | 0.9208  | 77.0  | FAIL
WeightedEnsemble         | 0.5843 | 0.0535 | 0.6040 | 0.0500 | 0.4937   | 0.0776   | 855     | 0.9139  | 269.8 | FAIL
XGBoost                  | 0.5150 | 0.0559 | 0.5250 | 0.0500 | 0.4598   | 0.0837   | 855     | 0.6822  | 77.1  | FAIL
LDA1+LogReg              | 0.3110 | 0.0520 | 0.3230 | 0.0500 | 0.2528   | 0.0754   | 855     | 0.5083  | 66.2  | FAIL
PCA16+LogReg             | 0.3047 | 0.0551 | 0.3240 | 0.0500 | 0.2475   | 0.0794   | 855     | 0.5081  | 69.5  | FAIL
PCA32+LogReg             | 0.3197 | 0.0567 | 0.3330 | 0.0500 | 0.2633   | 0.0811   | 855     | 0.5078  | 71.4  | FAIL
PCA16+VecWeighted        | 0.1260 | 0.0591 | 0.1100 | 0.0500 | 0.1024   | 0.0577   | 855     | 0.0278  | 67.9  | FAIL
PCA32+VecWeighted        | 0.1512 | 0.0669 | 0.1410 | 0.0500 | 0.1285   | 0.0721   | 855     | 0.0284  | 69.4  | FAIL
StabilizedWhitenedCosine | 0.5661 | 0.0614 | 0.5810 | 0.0500 | 0.4796   | 0.0874   | 855     | 0.7813  | 66.0  | FAIL

[trial=23 seed=66] GLOBAL mode — total_samples=200000
  total: h0=82063 h1=15019
  pooled_train:  n0=1270 n1=1270
  pooled_calib:  n0=1000 n1=1000
  pooled_eval:   n0=1270 n1=1270
  regions (for macro stats only): 1103
[INFO] Cosine baseline routed to direct Hadamard sum (PrecomputedCosine)
[INFO] WeightedEnsemble Cosine judge routed to direct Hadamard sum
  [Ensemble] Judges routed to 'alt' input: PrecomputedCosine
[WeightedEnsemble] Fitted weights (alpha=0.0500, external calib):
  tau=1.0390, Pooled external calib: TPR=0.5830, FPR=0.0500
  PrecomputedCosine   : +0.0588
  PCAWhitenedCosine   : +0.4134
  XGBoost             : +0.3025
  Tiny MLP            : +0.0887
  LDA                 : +0.1365

Method                   | TPR    | FPR    | TrTPR  | TrFPR  | MacroTPR | MacroFPR | Regions | TauMean | ms    | OK? 
---------------------------------------------------------------------------------------------------------------------
Cosine                   | 0.4614 | 0.0559 | 0.4570 | 0.0500 | 0.4216   | 0.0760   | 854     | 0.9587  | 53.5  | FAIL
AndBox-HC                | 0.3756 | 0.0496 | 0.3720 | 0.0500 | 0.3327   | 0.0650   | 854     | 0.0001  | 64.6  | PASS
PCAWhitenedCosine        | 0.5425 | 0.0488 | 0.5300 | 0.0500 | 0.4309   | 0.0760   | 854     | 0.9279  | 56.3  | PASS
Vec (Wgt)                | 0.5142 | 0.0646 | 0.5120 | 0.0500 | 0.4583   | 0.0947   | 854     | 0.9350  | 57.9  | FAIL
Log Reg                  | 0.2299 | 0.0449 | 0.2310 | 0.0500 | 0.2102   | 0.0656   | 854     | 0.5108  | 72.0  | PASS
LDA                      | 0.5417 | 0.0535 | 0.5180 | 0.0500 | 0.4343   | 0.0786   | 854     | 3.3744  | 63.4  | FAIL
Tiny MLP                 | 0.5409 | 0.0512 | 0.5210 | 0.0500 | 0.4352   | 0.0807   | 854     | 0.8589  | 223.8 | FAIL
MultiProtoCosine         | 0.0850 | 0.0480 | 0.0810 | 0.0500 | 0.0689   | 0.0608   | 854     | 0.9243  | 77.3  | PASS
WeightedEnsemble         | 0.5898 | 0.0504 | 0.5830 | 0.0500 | 0.4784   | 0.0783   | 854     | 1.0390  | 269.3 | FAIL
XGBoost                  | 0.5157 | 0.0551 | 0.5030 | 0.0500 | 0.4411   | 0.0825   | 854     | 0.6896  | 76.7  | FAIL
LDA1+LogReg              | 0.2323 | 0.0449 | 0.2310 | 0.0500 | 0.2118   | 0.0656   | 854     | 0.5108  | 66.1  | PASS
PCA16+LogReg             | 0.2354 | 0.0449 | 0.2400 | 0.0500 | 0.2101   | 0.0659   | 854     | 0.5104  | 70.6  | PASS
PCA32+LogReg             | 0.2559 | 0.0465 | 0.2510 | 0.0500 | 0.2261   | 0.0666   | 854     | 0.5102  | 71.1  | PASS
PCA16+VecWeighted        | 0.0685 | 0.0559 | 0.0500 | 0.0500 | 0.0652   | 0.0472   | 854     | 0.0287  | 67.8  | FAIL
PCA32+VecWeighted        | 0.0906 | 0.0472 | 0.0830 | 0.0500 | 0.0784   | 0.0418   | 854     | 0.0329  | 70.2  | PASS
StabilizedWhitenedCosine | 0.5339 | 0.0480 | 0.5190 | 0.0500 | 0.4236   | 0.0722   | 854     | 0.9203  | 65.2  | PASS

[trial=24 seed=67] GLOBAL mode — total_samples=200000
  total: h0=82063 h1=15019
  pooled_train:  n0=1270 n1=1270
  pooled_calib:  n0=1000 n1=1000
  pooled_eval:   n0=1270 n1=1270
  regions (for macro stats only): 1103
[INFO] Cosine baseline routed to direct Hadamard sum (PrecomputedCosine)
[INFO] WeightedEnsemble Cosine judge routed to direct Hadamard sum
  [Ensemble] Judges routed to 'alt' input: PrecomputedCosine
[WeightedEnsemble] Fitted weights (alpha=0.0500, external calib):
  tau=0.9928, Pooled external calib: TPR=0.5460, FPR=0.0500
  PrecomputedCosine   : +0.0595
  PCAWhitenedCosine   : +0.3558
  XGBoost             : +0.1566
  Tiny MLP            : +0.3547
  LDA                 : +0.0734

Method                   | TPR    | FPR    | TrTPR  | TrFPR  | MacroTPR | MacroFPR | Regions | TauMean | ms    | OK? 
---------------------------------------------------------------------------------------------------------------------
Cosine                   | 0.4961 | 0.0575 | 0.4720 | 0.0500 | 0.4485   | 0.0822   | 852     | 0.9512  | 77.2  | FAIL
AndBox-HC                | 0.4315 | 0.0488 | 0.3990 | 0.0500 | 0.3857   | 0.0692   | 852     | 0.0000  | 46.3  | PASS
PCAWhitenedCosine        | 0.5394 | 0.0535 | 0.4990 | 0.0500 | 0.4401   | 0.0707   | 852     | 0.9894  | 58.4  | FAIL
Vec (Wgt)                | 0.5346 | 0.0551 | 0.4980 | 0.0500 | 0.4914   | 0.0791   | 852     | 0.9313  | 59.1  | FAIL
Log Reg                  | 0.2898 | 0.0543 | 0.2530 | 0.0500 | 0.2394   | 0.0778   | 852     | 0.5093  | 71.1  | FAIL
LDA                      | 0.5071 | 0.0465 | 0.4690 | 0.0500 | 0.4025   | 0.0593   | 852     | 3.6983  | 64.5  | PASS
Tiny MLP                 | 0.5409 | 0.0488 | 0.5160 | 0.0500 | 0.4420   | 0.0638   | 852     | 0.8545  | 226.2 | PASS
MultiProtoCosine         | 0.0866 | 0.0512 | 0.0700 | 0.0500 | 0.0693   | 0.0557   | 852     | 0.9234  | 76.4  | FAIL
WeightedEnsemble         | 0.5724 | 0.0559 | 0.5460 | 0.0500 | 0.4660   | 0.0719   | 852     | 0.9928  | 275.9 | FAIL
XGBoost                  | 0.5220 | 0.0457 | 0.4850 | 0.0490 | 0.4550   | 0.0585   | 852     | 0.6958  | 77.8  | PASS
LDA1+LogReg              | 0.2906 | 0.0551 | 0.2530 | 0.0500 | 0.2398   | 0.0787   | 852     | 0.5093  | 65.9  | FAIL
PCA16+LogReg             | 0.2898 | 0.0543 | 0.2530 | 0.0490 | 0.2403   | 0.0790   | 852     | 0.5091  | 68.9  | FAIL
PCA32+LogReg             | 0.2937 | 0.0559 | 0.2580 | 0.0500 | 0.2445   | 0.0791   | 852     | 0.5089  | 71.0  | FAIL
PCA16+VecWeighted        | 0.1409 | 0.0606 | 0.1210 | 0.0500 | 0.1031   | 0.0543   | 852     | 0.0288  | 68.1  | FAIL
PCA32+VecWeighted        | 0.1150 | 0.0606 | 0.0980 | 0.0500 | 0.0932   | 0.0493   | 852     | 0.0338  | 69.4  | FAIL
StabilizedWhitenedCosine | 0.5520 | 0.0551 | 0.5280 | 0.0500 | 0.4571   | 0.0727   | 852     | 0.8708  | 66.3  | FAIL

[trial=25 seed=68] GLOBAL mode — total_samples=200000
  total: h0=82063 h1=15019
  pooled_train:  n0=1270 n1=1270
  pooled_calib:  n0=1000 n1=1000
  pooled_eval:   n0=1270 n1=1270
  regions (for macro stats only): 1103
[INFO] Cosine baseline routed to direct Hadamard sum (PrecomputedCosine)
[INFO] WeightedEnsemble Cosine judge routed to direct Hadamard sum
  [Ensemble] Judges routed to 'alt' input: PrecomputedCosine
[WeightedEnsemble] Fitted weights (alpha=0.0500, external calib):
  tau=0.7770, Pooled external calib: TPR=0.5770, FPR=0.0500
  PrecomputedCosine   : +0.1369
  PCAWhitenedCosine   : +0.3322
  XGBoost             : +0.4468
  Tiny MLP            : +0.0732
  LDA                 : +0.0110

Method                   | TPR    | FPR    | TrTPR  | TrFPR  | MacroTPR | MacroFPR | Regions | TauMean | ms    | OK? 
---------------------------------------------------------------------------------------------------------------------
Cosine                   | 0.4622 | 0.0268 | 0.4510 | 0.0500 | 0.4274   | 0.0422   | 857     | 0.9647  | 61.1  | PASS
AndBox-HC                | 0.4024 | 0.0244 | 0.3790 | 0.0500 | 0.3756   | 0.0340   | 857     | 0.0000  | 54.1  | PASS
PCAWhitenedCosine        | 0.5441 | 0.0307 | 0.5330 | 0.0500 | 0.4389   | 0.0501   | 857     | 0.9180  | 57.3  | PASS
Vec (Wgt)                | 0.4913 | 0.0276 | 0.4870 | 0.0500 | 0.4387   | 0.0464   | 857     | 0.9477  | 57.4  | PASS
Log Reg                  | 0.2315 | 0.0488 | 0.2150 | 0.0500 | 0.1952   | 0.0648   | 857     | 0.5116  | 70.3  | PASS
LDA                      | 0.5551 | 0.0465 | 0.5120 | 0.0500 | 0.4546   | 0.0705   | 857     | 3.6631  | 63.2  | PASS
Tiny MLP                 | 0.5213 | 0.0354 | 0.4730 | 0.0500 | 0.4220   | 0.0520   | 857     | 0.9067  | 222.8 | PASS
MultiProtoCosine         | 0.1118 | 0.0472 | 0.1020 | 0.0500 | 0.0879   | 0.0507   | 857     | 0.9206  | 75.6  | PASS
WeightedEnsemble         | 0.5803 | 0.0362 | 0.5770 | 0.0500 | 0.4788   | 0.0558   | 857     | 0.7770  | 269.3 | PASS
XGBoost                  | 0.5205 | 0.0299 | 0.5000 | 0.0500 | 0.4514   | 0.0462   | 857     | 0.6964  | 75.7  | PASS
LDA1+LogReg              | 0.2362 | 0.0496 | 0.2210 | 0.0500 | 0.1985   | 0.0665   | 857     | 0.5116  | 65.7  | PASS
PCA16+LogReg             | 0.2472 | 0.0496 | 0.2220 | 0.0500 | 0.2028   | 0.0646   | 857     | 0.5112  | 68.5  | PASS
PCA32+LogReg             | 0.2441 | 0.0496 | 0.2260 | 0.0500 | 0.1989   | 0.0674   | 857     | 0.5113  | 70.4  | PASS
PCA16+VecWeighted        | 0.0504 | 0.0370 | 0.0340 | 0.0500 | 0.0419   | 0.0338   | 857     | 0.0336  | 66.8  | PASS
PCA32+VecWeighted        | 0.0654 | 0.0512 | 0.0460 | 0.0500 | 0.0595   | 0.0476   | 857     | 0.0352  | 68.3  | FAIL
StabilizedWhitenedCosine | 0.5496 | 0.0346 | 0.5180 | 0.0500 | 0.4479   | 0.0502   | 857     | 0.9092  | 64.2  | PASS

[trial=26 seed=69] GLOBAL mode — total_samples=200000
  total: h0=82063 h1=15019
  pooled_train:  n0=1270 n1=1270
  pooled_calib:  n0=1000 n1=1000
  pooled_eval:   n0=1270 n1=1270
  regions (for macro stats only): 1103
[INFO] Cosine baseline routed to direct Hadamard sum (PrecomputedCosine)
[INFO] WeightedEnsemble Cosine judge routed to direct Hadamard sum
  [Ensemble] Judges routed to 'alt' input: PrecomputedCosine
[WeightedEnsemble] Fitted weights (alpha=0.0500, external calib):
  tau=1.1075, Pooled external calib: TPR=0.5570, FPR=0.0500
  PrecomputedCosine   : +0.2403
  PCAWhitenedCosine   : +0.0431
  XGBoost             : +0.3540
  Tiny MLP            : +0.2364
  LDA                 : +0.1263

Method                   | TPR    | FPR    | TrTPR  | TrFPR  | MacroTPR | MacroFPR | Regions | TauMean | ms    | OK? 
---------------------------------------------------------------------------------------------------------------------
Cosine                   | 0.4693 | 0.0465 | 0.4590 | 0.0500 | 0.4201   | 0.0645   | 850     | 0.9622  | 75.2  | PASS
AndBox-HC                | 0.3984 | 0.0354 | 0.3650 | 0.0500 | 0.3502   | 0.0513   | 850     | 0.0000  | 45.2  | PASS
PCAWhitenedCosine        | 0.5165 | 0.0472 | 0.5210 | 0.0500 | 0.4126   | 0.0735   | 850     | 1.0247  | 56.2  | PASS
Vec (Wgt)                | 0.4913 | 0.0425 | 0.4780 | 0.0500 | 0.4303   | 0.0650   | 850     | 0.9499  | 57.6  | PASS
Log Reg                  | 0.1764 | 0.0386 | 0.1650 | 0.0500 | 0.1566   | 0.0529   | 850     | 0.5153  | 67.1  | PASS
LDA                      | 0.4803 | 0.0409 | 0.4700 | 0.0500 | 0.3688   | 0.0641   | 850     | 4.1363  | 61.5  | PASS
Tiny MLP                 | 0.4976 | 0.0394 | 0.5030 | 0.0500 | 0.3805   | 0.0599   | 850     | 0.8773  | 214.5 | PASS
MultiProtoCosine         | 0.0685 | 0.0441 | 0.0680 | 0.0500 | 0.0603   | 0.0479   | 850     | 0.9259  | 72.6  | PASS
WeightedEnsemble         | 0.5638 | 0.0480 | 0.5570 | 0.0500 | 0.4424   | 0.0738   | 850     | 1.1075  | 262.7 | PASS
XGBoost                  | 0.4780 | 0.0331 | 0.4540 | 0.0500 | 0.4060   | 0.0508   | 850     | 0.7194  | 74.8  | PASS
LDA1+LogReg              | 0.1811 | 0.0386 | 0.1730 | 0.0500 | 0.1585   | 0.0529   | 850     | 0.5152  | 61.6  | PASS
PCA16+LogReg             | 0.1961 | 0.0402 | 0.1830 | 0.0500 | 0.1676   | 0.0549   | 850     | 0.5145  | 65.5  | PASS
PCA32+LogReg             | 0.1984 | 0.0378 | 0.1820 | 0.0500 | 0.1694   | 0.0529   | 850     | 0.5145  | 66.8  | PASS
PCA16+VecWeighted        | 0.0047 | 0.0488 | 0.0050 | 0.0500 | 0.0088   | 0.0149   | 850     | 0.0370  | 63.9  | PASS
PCA32+VecWeighted        | 0.0213 | 0.0512 | 0.0170 | 0.0500 | 0.0270   | 0.0234   | 850     | 0.0409  | 66.0  | FAIL
StabilizedWhitenedCosine | 0.5024 | 0.0386 | 0.4830 | 0.0500 | 0.4087   | 0.0550   | 850     | 0.9822  | 62.8  | PASS

[trial=27 seed=70] GLOBAL mode — total_samples=200000
  total: h0=82063 h1=15019
  pooled_train:  n0=1270 n1=1270
  pooled_calib:  n0=1000 n1=1000
  pooled_eval:   n0=1270 n1=1270
  regions (for macro stats only): 1103
[INFO] Cosine baseline routed to direct Hadamard sum (PrecomputedCosine)
[INFO] WeightedEnsemble Cosine judge routed to direct Hadamard sum
  [Ensemble] Judges routed to 'alt' input: PrecomputedCosine
[WeightedEnsemble] Fitted weights (alpha=0.0500, external calib):
  tau=0.9593, Pooled external calib: TPR=0.5780, FPR=0.0500
  PrecomputedCosine   : +0.1817
  PCAWhitenedCosine   : +0.4603
  XGBoost             : +0.0868
  Tiny MLP            : +0.1854
  LDA                 : +0.0858

Method                   | TPR    | FPR    | TrTPR  | TrFPR  | MacroTPR | MacroFPR | Regions | TauMean | ms    | OK? 
---------------------------------------------------------------------------------------------------------------------
Cosine                   | 0.5024 | 0.0567 | 0.4860 | 0.0500 | 0.4451   | 0.0883   | 864     | 0.9469  | 91.1  | FAIL
AndBox-HC                | 0.4055 | 0.0449 | 0.4050 | 0.0500 | 0.3588   | 0.0677   | 864     | 0.0001  | 41.3  | PASS
PCAWhitenedCosine        | 0.5276 | 0.0543 | 0.5090 | 0.0500 | 0.4235   | 0.0819   | 864     | 0.9918  | 61.0  | FAIL
Vec (Wgt)                | 0.5339 | 0.0559 | 0.5360 | 0.0500 | 0.4675   | 0.0894   | 864     | 0.9321  | 60.6  | FAIL
Log Reg                  | 0.2465 | 0.0583 | 0.2410 | 0.0500 | 0.2283   | 0.0756   | 864     | 0.5116  | 76.5  | FAIL
LDA                      | 0.5220 | 0.0512 | 0.5160 | 0.0500 | 0.4092   | 0.0770   | 864     | 3.5847  | 66.7  | FAIL
Tiny MLP                 | 0.5047 | 0.0520 | 0.5090 | 0.0500 | 0.4034   | 0.0794   | 864     | 0.8989  | 227.3 | FAIL
MultiProtoCosine         | 0.0992 | 0.0378 | 0.1020 | 0.0500 | 0.0931   | 0.0414   | 864     | 0.9230  | 80.9  | PASS
WeightedEnsemble         | 0.5906 | 0.0614 | 0.5780 | 0.0500 | 0.4700   | 0.0901   | 864     | 0.9593  | 397.1 | FAIL
XGBoost                  | 0.5480 | 0.0583 | 0.5160 | 0.0500 | 0.4795   | 0.0876   | 864     | 0.6808  | 76.5  | FAIL
LDA1+LogReg              | 0.2449 | 0.0575 | 0.2400 | 0.0500 | 0.2274   | 0.0754   | 864     | 0.5116  | 67.4  | FAIL
PCA16+LogReg             | 0.2425 | 0.0583 | 0.2370 | 0.0500 | 0.2259   | 0.0749   | 864     | 0.5114  | 71.5  | FAIL
PCA32+LogReg             | 0.2535 | 0.0583 | 0.2480 | 0.0500 | 0.2334   | 0.0761   | 864     | 0.5111  | 73.2  | FAIL
PCA16+VecWeighted        | 0.0402 | 0.0528 | 0.0350 | 0.0500 | 0.0297   | 0.0419   | 864     | 0.0330  | 68.2  | FAIL
PCA32+VecWeighted        | 0.0260 | 0.0457 | 0.0180 | 0.0500 | 0.0227   | 0.0425   | 864     | 0.0391  | 71.2  | PASS
StabilizedWhitenedCosine | 0.5213 | 0.0496 | 0.5170 | 0.0500 | 0.4344   | 0.0782   | 864     | 0.8961  | 67.3  | PASS

[trial=28 seed=71] GLOBAL mode — total_samples=200000
  total: h0=82063 h1=15019
  pooled_train:  n0=1270 n1=1270
  pooled_calib:  n0=1000 n1=1000
  pooled_eval:   n0=1270 n1=1270
  regions (for macro stats only): 1103
[INFO] Cosine baseline routed to direct Hadamard sum (PrecomputedCosine)
[INFO] WeightedEnsemble Cosine judge routed to direct Hadamard sum
  [Ensemble] Judges routed to 'alt' input: PrecomputedCosine
[WeightedEnsemble] Fitted weights (alpha=0.0500, external calib):
  tau=0.8755, Pooled external calib: TPR=0.5820, FPR=0.0500
  PrecomputedCosine   : +0.1195
  PCAWhitenedCosine   : +0.3770
  XGBoost             : +0.2691
  Tiny MLP            : +0.2045
  LDA                 : +0.0298

Method                   | TPR    | FPR    | TrTPR  | TrFPR  | MacroTPR | MacroFPR | Regions | TauMean | ms    | OK? 
---------------------------------------------------------------------------------------------------------------------
Cosine                   | 0.4457 | 0.0488 | 0.4600 | 0.0500 | 0.3949   | 0.0740   | 853     | 0.9653  | 62.2  | PASS
AndBox-HC                | 0.3906 | 0.0512 | 0.3900 | 0.0500 | 0.3686   | 0.0722   | 853     | 0.0000  | 55.6  | FAIL
PCAWhitenedCosine        | 0.5480 | 0.0520 | 0.5490 | 0.0500 | 0.4315   | 0.0805   | 853     | 0.9884  | 58.2  | FAIL
Vec (Wgt)                | 0.4906 | 0.0583 | 0.4990 | 0.0500 | 0.4217   | 0.0886   | 853     | 0.9513  | 58.4  | FAIL
Log Reg                  | 0.2394 | 0.0488 | 0.2310 | 0.0500 | 0.2054   | 0.0689   | 853     | 0.5133  | 71.9  | PASS
LDA                      | 0.5441 | 0.0638 | 0.5370 | 0.0500 | 0.4364   | 0.0868   | 853     | 3.9416  | 64.0  | FAIL
Tiny MLP                 | 0.5441 | 0.0583 | 0.5370 | 0.0500 | 0.4354   | 0.0833   | 853     | 0.8831  | 222.4 | FAIL
MultiProtoCosine         | 0.0850 | 0.0394 | 0.0930 | 0.0500 | 0.0639   | 0.0442   | 853     | 0.9240  | 77.1  | PASS
WeightedEnsemble         | 0.5780 | 0.0567 | 0.5820 | 0.0500 | 0.4658   | 0.0859   | 853     | 0.8755  | 269.4 | FAIL
XGBoost                  | 0.5228 | 0.0614 | 0.5240 | 0.0500 | 0.4518   | 0.0870   | 853     | 0.6959  | 76.7  | FAIL
LDA1+LogReg              | 0.2394 | 0.0488 | 0.2320 | 0.0500 | 0.2054   | 0.0689   | 853     | 0.5132  | 67.6  | PASS
PCA16+LogReg             | 0.2567 | 0.0512 | 0.2380 | 0.0500 | 0.2153   | 0.0727   | 853     | 0.5127  | 69.3  | FAIL
PCA32+LogReg             | 0.2583 | 0.0535 | 0.2490 | 0.0500 | 0.2166   | 0.0765   | 853     | 0.5125  | 70.6  | FAIL
PCA16+VecWeighted        | 0.1197 | 0.0409 | 0.1250 | 0.0500 | 0.0986   | 0.0443   | 853     | 0.0328  | 67.4  | PASS
PCA32+VecWeighted        | 0.1094 | 0.0591 | 0.1030 | 0.0500 | 0.0947   | 0.0475   | 853     | 0.0372  | 69.2  | FAIL
StabilizedWhitenedCosine | 0.5583 | 0.0606 | 0.5730 | 0.0500 | 0.4525   | 0.0900   | 853     | 0.8475  | 66.5  | FAIL

[trial=29 seed=72] GLOBAL mode — total_samples=200000
  total: h0=82063 h1=15019
  pooled_train:  n0=1270 n1=1270
  pooled_calib:  n0=1000 n1=1000
  pooled_eval:   n0=1270 n1=1270
  regions (for macro stats only): 1103
[INFO] Cosine baseline routed to direct Hadamard sum (PrecomputedCosine)
[INFO] WeightedEnsemble Cosine judge routed to direct Hadamard sum
  [Ensemble] Judges routed to 'alt' input: PrecomputedCosine
[WeightedEnsemble] Fitted weights (alpha=0.0500, external calib):
  tau=1.2358, Pooled external calib: TPR=0.6050, FPR=0.0500
  PrecomputedCosine   : +0.0695
  PCAWhitenedCosine   : +0.0930
  XGBoost             : +0.1536
  Tiny MLP            : +0.4790
  LDA                 : +0.2049

Method                   | TPR    | FPR    | TrTPR  | TrFPR  | MacroTPR | MacroFPR | Regions | TauMean | ms    | OK? 
---------------------------------------------------------------------------------------------------------------------
Cosine                   | 0.4260 | 0.0409 | 0.4320 | 0.0500 | 0.4004   | 0.0590   | 830     | 0.9695  | 74.8  | PASS
AndBox-HC                | 0.3669 | 0.0394 | 0.3650 | 0.0500 | 0.3555   | 0.0522   | 830     | 0.0000  | 45.8  | PASS
PCAWhitenedCosine        | 0.5181 | 0.0425 | 0.5280 | 0.0500 | 0.4307   | 0.0651   | 830     | 0.9379  | 54.1  | PASS
Vec (Wgt)                | 0.4701 | 0.0417 | 0.4620 | 0.0500 | 0.4290   | 0.0609   | 830     | 0.9523  | 55.1  | PASS
Log Reg                  | 0.2299 | 0.0480 | 0.2230 | 0.0500 | 0.1914   | 0.0636   | 830     | 0.5116  | 68.2  | PASS
LDA                      | 0.5622 | 0.0535 | 0.5560 | 0.0500 | 0.4771   | 0.0742   | 830     | 3.3628  | 60.0  | FAIL
Tiny MLP                 | 0.5669 | 0.0575 | 0.5800 | 0.0500 | 0.4865   | 0.0836   | 830     | 0.8563  | 214.8 | FAIL
MultiProtoCosine         | 0.0787 | 0.0614 | 0.0720 | 0.0500 | 0.0530   | 0.0646   | 830     | 0.9241  | 71.8  | FAIL
WeightedEnsemble         | 0.5913 | 0.0551 | 0.6050 | 0.0500 | 0.5040   | 0.0752   | 830     | 1.2358  | 263.3 | FAIL
XGBoost                  | 0.4394 | 0.0354 | 0.4460 | 0.0500 | 0.4037   | 0.0489   | 830     | 0.7366  | 74.8  | PASS
LDA1+LogReg              | 0.2307 | 0.0472 | 0.2230 | 0.0500 | 0.1919   | 0.0627   | 830     | 0.5117  | 61.0  | PASS
PCA16+LogReg             | 0.2504 | 0.0543 | 0.2450 | 0.0500 | 0.2054   | 0.0682   | 830     | 0.5107  | 65.3  | FAIL
PCA32+LogReg             | 0.2465 | 0.0528 | 0.2370 | 0.0500 | 0.2032   | 0.0664   | 830     | 0.5110  | 66.8  | FAIL
PCA16+VecWeighted        | 0.0819 | 0.0402 | 0.0930 | 0.0500 | 0.0688   | 0.0404   | 830     | 0.0296  | 64.4  | PASS
PCA32+VecWeighted        | 0.0677 | 0.0409 | 0.0660 | 0.0500 | 0.0611   | 0.0446   | 830     | 0.0364  | 66.0  | PASS
StabilizedWhitenedCosine | 0.5165 | 0.0457 | 0.5230 | 0.0500 | 0.4398   | 0.0631   | 830     | 0.9338  | 60.8  | PASS

[trial=30 seed=73] GLOBAL mode — total_samples=200000
  total: h0=82063 h1=15019
  pooled_train:  n0=1270 n1=1270
  pooled_calib:  n0=1000 n1=1000
  pooled_eval:   n0=1270 n1=1270
  regions (for macro stats only): 1103
[INFO] Cosine baseline routed to direct Hadamard sum (PrecomputedCosine)
[INFO] WeightedEnsemble Cosine judge routed to direct Hadamard sum
  [Ensemble] Judges routed to 'alt' input: PrecomputedCosine
[WeightedEnsemble] Fitted weights (alpha=0.0500, external calib):
  tau=1.1232, Pooled external calib: TPR=0.5690, FPR=0.0500
  PrecomputedCosine   : +0.2042
  PCAWhitenedCosine   : +0.1982
  XGBoost             : +0.4393
  Tiny MLP            : +0.0111
  LDA                 : +0.1471

Method                   | TPR    | FPR    | TrTPR  | TrFPR  | MacroTPR | MacroFPR | Regions | TauMean | ms    | OK? 
---------------------------------------------------------------------------------------------------------------------
Cosine                   | 0.4433 | 0.0457 | 0.4610 | 0.0500 | 0.4091   | 0.0731   | 866     | 0.9656  | 94.2  | PASS
AndBox-HC                | 0.3787 | 0.0472 | 0.4070 | 0.0500 | 0.3501   | 0.0662   | 866     | 0.0001  | 39.9  | PASS
PCAWhitenedCosine        | 0.5276 | 0.0512 | 0.5340 | 0.0500 | 0.4305   | 0.0746   | 866     | 0.9960  | 59.6  | FAIL
Vec (Wgt)                | 0.4961 | 0.0559 | 0.5080 | 0.0500 | 0.4470   | 0.0905   | 866     | 0.9504  | 60.2  | FAIL
Log Reg                  | 0.2449 | 0.0528 | 0.2490 | 0.0500 | 0.2186   | 0.0675   | 866     | 0.5120  | 73.0  | FAIL
LDA                      | 0.5094 | 0.0559 | 0.5210 | 0.0500 | 0.4305   | 0.0860   | 866     | 3.7681  | 65.3  | FAIL
Tiny MLP                 | 0.5087 | 0.0504 | 0.5220 | 0.0500 | 0.4273   | 0.0770   | 866     | 0.8829  | 226.2 | FAIL
MultiProtoCosine         | 0.0866 | 0.0433 | 0.0740 | 0.0500 | 0.0744   | 0.0385   | 866     | 0.9233  | 77.8  | PASS
WeightedEnsemble         | 0.5528 | 0.0535 | 0.5690 | 0.0500 | 0.4776   | 0.0819   | 866     | 1.1232  | 277.4 | FAIL
XGBoost                  | 0.4937 | 0.0504 | 0.5030 | 0.0500 | 0.4405   | 0.0809   | 866     | 0.6995  | 78.6  | FAIL
LDA1+LogReg              | 0.2480 | 0.0528 | 0.2520 | 0.0500 | 0.2217   | 0.0675   | 866     | 0.5120  | 68.5  | FAIL
PCA16+LogReg             | 0.2409 | 0.0535 | 0.2450 | 0.0500 | 0.2139   | 0.0684   | 866     | 0.5117  | 70.7  | FAIL
PCA32+LogReg             | 0.2472 | 0.0520 | 0.2510 | 0.0500 | 0.2224   | 0.0679   | 866     | 0.5117  | 72.3  | FAIL
PCA16+VecWeighted        | 0.1913 | 0.0543 | 0.2020 | 0.0500 | 0.1688   | 0.0681   | 866     | 0.0279  | 68.0  | FAIL
PCA32+VecWeighted        | 0.1394 | 0.0496 | 0.1350 | 0.0500 | 0.1240   | 0.0645   | 866     | 0.0339  | 69.8  | PASS
StabilizedWhitenedCosine | 0.5299 | 0.0528 | 0.5140 | 0.0500 | 0.4446   | 0.0771   | 866     | 0.9592  | 67.6  | FAIL

[trial=31 seed=74] GLOBAL mode — total_samples=200000
  total: h0=82063 h1=15019
  pooled_train:  n0=1270 n1=1270
  pooled_calib:  n0=1000 n1=1000
  pooled_eval:   n0=1270 n1=1270
  regions (for macro stats only): 1103
[INFO] Cosine baseline routed to direct Hadamard sum (PrecomputedCosine)
[INFO] WeightedEnsemble Cosine judge routed to direct Hadamard sum
  [Ensemble] Judges routed to 'alt' input: PrecomputedCosine
[WeightedEnsemble] Fitted weights (alpha=0.0500, external calib):
  tau=0.8331, Pooled external calib: TPR=0.5700, FPR=0.0500
  PrecomputedCosine   : +0.2204
  PCAWhitenedCosine   : +0.3145
  XGBoost             : +0.1972
  Tiny MLP            : +0.2559
  LDA                 : +0.0120

Method                   | TPR    | FPR    | TrTPR  | TrFPR  | MacroTPR | MacroFPR | Regions | TauMean | ms    | OK? 
---------------------------------------------------------------------------------------------------------------------
Cosine                   | 0.4598 | 0.0402 | 0.4660 | 0.0500 | 0.4359   | 0.0615   | 853     | 0.9637  | 62.1  | PASS
AndBox-HC                | 0.4165 | 0.0417 | 0.4410 | 0.0500 | 0.4032   | 0.0615   | 853     | 0.0000  | 53.3  | PASS
PCAWhitenedCosine        | 0.5354 | 0.0488 | 0.5600 | 0.0500 | 0.4480   | 0.0703   | 853     | 0.9251  | 57.4  | PASS
Vec (Wgt)                | 0.4898 | 0.0488 | 0.5130 | 0.0500 | 0.4516   | 0.0742   | 853     | 0.9484  | 57.6  | PASS
Log Reg                  | 0.2606 | 0.0654 | 0.2670 | 0.0500 | 0.2233   | 0.0889   | 853     | 0.5117  | 71.4  | FAIL
LDA                      | 0.4921 | 0.0386 | 0.4960 | 0.0500 | 0.4009   | 0.0582   | 853     | 4.1874  | 64.3  | PASS
Tiny MLP                 | 0.5157 | 0.0480 | 0.5310 | 0.0500 | 0.4165   | 0.0727   | 853     | 0.8893  | 222.7 | PASS
MultiProtoCosine         | 0.1039 | 0.0693 | 0.1270 | 0.0500 | 0.0919   | 0.0769   | 853     | 0.9212  | 76.3  | FAIL
WeightedEnsemble         | 0.5638 | 0.0496 | 0.5700 | 0.0500 | 0.4802   | 0.0706   | 853     | 0.8331  | 269.5 | PASS
XGBoost                  | 0.4890 | 0.0394 | 0.5040 | 0.0500 | 0.4529   | 0.0625   | 853     | 0.7051  | 76.3  | PASS
LDA1+LogReg              | 0.2606 | 0.0646 | 0.2670 | 0.0500 | 0.2233   | 0.0872   | 853     | 0.5117  | 65.9  | FAIL
PCA16+LogReg             | 0.2409 | 0.0598 | 0.2550 | 0.0500 | 0.2046   | 0.0838   | 853     | 0.5120  | 68.4  | FAIL
PCA32+LogReg             | 0.2724 | 0.0646 | 0.2780 | 0.0500 | 0.2276   | 0.0872   | 853     | 0.5111  | 72.0  | FAIL
PCA16+VecWeighted        | 0.1717 | 0.0669 | 0.1680 | 0.0500 | 0.1365   | 0.0791   | 853     | 0.0249  | 67.3  | FAIL
PCA32+VecWeighted        | 0.1772 | 0.0622 | 0.1620 | 0.0500 | 0.1485   | 0.0815   | 853     | 0.0292  | 69.5  | FAIL
StabilizedWhitenedCosine | 0.5181 | 0.0512 | 0.5150 | 0.0500 | 0.4428   | 0.0763   | 853     | 0.8872  | 65.7  | FAIL

[trial=32 seed=75] GLOBAL mode — total_samples=200000
  total: h0=82063 h1=15019
  pooled_train:  n0=1270 n1=1270
  pooled_calib:  n0=1000 n1=1000
  pooled_eval:   n0=1270 n1=1270
  regions (for macro stats only): 1103
[INFO] Cosine baseline routed to direct Hadamard sum (PrecomputedCosine)
[INFO] WeightedEnsemble Cosine judge routed to direct Hadamard sum
  [Ensemble] Judges routed to 'alt' input: PrecomputedCosine
[WeightedEnsemble] Fitted weights (alpha=0.0500, external calib):
  tau=0.8898, Pooled external calib: TPR=0.6200, FPR=0.0500
  PrecomputedCosine   : +0.3246
  PCAWhitenedCosine   : +0.1636
  XGBoost             : +0.2291
  Tiny MLP            : +0.2081
  LDA                 : +0.0747

Method                   | TPR    | FPR    | TrTPR  | TrFPR  | MacroTPR | MacroFPR | Regions | TauMean | ms    | OK? 
---------------------------------------------------------------------------------------------------------------------
Cosine                   | 0.4701 | 0.0472 | 0.4650 | 0.0500 | 0.4307   | 0.0703   | 837     | 0.9588  | 60.6  | PASS
AndBox-HC                | 0.4268 | 0.0433 | 0.4380 | 0.0500 | 0.3958   | 0.0642   | 837     | 0.0000  | 58.0  | PASS
PCAWhitenedCosine        | 0.5717 | 0.0543 | 0.5730 | 0.0500 | 0.4727   | 0.0862   | 837     | 0.7831  | 57.3  | FAIL
Vec (Wgt)                | 0.5024 | 0.0465 | 0.5060 | 0.0500 | 0.4585   | 0.0688   | 837     | 0.9462  | 57.9  | PASS
Log Reg                  | 0.2780 | 0.0409 | 0.2760 | 0.0500 | 0.2343   | 0.0570   | 837     | 0.5096  | 68.9  | PASS
LDA                      | 0.5386 | 0.0417 | 0.5620 | 0.0500 | 0.4342   | 0.0663   | 837     | 3.1943  | 62.7  | PASS
Tiny MLP                 | 0.5134 | 0.0409 | 0.5440 | 0.0500 | 0.4220   | 0.0648   | 837     | 0.8898  | 222.0 | PASS
MultiProtoCosine         | 0.1071 | 0.0386 | 0.1050 | 0.0500 | 0.0796   | 0.0429   | 837     | 0.9233  | 75.6  | PASS
WeightedEnsemble         | 0.6063 | 0.0480 | 0.6200 | 0.0500 | 0.5122   | 0.0762   | 837     | 0.8898  | 269.2 | PASS
XGBoost                  | 0.5213 | 0.0449 | 0.5260 | 0.0500 | 0.4558   | 0.0658   | 837     | 0.6743  | 76.9  | PASS
LDA1+LogReg              | 0.2811 | 0.0409 | 0.2810 | 0.0500 | 0.2364   | 0.0570   | 837     | 0.5096  | 64.5  | PASS
PCA16+LogReg             | 0.2724 | 0.0409 | 0.2750 | 0.0490 | 0.2304   | 0.0550   | 837     | 0.5095  | 67.1  | PASS
PCA32+LogReg             | 0.2913 | 0.0417 | 0.2900 | 0.0500 | 0.2470   | 0.0574   | 837     | 0.5090  | 68.5  | PASS
PCA16+VecWeighted        | 0.0134 | 0.0425 | 0.0120 | 0.0500 | 0.0190   | 0.0231   | 837     | 0.0357  | 64.5  | PASS
PCA32+VecWeighted        | 0.0283 | 0.0370 | 0.0280 | 0.0500 | 0.0268   | 0.0257   | 837     | 0.0418  | 66.2  | PASS
StabilizedWhitenedCosine | 0.5976 | 0.0575 | 0.5940 | 0.0500 | 0.5040   | 0.0904   | 837     | 0.6899  | 63.8  | FAIL

[trial=33 seed=76] GLOBAL mode — total_samples=200000
  total: h0=82063 h1=15019
  pooled_train:  n0=1270 n1=1270
  pooled_calib:  n0=1000 n1=1000
  pooled_eval:   n0=1270 n1=1270
  regions (for macro stats only): 1103
[INFO] Cosine baseline routed to direct Hadamard sum (PrecomputedCosine)
[INFO] WeightedEnsemble Cosine judge routed to direct Hadamard sum
  [Ensemble] Judges routed to 'alt' input: PrecomputedCosine
[WeightedEnsemble] Fitted weights (alpha=0.0500, external calib):
  tau=0.8304, Pooled external calib: TPR=0.6070, FPR=0.0500
  PrecomputedCosine   : +0.2204
  PCAWhitenedCosine   : +0.3145
  XGBoost             : +0.1972
  Tiny MLP            : +0.2559
  LDA                 : +0.0120

Method                   | TPR    | FPR    | TrTPR  | TrFPR  | MacroTPR | MacroFPR | Regions | TauMean | ms    | OK? 
---------------------------------------------------------------------------------------------------------------------
Cosine                   | 0.4701 | 0.0472 | 0.4920 | 0.0500 | 0.4305   | 0.0703   | 853     | 0.9554  | 72.6  | PASS
AndBox-HC                | 0.4283 | 0.0551 | 0.4440 | 0.0500 | 0.3800   | 0.0753   | 853     | 0.0001  | 47.3  | FAIL
PCAWhitenedCosine        | 0.5638 | 0.0614 | 0.5870 | 0.0500 | 0.4703   | 0.0955   | 853     | 0.8390  | 56.7  | FAIL
Vec (Wgt)                | 0.4913 | 0.0496 | 0.5250 | 0.0500 | 0.4392   | 0.0749   | 853     | 0.9415  | 57.8  | PASS
Log Reg                  | 0.2724 | 0.0551 | 0.2820 | 0.0500 | 0.2255   | 0.0783   | 853     | 0.5104  | 71.1  | FAIL
LDA                      | 0.5299 | 0.0543 | 0.5350 | 0.0500 | 0.4501   | 0.0843   | 853     | 3.6313  | 63.3  | FAIL
Tiny MLP                 | 0.5543 | 0.0567 | 0.5760 | 0.0500 | 0.4604   | 0.0888   | 853     | 0.8567  | 220.7 | FAIL
MultiProtoCosine         | 0.0945 | 0.0622 | 0.1000 | 0.0500 | 0.0732   | 0.0622   | 853     | 0.9225  | 78.1  | FAIL
WeightedEnsemble         | 0.5780 | 0.0614 | 0.6070 | 0.0500 | 0.4849   | 0.0970   | 853     | 0.8304  | 269.6 | FAIL
XGBoost                  | 0.5323 | 0.0496 | 0.5550 | 0.0500 | 0.4680   | 0.0771   | 853     | 0.6755  | 77.4  | PASS
LDA1+LogReg              | 0.2732 | 0.0551 | 0.2830 | 0.0500 | 0.2258   | 0.0783   | 853     | 0.5104  | 66.4  | FAIL
PCA16+LogReg             | 0.2772 | 0.0512 | 0.2790 | 0.0500 | 0.2237   | 0.0699   | 853     | 0.5101  | 71.0  | FAIL
PCA32+LogReg             | 0.2772 | 0.0559 | 0.2890 | 0.0500 | 0.2267   | 0.0789   | 853     | 0.5099  | 71.6  | FAIL
PCA16+VecWeighted        | 0.0803 | 0.0402 | 0.0750 | 0.0500 | 0.0689   | 0.0374   | 853     | 0.0299  | 66.8  | PASS
PCA32+VecWeighted        | 0.0567 | 0.0283 | 0.0550 | 0.0500 | 0.0601   | 0.0263   | 853     | 0.0372  | 68.4  | PASS
StabilizedWhitenedCosine | 0.5693 | 0.0504 | 0.5940 | 0.0500 | 0.4732   | 0.0826   | 853     | 0.8323  | 65.3  | FAIL

[trial=34 seed=77] GLOBAL mode — total_samples=200000
  total: h0=82063 h1=15019
  pooled_train:  n0=1270 n1=1270
  pooled_calib:  n0=1000 n1=1000
  pooled_eval:   n0=1270 n1=1270
  regions (for macro stats only): 1103
[INFO] Cosine baseline routed to direct Hadamard sum (PrecomputedCosine)
[INFO] WeightedEnsemble Cosine judge routed to direct Hadamard sum
  [Ensemble] Judges routed to 'alt' input: PrecomputedCosine
[WeightedEnsemble] Fitted weights (alpha=0.0500, external calib):
  tau=0.8001, Pooled external calib: TPR=0.5670, FPR=0.0500
  PrecomputedCosine   : +0.2610
  PCAWhitenedCosine   : +0.2348
  XGBoost             : +0.2127
  Tiny MLP            : +0.2846
  LDA                 : +0.0070

Method                   | TPR    | FPR    | TrTPR  | TrFPR  | MacroTPR | MacroFPR | Regions | TauMean | ms    | OK? 
---------------------------------------------------------------------------------------------------------------------
Cosine                   | 0.4976 | 0.0504 | 0.4660 | 0.0500 | 0.4584   | 0.0797   | 850     | 0.9487  | 84.5  | FAIL
AndBox-HC                | 0.3843 | 0.0370 | 0.3640 | 0.0500 | 0.3523   | 0.0534   | 850     | 0.0000  | 42.0  | PASS
PCAWhitenedCosine        | 0.5362 | 0.0543 | 0.5260 | 0.0500 | 0.4352   | 0.0872   | 850     | 0.8730  | 57.1  | FAIL
Vec (Wgt)                | 0.5417 | 0.0591 | 0.5080 | 0.0500 | 0.4958   | 0.0940   | 850     | 0.9298  | 57.7  | FAIL
Log Reg                  | 0.2890 | 0.0606 | 0.2610 | 0.0500 | 0.2431   | 0.0806   | 850     | 0.5091  | 71.2  | FAIL
LDA                      | 0.4984 | 0.0449 | 0.4700 | 0.0500 | 0.3800   | 0.0667   | 850     | 3.6527  | 63.9  | PASS
Tiny MLP                 | 0.5362 | 0.0583 | 0.4980 | 0.0500 | 0.4069   | 0.0889   | 850     | 0.8799  | 222.4 | FAIL
MultiProtoCosine         | 0.0866 | 0.0504 | 0.1090 | 0.0500 | 0.0685   | 0.0593   | 850     | 0.9250  | 77.5  | FAIL
WeightedEnsemble         | 0.6031 | 0.0520 | 0.5670 | 0.0500 | 0.5030   | 0.0846   | 850     | 0.8001  | 269.5 | FAIL
XGBoost                  | 0.5409 | 0.0543 | 0.5040 | 0.0500 | 0.4861   | 0.0797   | 850     | 0.6761  | 76.6  | FAIL
LDA1+LogReg              | 0.2906 | 0.0606 | 0.2610 | 0.0500 | 0.2437   | 0.0806   | 850     | 0.5091  | 65.1  | FAIL
PCA16+LogReg             | 0.2906 | 0.0583 | 0.2720 | 0.0500 | 0.2429   | 0.0787   | 850     | 0.5089  | 69.3  | FAIL
PCA32+LogReg             | 0.2850 | 0.0575 | 0.2600 | 0.0500 | 0.2406   | 0.0770   | 850     | 0.5089  | 71.3  | FAIL
PCA16+VecWeighted        | 0.2000 | 0.0606 | 0.1680 | 0.0500 | 0.1627   | 0.0716   | 850     | 0.0251  | 64.4  | FAIL
PCA32+VecWeighted        | 0.1795 | 0.0520 | 0.1770 | 0.0500 | 0.1536   | 0.0597   | 850     | 0.0293  | 66.2  | FAIL
StabilizedWhitenedCosine | 0.5425 | 0.0520 | 0.5270 | 0.0500 | 0.4503   | 0.0845   | 850     | 0.8333  | 62.1  | FAIL

[trial=35 seed=78] GLOBAL mode — total_samples=200000
  total: h0=82063 h1=15019
  pooled_train:  n0=1270 n1=1270
  pooled_calib:  n0=1000 n1=1000
  pooled_eval:   n0=1270 n1=1270
  regions (for macro stats only): 1103
[INFO] Cosine baseline routed to direct Hadamard sum (PrecomputedCosine)
[INFO] WeightedEnsemble Cosine judge routed to direct Hadamard sum
  [Ensemble] Judges routed to 'alt' input: PrecomputedCosine
[WeightedEnsemble] Fitted weights (alpha=0.0500, external calib):
  tau=1.1722, Pooled external calib: TPR=0.5400, FPR=0.0500
  PrecomputedCosine   : +0.1270
  PCAWhitenedCosine   : +0.4131
  XGBoost             : +0.2315
  Tiny MLP            : +0.0777
  LDA                 : +0.1507

Method                   | TPR    | FPR    | TrTPR  | TrFPR  | MacroTPR | MacroFPR | Regions | TauMean | ms    | OK? 
---------------------------------------------------------------------------------------------------------------------
Cosine                   | 0.4213 | 0.0346 | 0.4270 | 0.0500 | 0.3850   | 0.0474   | 871     | 0.9717  | 68.3  | PASS
AndBox-HC                | 0.3244 | 0.0449 | 0.3340 | 0.0500 | 0.2866   | 0.0590   | 871     | 0.0000  | 53.2  | PASS
PCAWhitenedCosine        | 0.4921 | 0.0378 | 0.4680 | 0.0500 | 0.3986   | 0.0515   | 871     | 1.0436  | 58.6  | PASS
Vec (Wgt)                | 0.4622 | 0.0457 | 0.4830 | 0.0500 | 0.4162   | 0.0649   | 871     | 0.9532  | 58.5  | PASS
Log Reg                  | 0.2394 | 0.0528 | 0.2380 | 0.0500 | 0.2084   | 0.0700   | 871     | 0.5106  | 71.6  | FAIL
LDA                      | 0.5299 | 0.0394 | 0.4950 | 0.0500 | 0.4230   | 0.0602   | 871     | 3.8508  | 63.4  | PASS
Tiny MLP                 | 0.5575 | 0.0504 | 0.5180 | 0.0500 | 0.4478   | 0.0710   | 871     | 0.8497  | 223.3 | FAIL
MultiProtoCosine         | 0.0835 | 0.0535 | 0.0980 | 0.0500 | 0.0744   | 0.0656   | 871     | 0.9210  | 77.0  | FAIL
WeightedEnsemble         | 0.5843 | 0.0488 | 0.5400 | 0.0500 | 0.4778   | 0.0702   | 871     | 1.1722  | 270.1 | PASS
XGBoost                  | 0.4307 | 0.0378 | 0.4490 | 0.0500 | 0.3766   | 0.0516   | 871     | 0.7364  | 77.0  | PASS
LDA1+LogReg              | 0.2402 | 0.0528 | 0.2390 | 0.0500 | 0.2088   | 0.0700   | 871     | 0.5106  | 67.3  | FAIL
PCA16+LogReg             | 0.2488 | 0.0535 | 0.2450 | 0.0500 | 0.2146   | 0.0721   | 871     | 0.5101  | 69.8  | FAIL
PCA32+LogReg             | 0.2425 | 0.0512 | 0.2470 | 0.0500 | 0.2110   | 0.0690   | 871     | 0.5103  | 71.4  | FAIL
PCA16+VecWeighted        | 0.1268 | 0.0504 | 0.1150 | 0.0500 | 0.0871   | 0.0601   | 871     | 0.0292  | 68.1  | FAIL
PCA32+VecWeighted        | 0.0906 | 0.0567 | 0.0850 | 0.0500 | 0.0636   | 0.0670   | 871     | 0.0354  | 68.9  | FAIL
StabilizedWhitenedCosine | 0.5276 | 0.0465 | 0.5220 | 0.0500 | 0.4440   | 0.0693   | 871     | 0.9146  | 66.0  | PASS

[trial=36 seed=79] GLOBAL mode — total_samples=200000
  total: h0=82063 h1=15019
  pooled_train:  n0=1270 n1=1270
  pooled_calib:  n0=1000 n1=1000
  pooled_eval:   n0=1270 n1=1270
  regions (for macro stats only): 1103
[INFO] Cosine baseline routed to direct Hadamard sum (PrecomputedCosine)
[INFO] WeightedEnsemble Cosine judge routed to direct Hadamard sum
  [Ensemble] Judges routed to 'alt' input: PrecomputedCosine
[WeightedEnsemble] Fitted weights (alpha=0.0500, external calib):
  tau=0.8271, Pooled external calib: TPR=0.5710, FPR=0.0500
  PrecomputedCosine   : +0.2610
  PCAWhitenedCosine   : +0.2348
  XGBoost             : +0.2127
  Tiny MLP            : +0.2846
  LDA                 : +0.0070

Method                   | TPR    | FPR    | TrTPR  | TrFPR  | MacroTPR | MacroFPR | Regions | TauMean | ms    | OK? 
---------------------------------------------------------------------------------------------------------------------
Cosine                   | 0.4583 | 0.0535 | 0.4270 | 0.0490 | 0.4190   | 0.0670   | 849     | 0.9642  | 60.5  | FAIL
AndBox-HC                | 0.3764 | 0.0441 | 0.3480 | 0.0500 | 0.3430   | 0.0552   | 849     | 0.0000  | 57.4  | PASS
PCAWhitenedCosine        | 0.5520 | 0.0598 | 0.5520 | 0.0500 | 0.4602   | 0.0762   | 849     | 0.9370  | 56.7  | FAIL
Vec (Wgt)                | 0.5173 | 0.0606 | 0.4830 | 0.0500 | 0.4660   | 0.0793   | 849     | 0.9405  | 57.4  | FAIL
Log Reg                  | 0.2268 | 0.0512 | 0.2230 | 0.0500 | 0.2004   | 0.0622   | 849     | 0.5115  | 70.3  | FAIL
LDA                      | 0.5551 | 0.0551 | 0.5280 | 0.0500 | 0.4534   | 0.0721   | 849     | 3.3349  | 63.5  | FAIL
Tiny MLP                 | 0.5386 | 0.0394 | 0.5050 | 0.0500 | 0.4401   | 0.0539   | 849     | 0.8717  | 222.4 | PASS
MultiProtoCosine         | 0.0756 | 0.0504 | 0.0870 | 0.0500 | 0.0624   | 0.0586   | 849     | 0.9240  | 76.9  | FAIL
WeightedEnsemble         | 0.5890 | 0.0543 | 0.5710 | 0.0500 | 0.4938   | 0.0688   | 849     | 0.8271  | 268.6 | FAIL
XGBoost                  | 0.5402 | 0.0622 | 0.4870 | 0.0500 | 0.4768   | 0.0843   | 849     | 0.6897  | 76.5  | FAIL
LDA1+LogReg              | 0.2268 | 0.0512 | 0.2240 | 0.0500 | 0.2004   | 0.0622   | 849     | 0.5115  | 66.4  | FAIL
PCA16+LogReg             | 0.2370 | 0.0551 | 0.2330 | 0.0500 | 0.2015   | 0.0674   | 849     | 0.5111  | 68.9  | FAIL
PCA32+LogReg             | 0.2362 | 0.0512 | 0.2300 | 0.0500 | 0.2044   | 0.0631   | 849     | 0.5111  | 70.9  | FAIL
PCA16+VecWeighted        | 0.1866 | 0.0512 | 0.1770 | 0.0500 | 0.1632   | 0.0613   | 849     | 0.0271  | 68.0  | FAIL
PCA32+VecWeighted        | 0.2181 | 0.0717 | 0.1900 | 0.0500 | 0.1865   | 0.0744   | 849     | 0.0274  | 69.2  | FAIL
StabilizedWhitenedCosine | 0.5425 | 0.0488 | 0.5170 | 0.0500 | 0.4563   | 0.0662   | 849     | 1.0019  | 64.5  | PASS

[trial=37 seed=80] GLOBAL mode — total_samples=200000
  total: h0=82063 h1=15019
  pooled_train:  n0=1270 n1=1270
  pooled_calib:  n0=1000 n1=1000
  pooled_eval:   n0=1270 n1=1270
  regions (for macro stats only): 1103
[INFO] Cosine baseline routed to direct Hadamard sum (PrecomputedCosine)
[INFO] WeightedEnsemble Cosine judge routed to direct Hadamard sum
  [Ensemble] Judges routed to 'alt' input: PrecomputedCosine
[WeightedEnsemble] Fitted weights (alpha=0.0500, external calib):
  tau=1.2257, Pooled external calib: TPR=0.5590, FPR=0.0500
  PrecomputedCosine   : +0.2584
  PCAWhitenedCosine   : +0.1385
  XGBoost             : +0.1296
  Tiny MLP            : +0.3539
  LDA                 : +0.1196

Method                   | TPR    | FPR    | TrTPR  | TrFPR  | MacroTPR | MacroFPR | Regions | TauMean | ms    | OK? 
---------------------------------------------------------------------------------------------------------------------
Cosine                   | 0.4331 | 0.0465 | 0.4560 | 0.0500 | 0.3902   | 0.0726   | 869     | 0.9663  | 62.9  | PASS
AndBox-HC                | 0.4331 | 0.0535 | 0.4380 | 0.0500 | 0.3983   | 0.0792   | 869     | 0.0000  | 59.6  | FAIL
PCAWhitenedCosine        | 0.5079 | 0.0457 | 0.5110 | 0.0500 | 0.4020   | 0.0652   | 869     | 1.0939  | 61.3  | PASS
Vec (Wgt)                | 0.4559 | 0.0402 | 0.4680 | 0.0500 | 0.3895   | 0.0618   | 869     | 0.9609  | 60.8  | PASS
Log Reg                  | 0.2622 | 0.0488 | 0.2860 | 0.0500 | 0.2152   | 0.0608   | 869     | 0.5101  | 75.9  | PASS
LDA                      | 0.5252 | 0.0614 | 0.5260 | 0.0500 | 0.4271   | 0.0886   | 869     | 4.1522  | 66.1  | FAIL
Tiny MLP                 | 0.5157 | 0.0520 | 0.5040 | 0.0500 | 0.4184   | 0.0728   | 869     | 0.9174  | 227.8 | FAIL
MultiProtoCosine         | 0.0874 | 0.0543 | 0.1070 | 0.0500 | 0.0649   | 0.0602   | 869     | 0.9213  | 81.5  | FAIL
WeightedEnsemble         | 0.5583 | 0.0559 | 0.5590 | 0.0500 | 0.4614   | 0.0810   | 869     | 1.2257  | 277.2 | FAIL
XGBoost                  | 0.4969 | 0.0520 | 0.5000 | 0.0500 | 0.4182   | 0.0820   | 869     | 0.7147  | 78.3  | FAIL
LDA1+LogReg              | 0.2622 | 0.0488 | 0.2860 | 0.0500 | 0.2152   | 0.0608   | 869     | 0.5101  | 68.7  | PASS
PCA16+LogReg             | 0.2654 | 0.0472 | 0.2820 | 0.0500 | 0.2191   | 0.0585   | 869     | 0.5097  | 72.2  | PASS
PCA32+LogReg             | 0.2756 | 0.0512 | 0.2910 | 0.0500 | 0.2272   | 0.0645   | 869     | 0.5095  | 76.6  | FAIL
PCA16+VecWeighted        | 0.0504 | 0.0614 | 0.0510 | 0.0500 | 0.0593   | 0.0689   | 869     | 0.0310  | 70.2  | FAIL
PCA32+VecWeighted        | 0.1142 | 0.0693 | 0.0960 | 0.0500 | 0.1035   | 0.0838   | 869     | 0.0331  | 71.6  | FAIL
StabilizedWhitenedCosine | 0.4646 | 0.0394 | 0.4620 | 0.0500 | 0.3648   | 0.0550   | 869     | 1.2057  | 67.4  | PASS

[trial=38 seed=81] GLOBAL mode — total_samples=200000
  total: h0=82063 h1=15019
  pooled_train:  n0=1270 n1=1270
  pooled_calib:  n0=1000 n1=1000
  pooled_eval:   n0=1270 n1=1270
  regions (for macro stats only): 1103
[INFO] Cosine baseline routed to direct Hadamard sum (PrecomputedCosine)
[INFO] WeightedEnsemble Cosine judge routed to direct Hadamard sum
  [Ensemble] Judges routed to 'alt' input: PrecomputedCosine
[WeightedEnsemble] Fitted weights (alpha=0.0500, external calib):
  tau=0.9435, Pooled external calib: TPR=0.5710, FPR=0.0500
  PrecomputedCosine   : +0.4323
  PCAWhitenedCosine   : +0.1110
  XGBoost             : +0.2003
  Tiny MLP            : +0.2025
  LDA                 : +0.0539

Method                   | TPR    | FPR    | TrTPR  | TrFPR  | MacroTPR | MacroFPR | Regions | TauMean | ms    | OK? 
---------------------------------------------------------------------------------------------------------------------
Cosine                   | 0.4913 | 0.0654 | 0.4660 | 0.0500 | 0.4442   | 0.0852   | 866     | 0.9454  | 83.8  | FAIL
AndBox-HC                | 0.4512 | 0.0575 | 0.4180 | 0.0500 | 0.4125   | 0.0711   | 866     | 0.0000  | 42.7  | FAIL
PCAWhitenedCosine        | 0.5701 | 0.0520 | 0.5460 | 0.0500 | 0.4601   | 0.0731   | 866     | 0.8963  | 58.9  | FAIL
Vec (Wgt)                | 0.5402 | 0.0606 | 0.5060 | 0.0500 | 0.4854   | 0.0832   | 866     | 0.9297  | 59.6  | FAIL
Log Reg                  | 0.2520 | 0.0465 | 0.2140 | 0.0500 | 0.2113   | 0.0608   | 866     | 0.5104  | 71.0  | PASS
LDA                      | 0.5378 | 0.0465 | 0.5000 | 0.0500 | 0.4421   | 0.0671   | 866     | 3.5225  | 64.2  | PASS
Tiny MLP                 | 0.5575 | 0.0512 | 0.5220 | 0.0500 | 0.4586   | 0.0740   | 866     | 0.8722  | 222.3 | FAIL
MultiProtoCosine         | 0.0913 | 0.0386 | 0.0910 | 0.0500 | 0.0755   | 0.0430   | 866     | 0.9247  | 78.1  | PASS
WeightedEnsemble         | 0.5961 | 0.0512 | 0.5710 | 0.0500 | 0.4971   | 0.0741   | 866     | 0.9435  | 270.1 | FAIL
XGBoost                  | 0.5205 | 0.0622 | 0.4970 | 0.0500 | 0.4450   | 0.0793   | 866     | 0.6969  | 76.7  | FAIL
LDA1+LogReg              | 0.2520 | 0.0472 | 0.2140 | 0.0500 | 0.2113   | 0.0625   | 866     | 0.5104  | 65.9  | PASS
PCA16+LogReg             | 0.2740 | 0.0543 | 0.2400 | 0.0500 | 0.2251   | 0.0698   | 866     | 0.5098  | 68.7  | FAIL
PCA32+LogReg             | 0.2669 | 0.0512 | 0.2320 | 0.0500 | 0.2198   | 0.0657   | 866     | 0.5099  | 71.4  | FAIL
PCA16+VecWeighted        | 0.1228 | 0.0386 | 0.1200 | 0.0500 | 0.1227   | 0.0490   | 866     | 0.0315  | 67.2  | PASS
PCA32+VecWeighted        | 0.1614 | 0.0520 | 0.1340 | 0.0500 | 0.1385   | 0.0610   | 866     | 0.0332  | 69.0  | FAIL
StabilizedWhitenedCosine | 0.5717 | 0.0520 | 0.5550 | 0.0500 | 0.4686   | 0.0720   | 866     | 0.8659  | 65.4  | FAIL

[trial=39 seed=82] GLOBAL mode — total_samples=200000
  total: h0=82063 h1=15019
  pooled_train:  n0=1270 n1=1270
  pooled_calib:  n0=1000 n1=1000
  pooled_eval:   n0=1270 n1=1270
  regions (for macro stats only): 1103
[INFO] Cosine baseline routed to direct Hadamard sum (PrecomputedCosine)
[INFO] WeightedEnsemble Cosine judge routed to direct Hadamard sum
  [Ensemble] Judges routed to 'alt' input: PrecomputedCosine
[WeightedEnsemble] Fitted weights (alpha=0.0500, external calib):
  tau=1.0634, Pooled external calib: TPR=0.5980, FPR=0.0500
  PrecomputedCosine   : +0.0156
  PCAWhitenedCosine   : +0.2410
  XGBoost             : +0.1453
  Tiny MLP            : +0.4189
  LDA                 : +0.1793

Method                   | TPR    | FPR    | TrTPR  | TrFPR  | MacroTPR | MacroFPR | Regions | TauMean | ms    | OK? 
---------------------------------------------------------------------------------------------------------------------
Cosine                   | 0.4756 | 0.0504 | 0.4650 | 0.0500 | 0.4464   | 0.0696   | 858     | 0.9511  | 82.7  | FAIL
AndBox-HC                | 0.4661 | 0.0559 | 0.4590 | 0.0500 | 0.4419   | 0.0780   | 858     | -0.0000 | 43.3  | FAIL
PCAWhitenedCosine        | 0.5291 | 0.0386 | 0.5050 | 0.0500 | 0.4230   | 0.0565   | 858     | 0.9371  | 57.3  | PASS
Vec (Wgt)                | 0.5142 | 0.0535 | 0.5150 | 0.0500 | 0.4799   | 0.0819   | 858     | 0.9328  | 58.0  | FAIL
Log Reg                  | 0.2559 | 0.0559 | 0.2660 | 0.0500 | 0.2363   | 0.0747   | 858     | 0.5098  | 69.6  | FAIL
LDA                      | 0.5441 | 0.0543 | 0.5390 | 0.0500 | 0.4270   | 0.0732   | 858     | 3.1870  | 63.0  | FAIL
Tiny MLP                 | 0.5874 | 0.0535 | 0.5710 | 0.0500 | 0.4660   | 0.0729   | 858     | 0.8050  | 222.0 | FAIL
MultiProtoCosine         | 0.0583 | 0.0472 | 0.0720 | 0.0500 | 0.0547   | 0.0524   | 858     | 0.9243  | 76.5  | PASS
WeightedEnsemble         | 0.6016 | 0.0614 | 0.5980 | 0.0500 | 0.4898   | 0.0822   | 858     | 1.0634  | 268.4 | FAIL
XGBoost                  | 0.5063 | 0.0504 | 0.5050 | 0.0500 | 0.4606   | 0.0707   | 858     | 0.6764  | 76.1  | FAIL
LDA1+LogReg              | 0.2535 | 0.0551 | 0.2650 | 0.0500 | 0.2352   | 0.0739   | 858     | 0.5099  | 65.9  | FAIL
PCA16+LogReg             | 0.2551 | 0.0551 | 0.2620 | 0.0500 | 0.2391   | 0.0725   | 858     | 0.5094  | 69.1  | FAIL
PCA32+LogReg             | 0.2520 | 0.0551 | 0.2620 | 0.0500 | 0.2336   | 0.0739   | 858     | 0.5095  | 70.9  | FAIL
PCA16+VecWeighted        | 0.0567 | 0.0480 | 0.0550 | 0.0500 | 0.0623   | 0.0474   | 858     | 0.0291  | 66.2  | PASS
PCA32+VecWeighted        | 0.0661 | 0.0472 | 0.0750 | 0.0500 | 0.0584   | 0.0408   | 858     | 0.0355  | 67.7  | PASS
StabilizedWhitenedCosine | 0.5480 | 0.0402 | 0.5340 | 0.0500 | 0.4509   | 0.0615   | 858     | 0.8421  | 63.5  | PASS

[trial=40 seed=83] GLOBAL mode — total_samples=200000
  total: h0=82063 h1=15019
  pooled_train:  n0=1270 n1=1270
  pooled_calib:  n0=1000 n1=1000
  pooled_eval:   n0=1270 n1=1270
  regions (for macro stats only): 1103
[INFO] Cosine baseline routed to direct Hadamard sum (PrecomputedCosine)
[INFO] WeightedEnsemble Cosine judge routed to direct Hadamard sum
  [Ensemble] Judges routed to 'alt' input: PrecomputedCosine
[WeightedEnsemble] Fitted weights (alpha=0.0500, external calib):
  tau=0.8832, Pooled external calib: TPR=0.6110, FPR=0.0500
  PrecomputedCosine   : +0.4323
  PCAWhitenedCosine   : +0.1110
  XGBoost             : +0.2003
  Tiny MLP            : +0.2025
  LDA                 : +0.0539

Method                   | TPR    | FPR    | TrTPR  | TrFPR  | MacroTPR | MacroFPR | Regions | TauMean | ms    | OK? 
---------------------------------------------------------------------------------------------------------------------
Cosine                   | 0.4953 | 0.0512 | 0.4780 | 0.0500 | 0.4589   | 0.0766   | 868     | 0.9492  | 108.3 | FAIL
AndBox-HC                | 0.4354 | 0.0606 | 0.4480 | 0.0500 | 0.4086   | 0.0876   | 868     | -0.0000 | 34.6  | FAIL
PCAWhitenedCosine        | 0.5709 | 0.0551 | 0.5480 | 0.0500 | 0.4833   | 0.0805   | 868     | 0.8308  | 60.2  | FAIL
Vec (Wgt)                | 0.5378 | 0.0543 | 0.5260 | 0.0500 | 0.4995   | 0.0833   | 868     | 0.9264  | 61.1  | FAIL
Log Reg                  | 0.2512 | 0.0402 | 0.2140 | 0.0500 | 0.2139   | 0.0613   | 868     | 0.5114  | 74.5  | PASS
LDA                      | 0.5803 | 0.0606 | 0.5650 | 0.0500 | 0.4901   | 0.0829   | 868     | 2.9604  | 65.9  | FAIL
Tiny MLP                 | 0.5677 | 0.0614 | 0.5510 | 0.0500 | 0.4883   | 0.0890   | 868     | 0.8737  | 225.9 | FAIL
MultiProtoCosine         | 0.0906 | 0.0409 | 0.0900 | 0.0500 | 0.0767   | 0.0474   | 868     | 0.9252  | 78.3  | PASS
WeightedEnsemble         | 0.6213 | 0.0638 | 0.6110 | 0.0500 | 0.5352   | 0.0936   | 868     | 0.8832  | 271.2 | FAIL
XGBoost                  | 0.5339 | 0.0567 | 0.5340 | 0.0500 | 0.4791   | 0.0822   | 868     | 0.6772  | 76.2  | FAIL
LDA1+LogReg              | 0.2520 | 0.0409 | 0.2160 | 0.0500 | 0.2141   | 0.0630   | 868     | 0.5114  | 67.1  | PASS
PCA16+LogReg             | 0.2417 | 0.0402 | 0.2120 | 0.0500 | 0.2052   | 0.0600   | 868     | 0.5113  | 70.0  | PASS
PCA32+LogReg             | 0.2528 | 0.0394 | 0.2190 | 0.0500 | 0.2131   | 0.0596   | 868     | 0.5110  | 72.5  | PASS
PCA16+VecWeighted        | 0.0780 | 0.0402 | 0.0670 | 0.0500 | 0.0595   | 0.0431   | 868     | 0.0275  | 67.4  | PASS
PCA32+VecWeighted        | 0.1031 | 0.0488 | 0.0980 | 0.0500 | 0.0880   | 0.0635   | 868     | 0.0319  | 70.0  | PASS
StabilizedWhitenedCosine | 0.6039 | 0.0598 | 0.5950 | 0.0500 | 0.5229   | 0.0846   | 868     | 0.7129  | 66.8  | FAIL

[trial=41 seed=84] GLOBAL mode — total_samples=200000
  total: h0=82063 h1=15019
  pooled_train:  n0=1270 n1=1270
  pooled_calib:  n0=1000 n1=1000
  pooled_eval:   n0=1270 n1=1270
  regions (for macro stats only): 1103
[INFO] Cosine baseline routed to direct Hadamard sum (PrecomputedCosine)
[INFO] WeightedEnsemble Cosine judge routed to direct Hadamard sum
  [Ensemble] Judges routed to 'alt' input: PrecomputedCosine
[WeightedEnsemble] Fitted weights (alpha=0.0500, external calib):
  tau=0.7855, Pooled external calib: TPR=0.5460, FPR=0.0500
  PrecomputedCosine   : +0.1369
  PCAWhitenedCosine   : +0.3322
  XGBoost             : +0.4468
  Tiny MLP            : +0.0732
  LDA                 : +0.0110

Method                   | TPR    | FPR    | TrTPR  | TrFPR  | MacroTPR | MacroFPR | Regions | TauMean | ms    | OK? 
---------------------------------------------------------------------------------------------------------------------
Cosine                   | 0.5047 | 0.0543 | 0.4850 | 0.0500 | 0.4818   | 0.0743   | 872     | 0.9442  | 78.2  | FAIL
AndBox-HC                | 0.4331 | 0.0575 | 0.4010 | 0.0500 | 0.4125   | 0.0707   | 872     | -0.0000 | 47.0  | FAIL
PCAWhitenedCosine        | 0.5504 | 0.0394 | 0.5060 | 0.0500 | 0.4610   | 0.0543   | 872     | 0.9221  | 59.5  | PASS
Vec (Wgt)                | 0.5134 | 0.0449 | 0.5000 | 0.0500 | 0.4869   | 0.0657   | 872     | 0.9408  | 59.4  | PASS
Log Reg                  | 0.2323 | 0.0417 | 0.2370 | 0.0500 | 0.2113   | 0.0634   | 872     | 0.5108  | 71.1  | PASS
LDA                      | 0.5173 | 0.0551 | 0.4890 | 0.0500 | 0.4182   | 0.0694   | 872     | 3.7272  | 64.6  | FAIL
Tiny MLP                 | 0.4740 | 0.0457 | 0.4520 | 0.0500 | 0.3979   | 0.0571   | 872     | 0.9264  | 224.4 | PASS
MultiProtoCosine         | 0.0567 | 0.0402 | 0.0680 | 0.0500 | 0.0515   | 0.0431   | 872     | 0.9242  | 77.8  | PASS
WeightedEnsemble         | 0.5874 | 0.0472 | 0.5460 | 0.0500 | 0.5084   | 0.0663   | 872     | 0.7855  | 271.6 | PASS
XGBoost                  | 0.5331 | 0.0488 | 0.5250 | 0.0500 | 0.4869   | 0.0663   | 872     | 0.6833  | 76.0  | PASS
LDA1+LogReg              | 0.2394 | 0.0417 | 0.2470 | 0.0500 | 0.2135   | 0.0634   | 872     | 0.5107  | 66.6  | PASS
PCA16+LogReg             | 0.2512 | 0.0457 | 0.2590 | 0.0500 | 0.2248   | 0.0674   | 872     | 0.5101  | 71.4  | PASS
PCA32+LogReg             | 0.2598 | 0.0472 | 0.2670 | 0.0500 | 0.2349   | 0.0694   | 872     | 0.5100  | 72.9  | PASS
PCA16+VecWeighted        | 0.1315 | 0.0449 | 0.1200 | 0.0500 | 0.1215   | 0.0593   | 872     | 0.0283  | 68.9  | PASS
PCA32+VecWeighted        | 0.1268 | 0.0425 | 0.1240 | 0.0500 | 0.1079   | 0.0517   | 872     | 0.0324  | 69.7  | PASS
StabilizedWhitenedCosine | 0.5252 | 0.0417 | 0.4980 | 0.0500 | 0.4439   | 0.0607   | 872     | 0.9629  | 65.2  | PASS

[trial=42 seed=85] GLOBAL mode — total_samples=200000
  total: h0=82063 h1=15019
  pooled_train:  n0=1270 n1=1270
  pooled_calib:  n0=1000 n1=1000
  pooled_eval:   n0=1270 n1=1270
  regions (for macro stats only): 1103
[INFO] Cosine baseline routed to direct Hadamard sum (PrecomputedCosine)
[INFO] WeightedEnsemble Cosine judge routed to direct Hadamard sum
  [Ensemble] Judges routed to 'alt' input: PrecomputedCosine
[WeightedEnsemble] Fitted weights (alpha=0.0500, external calib):
  tau=0.7448, Pooled external calib: TPR=0.6100, FPR=0.0500
  PrecomputedCosine   : +0.1369
  PCAWhitenedCosine   : +0.3322
  XGBoost             : +0.4468
  Tiny MLP            : +0.0732
  LDA                 : +0.0110

Method                   | TPR    | FPR    | TrTPR  | TrFPR  | MacroTPR | MacroFPR | Regions | TauMean | ms    | OK? 
---------------------------------------------------------------------------------------------------------------------
Cosine                   | 0.4701 | 0.0417 | 0.4750 | 0.0500 | 0.4106   | 0.0598   | 844     | 0.9613  | 71.0  | PASS
AndBox-HC                | 0.4142 | 0.0504 | 0.4300 | 0.0500 | 0.3815   | 0.0713   | 844     | 0.0000  | 48.8  | FAIL
PCAWhitenedCosine        | 0.5709 | 0.0583 | 0.5800 | 0.0500 | 0.4823   | 0.0812   | 844     | 0.8377  | 57.8  | FAIL
Vec (Wgt)                | 0.4976 | 0.0441 | 0.5200 | 0.0500 | 0.4311   | 0.0641   | 844     | 0.9413  | 58.1  | PASS
Log Reg                  | 0.2465 | 0.0441 | 0.2310 | 0.0500 | 0.2085   | 0.0640   | 844     | 0.5100  | 69.6  | PASS
LDA                      | 0.5472 | 0.0496 | 0.5580 | 0.0500 | 0.4468   | 0.0685   | 844     | 3.0205  | 63.2  | PASS
Tiny MLP                 | 0.5614 | 0.0496 | 0.5890 | 0.0500 | 0.4641   | 0.0718   | 844     | 0.8220  | 222.5 | PASS
MultiProtoCosine         | 0.0835 | 0.0543 | 0.1050 | 0.0500 | 0.0743   | 0.0648   | 844     | 0.9243  | 78.4  | FAIL
WeightedEnsemble         | 0.6118 | 0.0535 | 0.6100 | 0.0500 | 0.5134   | 0.0804   | 844     | 0.7448  | 270.4 | FAIL
XGBoost                  | 0.5142 | 0.0528 | 0.5270 | 0.0500 | 0.4353   | 0.0749   | 844     | 0.6872  | 76.5  | FAIL
LDA1+LogReg              | 0.2465 | 0.0441 | 0.2310 | 0.0500 | 0.2085   | 0.0640   | 844     | 0.5101  | 65.5  | PASS
PCA16+LogReg             | 0.2496 | 0.0441 | 0.2400 | 0.0500 | 0.2124   | 0.0637   | 844     | 0.5096  | 69.3  | PASS
PCA32+LogReg             | 0.2496 | 0.0433 | 0.2410 | 0.0500 | 0.2102   | 0.0617   | 844     | 0.5095  | 70.6  | PASS
PCA16+VecWeighted        | 0.0512 | 0.0488 | 0.0590 | 0.0500 | 0.0587   | 0.0644   | 844     | 0.0323  | 65.3  | PASS
PCA32+VecWeighted        | 0.0465 | 0.0559 | 0.0550 | 0.0500 | 0.0490   | 0.0614   | 844     | 0.0358  | 67.1  | FAIL
StabilizedWhitenedCosine | 0.5512 | 0.0496 | 0.5610 | 0.0500 | 0.4661   | 0.0715   | 844     | 0.8262  | 63.4  | PASS

[trial=43 seed=86] GLOBAL mode — total_samples=200000
  total: h0=82063 h1=15019
  pooled_train:  n0=1270 n1=1270
  pooled_calib:  n0=1000 n1=1000
  pooled_eval:   n0=1270 n1=1270
  regions (for macro stats only): 1103
[INFO] Cosine baseline routed to direct Hadamard sum (PrecomputedCosine)
[INFO] WeightedEnsemble Cosine judge routed to direct Hadamard sum
  [Ensemble] Judges routed to 'alt' input: PrecomputedCosine
[WeightedEnsemble] Fitted weights (alpha=0.0500, external calib):
  tau=1.0312, Pooled external calib: TPR=0.5390, FPR=0.0500
  PrecomputedCosine   : +0.4176
  PCAWhitenedCosine   : +0.3460
  XGBoost             : +0.0864
  Tiny MLP            : +0.0990
  LDA                 : +0.0511

Method                   | TPR    | FPR    | TrTPR  | TrFPR  | MacroTPR | MacroFPR | Regions | TauMean | ms    | OK? 
---------------------------------------------------------------------------------------------------------------------
Cosine                   | 0.4543 | 0.0409 | 0.4800 | 0.0500 | 0.4220   | 0.0620   | 846     | 0.9619  | 95.0  | PASS
AndBox-HC                | 0.3874 | 0.0378 | 0.4020 | 0.0500 | 0.3529   | 0.0568   | 846     | 0.0001  | 41.8  | PASS
PCAWhitenedCosine        | 0.4772 | 0.0417 | 0.5140 | 0.0500 | 0.4065   | 0.0639   | 846     | 0.9913  | 60.1  | PASS
Vec (Wgt)                | 0.5031 | 0.0433 | 0.5150 | 0.0500 | 0.4618   | 0.0731   | 846     | 0.9426  | 60.2  | PASS
Log Reg                  | 0.2346 | 0.0331 | 0.2380 | 0.0500 | 0.1906   | 0.0501   | 846     | 0.5107  | 74.1  | PASS
LDA                      | 0.4543 | 0.0339 | 0.4630 | 0.0500 | 0.3790   | 0.0515   | 846     | 4.1026  | 65.7  | PASS
Tiny MLP                 | 0.4661 | 0.0378 | 0.4870 | 0.0500 | 0.3861   | 0.0557   | 846     | 0.8929  | 227.4 | PASS
MultiProtoCosine         | 0.0819 | 0.0362 | 0.0630 | 0.0500 | 0.0750   | 0.0477   | 846     | 0.9248  | 79.4  | PASS
WeightedEnsemble         | 0.5189 | 0.0409 | 0.5390 | 0.0500 | 0.4334   | 0.0650   | 846     | 1.0312  | 278.4 | PASS
XGBoost                  | 0.4906 | 0.0457 | 0.5090 | 0.0500 | 0.4441   | 0.0715   | 846     | 0.7099  | 79.7  | PASS
LDA1+LogReg              | 0.2346 | 0.0331 | 0.2380 | 0.0500 | 0.1906   | 0.0501   | 846     | 0.5107  | 69.7  | PASS
PCA16+LogReg             | 0.2386 | 0.0378 | 0.2490 | 0.0500 | 0.1934   | 0.0586   | 846     | 0.5102  | 73.6  | PASS
PCA32+LogReg             | 0.2402 | 0.0378 | 0.2500 | 0.0500 | 0.1969   | 0.0589   | 846     | 0.5103  | 74.8  | PASS
PCA16+VecWeighted        | 0.2142 | 0.0354 | 0.1860 | 0.0500 | 0.1680   | 0.0503   | 846     | 0.0262  | 69.0  | PASS
PCA32+VecWeighted        | 0.1929 | 0.0449 | 0.1820 | 0.0500 | 0.1377   | 0.0534   | 846     | 0.0314  | 71.1  | PASS
StabilizedWhitenedCosine | 0.5157 | 0.0559 | 0.5340 | 0.0500 | 0.4424   | 0.0839   | 846     | 0.8826  | 68.2  | FAIL

[trial=44 seed=87] GLOBAL mode — total_samples=200000
  total: h0=82063 h1=15019
  pooled_train:  n0=1270 n1=1270
  pooled_calib:  n0=1000 n1=1000
  pooled_eval:   n0=1270 n1=1270
  regions (for macro stats only): 1103
[INFO] Cosine baseline routed to direct Hadamard sum (PrecomputedCosine)
[INFO] WeightedEnsemble Cosine judge routed to direct Hadamard sum
  [Ensemble] Judges routed to 'alt' input: PrecomputedCosine
[WeightedEnsemble] Fitted weights (alpha=0.0500, external calib):
  tau=0.9563, Pooled external calib: TPR=0.5890, FPR=0.0500
  PrecomputedCosine   : +0.1298
  PCAWhitenedCosine   : +0.1391
  XGBoost             : +0.2872
  Tiny MLP            : +0.3596
  LDA                 : +0.0844

Method                   | TPR    | FPR    | TrTPR  | TrFPR  | MacroTPR | MacroFPR | Regions | TauMean | ms    | OK? 
---------------------------------------------------------------------------------------------------------------------
Cosine                   | 0.5197 | 0.0598 | 0.5120 | 0.0500 | 0.4656   | 0.0815   | 860     | 0.9368  | 61.2  | FAIL
AndBox-HC                | 0.4772 | 0.0543 | 0.4680 | 0.0500 | 0.4172   | 0.0755   | 860     | 0.0000  | 57.5  | FAIL
PCAWhitenedCosine        | 0.5520 | 0.0520 | 0.5450 | 0.0500 | 0.4390   | 0.0750   | 860     | 0.8891  | 58.1  | FAIL
Vec (Wgt)                | 0.5307 | 0.0551 | 0.5280 | 0.0500 | 0.4679   | 0.0814   | 860     | 0.9276  | 59.1  | FAIL
Log Reg                  | 0.2559 | 0.0535 | 0.2450 | 0.0500 | 0.2148   | 0.0697   | 860     | 0.5112  | 70.4  | FAIL
LDA                      | 0.5614 | 0.0559 | 0.5250 | 0.0500 | 0.4454   | 0.0786   | 860     | 3.4181  | 64.5  | FAIL
Tiny MLP                 | 0.5638 | 0.0598 | 0.5560 | 0.0500 | 0.4724   | 0.0881   | 860     | 0.8801  | 225.2 | FAIL
MultiProtoCosine         | 0.1079 | 0.0654 | 0.1090 | 0.0500 | 0.0790   | 0.0604   | 860     | 0.9202  | 78.6  | FAIL
WeightedEnsemble         | 0.6024 | 0.0575 | 0.5890 | 0.0500 | 0.4946   | 0.0821   | 860     | 0.9563  | 274.6 | FAIL
XGBoost                  | 0.5323 | 0.0551 | 0.5140 | 0.0500 | 0.4654   | 0.0805   | 860     | 0.6777  | 79.0  | FAIL
LDA1+LogReg              | 0.2559 | 0.0543 | 0.2460 | 0.0500 | 0.2148   | 0.0714   | 860     | 0.5112  | 68.5  | FAIL
PCA16+LogReg             | 0.2677 | 0.0559 | 0.2540 | 0.0500 | 0.2248   | 0.0737   | 860     | 0.5107  | 71.8  | FAIL
PCA32+LogReg             | 0.2748 | 0.0567 | 0.2660 | 0.0500 | 0.2291   | 0.0725   | 860     | 0.5106  | 72.9  | FAIL
PCA16+VecWeighted        | 0.0984 | 0.0520 | 0.0780 | 0.0500 | 0.0817   | 0.0551   | 860     | 0.0278  | 69.6  | FAIL
PCA32+VecWeighted        | 0.0992 | 0.0512 | 0.0810 | 0.0500 | 0.0850   | 0.0546   | 860     | 0.0336  | 70.7  | FAIL
StabilizedWhitenedCosine | 0.5646 | 0.0520 | 0.5390 | 0.0500 | 0.4456   | 0.0733   | 860     | 0.8555  | 66.3  | FAIL

[trial=45 seed=88] GLOBAL mode — total_samples=200000
  total: h0=82063 h1=15019
  pooled_train:  n0=1270 n1=1270
  pooled_calib:  n0=1000 n1=1000
  pooled_eval:   n0=1270 n1=1270
  regions (for macro stats only): 1103
[INFO] Cosine baseline routed to direct Hadamard sum (PrecomputedCosine)
[INFO] WeightedEnsemble Cosine judge routed to direct Hadamard sum
  [Ensemble] Judges routed to 'alt' input: PrecomputedCosine
[WeightedEnsemble] Fitted weights (alpha=0.0500, external calib):
  tau=0.9674, Pooled external calib: TPR=0.5940, FPR=0.0500
  PrecomputedCosine   : +0.6579
  PCAWhitenedCosine   : +0.1446
  XGBoost             : +0.0673
  Tiny MLP            : +0.0713
  LDA                 : +0.0589

Method                   | TPR    | FPR    | TrTPR  | TrFPR  | MacroTPR | MacroFPR | Regions | TauMean | ms    | OK? 
---------------------------------------------------------------------------------------------------------------------
Cosine                   | 0.4819 | 0.0425 | 0.4860 | 0.0500 | 0.4411   | 0.0705   | 859     | 0.9497  | 69.3  | PASS
AndBox-HC                | 0.4583 | 0.0402 | 0.4620 | 0.0500 | 0.4064   | 0.0641   | 859     | 0.0000  | 53.5  | PASS
PCAWhitenedCosine        | 0.5551 | 0.0386 | 0.5530 | 0.0500 | 0.4493   | 0.0584   | 859     | 0.8868  | 60.0  | PASS
Vec (Wgt)                | 0.5142 | 0.0433 | 0.5190 | 0.0500 | 0.4580   | 0.0731   | 859     | 0.9379  | 60.1  | PASS
Log Reg                  | 0.1984 | 0.0346 | 0.1980 | 0.0500 | 0.1750   | 0.0594   | 859     | 0.5132  | 72.5  | PASS
LDA                      | 0.5213 | 0.0425 | 0.5240 | 0.0500 | 0.4244   | 0.0648   | 859     | 3.7496  | 65.6  | PASS
Tiny MLP                 | 0.5472 | 0.0394 | 0.5270 | 0.0500 | 0.4399   | 0.0594   | 859     | 0.8602  | 227.6 | PASS
MultiProtoCosine         | 0.1016 | 0.0362 | 0.0860 | 0.0500 | 0.0801   | 0.0482   | 859     | 0.9236  | 78.6  | PASS
WeightedEnsemble         | 0.6024 | 0.0472 | 0.5940 | 0.0500 | 0.5002   | 0.0755   | 859     | 0.9674  | 275.4 | PASS
XGBoost                  | 0.5173 | 0.0425 | 0.5210 | 0.0500 | 0.4556   | 0.0669   | 859     | 0.6815  | 77.4  | PASS
LDA1+LogReg              | 0.2000 | 0.0339 | 0.1990 | 0.0500 | 0.1756   | 0.0597   | 859     | 0.5132  | 68.4  | PASS
PCA16+LogReg             | 0.2000 | 0.0354 | 0.1990 | 0.0500 | 0.1768   | 0.0605   | 859     | 0.5127  | 71.7  | PASS
PCA32+LogReg             | 0.2055 | 0.0354 | 0.2090 | 0.0500 | 0.1803   | 0.0620   | 859     | 0.5125  | 73.7  | PASS
PCA16+VecWeighted        | 0.2008 | 0.0276 | 0.2010 | 0.0500 | 0.1551   | 0.0450   | 859     | 0.0241  | 70.2  | PASS
PCA32+VecWeighted        | 0.2039 | 0.0362 | 0.1960 | 0.0500 | 0.1634   | 0.0549   | 859     | 0.0258  | 71.3  | PASS
StabilizedWhitenedCosine | 0.5543 | 0.0378 | 0.5370 | 0.0500 | 0.4578   | 0.0541   | 859     | 0.8807  | 67.0  | PASS

[trial=46 seed=89] GLOBAL mode — total_samples=200000
  total: h0=82063 h1=15019
  pooled_train:  n0=1270 n1=1270
  pooled_calib:  n0=1000 n1=1000
  pooled_eval:   n0=1270 n1=1270
  regions (for macro stats only): 1103
[INFO] Cosine baseline routed to direct Hadamard sum (PrecomputedCosine)
[INFO] WeightedEnsemble Cosine judge routed to direct Hadamard sum
  [Ensemble] Judges routed to 'alt' input: PrecomputedCosine
[WeightedEnsemble] Fitted weights (alpha=0.0500, external calib):
  tau=0.9070, Pooled external calib: TPR=0.6210, FPR=0.0500
  PrecomputedCosine   : +0.2832
  PCAWhitenedCosine   : +0.0456
  XGBoost             : +0.2004
  Tiny MLP            : +0.4151
  LDA                 : +0.0558

Method                   | TPR    | FPR    | TrTPR  | TrFPR  | MacroTPR | MacroFPR | Regions | TauMean | ms    | OK? 
---------------------------------------------------------------------------------------------------------------------
Cosine                   | 0.5409 | 0.0693 | 0.5080 | 0.0500 | 0.4975   | 0.0978   | 856     | 0.9361  | 67.3  | FAIL
AndBox-HC                | 0.4575 | 0.0685 | 0.4410 | 0.0500 | 0.4353   | 0.0901   | 856     | -0.0000 | 55.9  | FAIL
PCAWhitenedCosine        | 0.5709 | 0.0646 | 0.5620 | 0.0500 | 0.4555   | 0.0976   | 856     | 0.8798  | 58.8  | FAIL
Vec (Wgt)                | 0.5480 | 0.0661 | 0.5260 | 0.0500 | 0.4971   | 0.0958   | 856     | 0.9261  | 59.4  | FAIL
Log Reg                  | 0.2661 | 0.0622 | 0.2530 | 0.0500 | 0.2277   | 0.0824   | 856     | 0.5109  | 73.2  | FAIL
LDA                      | 0.5646 | 0.0654 | 0.5540 | 0.0500 | 0.4589   | 0.0923   | 856     | 3.6419  | 64.7  | FAIL
Tiny MLP                 | 0.6063 | 0.0614 | 0.5850 | 0.0500 | 0.4972   | 0.0921   | 856     | 0.8228  | 226.3 | FAIL
MultiProtoCosine         | 0.0937 | 0.0480 | 0.0920 | 0.0500 | 0.0700   | 0.0566   | 856     | 0.9236  | 76.1  | PASS
WeightedEnsemble         | 0.6268 | 0.0638 | 0.6210 | 0.0500 | 0.5238   | 0.0926   | 856     | 0.9070  | 276.7 | FAIL
XGBoost                  | 0.5638 | 0.0701 | 0.5580 | 0.0500 | 0.4900   | 0.1046   | 856     | 0.6646  | 78.2  | FAIL
LDA1+LogReg              | 0.2661 | 0.0622 | 0.2540 | 0.0500 | 0.2277   | 0.0824   | 856     | 0.5109  | 68.4  | FAIL
PCA16+LogReg             | 0.2724 | 0.0583 | 0.2560 | 0.0500 | 0.2313   | 0.0786   | 856     | 0.5107  | 71.0  | FAIL
PCA32+LogReg             | 0.2661 | 0.0575 | 0.2530 | 0.0500 | 0.2264   | 0.0772   | 856     | 0.5106  | 73.6  | FAIL
PCA16+VecWeighted        | 0.0961 | 0.0472 | 0.0760 | 0.0500 | 0.0680   | 0.0505   | 856     | 0.0273  | 66.7  | PASS
PCA32+VecWeighted        | 0.0898 | 0.0575 | 0.0750 | 0.0500 | 0.0785   | 0.0655   | 856     | 0.0314  | 69.8  | FAIL
StabilizedWhitenedCosine | 0.5646 | 0.0591 | 0.5560 | 0.0500 | 0.4617   | 0.0901   | 856     | 0.8348  | 70.5  | FAIL

[trial=47 seed=90] GLOBAL mode — total_samples=200000
  total: h0=82063 h1=15019
  pooled_train:  n0=1270 n1=1270
  pooled_calib:  n0=1000 n1=1000
  pooled_eval:   n0=1270 n1=1270
  regions (for macro stats only): 1103
[INFO] Cosine baseline routed to direct Hadamard sum (PrecomputedCosine)
[INFO] WeightedEnsemble Cosine judge routed to direct Hadamard sum
  [Ensemble] Judges routed to 'alt' input: PrecomputedCosine
[WeightedEnsemble] Fitted weights (alpha=0.0500, external calib):
  tau=1.1307, Pooled external calib: TPR=0.5100, FPR=0.0500
  PrecomputedCosine   : +0.0656
  PCAWhitenedCosine   : +0.4602
  XGBoost             : +0.1200
  Tiny MLP            : +0.2889
  LDA                 : +0.0653

Method                   | TPR    | FPR    | TrTPR  | TrFPR  | MacroTPR | MacroFPR | Regions | TauMean | ms    | OK? 
---------------------------------------------------------------------------------------------------------------------
Cosine                   | 0.4339 | 0.0362 | 0.4280 | 0.0500 | 0.3944   | 0.0569   | 871     | 0.9693  | 65.1  | PASS
AndBox-HC                | 0.3598 | 0.0433 | 0.3570 | 0.0500 | 0.3250   | 0.0645   | 871     | 0.0000  | 55.5  | PASS
PCAWhitenedCosine        | 0.4669 | 0.0378 | 0.4790 | 0.0500 | 0.3807   | 0.0561   | 871     | 1.1112  | 56.9  | PASS
Vec (Wgt)                | 0.4291 | 0.0370 | 0.4310 | 0.0500 | 0.3847   | 0.0586   | 871     | 0.9682  | 56.6  | PASS
Log Reg                  | 0.2354 | 0.0465 | 0.2180 | 0.0500 | 0.2188   | 0.0644   | 871     | 0.5113  | 67.4  | PASS
LDA                      | 0.4504 | 0.0417 | 0.4380 | 0.0500 | 0.3576   | 0.0668   | 871     | 4.4525  | 60.9  | PASS
Tiny MLP                 | 0.4559 | 0.0496 | 0.4480 | 0.0500 | 0.3673   | 0.0736   | 871     | 0.9226  | 215.7 | PASS
MultiProtoCosine         | 0.1142 | 0.0669 | 0.1060 | 0.0500 | 0.0993   | 0.0676   | 871     | 0.9211  | 76.0  | FAIL
WeightedEnsemble         | 0.4976 | 0.0394 | 0.5100 | 0.0500 | 0.4146   | 0.0594   | 871     | 1.1307  | 260.9 | PASS
XGBoost                  | 0.4740 | 0.0417 | 0.4740 | 0.0490 | 0.4199   | 0.0667   | 871     | 0.7214  | 76.8  | PASS
LDA1+LogReg              | 0.2354 | 0.0480 | 0.2190 | 0.0500 | 0.2188   | 0.0664   | 871     | 0.5112  | 68.1  | PASS
PCA16+LogReg             | 0.2386 | 0.0457 | 0.2250 | 0.0500 | 0.2218   | 0.0623   | 871     | 0.5108  | 70.9  | PASS
PCA32+LogReg             | 0.2480 | 0.0488 | 0.2340 | 0.0500 | 0.2297   | 0.0672   | 871     | 0.5104  | 74.0  | PASS
PCA16+VecWeighted        | 0.1252 | 0.0496 | 0.1150 | 0.0500 | 0.1192   | 0.0353   | 871     | 0.0312  | 69.0  | PASS
PCA32+VecWeighted        | 0.1008 | 0.0559 | 0.1080 | 0.0500 | 0.0975   | 0.0435   | 871     | 0.0334  | 69.9  | FAIL
StabilizedWhitenedCosine | 0.4575 | 0.0362 | 0.4570 | 0.0500 | 0.3775   | 0.0531   | 871     | 1.0933  | 65.5  | PASS

[trial=48 seed=91] GLOBAL mode — total_samples=200000
  total: h0=82063 h1=15019
  pooled_train:  n0=1270 n1=1270
  pooled_calib:  n0=1000 n1=1000
  pooled_eval:   n0=1270 n1=1270
  regions (for macro stats only): 1103
[INFO] Cosine baseline routed to direct Hadamard sum (PrecomputedCosine)
[INFO] WeightedEnsemble Cosine judge routed to direct Hadamard sum
  [Ensemble] Judges routed to 'alt' input: PrecomputedCosine
[WeightedEnsemble] Fitted weights (alpha=0.0500, external calib):
  tau=0.8244, Pooled external calib: TPR=0.6030, FPR=0.0500
  PrecomputedCosine   : +0.1195
  PCAWhitenedCosine   : +0.3770
  XGBoost             : +0.2691
  Tiny MLP            : +0.2045
  LDA                 : +0.0298

Method                   | TPR    | FPR    | TrTPR  | TrFPR  | MacroTPR | MacroFPR | Regions | TauMean | ms    | OK? 
---------------------------------------------------------------------------------------------------------------------
Cosine                   | 0.4425 | 0.0496 | 0.4870 | 0.0500 | 0.4079   | 0.0683   | 859     | 0.9604  | 67.2  | PASS
AndBox-HC                | 0.4087 | 0.0512 | 0.4160 | 0.0500 | 0.3797   | 0.0666   | 859     | 0.0000  | 54.6  | FAIL
PCAWhitenedCosine        | 0.5575 | 0.0535 | 0.5760 | 0.0500 | 0.4527   | 0.0748   | 859     | 0.8789  | 59.5  | FAIL
Vec (Wgt)                | 0.4882 | 0.0512 | 0.5260 | 0.0500 | 0.4447   | 0.0716   | 859     | 0.9414  | 59.8  | FAIL
Log Reg                  | 0.2614 | 0.0425 | 0.2940 | 0.0500 | 0.2203   | 0.0601   | 859     | 0.5092  | 71.2  | PASS
LDA                      | 0.5496 | 0.0472 | 0.5580 | 0.0500 | 0.4552   | 0.0722   | 859     | 3.4122  | 64.7  | PASS
Tiny MLP                 | 0.5567 | 0.0488 | 0.5600 | 0.0500 | 0.4602   | 0.0737   | 859     | 0.8628  | 226.3 | PASS
MultiProtoCosine         | 0.0575 | 0.0378 | 0.0670 | 0.0500 | 0.0483   | 0.0379   | 859     | 0.9248  | 75.9  | PASS
WeightedEnsemble         | 0.5850 | 0.0520 | 0.6030 | 0.0500 | 0.4868   | 0.0758   | 859     | 0.8244  | 274.2 | FAIL
XGBoost                  | 0.5205 | 0.0465 | 0.5560 | 0.0500 | 0.4612   | 0.0614   | 859     | 0.6748  | 77.0  | PASS
LDA1+LogReg              | 0.2614 | 0.0425 | 0.2940 | 0.0500 | 0.2203   | 0.0601   | 859     | 0.5091  | 66.1  | PASS
PCA16+LogReg             | 0.2732 | 0.0449 | 0.3070 | 0.0500 | 0.2319   | 0.0624   | 859     | 0.5082  | 68.5  | PASS
PCA32+LogReg             | 0.2748 | 0.0433 | 0.3080 | 0.0500 | 0.2324   | 0.0598   | 859     | 0.5082  | 70.7  | PASS
PCA16+VecWeighted        | 0.1598 | 0.0575 | 0.1710 | 0.0500 | 0.1394   | 0.0728   | 859     | 0.0253  | 66.4  | FAIL
PCA32+VecWeighted        | 0.1520 | 0.0598 | 0.1700 | 0.0500 | 0.1417   | 0.0753   | 859     | 0.0286  | 68.0  | FAIL
StabilizedWhitenedCosine | 0.5528 | 0.0457 | 0.5750 | 0.0500 | 0.4565   | 0.0689   | 859     | 0.8047  | 65.9  | PASS

[trial=49 seed=92] GLOBAL mode — total_samples=200000
  total: h0=82063 h1=15019
  pooled_train:  n0=1270 n1=1270
  pooled_calib:  n0=1000 n1=1000
  pooled_eval:   n0=1270 n1=1270
  regions (for macro stats only): 1103
[INFO] Cosine baseline routed to direct Hadamard sum (PrecomputedCosine)
[INFO] WeightedEnsemble Cosine judge routed to direct Hadamard sum
  [Ensemble] Judges routed to 'alt' input: PrecomputedCosine
[WeightedEnsemble] Fitted weights (alpha=0.0500, external calib):
  tau=0.9600, Pooled external calib: TPR=0.6190, FPR=0.0500
  PrecomputedCosine   : +0.6579
  PCAWhitenedCosine   : +0.1446
  XGBoost             : +0.0673
  Tiny MLP            : +0.0713
  LDA                 : +0.0589

Method                   | TPR    | FPR    | TrTPR  | TrFPR  | MacroTPR | MacroFPR | Regions | TauMean | ms    | OK? 
---------------------------------------------------------------------------------------------------------------------
Cosine                   | 0.4189 | 0.0449 | 0.4070 | 0.0500 | 0.3910   | 0.0702   | 873     | 0.9729  | 61.6  | PASS
AndBox-HC                | 0.3079 | 0.0370 | 0.3200 | 0.0500 | 0.2863   | 0.0572   | 873     | 0.0001  | 59.7  | PASS
PCAWhitenedCosine        | 0.5283 | 0.0472 | 0.5360 | 0.0500 | 0.4290   | 0.0775   | 873     | 0.9656  | 61.1  | PASS
Vec (Wgt)                | 0.4827 | 0.0504 | 0.4830 | 0.0500 | 0.4433   | 0.0782   | 873     | 0.9534  | 61.6  | FAIL
Log Reg                  | 0.2323 | 0.0472 | 0.2520 | 0.0500 | 0.2072   | 0.0742   | 873     | 0.5116  | 74.8  | PASS
LDA                      | 0.5386 | 0.0488 | 0.5360 | 0.0500 | 0.4188   | 0.0790   | 873     | 3.6297  | 66.8  | PASS
Tiny MLP                 | 0.5780 | 0.0575 | 0.5670 | 0.0500 | 0.4656   | 0.0931   | 873     | 0.8629  | 228.5 | FAIL
MultiProtoCosine         | 0.0756 | 0.0425 | 0.0830 | 0.0500 | 0.0684   | 0.0511   | 873     | 0.9224  | 81.4  | PASS
WeightedEnsemble         | 0.6079 | 0.0622 | 0.6190 | 0.0500 | 0.5121   | 0.1014   | 873     | 0.9600  | 277.4 | FAIL
XGBoost                  | 0.4614 | 0.0433 | 0.4500 | 0.0500 | 0.4148   | 0.0626   | 873     | 0.7352  | 78.5  | PASS
LDA1+LogReg              | 0.2323 | 0.0472 | 0.2540 | 0.0500 | 0.2072   | 0.0742   | 873     | 0.5116  | 71.1  | PASS
PCA16+LogReg             | 0.2370 | 0.0480 | 0.2600 | 0.0500 | 0.2110   | 0.0755   | 873     | 0.5115  | 73.6  | PASS
PCA32+LogReg             | 0.2543 | 0.0449 | 0.2620 | 0.0500 | 0.2211   | 0.0715   | 873     | 0.5112  | 74.4  | PASS
PCA16+VecWeighted        | 0.2126 | 0.0441 | 0.2010 | 0.0500 | 0.1695   | 0.0641   | 873     | 0.0251  | 69.8  | PASS
PCA32+VecWeighted        | 0.1906 | 0.0457 | 0.1750 | 0.0500 | 0.1487   | 0.0651   | 873     | 0.0274  | 74.3  | PASS
StabilizedWhitenedCosine | 0.5252 | 0.0457 | 0.5400 | 0.0500 | 0.4328   | 0.0765   | 873     | 0.9472  | 69.6  | PASS

=== Ranking by mean micro TPR (UNCONSTRAINED) ===
 1. WeightedEnsemble   TPR=0.5843±0.0287 FPR=0.0537±0.0089 [FAIL]
 2. StabilizedWhitenedCosine TPR=0.5399±0.0311 FPR=0.0499±0.0083 [PASS]
 3. PCAWhitenedCosine  TPR=0.5391±0.0282 FPR=0.0495±0.0084 [PASS]
 4. Tiny MLP           TPR=0.5382±0.0339 FPR=0.0509±0.0076 [FAIL]
 5. LDA                TPR=0.5274±0.0324 FPR=0.0496±0.0091 [PASS]
 6. XGBoost            TPR=0.5040±0.0317 FPR=0.0486±0.0088 [PASS]
 7. Vec (Wgt)          TPR=0.5021±0.0269 FPR=0.0496±0.0081 [PASS]
 8. Cosine             TPR=0.4665±0.0287 FPR=0.0482±0.0083 [PASS]
 9. AndBox-HC          TPR=0.4062±0.0434 FPR=0.0474±0.0086 [PASS]
10. PCA32+LogReg       TPR=0.2597±0.0284 FPR=0.0496±0.0079 [PASS]
11. PCA16+LogReg       TPR=0.2536±0.0265 FPR=0.0490±0.0072 [PASS]
12. LDA1+LogReg        TPR=0.2508±0.0301 FPR=0.0490±0.0080 [PASS]
13. Log Reg            TPR=0.2499±0.0306 FPR=0.0491±0.0081 [PASS]
14. PCA32+VecWeighted  TPR=0.1072±0.0521 FPR=0.0506±0.0101 [FAIL]
15. PCA16+VecWeighted  TPR=0.1067±0.0565 FPR=0.0482±0.0086 [PASS]
16. MultiProtoCosine   TPR=0.0895±0.0145 FPR=0.0499±0.0089 [PASS]

=== Ranking by mean micro TPR (CONSTRAINED: FPR <= alpha) ===
 1. StabilizedWhitenedCosine TPR=0.5399±0.0311 FPR=0.0499±0.0083
 2. PCAWhitenedCosine  TPR=0.5391±0.0282 FPR=0.0495±0.0084
 3. LDA                TPR=0.5274±0.0324 FPR=0.0496±0.0091
 4. XGBoost            TPR=0.5040±0.0317 FPR=0.0486±0.0088
 5. Vec (Wgt)          TPR=0.5021±0.0269 FPR=0.0496±0.0081
 6. Cosine             TPR=0.4665±0.0287 FPR=0.0482±0.0083
 7. AndBox-HC          TPR=0.4062±0.0434 FPR=0.0474±0.0086
 8. PCA32+LogReg       TPR=0.2597±0.0284 FPR=0.0496±0.0079
 9. PCA16+LogReg       TPR=0.2536±0.0265 FPR=0.0490±0.0072
10. LDA1+LogReg        TPR=0.2508±0.0301 FPR=0.0490±0.0080
11. Log Reg            TPR=0.2499±0.0306 FPR=0.0491±0.0081
12. PCA16+VecWeighted  TPR=0.1067±0.0565 FPR=0.0482±0.0086
13. MultiProtoCosine   TPR=0.0895±0.0145 FPR=0.0499±0.0089
[CSV] Saved: /home/malmatal/Projects/Multi_Dim_Threshold/NeighborCache/outputs/region_local_threshold/run_20260508_110644/trial_summary.csv
[JSON] Saved: /home/malmatal/Projects/Multi_Dim_Threshold/NeighborCache/outputs/region_local_threshold/run_20260508_110644/ranking.json
[CSV] Saved: /home/malmatal/Projects/Multi_Dim_Threshold/NeighborCache/outputs/region_local_threshold/run_20260508_110644/weighted_ensemble_meta_weights.csv
[JSON] Saved: /home/malmatal/Projects/Multi_Dim_Threshold/NeighborCache/outputs/region_local_threshold/run_20260508_110644/notes.json

Best (constrained FPR <= alpha): StabilizedWhitenedCosine
[Done] outputs at: /home/malmatal/Projects/Multi_Dim_Threshold/NeighborCache/outputs/region_local_threshold/run_20260508_110644
============================================================
date_end=2026-05-08T13:20:47+03:00
exit_code=0
============================================================
