<frozen runpy>:128: RuntimeWarning: 'NeighborCache.region_local_threshold.cli' found in sys.modules after import of package 'NeighborCache.region_local_threshold', but prior to execution of 'NeighborCache.region_local_threshold.cli'; this may result in unpredictable behaviour
[INFO] Using features key='emb' dim=1024
[INFO] Applied Hadamard preprocessing (strategy=centroid_nearest, use_delta_vec=False, use_abs_diff=False) to X_main

=== Region Threshold Benchmark ===
dataset_npz=NeighborCache/data/h1h0_final.npz
region_key=global_cluster (resolved=global_cluster, unique=1103)
features=emb+hadamard rows=200000 dim=1024
text_pairs=text+region_anchor[centroid_nearest]
alpha=0.1 tie_mode=ge trials=50 base_seed=42
tau_mode=global
hadamard_preprocess=True
abs_diff_only_preprocess=False
use_delta_vec=False
use_abs_diff=False
normalize_data=False
filter_policy=none
train_cosine_policy_active=False
caps: train=1270 calib=1240 eval=1270
mins: min_h0_eval=20 min_h1_eval=20
run_dir=/home/malmatal/Projects/Multi_Dim_Threshold/NeighborCache/outputs/region_local_threshold/run_20260503_132515

[trial=0 seed=42] GLOBAL mode — total_samples=200000
  total: h0=82063 h1=15019
  pooled_train:  n0=1270 n1=1270
  pooled_calib:  n0=1240 n1=1240
  pooled_eval:   n0=1270 n1=1270
  regions (for macro stats only): 1103
[INFO] Cosine baseline routed to direct Hadamard sum (PrecomputedCosine)
[INFO] WeightedEnsemble Cosine judge routed to direct Hadamard sum
  [Ensemble] Judges routed to 'alt' input: PrecomputedCosine
[WeightedEnsemble] Fitted weights (alpha=0.1000, external calib):
  tau=0.7414, Pooled external calib: TPR=0.7121, FPR=0.1000
  PrecomputedCosine   : +0.4352
  PCAWhitenedCosine   : +0.0957
  XGBoost             : +0.1866
  Tiny MLP            : +0.2341
  LDA                 : +0.0484

Method                   | TPR    | FPR    | TrTPR  | TrFPR  | MacroTPR | MacroFPR | Regions | TauMean | ms    | OK? 
---------------------------------------------------------------------------------------------------------------------
Cosine                   | 0.5795 | 0.1213 | 0.6194 | 0.1000 | 0.5575   | 0.1611   | 868     | 0.8859  | 117.4 | FAIL
AndBox-HC                | 0.5787 | 0.1197 | 0.6105 | 0.1000 | 0.5542   | 0.1587   | 868     | 0.0000  | 63.8  | FAIL
PCAWhitenedCosine        | 0.6583 | 0.0976 | 0.6984 | 0.1000 | 0.5817   | 0.1497   | 868     | 0.3864  | 100.6 | PASS
Vec (Wgt)                | 0.5803 | 0.1118 | 0.6226 | 0.1000 | 0.5539   | 0.1518   | 868     | 0.8804  | 100.6 | FAIL
Log Reg                  | 0.3685 | 0.0992 | 0.3581 | 0.1000 | 0.3437   | 0.1362   | 868     | 0.5074  | 116.1 | PASS
LDA                      | 0.6528 | 0.1118 | 0.6895 | 0.1000 | 0.5672   | 0.1633   | 868     | 1.7394  | 106.0 | FAIL
Tiny MLP                 | 0.6551 | 0.0984 | 0.6927 | 0.1000 | 0.5736   | 0.1401   | 868     | 0.7023  | 497.0 | PASS
MultiProtoCosine         | 0.1441 | 0.0984 | 0.1331 | 0.1000 | 0.1174   | 0.1141   | 868     | 0.9153  | 122.9 | PASS
WeightedEnsemble         | 0.6685 | 0.1039 | 0.7121 | 0.1000 | 0.6006   | 0.1531   | 868     | 0.7414  | 549.6 | FAIL
XGBoost                  | 0.6346 | 0.1126 | 0.6605 | 0.1000 | 0.5967   | 0.1529   | 868     | 0.5827  | 83.5  | FAIL
LDA1+LogReg              | 0.3732 | 0.0992 | 0.3581 | 0.1000 | 0.3470   | 0.1362   | 868     | 0.5074  | 110.9 | PASS
PCA16+LogReg             | 0.3748 | 0.0969 | 0.3589 | 0.1000 | 0.3468   | 0.1304   | 868     | 0.5072  | 120.1 | PASS
PCA32+LogReg             | 0.3811 | 0.0976 | 0.3694 | 0.1000 | 0.3515   | 0.1336   | 868     | 0.5071  | 123.5 | PASS
PCA16+VecWeighted        | 0.0961 | 0.0976 | 0.1145 | 0.1000 | 0.1023   | 0.0982   | 868     | 0.0227  | 117.0 | PASS
PCA32+VecWeighted        | 0.1252 | 0.0961 | 0.1403 | 0.1000 | 0.1188   | 0.1111   | 868     | 0.0251  | 120.1 | PASS
StabilizedWhitenedCosine | 0.6315 | 0.0937 | 0.6637 | 0.1000 | 0.5680   | 0.1450   | 868     | 0.4548  | 109.6 | PASS

[trial=1 seed=43] GLOBAL mode — total_samples=200000
  total: h0=82063 h1=15019
  pooled_train:  n0=1270 n1=1270
  pooled_calib:  n0=1240 n1=1240
  pooled_eval:   n0=1270 n1=1270
  regions (for macro stats only): 1103
[INFO] Cosine baseline routed to direct Hadamard sum (PrecomputedCosine)
[INFO] WeightedEnsemble Cosine judge routed to direct Hadamard sum
  [Ensemble] Judges routed to 'alt' input: PrecomputedCosine
[WeightedEnsemble] Fitted weights (alpha=0.1000, external calib):
  tau=0.7060, Pooled external calib: TPR=0.7210, FPR=0.1000
  PrecomputedCosine   : +0.1298
  PCAWhitenedCosine   : +0.1391
  XGBoost             : +0.2872
  Tiny MLP            : +0.3596
  LDA                 : +0.0844

Method                   | TPR    | FPR    | TrTPR  | TrFPR  | MacroTPR | MacroFPR | Regions | TauMean | ms    | OK? 
---------------------------------------------------------------------------------------------------------------------
Cosine                   | 0.5937 | 0.1008 | 0.6048 | 0.1000 | 0.5603   | 0.1383   | 850     | 0.8919  | 102.1 | FAIL
AndBox-HC                | 0.5488 | 0.0921 | 0.5605 | 0.1000 | 0.5154   | 0.1277   | 850     | 0.0000  | 62.5  | PASS
PCAWhitenedCosine        | 0.6953 | 0.1079 | 0.6903 | 0.1000 | 0.6007   | 0.1519   | 850     | 0.4797  | 99.6  | FAIL
Vec (Wgt)                | 0.6087 | 0.1000 | 0.6169 | 0.1000 | 0.5643   | 0.1374   | 850     | 0.8761  | 100.5 | PASS
Log Reg                  | 0.3575 | 0.0945 | 0.3927 | 0.1000 | 0.3220   | 0.1229   | 850     | 0.5071  | 115.3 | PASS
LDA                      | 0.6685 | 0.0961 | 0.6556 | 0.1000 | 0.5497   | 0.1417   | 850     | 2.1259  | 105.5 | PASS
Tiny MLP                 | 0.7071 | 0.1039 | 0.6984 | 0.1000 | 0.5934   | 0.1520   | 850     | 0.6990  | 498.6 | FAIL
MultiProtoCosine         | 0.1260 | 0.0898 | 0.1484 | 0.1000 | 0.1223   | 0.0984   | 850     | 0.9165  | 121.1 | PASS
WeightedEnsemble         | 0.7228 | 0.1024 | 0.7210 | 0.1000 | 0.6142   | 0.1443   | 850     | 0.7060  | 551.1 | FAIL
XGBoost                  | 0.6425 | 0.0929 | 0.6387 | 0.1000 | 0.5797   | 0.1311   | 850     | 0.5900  | 82.2  | PASS
LDA1+LogReg              | 0.3654 | 0.0953 | 0.3976 | 0.1000 | 0.3279   | 0.1246   | 850     | 0.5070  | 108.4 | PASS
PCA16+LogReg             | 0.3614 | 0.0953 | 0.3960 | 0.1000 | 0.3255   | 0.1231   | 850     | 0.5068  | 118.3 | PASS
PCA32+LogReg             | 0.3772 | 0.0945 | 0.3992 | 0.1000 | 0.3358   | 0.1237   | 850     | 0.5066  | 121.4 | PASS
PCA16+VecWeighted        | 0.2102 | 0.0756 | 0.2282 | 0.1000 | 0.1914   | 0.0875   | 850     | 0.0181  | 115.0 | PASS
PCA32+VecWeighted        | 0.2543 | 0.0913 | 0.2411 | 0.1000 | 0.2109   | 0.1053   | 850     | 0.0188  | 117.5 | PASS
StabilizedWhitenedCosine | 0.6843 | 0.1024 | 0.6839 | 0.1000 | 0.5949   | 0.1478   | 850     | 0.4154  | 108.1 | FAIL

[trial=2 seed=44] GLOBAL mode — total_samples=200000
  total: h0=82063 h1=15019
  pooled_train:  n0=1270 n1=1270
  pooled_calib:  n0=1240 n1=1240
  pooled_eval:   n0=1270 n1=1270
  regions (for macro stats only): 1103
[INFO] Cosine baseline routed to direct Hadamard sum (PrecomputedCosine)
[INFO] WeightedEnsemble Cosine judge routed to direct Hadamard sum
  [Ensemble] Judges routed to 'alt' input: PrecomputedCosine
[WeightedEnsemble] Fitted weights (alpha=0.1000, external calib):
  tau=0.7360, Pooled external calib: TPR=0.7113, FPR=0.1000
  PrecomputedCosine   : +0.5316
  PCAWhitenedCosine   : +0.2031
  XGBoost             : +0.0553
  Tiny MLP            : +0.1785
  LDA                 : +0.0315

Method                   | TPR    | FPR    | TrTPR  | TrFPR  | MacroTPR | MacroFPR | Regions | TauMean | ms    | OK? 
---------------------------------------------------------------------------------------------------------------------
Cosine                   | 0.5748 | 0.0819 | 0.5750 | 0.1000 | 0.5454   | 0.1195   | 868     | 0.9081  | 105.8 | PASS
AndBox-HC                | 0.5709 | 0.0937 | 0.5750 | 0.1000 | 0.5422   | 0.1274   | 868     | 0.0000  | 64.3  | PASS
PCAWhitenedCosine        | 0.6764 | 0.0921 | 0.6944 | 0.1000 | 0.5755   | 0.1363   | 868     | 0.4532  | 101.8 | PASS
Vec (Wgt)                | 0.6008 | 0.0874 | 0.5935 | 0.1000 | 0.5652   | 0.1320   | 868     | 0.8956  | 102.5 | PASS
Log Reg                  | 0.3866 | 0.1126 | 0.3726 | 0.1000 | 0.3328   | 0.1531   | 868     | 0.5066  | 116.8 | FAIL
LDA                      | 0.6425 | 0.0953 | 0.6613 | 0.1000 | 0.5463   | 0.1380   | 868     | 2.1796  | 107.7 | PASS
Tiny MLP                 | 0.6638 | 0.0898 | 0.6806 | 0.1000 | 0.5564   | 0.1310   | 868     | 0.7029  | 498.1 | PASS
MultiProtoCosine         | 0.1787 | 0.1402 | 0.1621 | 0.1000 | 0.1478   | 0.1641   | 868     | 0.9121  | 122.7 | FAIL
WeightedEnsemble         | 0.6906 | 0.0921 | 0.7113 | 0.1000 | 0.6012   | 0.1405   | 868     | 0.7360  | 552.0 | PASS
XGBoost                  | 0.6283 | 0.0866 | 0.6258 | 0.1000 | 0.5641   | 0.1286   | 868     | 0.6106  | 83.4  | PASS
LDA1+LogReg              | 0.3874 | 0.1126 | 0.3734 | 0.1000 | 0.3335   | 0.1531   | 868     | 0.5066  | 110.8 | FAIL
PCA16+LogReg             | 0.3953 | 0.1118 | 0.3815 | 0.1000 | 0.3409   | 0.1535   | 868     | 0.5063  | 120.2 | FAIL
PCA32+LogReg             | 0.3976 | 0.1102 | 0.3831 | 0.1000 | 0.3410   | 0.1510   | 868     | 0.5063  | 123.5 | FAIL
PCA16+VecWeighted        | 0.1543 | 0.0953 | 0.1605 | 0.1000 | 0.1343   | 0.1222   | 868     | 0.0211  | 117.1 | PASS
PCA32+VecWeighted        | 0.1346 | 0.0969 | 0.1290 | 0.1000 | 0.1114   | 0.1170   | 868     | 0.0255  | 120.2 | PASS
StabilizedWhitenedCosine | 0.6520 | 0.0913 | 0.6766 | 0.1000 | 0.5610   | 0.1382   | 868     | 0.4637  | 110.9 | PASS

[trial=3 seed=45] GLOBAL mode — total_samples=200000
  total: h0=82063 h1=15019
  pooled_train:  n0=1270 n1=1270
  pooled_calib:  n0=1240 n1=1240
  pooled_eval:   n0=1270 n1=1270
  regions (for macro stats only): 1103
[INFO] Cosine baseline routed to direct Hadamard sum (PrecomputedCosine)
[INFO] WeightedEnsemble Cosine judge routed to direct Hadamard sum
  [Ensemble] Judges routed to 'alt' input: PrecomputedCosine
[WeightedEnsemble] Fitted weights (alpha=0.1000, external calib):
  tau=0.6272, Pooled external calib: TPR=0.7177, FPR=0.1000
  PrecomputedCosine   : +0.1924
  PCAWhitenedCosine   : +0.3042
  XGBoost             : +0.0704
  Tiny MLP            : +0.4126
  LDA                 : +0.0204

Method                   | TPR    | FPR    | TrTPR  | TrFPR  | MacroTPR | MacroFPR | Regions | TauMean | ms    | OK? 
---------------------------------------------------------------------------------------------------------------------
Cosine                   | 0.6071 | 0.1189 | 0.6121 | 0.1000 | 0.5702   | 0.1537   | 854     | 0.8897  | 113.2 | FAIL
AndBox-HC                | 0.5780 | 0.1031 | 0.5895 | 0.1000 | 0.5419   | 0.1349   | 854     | 0.0000  | 67.0  | FAIL
PCAWhitenedCosine        | 0.7047 | 0.1110 | 0.6944 | 0.1000 | 0.6096   | 0.1484   | 854     | 0.4179  | 98.1  | FAIL
Vec (Wgt)                | 0.6126 | 0.1063 | 0.6153 | 0.1000 | 0.5713   | 0.1392   | 854     | 0.8856  | 98.4  | FAIL
Log Reg                  | 0.3866 | 0.1000 | 0.3661 | 0.1000 | 0.3423   | 0.1219   | 854     | 0.5075  | 113.5 | PASS
LDA                      | 0.6843 | 0.0945 | 0.6710 | 0.1000 | 0.5720   | 0.1206   | 854     | 2.1174  | 103.7 | PASS
Tiny MLP                 | 0.6969 | 0.0953 | 0.6871 | 0.1000 | 0.5904   | 0.1259   | 854     | 0.7181  | 498.0 | PASS
MultiProtoCosine         | 0.1425 | 0.0984 | 0.1258 | 0.1000 | 0.1228   | 0.1095   | 854     | 0.9175  | 119.1 | PASS
WeightedEnsemble         | 0.7189 | 0.1079 | 0.7177 | 0.1000 | 0.6283   | 0.1423   | 854     | 0.6272  | 551.8 | FAIL
XGBoost                  | 0.6276 | 0.0929 | 0.6500 | 0.1000 | 0.5740   | 0.1259   | 854     | 0.6032  | 82.5  | PASS
LDA1+LogReg              | 0.3866 | 0.0992 | 0.3661 | 0.1000 | 0.3423   | 0.1215   | 854     | 0.5076  | 107.6 | PASS
PCA16+LogReg             | 0.3898 | 0.0984 | 0.3677 | 0.1000 | 0.3446   | 0.1185   | 854     | 0.5073  | 116.7 | PASS
PCA32+LogReg             | 0.3921 | 0.0984 | 0.3742 | 0.1000 | 0.3469   | 0.1197   | 854     | 0.5072  | 120.4 | PASS
PCA16+VecWeighted        | 0.3346 | 0.1118 | 0.3331 | 0.1000 | 0.3150   | 0.1374   | 854     | 0.0149  | 114.7 | FAIL
PCA32+VecWeighted        | 0.2591 | 0.0953 | 0.2476 | 0.1000 | 0.2443   | 0.1160   | 854     | 0.0205  | 116.6 | PASS
StabilizedWhitenedCosine | 0.6724 | 0.1118 | 0.6887 | 0.1000 | 0.5987   | 0.1523   | 854     | 0.4346  | 107.2 | FAIL

[trial=4 seed=46] GLOBAL mode — total_samples=200000
  total: h0=82063 h1=15019
  pooled_train:  n0=1270 n1=1270
  pooled_calib:  n0=1240 n1=1240
  pooled_eval:   n0=1270 n1=1270
  regions (for macro stats only): 1103
[INFO] Cosine baseline routed to direct Hadamard sum (PrecomputedCosine)
[INFO] WeightedEnsemble Cosine judge routed to direct Hadamard sum
  [Ensemble] Judges routed to 'alt' input: PrecomputedCosine
[WeightedEnsemble] Fitted weights (alpha=0.1000, external calib):
  tau=0.7413, Pooled external calib: TPR=0.7121, FPR=0.1000
  PrecomputedCosine   : +0.4352
  PCAWhitenedCosine   : +0.0957
  XGBoost             : +0.1866
  Tiny MLP            : +0.2341
  LDA                 : +0.0484

Method                   | TPR    | FPR    | TrTPR  | TrFPR  | MacroTPR | MacroFPR | Regions | TauMean | ms    | OK? 
---------------------------------------------------------------------------------------------------------------------
Cosine                   | 0.6094 | 0.1079 | 0.6040 | 0.1000 | 0.5855   | 0.1417   | 871     | 0.8875  | 110.7 | FAIL
AndBox-HC                | 0.5378 | 0.0953 | 0.5153 | 0.1000 | 0.5121   | 0.1280   | 871     | 0.0000  | 63.7  | PASS
PCAWhitenedCosine        | 0.6764 | 0.1039 | 0.6750 | 0.1000 | 0.6078   | 0.1408   | 871     | 0.4804  | 100.2 | FAIL
Vec (Wgt)                | 0.6094 | 0.1000 | 0.6008 | 0.1000 | 0.5813   | 0.1334   | 871     | 0.8755  | 100.9 | PASS
Log Reg                  | 0.3528 | 0.1039 | 0.3556 | 0.1000 | 0.3293   | 0.1204   | 871     | 0.5075  | 115.4 | FAIL
LDA                      | 0.6441 | 0.1189 | 0.6508 | 0.1000 | 0.5538   | 0.1506   | 871     | 1.8721  | 106.5 | FAIL
Tiny MLP                 | 0.6646 | 0.1165 | 0.6645 | 0.1000 | 0.5675   | 0.1520   | 871     | 0.7720  | 500.2 | FAIL
MultiProtoCosine         | 0.1567 | 0.1205 | 0.1548 | 0.1000 | 0.1370   | 0.1234   | 871     | 0.9125  | 121.7 | FAIL
WeightedEnsemble         | 0.7094 | 0.1189 | 0.7121 | 0.1000 | 0.6313   | 0.1574   | 871     | 0.7413  | 552.4 | FAIL
XGBoost                  | 0.6520 | 0.1150 | 0.6411 | 0.1000 | 0.6045   | 0.1508   | 871     | 0.5948  | 84.3  | FAIL
LDA1+LogReg              | 0.3535 | 0.1031 | 0.3581 | 0.1000 | 0.3296   | 0.1199   | 871     | 0.5075  | 109.8 | FAIL
PCA16+LogReg             | 0.3480 | 0.1008 | 0.3516 | 0.1000 | 0.3256   | 0.1156   | 871     | 0.5074  | 118.8 | FAIL
PCA32+LogReg             | 0.3646 | 0.1024 | 0.3710 | 0.1000 | 0.3413   | 0.1185   | 871     | 0.5071  | 122.7 | FAIL
PCA16+VecWeighted        | 0.1575 | 0.0843 | 0.1387 | 0.1000 | 0.1519   | 0.0792   | 871     | 0.0234  | 116.0 | PASS
PCA32+VecWeighted        | 0.1268 | 0.0772 | 0.1153 | 0.1000 | 0.1213   | 0.0520   | 871     | 0.0294  | 119.5 | PASS
StabilizedWhitenedCosine | 0.6811 | 0.1016 | 0.6702 | 0.1000 | 0.6079   | 0.1370   | 871     | 0.4548  | 110.6 | FAIL

[trial=5 seed=47] GLOBAL mode — total_samples=200000
  total: h0=82063 h1=15019
  pooled_train:  n0=1270 n1=1270
  pooled_calib:  n0=1240 n1=1240
  pooled_eval:   n0=1270 n1=1270
  regions (for macro stats only): 1103
[INFO] Cosine baseline routed to direct Hadamard sum (PrecomputedCosine)
[INFO] WeightedEnsemble Cosine judge routed to direct Hadamard sum
  [Ensemble] Judges routed to 'alt' input: PrecomputedCosine
[WeightedEnsemble] Fitted weights (alpha=0.1000, external calib):
  tau=0.6028, Pooled external calib: TPR=0.7210, FPR=0.1000
  PrecomputedCosine   : +0.0477
  PCAWhitenedCosine   : +0.4884
  XGBoost             : +0.3290
  Tiny MLP            : +0.0838
  LDA                 : +0.0511

Method                   | TPR    | FPR    | TrTPR  | TrFPR  | MacroTPR | MacroFPR | Regions | TauMean | ms    | OK? 
---------------------------------------------------------------------------------------------------------------------
Cosine                   | 0.5780 | 0.0913 | 0.5831 | 0.1000 | 0.5463   | 0.1239   | 852     | 0.8977  | 117.8 | PASS
AndBox-HC                | 0.5724 | 0.0913 | 0.5847 | 0.1000 | 0.5366   | 0.1227   | 852     | 0.0001  | 62.2  | PASS
PCAWhitenedCosine        | 0.6669 | 0.1031 | 0.6831 | 0.1000 | 0.5699   | 0.1345   | 852     | 0.5155  | 98.9  | FAIL
Vec (Wgt)                | 0.5921 | 0.0882 | 0.6016 | 0.1000 | 0.5501   | 0.1231   | 852     | 0.8930  | 99.3  | PASS
Log Reg                  | 0.3575 | 0.1102 | 0.3831 | 0.1000 | 0.3154   | 0.1223   | 852     | 0.5082  | 113.8 | FAIL
LDA                      | 0.6567 | 0.1087 | 0.6879 | 0.1000 | 0.5626   | 0.1391   | 852     | 2.2090  | 104.3 | FAIL
Tiny MLP                 | 0.6748 | 0.1181 | 0.7048 | 0.1000 | 0.5870   | 0.1562   | 852     | 0.7561  | 497.5 | FAIL
MultiProtoCosine         | 0.1606 | 0.1047 | 0.1661 | 0.1000 | 0.1391   | 0.1092   | 852     | 0.9168  | 120.9 | FAIL
WeightedEnsemble         | 0.7031 | 0.1071 | 0.7210 | 0.1000 | 0.6078   | 0.1376   | 852     | 0.6028  | 549.9 | FAIL
XGBoost                  | 0.6189 | 0.0906 | 0.6500 | 0.1000 | 0.5485   | 0.1245   | 852     | 0.6115  | 82.5  | PASS
LDA1+LogReg              | 0.3575 | 0.1094 | 0.3831 | 0.1000 | 0.3154   | 0.1219   | 852     | 0.5082  | 108.7 | FAIL
PCA16+LogReg             | 0.3567 | 0.1118 | 0.3863 | 0.1000 | 0.3148   | 0.1242   | 852     | 0.5078  | 118.8 | FAIL
PCA32+LogReg             | 0.3606 | 0.1079 | 0.3823 | 0.1000 | 0.3173   | 0.1190   | 852     | 0.5081  | 121.7 | FAIL
PCA16+VecWeighted        | 0.1874 | 0.0992 | 0.1952 | 0.1000 | 0.1566   | 0.1073   | 852     | 0.0223  | 115.0 | PASS
PCA32+VecWeighted        | 0.1937 | 0.0913 | 0.2008 | 0.1000 | 0.1724   | 0.1044   | 852     | 0.0241  | 120.1 | PASS
StabilizedWhitenedCosine | 0.6598 | 0.0984 | 0.6758 | 0.1000 | 0.5679   | 0.1261   | 852     | 0.5440  | 112.4 | PASS

[trial=6 seed=48] GLOBAL mode — total_samples=200000
  total: h0=82063 h1=15019
  pooled_train:  n0=1270 n1=1270
  pooled_calib:  n0=1240 n1=1240
  pooled_eval:   n0=1270 n1=1270
  regions (for macro stats only): 1103
[INFO] Cosine baseline routed to direct Hadamard sum (PrecomputedCosine)
[INFO] WeightedEnsemble Cosine judge routed to direct Hadamard sum
  [Ensemble] Judges routed to 'alt' input: PrecomputedCosine
[WeightedEnsemble] Fitted weights (alpha=0.1000, external calib):
  tau=0.6451, Pooled external calib: TPR=0.7056, FPR=0.1000
  PrecomputedCosine   : +0.1270
  PCAWhitenedCosine   : +0.4131
  XGBoost             : +0.2315
  Tiny MLP            : +0.0777
  LDA                 : +0.1507

Method                   | TPR    | FPR    | TrTPR  | TrFPR  | MacroTPR | MacroFPR | Regions | TauMean | ms    | OK? 
---------------------------------------------------------------------------------------------------------------------
Cosine                   | 0.5433 | 0.0890 | 0.5669 | 0.1000 | 0.5309   | 0.1281   | 856     | 0.9107  | 98.9  | PASS
AndBox-HC                | 0.4709 | 0.0811 | 0.4823 | 0.1000 | 0.4557   | 0.1107   | 856     | 0.0001  | 62.5  | PASS
PCAWhitenedCosine        | 0.6819 | 0.0992 | 0.6855 | 0.1000 | 0.6063   | 0.1369   | 856     | 0.4504  | 98.2  | PASS
Vec (Wgt)                | 0.5638 | 0.0882 | 0.6000 | 0.1000 | 0.5478   | 0.1277   | 856     | 0.8993  | 99.0  | PASS
Log Reg                  | 0.3709 | 0.1047 | 0.4097 | 0.1000 | 0.3410   | 0.1306   | 856     | 0.5064  | 113.2 | FAIL
LDA                      | 0.6465 | 0.0913 | 0.6548 | 0.1000 | 0.5727   | 0.1323   | 856     | 1.9892  | 103.6 | PASS
Tiny MLP                 | 0.6661 | 0.0890 | 0.6589 | 0.1000 | 0.5966   | 0.1263   | 856     | 0.7259  | 497.4 | PASS
MultiProtoCosine         | 0.1551 | 0.1189 | 0.1548 | 0.1000 | 0.1227   | 0.1217   | 856     | 0.9136  | 119.6 | FAIL
WeightedEnsemble         | 0.7071 | 0.1047 | 0.7056 | 0.1000 | 0.6312   | 0.1503   | 856     | 0.6451  | 549.8 | FAIL
XGBoost                  | 0.5882 | 0.0858 | 0.5815 | 0.1000 | 0.5453   | 0.1221   | 856     | 0.6290  | 82.9  | PASS
LDA1+LogReg              | 0.3717 | 0.1047 | 0.4137 | 0.1000 | 0.3415   | 0.1306   | 856     | 0.5065  | 106.9 | FAIL
PCA16+LogReg             | 0.3803 | 0.1079 | 0.4202 | 0.1000 | 0.3503   | 0.1342   | 856     | 0.5060  | 116.5 | FAIL
PCA32+LogReg             | 0.3827 | 0.1079 | 0.4194 | 0.1000 | 0.3520   | 0.1358   | 856     | 0.5060  | 120.0 | FAIL
PCA16+VecWeighted        | 0.1354 | 0.0858 | 0.1492 | 0.1000 | 0.1165   | 0.0879   | 856     | 0.0234  | 113.6 | PASS
PCA32+VecWeighted        | 0.1433 | 0.0858 | 0.1597 | 0.1000 | 0.1317   | 0.0957   | 856     | 0.0281  | 116.7 | PASS
StabilizedWhitenedCosine | 0.6598 | 0.1047 | 0.6573 | 0.1000 | 0.5928   | 0.1434   | 856     | 0.4906  | 109.0 | FAIL

[trial=7 seed=49] GLOBAL mode — total_samples=200000
  total: h0=82063 h1=15019
  pooled_train:  n0=1270 n1=1270
  pooled_calib:  n0=1240 n1=1240
  pooled_eval:   n0=1270 n1=1270
  regions (for macro stats only): 1103
[INFO] Cosine baseline routed to direct Hadamard sum (PrecomputedCosine)
[INFO] WeightedEnsemble Cosine judge routed to direct Hadamard sum
  [Ensemble] Judges routed to 'alt' input: PrecomputedCosine
[WeightedEnsemble] Fitted weights (alpha=0.1000, external calib):
  tau=0.7043, Pooled external calib: TPR=0.7379, FPR=0.1000
  PrecomputedCosine   : +0.4364
  PCAWhitenedCosine   : +0.0571
  XGBoost             : +0.1048
  Tiny MLP            : +0.3819
  LDA                 : +0.0199

Method                   | TPR    | FPR    | TrTPR  | TrFPR  | MacroTPR | MacroFPR | Regions | TauMean | ms    | OK? 
---------------------------------------------------------------------------------------------------------------------
Cosine                   | 0.5850 | 0.1094 | 0.5992 | 0.1000 | 0.5466   | 0.1396   | 868     | 0.8875  | 109.8 | FAIL
AndBox-HC                | 0.5929 | 0.1236 | 0.5984 | 0.1000 | 0.5417   | 0.1534   | 868     | -0.0000 | 63.8  | FAIL
PCAWhitenedCosine        | 0.6835 | 0.1094 | 0.7008 | 0.1000 | 0.5831   | 0.1546   | 868     | 0.3367  | 100.5 | FAIL
Vec (Wgt)                | 0.5961 | 0.1063 | 0.6129 | 0.1000 | 0.5590   | 0.1394   | 868     | 0.8807  | 101.0 | FAIL
Log Reg                  | 0.4181 | 0.1008 | 0.4024 | 0.1000 | 0.3571   | 0.1354   | 868     | 0.5059  | 117.0 | FAIL
LDA                      | 0.6898 | 0.1283 | 0.6847 | 0.1000 | 0.5854   | 0.1783   | 868     | 1.5469  | 106.3 | FAIL
Tiny MLP                 | 0.7102 | 0.1339 | 0.7266 | 0.1000 | 0.6064   | 0.1847   | 868     | 0.6409  | 497.1 | FAIL
MultiProtoCosine         | 0.1433 | 0.1008 | 0.1460 | 0.1000 | 0.1175   | 0.1190   | 868     | 0.9169  | 120.7 | FAIL
WeightedEnsemble         | 0.7236 | 0.1315 | 0.7379 | 0.1000 | 0.6330   | 0.1795   | 868     | 0.7043  | 550.2 | FAIL
XGBoost                  | 0.6583 | 0.1055 | 0.6548 | 0.1000 | 0.5943   | 0.1347   | 868     | 0.5772  | 82.6  | FAIL
LDA1+LogReg              | 0.4197 | 0.1024 | 0.4024 | 0.1000 | 0.3599   | 0.1388   | 868     | 0.5058  | 109.0 | FAIL
PCA16+LogReg             | 0.4189 | 0.1031 | 0.4089 | 0.1000 | 0.3628   | 0.1394   | 868     | 0.5056  | 118.5 | FAIL
PCA32+LogReg             | 0.4252 | 0.1031 | 0.4105 | 0.1000 | 0.3675   | 0.1408   | 868     | 0.5056  | 121.0 | FAIL
PCA16+VecWeighted        | 0.3118 | 0.0953 | 0.2815 | 0.1000 | 0.2702   | 0.1120   | 868     | 0.0174  | 115.5 | PASS
PCA32+VecWeighted        | 0.2953 | 0.0921 | 0.2702 | 0.1000 | 0.2638   | 0.1080   | 868     | 0.0212  | 118.5 | PASS
StabilizedWhitenedCosine | 0.6921 | 0.1307 | 0.6903 | 0.1000 | 0.6034   | 0.1792   | 868     | 0.3253  | 110.2 | FAIL

[trial=8 seed=50] GLOBAL mode — total_samples=200000
  total: h0=82063 h1=15019
  pooled_train:  n0=1270 n1=1270
  pooled_calib:  n0=1240 n1=1240
  pooled_eval:   n0=1270 n1=1270
  regions (for macro stats only): 1103
[INFO] Cosine baseline routed to direct Hadamard sum (PrecomputedCosine)
[INFO] WeightedEnsemble Cosine judge routed to direct Hadamard sum
  [Ensemble] Judges routed to 'alt' input: PrecomputedCosine
[WeightedEnsemble] Fitted weights (alpha=0.1000, external calib):
  tau=0.6185, Pooled external calib: TPR=0.7274, FPR=0.1000
  PrecomputedCosine   : +0.2204
  PCAWhitenedCosine   : +0.3145
  XGBoost             : +0.1972
  Tiny MLP            : +0.2559
  LDA                 : +0.0120

Method                   | TPR    | FPR    | TrTPR  | TrFPR  | MacroTPR | MacroFPR | Regions | TauMean | ms    | OK? 
---------------------------------------------------------------------------------------------------------------------
Cosine                   | 0.6102 | 0.0984 | 0.5887 | 0.1000 | 0.5840   | 0.1300   | 859     | 0.8985  | 107.0 | PASS
AndBox-HC                | 0.5685 | 0.0866 | 0.5500 | 0.1000 | 0.5358   | 0.1106   | 859     | 0.0000  | 63.2  | PASS
PCAWhitenedCosine        | 0.7039 | 0.0898 | 0.6919 | 0.1000 | 0.6148   | 0.1311   | 859     | 0.4797  | 99.2  | PASS
Vec (Wgt)                | 0.6150 | 0.0866 | 0.5976 | 0.1000 | 0.5757   | 0.1171   | 859     | 0.8937  | 99.7  | PASS
Log Reg                  | 0.4787 | 0.0850 | 0.4685 | 0.1000 | 0.4035   | 0.1131   | 859     | 0.5049  | 113.7 | PASS
LDA                      | 0.6874 | 0.0780 | 0.6871 | 0.1000 | 0.5835   | 0.1113   | 859     | 2.2212  | 104.8 | PASS
Tiny MLP                 | 0.7016 | 0.0866 | 0.7056 | 0.1000 | 0.5979   | 0.1239   | 859     | 0.7719  | 589.3 | PASS
MultiProtoCosine         | 0.1496 | 0.1031 | 0.1661 | 0.1000 | 0.1312   | 0.1210   | 859     | 0.9145  | 118.5 | FAIL
WeightedEnsemble         | 0.7354 | 0.0898 | 0.7274 | 0.1000 | 0.6540   | 0.1312   | 859     | 0.6185  | 643.0 | PASS
XGBoost                  | 0.6614 | 0.0850 | 0.6395 | 0.1000 | 0.5895   | 0.1207   | 859     | 0.6067  | 83.8  | PASS
LDA1+LogReg              | 0.4835 | 0.0850 | 0.4710 | 0.1000 | 0.4067   | 0.1131   | 859     | 0.5048  | 106.8 | PASS
PCA16+LogReg             | 0.5000 | 0.0882 | 0.4895 | 0.1000 | 0.4102   | 0.1166   | 859     | 0.5046  | 116.1 | PASS
PCA32+LogReg             | 0.4984 | 0.0858 | 0.4935 | 0.1000 | 0.4166   | 0.1143   | 859     | 0.5046  | 119.4 | PASS
PCA16+VecWeighted        | 0.1803 | 0.1016 | 0.2008 | 0.1000 | 0.1721   | 0.1057   | 859     | 0.0257  | 113.3 | FAIL
PCA32+VecWeighted        | 0.1850 | 0.0992 | 0.1992 | 0.1000 | 0.1837   | 0.1339   | 859     | 0.0258  | 116.1 | PASS
StabilizedWhitenedCosine | 0.6732 | 0.0803 | 0.6621 | 0.1000 | 0.6055   | 0.1190   | 859     | 0.5095  | 108.4 | PASS

[trial=9 seed=51] GLOBAL mode — total_samples=200000
  total: h0=82063 h1=15019
  pooled_train:  n0=1270 n1=1270
  pooled_calib:  n0=1240 n1=1240
  pooled_eval:   n0=1270 n1=1270
  regions (for macro stats only): 1103
[INFO] Cosine baseline routed to direct Hadamard sum (PrecomputedCosine)
[INFO] WeightedEnsemble Cosine judge routed to direct Hadamard sum
  [Ensemble] Judges routed to 'alt' input: PrecomputedCosine
[WeightedEnsemble] Fitted weights (alpha=0.1000, external calib):
  tau=0.6920, Pooled external calib: TPR=0.7121, FPR=0.1000
  PrecomputedCosine   : +0.1817
  PCAWhitenedCosine   : +0.4603
  XGBoost             : +0.0868
  Tiny MLP            : +0.1854
  LDA                 : +0.0858

Method                   | TPR    | FPR    | TrTPR  | TrFPR  | MacroTPR | MacroFPR | Regions | TauMean | ms    | OK? 
---------------------------------------------------------------------------------------------------------------------
Cosine                   | 0.5835 | 0.0953 | 0.5726 | 0.1000 | 0.5478   | 0.1383   | 870     | 0.9001  | 107.6 | PASS
AndBox-HC                | 0.5543 | 0.0906 | 0.5573 | 0.1000 | 0.5159   | 0.1349   | 870     | 0.0001  | 73.3  | PASS
PCAWhitenedCosine        | 0.6827 | 0.0953 | 0.6855 | 0.1000 | 0.5955   | 0.1305   | 870     | 0.5164  | 100.2 | PASS
Vec (Wgt)                | 0.6031 | 0.0929 | 0.5952 | 0.1000 | 0.5611   | 0.1361   | 870     | 0.8945  | 101.1 | PASS
Log Reg                  | 0.4299 | 0.0921 | 0.4435 | 0.1000 | 0.3716   | 0.1334   | 870     | 0.5056  | 115.8 | PASS
LDA                      | 0.6622 | 0.0992 | 0.6645 | 0.1000 | 0.5477   | 0.1335   | 870     | 2.3437  | 105.9 | PASS
Tiny MLP                 | 0.6850 | 0.1118 | 0.6968 | 0.1000 | 0.5822   | 0.1473   | 870     | 0.7485  | 579.8 | FAIL
MultiProtoCosine         | 0.1457 | 0.1008 | 0.1895 | 0.1000 | 0.1209   | 0.1225   | 870     | 0.9142  | 122.0 | FAIL
WeightedEnsemble         | 0.6992 | 0.1039 | 0.7121 | 0.1000 | 0.6006   | 0.1400   | 870     | 0.6920  | 631.8 | FAIL
XGBoost                  | 0.6307 | 0.0890 | 0.6250 | 0.1000 | 0.5692   | 0.1294   | 870     | 0.6213  | 83.6  | PASS
LDA1+LogReg              | 0.4307 | 0.0929 | 0.4492 | 0.1000 | 0.3725   | 0.1343   | 870     | 0.5056  | 110.0 | PASS
PCA16+LogReg             | 0.4291 | 0.0961 | 0.4460 | 0.1000 | 0.3773   | 0.1395   | 870     | 0.5054  | 119.7 | PASS
PCA32+LogReg             | 0.4394 | 0.0929 | 0.4565 | 0.1000 | 0.3815   | 0.1357   | 870     | 0.5054  | 122.6 | PASS
PCA16+VecWeighted        | 0.1669 | 0.1031 | 0.1815 | 0.1000 | 0.1588   | 0.1268   | 870     | 0.0218  | 116.3 | FAIL
PCA32+VecWeighted        | 0.1449 | 0.1055 | 0.1500 | 0.1000 | 0.1327   | 0.1265   | 870     | 0.0260  | 119.8 | FAIL
StabilizedWhitenedCosine | 0.6748 | 0.0890 | 0.6823 | 0.1000 | 0.5886   | 0.1219   | 870     | 0.5240  | 109.6 | PASS

[trial=10 seed=52] GLOBAL mode — total_samples=200000
  total: h0=82063 h1=15019
  pooled_train:  n0=1270 n1=1270
  pooled_calib:  n0=1240 n1=1240
  pooled_eval:   n0=1270 n1=1270
  regions (for macro stats only): 1103
[INFO] Cosine baseline routed to direct Hadamard sum (PrecomputedCosine)
[INFO] WeightedEnsemble Cosine judge routed to direct Hadamard sum
  [Ensemble] Judges routed to 'alt' input: PrecomputedCosine
[WeightedEnsemble] Fitted weights (alpha=0.1000, external calib):
  tau=0.5398, Pooled external calib: TPR=0.6887, FPR=0.1000
  PrecomputedCosine   : +0.0656
  PCAWhitenedCosine   : +0.4602
  XGBoost             : +0.1200
  Tiny MLP            : +0.2889
  LDA                 : +0.0653

Method                   | TPR    | FPR    | TrTPR  | TrFPR  | MacroTPR | MacroFPR | Regions | TauMean | ms    | OK? 
---------------------------------------------------------------------------------------------------------------------
Cosine                   | 0.5756 | 0.1031 | 0.5355 | 0.1000 | 0.5492   | 0.1338   | 861     | 0.9048  | 110.5 | FAIL
AndBox-HC                | 0.5441 | 0.1102 | 0.5000 | 0.1000 | 0.5147   | 0.1385   | 861     | 0.0000  | 65.3  | FAIL
PCAWhitenedCosine        | 0.6520 | 0.0945 | 0.6484 | 0.1000 | 0.5711   | 0.1426   | 861     | 0.4295  | 101.3 | PASS
Vec (Wgt)                | 0.5898 | 0.1031 | 0.5613 | 0.1000 | 0.5573   | 0.1340   | 861     | 0.8929  | 101.9 | FAIL
Log Reg                  | 0.3677 | 0.0984 | 0.3548 | 0.1000 | 0.3120   | 0.1217   | 861     | 0.5080  | 116.9 | PASS
LDA                      | 0.6669 | 0.0969 | 0.6395 | 0.1000 | 0.5747   | 0.1402   | 861     | 1.8554  | 108.2 | PASS
Tiny MLP                 | 0.6591 | 0.0819 | 0.6460 | 0.1000 | 0.5776   | 0.1251   | 861     | 0.7066  | 587.1 | PASS
MultiProtoCosine         | 0.1890 | 0.0984 | 0.1734 | 0.1000 | 0.1387   | 0.1091   | 861     | 0.9134  | 121.6 | PASS
WeightedEnsemble         | 0.7094 | 0.1000 | 0.6887 | 0.1000 | 0.6226   | 0.1515   | 861     | 0.5398  | 640.9 | PASS
XGBoost                  | 0.6315 | 0.1142 | 0.5960 | 0.1000 | 0.5838   | 0.1583   | 861     | 0.5953  | 84.1  | FAIL
LDA1+LogReg              | 0.3661 | 0.0976 | 0.3540 | 0.1000 | 0.3083   | 0.1208   | 861     | 0.5081  | 109.7 | PASS
PCA16+LogReg             | 0.3827 | 0.1000 | 0.3661 | 0.1000 | 0.3260   | 0.1220   | 861     | 0.5074  | 118.8 | PASS
PCA32+LogReg             | 0.3780 | 0.0976 | 0.3613 | 0.1000 | 0.3209   | 0.1215   | 861     | 0.5076  | 121.8 | PASS
PCA16+VecWeighted        | 0.1622 | 0.0976 | 0.1766 | 0.1000 | 0.1750   | 0.1062   | 861     | 0.0208  | 116.2 | PASS
PCA32+VecWeighted        | 0.1992 | 0.1063 | 0.1798 | 0.1000 | 0.1832   | 0.1099   | 861     | 0.0236  | 118.4 | FAIL
StabilizedWhitenedCosine | 0.6488 | 0.0929 | 0.6258 | 0.1000 | 0.5712   | 0.1397   | 861     | 0.4320  | 110.5 | PASS

[trial=11 seed=53] GLOBAL mode — total_samples=200000
  total: h0=82063 h1=15019
  pooled_train:  n0=1270 n1=1270
  pooled_calib:  n0=1240 n1=1240
  pooled_eval:   n0=1270 n1=1270
  regions (for macro stats only): 1103
[INFO] Cosine baseline routed to direct Hadamard sum (PrecomputedCosine)
[INFO] WeightedEnsemble Cosine judge routed to direct Hadamard sum
  [Ensemble] Judges routed to 'alt' input: PrecomputedCosine
[WeightedEnsemble] Fitted weights (alpha=0.1000, external calib):
  tau=0.6049, Pooled external calib: TPR=0.7210, FPR=0.1000
  PrecomputedCosine   : +0.1195
  PCAWhitenedCosine   : +0.3770
  XGBoost             : +0.2691
  Tiny MLP            : +0.2045
  LDA                 : +0.0298

Method                   | TPR    | FPR    | TrTPR  | TrFPR  | MacroTPR | MacroFPR | Regions | TauMean | ms    | OK? 
---------------------------------------------------------------------------------------------------------------------
Cosine                   | 0.5638 | 0.0850 | 0.5871 | 0.1000 | 0.5299   | 0.1179   | 861     | 0.9085  | 110.0 | PASS
AndBox-HC                | 0.5142 | 0.0787 | 0.5524 | 0.1000 | 0.4736   | 0.1118   | 861     | 0.0001  | 63.3  | PASS
PCAWhitenedCosine        | 0.6717 | 0.1000 | 0.6927 | 0.1000 | 0.5569   | 0.1390   | 861     | 0.4612  | 99.5  | PASS
Vec (Wgt)                | 0.5803 | 0.0937 | 0.6202 | 0.1000 | 0.5398   | 0.1316   | 861     | 0.8950  | 100.3 | PASS
Log Reg                  | 0.3945 | 0.1094 | 0.3871 | 0.1000 | 0.3278   | 0.1409   | 861     | 0.5073  | 115.2 | FAIL
LDA                      | 0.6528 | 0.0937 | 0.6718 | 0.1000 | 0.5446   | 0.1229   | 861     | 1.9659  | 105.5 | PASS
Tiny MLP                 | 0.6291 | 0.0906 | 0.6685 | 0.1000 | 0.5205   | 0.1195   | 861     | 0.7910  | 587.8 | PASS
MultiProtoCosine         | 0.1803 | 0.1220 | 0.1677 | 0.1000 | 0.1520   | 0.1265   | 861     | 0.9142  | 122.6 | FAIL
WeightedEnsemble         | 0.6929 | 0.1000 | 0.7210 | 0.1000 | 0.5849   | 0.1399   | 861     | 0.6049  | 639.8 | PASS
XGBoost                  | 0.6063 | 0.0913 | 0.6234 | 0.1000 | 0.5393   | 0.1320   | 861     | 0.6184  | 82.8  | PASS
LDA1+LogReg              | 0.3945 | 0.1094 | 0.3887 | 0.1000 | 0.3278   | 0.1409   | 861     | 0.5073  | 110.1 | FAIL
PCA16+LogReg             | 0.3969 | 0.1055 | 0.3871 | 0.1000 | 0.3320   | 0.1374   | 861     | 0.5073  | 120.1 | FAIL
PCA32+LogReg             | 0.3984 | 0.1071 | 0.3968 | 0.1000 | 0.3339   | 0.1388   | 861     | 0.5072  | 123.1 | FAIL
PCA16+VecWeighted        | 0.0795 | 0.0866 | 0.0710 | 0.1000 | 0.0942   | 0.0826   | 861     | 0.0265  | 116.8 | PASS
PCA32+VecWeighted        | 0.0787 | 0.0890 | 0.0645 | 0.1000 | 0.1006   | 0.0724   | 861     | 0.0331  | 119.9 | PASS
StabilizedWhitenedCosine | 0.6622 | 0.0976 | 0.6742 | 0.1000 | 0.5741   | 0.1313   | 861     | 0.4672  | 108.9 | PASS

[trial=12 seed=54] GLOBAL mode — total_samples=200000
  total: h0=82063 h1=15019
  pooled_train:  n0=1270 n1=1270
  pooled_calib:  n0=1240 n1=1240
  pooled_eval:   n0=1270 n1=1270
  regions (for macro stats only): 1103
[INFO] Cosine baseline routed to direct Hadamard sum (PrecomputedCosine)
[INFO] WeightedEnsemble Cosine judge routed to direct Hadamard sum
  [Ensemble] Judges routed to 'alt' input: PrecomputedCosine
[WeightedEnsemble] Fitted weights (alpha=0.1000, external calib):
  tau=0.5161, Pooled external calib: TPR=0.7081, FPR=0.1000
  PrecomputedCosine   : +0.0119
  PCAWhitenedCosine   : +0.6928
  XGBoost             : +0.0859
  Tiny MLP            : +0.1783
  LDA                 : +0.0311

Method                   | TPR    | FPR    | TrTPR  | TrFPR  | MacroTPR | MacroFPR | Regions | TauMean | ms    | OK? 
---------------------------------------------------------------------------------------------------------------------
Cosine                   | 0.6031 | 0.1087 | 0.5992 | 0.1000 | 0.5634   | 0.1511   | 850     | 0.8910  | 109.6 | FAIL
AndBox-HC                | 0.5701 | 0.0945 | 0.5734 | 0.1000 | 0.5295   | 0.1253   | 850     | 0.0000  | 64.0  | PASS
PCAWhitenedCosine        | 0.6843 | 0.0937 | 0.7008 | 0.1000 | 0.5832   | 0.1385   | 850     | 0.4316  | 99.7  | PASS
Vec (Wgt)                | 0.6157 | 0.1008 | 0.6056 | 0.1000 | 0.5714   | 0.1432   | 850     | 0.8868  | 101.3 | FAIL
Log Reg                  | 0.4110 | 0.0819 | 0.3790 | 0.1000 | 0.3679   | 0.1154   | 850     | 0.5066  | 118.7 | PASS
LDA                      | 0.6567 | 0.1063 | 0.6532 | 0.0984 | 0.5452   | 0.1483   | 850     | 2.0212  | 107.9 | FAIL
Tiny MLP                 | 0.6559 | 0.0992 | 0.6766 | 0.1000 | 0.5324   | 0.1425   | 850     | 0.7469  | 499.7 | PASS
MultiProtoCosine         | 0.1819 | 0.0929 | 0.1540 | 0.1000 | 0.1559   | 0.1033   | 850     | 0.9155  | 118.8 | PASS
WeightedEnsemble         | 0.6858 | 0.0929 | 0.7081 | 0.1000 | 0.5801   | 0.1372   | 850     | 0.5161  | 551.7 | PASS
XGBoost                  | 0.6591 | 0.0953 | 0.6645 | 0.1000 | 0.5807   | 0.1392   | 850     | 0.5843  | 83.5  | PASS
LDA1+LogReg              | 0.4118 | 0.0827 | 0.3823 | 0.1000 | 0.3686   | 0.1171   | 850     | 0.5066  | 106.7 | PASS
PCA16+LogReg             | 0.4252 | 0.0811 | 0.3903 | 0.1000 | 0.3818   | 0.1129   | 850     | 0.5062  | 116.0 | PASS
PCA32+LogReg             | 0.4228 | 0.0756 | 0.3871 | 0.1000 | 0.3789   | 0.1090   | 850     | 0.5064  | 119.4 | PASS
PCA16+VecWeighted        | 0.2016 | 0.1031 | 0.2113 | 0.1000 | 0.1854   | 0.1085   | 850     | 0.0221  | 113.1 | FAIL
PCA32+VecWeighted        | 0.1567 | 0.1039 | 0.1532 | 0.1000 | 0.1518   | 0.1027   | 850     | 0.0283  | 116.4 | FAIL
StabilizedWhitenedCosine | 0.6646 | 0.0827 | 0.6605 | 0.1000 | 0.5662   | 0.1296   | 850     | 0.4655  | 108.0 | PASS

[trial=13 seed=55] GLOBAL mode — total_samples=200000
  total: h0=82063 h1=15019
  pooled_train:  n0=1270 n1=1270
  pooled_calib:  n0=1240 n1=1240
  pooled_eval:   n0=1270 n1=1270
  regions (for macro stats only): 1103
[INFO] Cosine baseline routed to direct Hadamard sum (PrecomputedCosine)
[INFO] WeightedEnsemble Cosine judge routed to direct Hadamard sum
  [Ensemble] Judges routed to 'alt' input: PrecomputedCosine
[WeightedEnsemble] Fitted weights (alpha=0.1000, external calib):
  tau=0.5425, Pooled external calib: TPR=0.7282, FPR=0.1000
  PrecomputedCosine   : +0.1195
  PCAWhitenedCosine   : +0.3770
  XGBoost             : +0.2691
  Tiny MLP            : +0.2045
  LDA                 : +0.0298

Method                   | TPR    | FPR    | TrTPR  | TrFPR  | MacroTPR | MacroFPR | Regions | TauMean | ms    | OK? 
---------------------------------------------------------------------------------------------------------------------
Cosine                   | 0.6260 | 0.1055 | 0.6274 | 0.1000 | 0.6066   | 0.1464   | 864     | 0.8876  | 108.5 | FAIL
AndBox-HC                | 0.5693 | 0.0921 | 0.5863 | 0.1000 | 0.5400   | 0.1176   | 864     | 0.0000  | 64.1  | PASS
PCAWhitenedCosine        | 0.7094 | 0.1031 | 0.6976 | 0.1000 | 0.6296   | 0.1402   | 864     | 0.4227  | 99.6  | FAIL
Vec (Wgt)                | 0.6362 | 0.1000 | 0.6363 | 0.1000 | 0.6083   | 0.1401   | 864     | 0.8856  | 100.6 | PASS
Log Reg                  | 0.3543 | 0.0827 | 0.3637 | 0.1000 | 0.3046   | 0.1074   | 864     | 0.5073  | 115.3 | PASS
LDA                      | 0.6614 | 0.0850 | 0.6508 | 0.1000 | 0.5683   | 0.1243   | 864     | 2.0273  | 106.1 | PASS
Tiny MLP                 | 0.6677 | 0.0803 | 0.6766 | 0.1000 | 0.5833   | 0.1077   | 864     | 0.7284  | 499.3 | PASS
MultiProtoCosine         | 0.1024 | 0.0953 | 0.1266 | 0.1000 | 0.0994   | 0.1100   | 864     | 0.9171  | 122.6 | PASS
WeightedEnsemble         | 0.7331 | 0.1063 | 0.7282 | 0.1000 | 0.6594   | 0.1433   | 864     | 0.5425  | 551.8 | FAIL
XGBoost                  | 0.6772 | 0.0937 | 0.6726 | 0.1000 | 0.6166   | 0.1281   | 864     | 0.5811  | 84.4  | PASS
LDA1+LogReg              | 0.3543 | 0.0827 | 0.3629 | 0.1000 | 0.3046   | 0.1074   | 864     | 0.5074  | 110.4 | PASS
PCA16+LogReg             | 0.3535 | 0.0874 | 0.3710 | 0.1000 | 0.3040   | 0.1147   | 864     | 0.5070  | 119.4 | PASS
PCA32+LogReg             | 0.3528 | 0.0843 | 0.3645 | 0.1000 | 0.3035   | 0.1070   | 864     | 0.5073  | 122.1 | PASS
PCA16+VecWeighted        | 0.1331 | 0.1157 | 0.1597 | 0.1000 | 0.1155   | 0.1244   | 864     | 0.0210  | 115.9 | FAIL
PCA32+VecWeighted        | 0.1709 | 0.1087 | 0.1895 | 0.1000 | 0.1534   | 0.1211   | 864     | 0.0244  | 119.1 | FAIL
StabilizedWhitenedCosine | 0.7213 | 0.1102 | 0.7000 | 0.1000 | 0.6417   | 0.1496   | 864     | 0.3664  | 109.1 | FAIL

[trial=14 seed=56] GLOBAL mode — total_samples=200000
  total: h0=82063 h1=15019
  pooled_train:  n0=1270 n1=1270
  pooled_calib:  n0=1240 n1=1240
  pooled_eval:   n0=1270 n1=1270
  regions (for macro stats only): 1103
[INFO] Cosine baseline routed to direct Hadamard sum (PrecomputedCosine)
[INFO] WeightedEnsemble Cosine judge routed to direct Hadamard sum
  [Ensemble] Judges routed to 'alt' input: PrecomputedCosine
[WeightedEnsemble] Fitted weights (alpha=0.1000, external calib):
  tau=0.6111, Pooled external calib: TPR=0.7097, FPR=0.1000
  PrecomputedCosine   : +0.2204
  PCAWhitenedCosine   : +0.3145
  XGBoost             : +0.1972
  Tiny MLP            : +0.2559
  LDA                 : +0.0120

Method                   | TPR    | FPR    | TrTPR  | TrFPR  | MacroTPR | MacroFPR | Regions | TauMean | ms    | OK? 
---------------------------------------------------------------------------------------------------------------------
Cosine                   | 0.5732 | 0.1063 | 0.5629 | 0.1000 | 0.5376   | 0.1495   | 860     | 0.9022  | 109.7 | FAIL
AndBox-HC                | 0.4984 | 0.0945 | 0.4823 | 0.1000 | 0.4789   | 0.1353   | 860     | 0.0001  | 62.3  | PASS
PCAWhitenedCosine        | 0.6638 | 0.1181 | 0.6710 | 0.1000 | 0.5660   | 0.1575   | 860     | 0.4523  | 98.6  | FAIL
Vec (Wgt)                | 0.5929 | 0.0961 | 0.5895 | 0.1000 | 0.5464   | 0.1442   | 860     | 0.8916  | 99.2  | PASS
Log Reg                  | 0.3843 | 0.1047 | 0.3831 | 0.1000 | 0.3273   | 0.1435   | 860     | 0.5064  | 114.1 | FAIL
LDA                      | 0.6583 | 0.0976 | 0.6468 | 0.1000 | 0.5631   | 0.1231   | 860     | 2.2215  | 103.8 | PASS
Tiny MLP                 | 0.6906 | 0.1189 | 0.6976 | 0.1000 | 0.5968   | 0.1553   | 860     | 0.6843  | 495.8 | FAIL
MultiProtoCosine         | 0.1441 | 0.0929 | 0.1452 | 0.1000 | 0.1083   | 0.1089   | 860     | 0.9174  | 118.6 | PASS
WeightedEnsemble         | 0.6976 | 0.1213 | 0.7097 | 0.1000 | 0.6082   | 0.1595   | 860     | 0.6111  | 548.2 | FAIL
XGBoost                  | 0.6268 | 0.1031 | 0.6234 | 0.1000 | 0.5608   | 0.1418   | 860     | 0.6025  | 82.8  | FAIL
LDA1+LogReg              | 0.3874 | 0.1047 | 0.3863 | 0.1000 | 0.3305   | 0.1435   | 860     | 0.5064  | 107.1 | FAIL
PCA16+LogReg             | 0.3819 | 0.0992 | 0.3782 | 0.1000 | 0.3240   | 0.1356   | 860     | 0.5062  | 116.3 | PASS
PCA32+LogReg             | 0.3913 | 0.1000 | 0.3919 | 0.1000 | 0.3352   | 0.1366   | 860     | 0.5061  | 120.2 | PASS
PCA16+VecWeighted        | 0.1409 | 0.0984 | 0.1573 | 0.1000 | 0.0902   | 0.0662   | 860     | 0.0264  | 113.3 | PASS
PCA32+VecWeighted        | 0.1661 | 0.0969 | 0.1790 | 0.1000 | 0.1259   | 0.0708   | 860     | 0.0278  | 116.4 | PASS
StabilizedWhitenedCosine | 0.6732 | 0.1150 | 0.6726 | 0.1000 | 0.5773   | 0.1588   | 860     | 0.4417  | 110.4 | FAIL

[trial=15 seed=57] GLOBAL mode — total_samples=200000
  total: h0=82063 h1=15019
  pooled_train:  n0=1270 n1=1270
  pooled_calib:  n0=1240 n1=1240
  pooled_eval:   n0=1270 n1=1270
  regions (for macro stats only): 1103
[INFO] Cosine baseline routed to direct Hadamard sum (PrecomputedCosine)
[INFO] WeightedEnsemble Cosine judge routed to direct Hadamard sum
  [Ensemble] Judges routed to 'alt' input: PrecomputedCosine
[WeightedEnsemble] Fitted weights (alpha=0.1000, external calib):
  tau=0.7318, Pooled external calib: TPR=0.7177, FPR=0.1000
  PrecomputedCosine   : +0.4323
  PCAWhitenedCosine   : +0.1110
  XGBoost             : +0.2003
  Tiny MLP            : +0.2025
  LDA                 : +0.0539

Method                   | TPR    | FPR    | TrTPR  | TrFPR  | MacroTPR | MacroFPR | Regions | TauMean | ms    | OK? 
---------------------------------------------------------------------------------------------------------------------
Cosine                   | 0.5843 | 0.1134 | 0.6048 | 0.1000 | 0.5528   | 0.1536   | 841     | 0.8967  | 120.6 | FAIL
AndBox-HC                | 0.5394 | 0.1055 | 0.5556 | 0.1000 | 0.4919   | 0.1370   | 841     | 0.0000  | 65.5  | FAIL
PCAWhitenedCosine        | 0.6732 | 0.1047 | 0.6790 | 0.1000 | 0.5844   | 0.1399   | 841     | 0.4490  | 98.0  | FAIL
Vec (Wgt)                | 0.5898 | 0.1071 | 0.6105 | 0.1000 | 0.5540   | 0.1476   | 841     | 0.8936  | 98.5  | FAIL
Log Reg                  | 0.4031 | 0.1094 | 0.3726 | 0.1000 | 0.3484   | 0.1355   | 841     | 0.5069  | 113.7 | FAIL
LDA                      | 0.6717 | 0.1110 | 0.6758 | 0.1000 | 0.5685   | 0.1551   | 841     | 1.9131  | 104.5 | FAIL
Tiny MLP                 | 0.6835 | 0.1134 | 0.6782 | 0.1000 | 0.5899   | 0.1493   | 841     | 0.7439  | 587.3 | FAIL
MultiProtoCosine         | 0.1520 | 0.0961 | 0.1258 | 0.1000 | 0.1205   | 0.0940   | 841     | 0.9154  | 120.4 | PASS
WeightedEnsemble         | 0.7126 | 0.1110 | 0.7177 | 0.1000 | 0.6315   | 0.1568   | 841     | 0.7318  | 639.7 | FAIL
XGBoost                  | 0.6276 | 0.1047 | 0.6274 | 0.1000 | 0.5512   | 0.1451   | 841     | 0.6148  | 83.5  | FAIL
LDA1+LogReg              | 0.4047 | 0.1087 | 0.3734 | 0.1000 | 0.3498   | 0.1337   | 841     | 0.5069  | 108.2 | FAIL
PCA16+LogReg             | 0.4063 | 0.1047 | 0.3685 | 0.1000 | 0.3501   | 0.1255   | 841     | 0.5068  | 118.0 | FAIL
PCA32+LogReg             | 0.4110 | 0.1071 | 0.3782 | 0.1000 | 0.3556   | 0.1296   | 841     | 0.5066  | 120.9 | FAIL
PCA16+VecWeighted        | 0.1480 | 0.0921 | 0.1508 | 0.1000 | 0.1486   | 0.0891   | 841     | 0.0244  | 114.7 | PASS
PCA32+VecWeighted        | 0.1449 | 0.1071 | 0.1548 | 0.1000 | 0.1409   | 0.0956   | 841     | 0.0264  | 118.3 | FAIL
StabilizedWhitenedCosine | 0.6598 | 0.0976 | 0.6444 | 0.1000 | 0.5716   | 0.1288   | 841     | 0.5031  | 107.8 | PASS

[trial=16 seed=58] GLOBAL mode — total_samples=200000
  total: h0=82063 h1=15019
  pooled_train:  n0=1270 n1=1270
  pooled_calib:  n0=1240 n1=1240
  pooled_eval:   n0=1270 n1=1270
  regions (for macro stats only): 1103
[INFO] Cosine baseline routed to direct Hadamard sum (PrecomputedCosine)
[INFO] WeightedEnsemble Cosine judge routed to direct Hadamard sum
  [Ensemble] Judges routed to 'alt' input: PrecomputedCosine
[WeightedEnsemble] Fitted weights (alpha=0.1000, external calib):
  tau=0.5889, Pooled external calib: TPR=0.6919, FPR=0.1000
  PrecomputedCosine   : +0.2161
  PCAWhitenedCosine   : +0.5478
  XGBoost             : +0.0972
  Tiny MLP            : +0.1269
  LDA                 : +0.0120

Method                   | TPR    | FPR    | TrTPR  | TrFPR  | MacroTPR | MacroFPR | Regions | TauMean | ms    | OK? 
---------------------------------------------------------------------------------------------------------------------
Cosine                   | 0.6024 | 0.0835 | 0.5702 | 0.1000 | 0.5664   | 0.1124   | 869     | 0.9052  | 111.9 | PASS
AndBox-HC                | 0.5961 | 0.0866 | 0.5532 | 0.1000 | 0.5427   | 0.1143   | 869     | 0.0001  | 65.0  | PASS
PCAWhitenedCosine        | 0.7039 | 0.0890 | 0.6887 | 0.1000 | 0.6015   | 0.1176   | 869     | 0.4396  | 100.6 | PASS
Vec (Wgt)                | 0.6213 | 0.0835 | 0.5863 | 0.1000 | 0.5753   | 0.1152   | 869     | 0.8983  | 101.6 | PASS
Log Reg                  | 0.4181 | 0.0858 | 0.3742 | 0.1000 | 0.3387   | 0.1161   | 869     | 0.5065  | 116.1 | PASS
LDA                      | 0.6551 | 0.0827 | 0.6306 | 0.1000 | 0.5315   | 0.1044   | 869     | 2.2253  | 106.2 | PASS
Tiny MLP                 | 0.6787 | 0.0835 | 0.6589 | 0.1000 | 0.5691   | 0.1106   | 869     | 0.7395  | 499.7 | PASS
MultiProtoCosine         | 0.1465 | 0.0976 | 0.1363 | 0.1000 | 0.1124   | 0.1031   | 869     | 0.9167  | 120.5 | PASS
WeightedEnsemble         | 0.7024 | 0.0827 | 0.6919 | 0.1000 | 0.6040   | 0.1092   | 869     | 0.5889  | 553.8 | PASS
XGBoost                  | 0.6535 | 0.0748 | 0.6153 | 0.1000 | 0.5891   | 0.1015   | 869     | 0.6127  | 83.9  | PASS
LDA1+LogReg              | 0.4213 | 0.0858 | 0.3806 | 0.1000 | 0.3413   | 0.1161   | 869     | 0.5064  | 109.3 | PASS
PCA16+LogReg             | 0.4244 | 0.0882 | 0.3806 | 0.1000 | 0.3459   | 0.1194   | 869     | 0.5063  | 118.5 | PASS
PCA32+LogReg             | 0.4291 | 0.0850 | 0.3847 | 0.1000 | 0.3498   | 0.1187   | 869     | 0.5062  | 121.2 | PASS
PCA16+VecWeighted        | 0.1307 | 0.0913 | 0.1460 | 0.1000 | 0.1248   | 0.0910   | 869     | 0.0237  | 114.9 | PASS
PCA32+VecWeighted        | 0.1504 | 0.1047 | 0.1548 | 0.1000 | 0.1341   | 0.1041   | 869     | 0.0249  | 117.4 | FAIL
StabilizedWhitenedCosine | 0.6937 | 0.0843 | 0.6694 | 0.1000 | 0.5963   | 0.1148   | 869     | 0.4482  | 110.2 | PASS

[trial=17 seed=59] GLOBAL mode — total_samples=200000
  total: h0=82063 h1=15019
  pooled_train:  n0=1270 n1=1270
  pooled_calib:  n0=1240 n1=1240
  pooled_eval:   n0=1270 n1=1270
  regions (for macro stats only): 1103
[INFO] Cosine baseline routed to direct Hadamard sum (PrecomputedCosine)
[INFO] WeightedEnsemble Cosine judge routed to direct Hadamard sum
  [Ensemble] Judges routed to 'alt' input: PrecomputedCosine
[WeightedEnsemble] Fitted weights (alpha=0.1000, external calib):
  tau=0.5081, Pooled external calib: TPR=0.7000, FPR=0.1000
  PrecomputedCosine   : +0.2161
  PCAWhitenedCosine   : +0.5478
  XGBoost             : +0.0972
  Tiny MLP            : +0.1269
  LDA                 : +0.0120

Method                   | TPR    | FPR    | TrTPR  | TrFPR  | MacroTPR | MacroFPR | Regions | TauMean | ms    | OK? 
---------------------------------------------------------------------------------------------------------------------
Cosine                   | 0.5646 | 0.0992 | 0.5863 | 0.1000 | 0.5378   | 0.1417   | 862     | 0.8965  | 109.5 | PASS
AndBox-HC                | 0.5402 | 0.1016 | 0.5532 | 0.1000 | 0.5228   | 0.1362   | 862     | 0.0000  | 64.1  | FAIL
PCAWhitenedCosine        | 0.7024 | 0.1079 | 0.6903 | 0.1000 | 0.6190   | 0.1481   | 862     | 0.3206  | 99.7  | FAIL
Vec (Wgt)                | 0.5882 | 0.1000 | 0.5992 | 0.1000 | 0.5545   | 0.1414   | 862     | 0.8871  | 100.4 | PASS
Log Reg                  | 0.3677 | 0.0984 | 0.3895 | 0.1000 | 0.3305   | 0.1291   | 862     | 0.5060  | 114.3 | PASS
LDA                      | 0.6339 | 0.0945 | 0.6129 | 0.1000 | 0.5492   | 0.1287   | 862     | 2.0665  | 105.5 | PASS
Tiny MLP                 | 0.6535 | 0.1047 | 0.6226 | 0.1000 | 0.5661   | 0.1418   | 862     | 0.7432  | 499.0 | FAIL
MultiProtoCosine         | 0.1480 | 0.1039 | 0.1581 | 0.1000 | 0.1258   | 0.1087   | 862     | 0.9129  | 120.7 | FAIL
WeightedEnsemble         | 0.7150 | 0.1110 | 0.7000 | 0.1000 | 0.6312   | 0.1554   | 862     | 0.5081  | 550.8 | FAIL
XGBoost                  | 0.5953 | 0.0913 | 0.6008 | 0.1000 | 0.5318   | 0.1306   | 862     | 0.6060  | 84.2  | PASS
LDA1+LogReg              | 0.3669 | 0.0984 | 0.3927 | 0.1000 | 0.3287   | 0.1291   | 862     | 0.5060  | 109.1 | PASS
PCA16+LogReg             | 0.3795 | 0.0961 | 0.4056 | 0.1000 | 0.3373   | 0.1277   | 862     | 0.5056  | 117.7 | PASS
PCA32+LogReg             | 0.3803 | 0.0969 | 0.4016 | 0.1000 | 0.3386   | 0.1265   | 862     | 0.5057  | 121.1 | PASS
PCA16+VecWeighted        | 0.0528 | 0.0976 | 0.0677 | 0.1000 | 0.0614   | 0.0587   | 862     | 0.0280  | 114.9 | PASS
PCA32+VecWeighted        | 0.0457 | 0.0898 | 0.0581 | 0.1000 | 0.0454   | 0.0524   | 862     | 0.0346  | 118.6 | PASS
StabilizedWhitenedCosine | 0.6724 | 0.1063 | 0.6565 | 0.1000 | 0.5876   | 0.1536   | 862     | 0.3532  | 108.6 | FAIL

[trial=18 seed=60] GLOBAL mode — total_samples=200000
  total: h0=82063 h1=15019
  pooled_train:  n0=1270 n1=1270
  pooled_calib:  n0=1240 n1=1240
  pooled_eval:   n0=1270 n1=1270
  regions (for macro stats only): 1103
[INFO] Cosine baseline routed to direct Hadamard sum (PrecomputedCosine)
[INFO] WeightedEnsemble Cosine judge routed to direct Hadamard sum
  [Ensemble] Judges routed to 'alt' input: PrecomputedCosine
[WeightedEnsemble] Fitted weights (alpha=0.1000, external calib):
  tau=0.7116, Pooled external calib: TPR=0.7177, FPR=0.1000
  PrecomputedCosine   : +0.4323
  PCAWhitenedCosine   : +0.1110
  XGBoost             : +0.2003
  Tiny MLP            : +0.2025
  LDA                 : +0.0539

Method                   | TPR    | FPR    | TrTPR  | TrFPR  | MacroTPR | MacroFPR | Regions | TauMean | ms    | OK? 
---------------------------------------------------------------------------------------------------------------------
Cosine                   | 0.5850 | 0.0898 | 0.5960 | 0.1000 | 0.5730   | 0.1231   | 837     | 0.9012  | 100.3 | PASS
AndBox-HC                | 0.5669 | 0.1071 | 0.5960 | 0.1000 | 0.5535   | 0.1376   | 837     | 0.0000  | 67.1  | FAIL
PCAWhitenedCosine        | 0.6756 | 0.0787 | 0.6669 | 0.1000 | 0.5800   | 0.1149   | 837     | 0.4756  | 97.5  | PASS
Vec (Wgt)                | 0.5906 | 0.0945 | 0.6185 | 0.1000 | 0.5646   | 0.1299   | 837     | 0.8907  | 98.5  | PASS
Log Reg                  | 0.3717 | 0.0929 | 0.3653 | 0.1000 | 0.3188   | 0.1264   | 837     | 0.5067  | 113.0 | PASS
LDA                      | 0.6803 | 0.0906 | 0.6669 | 0.1000 | 0.5863   | 0.1346   | 837     | 1.7807  | 103.7 | PASS
Tiny MLP                 | 0.6811 | 0.0874 | 0.6863 | 0.1000 | 0.5788   | 0.1326   | 837     | 0.7058  | 492.9 | PASS
MultiProtoCosine         | 0.1740 | 0.1142 | 0.1565 | 0.1000 | 0.1292   | 0.1259   | 837     | 0.9132  | 116.9 | FAIL
WeightedEnsemble         | 0.7213 | 0.0913 | 0.7177 | 0.1000 | 0.6317   | 0.1346   | 837     | 0.7116  | 546.2 | PASS
XGBoost                  | 0.6315 | 0.0921 | 0.6355 | 0.1000 | 0.5798   | 0.1371   | 837     | 0.6083  | 84.2  | PASS
LDA1+LogReg              | 0.3764 | 0.0945 | 0.3702 | 0.1000 | 0.3224   | 0.1284   | 837     | 0.5067  | 105.7 | PASS
PCA16+LogReg             | 0.3827 | 0.0945 | 0.3734 | 0.1000 | 0.3265   | 0.1293   | 837     | 0.5064  | 114.9 | PASS
PCA32+LogReg             | 0.3890 | 0.0969 | 0.3815 | 0.1000 | 0.3335   | 0.1307   | 837     | 0.5063  | 118.4 | PASS
PCA16+VecWeighted        | 0.2094 | 0.1094 | 0.2024 | 0.1000 | 0.2037   | 0.1213   | 837     | 0.0211  | 112.4 | FAIL
PCA32+VecWeighted        | 0.1992 | 0.1079 | 0.1952 | 0.1000 | 0.1766   | 0.1153   | 837     | 0.0253  | 115.3 | FAIL
StabilizedWhitenedCosine | 0.6622 | 0.0787 | 0.6710 | 0.1000 | 0.5614   | 0.1194   | 837     | 0.4691  | 107.4 | PASS

[trial=19 seed=61] GLOBAL mode — total_samples=200000
  total: h0=82063 h1=15019
  pooled_train:  n0=1270 n1=1270
  pooled_calib:  n0=1240 n1=1240
  pooled_eval:   n0=1270 n1=1270
  regions (for macro stats only): 1103
[INFO] Cosine baseline routed to direct Hadamard sum (PrecomputedCosine)
[INFO] WeightedEnsemble Cosine judge routed to direct Hadamard sum
  [Ensemble] Judges routed to 'alt' input: PrecomputedCosine
[WeightedEnsemble] Fitted weights (alpha=0.1000, external calib):
  tau=0.7245, Pooled external calib: TPR=0.7242, FPR=0.0992
  PrecomputedCosine   : +0.4323
  PCAWhitenedCosine   : +0.1110
  XGBoost             : +0.2003
  Tiny MLP            : +0.2025
  LDA                 : +0.0539

Method                   | TPR    | FPR    | TrTPR  | TrFPR  | MacroTPR | MacroFPR | Regions | TauMean | ms    | OK? 
---------------------------------------------------------------------------------------------------------------------
Cosine                   | 0.6000 | 0.1134 | 0.5887 | 0.1000 | 0.5617   | 0.1584   | 852     | 0.8910  | 109.0 | FAIL
AndBox-HC                | 0.5685 | 0.1024 | 0.5742 | 0.0992 | 0.5198   | 0.1416   | 852     | 0.0001  | 62.9  | FAIL
PCAWhitenedCosine        | 0.7000 | 0.1205 | 0.6935 | 0.1000 | 0.6034   | 0.1799   | 852     | 0.3836  | 98.6  | FAIL
Vec (Wgt)                | 0.6157 | 0.1134 | 0.6024 | 0.1000 | 0.5713   | 0.1653   | 852     | 0.8782  | 99.3  | FAIL
Log Reg                  | 0.4354 | 0.1008 | 0.3879 | 0.1000 | 0.3712   | 0.1442   | 852     | 0.5058  | 118.7 | FAIL
LDA                      | 0.6882 | 0.1126 | 0.6790 | 0.1000 | 0.5957   | 0.1638   | 852     | 1.9043  | 104.2 | FAIL
Tiny MLP                 | 0.7008 | 0.1087 | 0.6927 | 0.1000 | 0.5998   | 0.1586   | 852     | 0.7300  | 496.2 | FAIL
MultiProtoCosine         | 0.1394 | 0.0740 | 0.1371 | 0.1000 | 0.1187   | 0.0936   | 852     | 0.9137  | 118.6 | PASS
WeightedEnsemble         | 0.7236 | 0.1220 | 0.7242 | 0.0992 | 0.6371   | 0.1756   | 852     | 0.7245  | 551.6 | FAIL
XGBoost                  | 0.6331 | 0.1055 | 0.6371 | 0.1000 | 0.5793   | 0.1566   | 852     | 0.6010  | 82.9  | FAIL
LDA1+LogReg              | 0.4362 | 0.1016 | 0.3919 | 0.1000 | 0.3714   | 0.1447   | 852     | 0.5058  | 107.9 | FAIL
PCA16+LogReg             | 0.4260 | 0.1000 | 0.3815 | 0.1000 | 0.3628   | 0.1405   | 852     | 0.5058  | 117.2 | PASS
PCA32+LogReg             | 0.4386 | 0.1008 | 0.3935 | 0.1000 | 0.3729   | 0.1432   | 852     | 0.5057  | 120.9 | FAIL
PCA16+VecWeighted        | 0.0992 | 0.1000 | 0.1032 | 0.1000 | 0.0800   | 0.0965   | 852     | 0.0245  | 114.3 | PASS
PCA32+VecWeighted        | 0.1331 | 0.0984 | 0.1258 | 0.1000 | 0.1199   | 0.1065   | 852     | 0.0270  | 117.0 | PASS
StabilizedWhitenedCosine | 0.6890 | 0.1228 | 0.6766 | 0.1000 | 0.6109   | 0.1809   | 852     | 0.4136  | 109.9 | FAIL

[trial=20 seed=62] GLOBAL mode — total_samples=200000
  total: h0=82063 h1=15019
  pooled_train:  n0=1270 n1=1270
  pooled_calib:  n0=1240 n1=1240
  pooled_eval:   n0=1270 n1=1270
  regions (for macro stats only): 1103
[INFO] Cosine baseline routed to direct Hadamard sum (PrecomputedCosine)
[INFO] WeightedEnsemble Cosine judge routed to direct Hadamard sum
  [Ensemble] Judges routed to 'alt' input: PrecomputedCosine
[WeightedEnsemble] Fitted weights (alpha=0.1000, external calib):
  tau=0.6694, Pooled external calib: TPR=0.7210, FPR=0.1000
  PrecomputedCosine   : +0.1287
  PCAWhitenedCosine   : +0.3555
  XGBoost             : +0.1143
  Tiny MLP            : +0.2967
  LDA                 : +0.1048

Method                   | TPR    | FPR    | TrTPR  | TrFPR  | MacroTPR | MacroFPR | Regions | TauMean | ms    | OK? 
---------------------------------------------------------------------------------------------------------------------
Cosine                   | 0.6220 | 0.1000 | 0.5911 | 0.1000 | 0.5876   | 0.1386   | 858     | 0.8945  | 101.9 | PASS
AndBox-HC                | 0.5866 | 0.0898 | 0.5548 | 0.1000 | 0.5471   | 0.1220   | 858     | 0.0001  | 62.8  | PASS
PCAWhitenedCosine        | 0.7157 | 0.1000 | 0.6750 | 0.1000 | 0.6240   | 0.1399   | 858     | 0.4859  | 99.2  | PASS
Vec (Wgt)                | 0.6220 | 0.0937 | 0.5968 | 0.1000 | 0.5827   | 0.1269   | 858     | 0.8949  | 99.2  | PASS
Log Reg                  | 0.3898 | 0.1031 | 0.3774 | 0.1000 | 0.3221   | 0.1289   | 858     | 0.5081  | 114.5 | FAIL
LDA                      | 0.7000 | 0.1102 | 0.6919 | 0.1000 | 0.6031   | 0.1505   | 858     | 1.8888  | 104.5 | FAIL
Tiny MLP                 | 0.7126 | 0.1094 | 0.6944 | 0.1000 | 0.6217   | 0.1487   | 858     | 0.7377  | 497.8 | FAIL
MultiProtoCosine         | 0.1417 | 0.1039 | 0.1274 | 0.1000 | 0.1090   | 0.1216   | 858     | 0.9180  | 123.6 | FAIL
WeightedEnsemble         | 0.7402 | 0.1142 | 0.7210 | 0.1000 | 0.6507   | 0.1612   | 858     | 0.6694  | 551.1 | FAIL
XGBoost                  | 0.6551 | 0.0961 | 0.6460 | 0.1000 | 0.5962   | 0.1292   | 858     | 0.6086  | 82.3  | PASS
LDA1+LogReg              | 0.3898 | 0.1031 | 0.3766 | 0.1000 | 0.3221   | 0.1289   | 858     | 0.5081  | 108.6 | FAIL
PCA16+LogReg             | 0.3929 | 0.1016 | 0.3766 | 0.1000 | 0.3206   | 0.1292   | 858     | 0.5078  | 119.0 | FAIL
PCA32+LogReg             | 0.3921 | 0.1000 | 0.3815 | 0.1000 | 0.3234   | 0.1258   | 858     | 0.5078  | 121.7 | PASS
PCA16+VecWeighted        | 0.0622 | 0.0882 | 0.0565 | 0.1000 | 0.0710   | 0.0686   | 858     | 0.0277  | 115.8 | PASS
PCA32+VecWeighted        | 0.0654 | 0.0961 | 0.0548 | 0.1000 | 0.0721   | 0.0661   | 858     | 0.0317  | 118.8 | PASS
StabilizedWhitenedCosine | 0.6961 | 0.0961 | 0.6484 | 0.1000 | 0.6195   | 0.1309   | 858     | 0.5535  | 108.2 | PASS

[trial=21 seed=63] GLOBAL mode — total_samples=200000
  total: h0=82063 h1=15019
  pooled_train:  n0=1270 n1=1270
  pooled_calib:  n0=1240 n1=1240
  pooled_eval:   n0=1270 n1=1270
  regions (for macro stats only): 1103
[INFO] Cosine baseline routed to direct Hadamard sum (PrecomputedCosine)
[INFO] WeightedEnsemble Cosine judge routed to direct Hadamard sum
  [Ensemble] Judges routed to 'alt' input: PrecomputedCosine
[WeightedEnsemble] Fitted weights (alpha=0.1000, external calib):
  tau=0.5980, Pooled external calib: TPR=0.7000, FPR=0.1000
  PrecomputedCosine   : +0.1195
  PCAWhitenedCosine   : +0.3770
  XGBoost             : +0.2691
  Tiny MLP            : +0.2045
  LDA                 : +0.0298

Method                   | TPR    | FPR    | TrTPR  | TrFPR  | MacroTPR | MacroFPR | Regions | TauMean | ms    | OK? 
---------------------------------------------------------------------------------------------------------------------
Cosine                   | 0.5992 | 0.0882 | 0.5839 | 0.1000 | 0.5684   | 0.1262   | 881     | 0.9053  | 104.3 | PASS
AndBox-HC                | 0.6079 | 0.1024 | 0.5831 | 0.1000 | 0.5814   | 0.1388   | 881     | 0.0000  | 68.9  | FAIL
PCAWhitenedCosine        | 0.6654 | 0.0945 | 0.6532 | 0.1000 | 0.5741   | 0.1321   | 881     | 0.5048  | 102.7 | PASS
Vec (Wgt)                | 0.6118 | 0.0819 | 0.6000 | 0.1000 | 0.5781   | 0.1217   | 881     | 0.8941  | 103.6 | PASS
Log Reg                  | 0.3669 | 0.1205 | 0.3685 | 0.1000 | 0.3277   | 0.1372   | 881     | 0.5069  | 118.0 | FAIL
LDA                      | 0.6346 | 0.0969 | 0.6331 | 0.1000 | 0.5484   | 0.1420   | 881     | 2.2949  | 108.9 | PASS
Tiny MLP                 | 0.6677 | 0.0961 | 0.6524 | 0.1000 | 0.5805   | 0.1367   | 881     | 0.7588  | 501.4 | PASS
MultiProtoCosine         | 0.1291 | 0.1228 | 0.1323 | 0.1000 | 0.1303   | 0.1349   | 881     | 0.9160  | 121.8 | FAIL
WeightedEnsemble         | 0.7047 | 0.1031 | 0.7000 | 0.1000 | 0.6231   | 0.1470   | 881     | 0.5980  | 555.2 | FAIL
XGBoost                  | 0.6433 | 0.0969 | 0.6355 | 0.1000 | 0.5976   | 0.1395   | 881     | 0.5937  | 84.4  | PASS
LDA1+LogReg              | 0.3685 | 0.1205 | 0.3685 | 0.1000 | 0.3288   | 0.1372   | 881     | 0.5070  | 111.7 | FAIL
PCA16+LogReg             | 0.3701 | 0.1205 | 0.3726 | 0.1000 | 0.3309   | 0.1364   | 881     | 0.5068  | 120.7 | FAIL
PCA32+LogReg             | 0.3740 | 0.1197 | 0.3750 | 0.1000 | 0.3333   | 0.1368   | 881     | 0.5067  | 124.3 | FAIL
PCA16+VecWeighted        | 0.1157 | 0.1094 | 0.1081 | 0.1000 | 0.0948   | 0.0785   | 881     | 0.0238  | 118.3 | FAIL
PCA32+VecWeighted        | 0.0969 | 0.1173 | 0.0984 | 0.1000 | 0.0871   | 0.0760   | 881     | 0.0282  | 120.3 | FAIL
StabilizedWhitenedCosine | 0.6622 | 0.0945 | 0.6395 | 0.1000 | 0.5726   | 0.1333   | 881     | 0.5138  | 112.2 | PASS

[trial=22 seed=64] GLOBAL mode — total_samples=200000
  total: h0=82063 h1=15019
  pooled_train:  n0=1270 n1=1270
  pooled_calib:  n0=1240 n1=1240
  pooled_eval:   n0=1270 n1=1270
  regions (for macro stats only): 1103
[INFO] Cosine baseline routed to direct Hadamard sum (PrecomputedCosine)
[INFO] WeightedEnsemble Cosine judge routed to direct Hadamard sum
  [Ensemble] Judges routed to 'alt' input: PrecomputedCosine
[WeightedEnsemble] Fitted weights (alpha=0.1000, external calib):
  tau=0.7794, Pooled external calib: TPR=0.6887, FPR=0.1000
  PrecomputedCosine   : +0.2832
  PCAWhitenedCosine   : +0.0456
  XGBoost             : +0.2004
  Tiny MLP            : +0.4151
  LDA                 : +0.0558

Method                   | TPR    | FPR    | TrTPR  | TrFPR  | MacroTPR | MacroFPR | Regions | TauMean | ms    | OK? 
---------------------------------------------------------------------------------------------------------------------
Cosine                   | 0.5913 | 0.1031 | 0.5968 | 0.1000 | 0.5668   | 0.1400   | 846     | 0.8947  | 115.9 | FAIL
AndBox-HC                | 0.5449 | 0.1055 | 0.5274 | 0.1000 | 0.5174   | 0.1304   | 846     | 0.0000  | 61.9  | FAIL
PCAWhitenedCosine        | 0.6976 | 0.0984 | 0.6710 | 0.1000 | 0.5902   | 0.1297   | 846     | 0.4945  | 96.8  | PASS
Vec (Wgt)                | 0.6110 | 0.1024 | 0.6145 | 0.1000 | 0.5702   | 0.1390   | 846     | 0.8889  | 97.2  | FAIL
Log Reg                  | 0.3512 | 0.0693 | 0.3500 | 0.1000 | 0.2957   | 0.1000   | 846     | 0.5083  | 112.2 | PASS
LDA                      | 0.6693 | 0.0969 | 0.6492 | 0.1000 | 0.5625   | 0.1314   | 846     | 2.5024  | 102.7 | PASS
Tiny MLP                 | 0.6921 | 0.0976 | 0.6806 | 0.1000 | 0.5743   | 0.1323   | 846     | 0.7437  | 491.2 | PASS
MultiProtoCosine         | 0.1543 | 0.0961 | 0.1565 | 0.1000 | 0.1469   | 0.1151   | 846     | 0.9150  | 120.8 | PASS
WeightedEnsemble         | 0.7165 | 0.1039 | 0.6887 | 0.1000 | 0.6164   | 0.1399   | 846     | 0.7794  | 544.8 | FAIL
XGBoost                  | 0.6362 | 0.1008 | 0.6331 | 0.1000 | 0.5681   | 0.1395   | 846     | 0.6167  | 96.5  | FAIL
LDA1+LogReg              | 0.3512 | 0.0693 | 0.3508 | 0.1000 | 0.2957   | 0.1000   | 846     | 0.5083  | 109.2 | PASS
PCA16+LogReg             | 0.3685 | 0.0740 | 0.3661 | 0.1000 | 0.3129   | 0.1032   | 846     | 0.5075  | 117.7 | PASS
PCA32+LogReg             | 0.3693 | 0.0709 | 0.3645 | 0.1000 | 0.3112   | 0.1025   | 846     | 0.5078  | 121.5 | PASS
PCA16+VecWeighted        | 0.1496 | 0.1087 | 0.1492 | 0.1000 | 0.1438   | 0.0985   | 846     | 0.0224  | 115.1 | FAIL
PCA32+VecWeighted        | 0.1110 | 0.1134 | 0.1266 | 0.1000 | 0.1116   | 0.0846   | 846     | 0.0272  | 118.2 | FAIL
StabilizedWhitenedCosine | 0.6811 | 0.0969 | 0.6516 | 0.1000 | 0.5889   | 0.1268   | 846     | 0.4711  | 107.7 | PASS

[trial=23 seed=65] GLOBAL mode — total_samples=200000
  total: h0=82063 h1=15019
  pooled_train:  n0=1270 n1=1270
  pooled_calib:  n0=1240 n1=1240
  pooled_eval:   n0=1270 n1=1270
  regions (for macro stats only): 1103
[INFO] Cosine baseline routed to direct Hadamard sum (PrecomputedCosine)
[INFO] WeightedEnsemble Cosine judge routed to direct Hadamard sum
  [Ensemble] Judges routed to 'alt' input: PrecomputedCosine
[WeightedEnsemble] Fitted weights (alpha=0.1000, external calib):
  tau=0.6777, Pooled external calib: TPR=0.7282, FPR=0.1000
  PrecomputedCosine   : +0.3246
  PCAWhitenedCosine   : +0.1636
  XGBoost             : +0.2291
  Tiny MLP            : +0.2081
  LDA                 : +0.0747

Method                   | TPR    | FPR    | TrTPR  | TrFPR  | MacroTPR | MacroFPR | Regions | TauMean | ms    | OK? 
---------------------------------------------------------------------------------------------------------------------
Cosine                   | 0.6150 | 0.1039 | 0.5992 | 0.1000 | 0.5708   | 0.1474   | 869     | 0.8883  | 115.1 | FAIL
AndBox-HC                | 0.5898 | 0.0929 | 0.5927 | 0.1000 | 0.5457   | 0.1326   | 869     | 0.0000  | 68.4  | PASS
PCAWhitenedCosine        | 0.6913 | 0.1110 | 0.6903 | 0.1000 | 0.5845   | 0.1566   | 869     | 0.3833  | 102.9 | FAIL
Vec (Wgt)                | 0.6276 | 0.1000 | 0.6105 | 0.1000 | 0.5773   | 0.1425   | 869     | 0.8769  | 102.9 | PASS
Log Reg                  | 0.4583 | 0.0961 | 0.4516 | 0.1000 | 0.3724   | 0.1318   | 869     | 0.5050  | 117.9 | PASS
LDA                      | 0.6528 | 0.0961 | 0.6637 | 0.1000 | 0.5528   | 0.1301   | 869     | 1.9312  | 109.2 | PASS
Tiny MLP                 | 0.7197 | 0.1079 | 0.7129 | 0.1000 | 0.6190   | 0.1484   | 869     | 0.6729  | 505.7 | FAIL
MultiProtoCosine         | 0.1638 | 0.0969 | 0.1427 | 0.1000 | 0.1288   | 0.1121   | 869     | 0.9143  | 124.3 | PASS
WeightedEnsemble         | 0.7362 | 0.1031 | 0.7282 | 0.1000 | 0.6376   | 0.1434   | 869     | 0.6777  | 554.4 | FAIL
XGBoost                  | 0.6488 | 0.1071 | 0.6677 | 0.1000 | 0.5780   | 0.1551   | 869     | 0.5863  | 84.6  | FAIL
LDA1+LogReg              | 0.4496 | 0.0945 | 0.4395 | 0.1000 | 0.3633   | 0.1285   | 869     | 0.5055  | 112.6 | PASS
PCA16+LogReg             | 0.4402 | 0.0921 | 0.4306 | 0.1000 | 0.3546   | 0.1278   | 869     | 0.5055  | 121.6 | PASS
PCA32+LogReg             | 0.4543 | 0.0945 | 0.4484 | 0.1000 | 0.3702   | 0.1311   | 869     | 0.5052  | 125.3 | PASS
PCA16+VecWeighted        | 0.1724 | 0.1047 | 0.1492 | 0.1000 | 0.1575   | 0.1060   | 869     | 0.0222  | 119.9 | FAIL
PCA32+VecWeighted        | 0.2197 | 0.1079 | 0.1976 | 0.1000 | 0.1883   | 0.1166   | 869     | 0.0222  | 122.5 | FAIL
StabilizedWhitenedCosine | 0.6945 | 0.1094 | 0.6742 | 0.1000 | 0.5961   | 0.1545   | 869     | 0.4255  | 114.9 | FAIL

[trial=24 seed=66] GLOBAL mode — total_samples=200000
  total: h0=82063 h1=15019
  pooled_train:  n0=1270 n1=1270
  pooled_calib:  n0=1240 n1=1240
  pooled_eval:   n0=1270 n1=1270
  regions (for macro stats only): 1103
[INFO] Cosine baseline routed to direct Hadamard sum (PrecomputedCosine)
[INFO] WeightedEnsemble Cosine judge routed to direct Hadamard sum
  [Ensemble] Judges routed to 'alt' input: PrecomputedCosine
[WeightedEnsemble] Fitted weights (alpha=0.1000, external calib):
  tau=0.7590, Pooled external calib: TPR=0.7081, FPR=0.1000
  PrecomputedCosine   : +0.2832
  PCAWhitenedCosine   : +0.0456
  XGBoost             : +0.2004
  Tiny MLP            : +0.4151
  LDA                 : +0.0558

Method                   | TPR    | FPR    | TrTPR  | TrFPR  | MacroTPR | MacroFPR | Regions | TauMean | ms    | OK? 
---------------------------------------------------------------------------------------------------------------------
Cosine                   | 0.6063 | 0.1236 | 0.5935 | 0.1000 | 0.5826   | 0.1661   | 866     | 0.8864  | 99.4  | FAIL
AndBox-HC                | 0.5772 | 0.1268 | 0.5661 | 0.1000 | 0.5477   | 0.1629   | 866     | 0.0000  | 70.7  | FAIL
PCAWhitenedCosine        | 0.6551 | 0.0913 | 0.6645 | 0.1000 | 0.5510   | 0.1325   | 866     | 0.5132  | 101.0 | PASS
Vec (Wgt)                | 0.6213 | 0.1205 | 0.6121 | 0.1000 | 0.5868   | 0.1663   | 866     | 0.8778  | 100.9 | FAIL
Log Reg                  | 0.3701 | 0.0913 | 0.3774 | 0.1000 | 0.3294   | 0.1257   | 866     | 0.5070  | 117.9 | PASS
LDA                      | 0.6772 | 0.0992 | 0.6766 | 0.1000 | 0.5758   | 0.1396   | 866     | 2.0071  | 106.6 | PASS
Tiny MLP                 | 0.6843 | 0.0929 | 0.6758 | 0.1000 | 0.5817   | 0.1318   | 866     | 0.7293  | 501.3 | PASS
MultiProtoCosine         | 0.1220 | 0.0890 | 0.1347 | 0.1000 | 0.1004   | 0.0938   | 866     | 0.9169  | 125.3 | PASS
WeightedEnsemble         | 0.7047 | 0.0992 | 0.7081 | 0.1000 | 0.6072   | 0.1406   | 866     | 0.7590  | 554.0 | PASS
XGBoost                  | 0.6409 | 0.1110 | 0.6331 | 0.1000 | 0.5835   | 0.1539   | 866     | 0.5960  | 83.0  | FAIL
LDA1+LogReg              | 0.3709 | 0.0913 | 0.3790 | 0.1000 | 0.3300   | 0.1257   | 866     | 0.5070  | 112.3 | PASS
PCA16+LogReg             | 0.3732 | 0.0921 | 0.3758 | 0.1000 | 0.3332   | 0.1255   | 866     | 0.5068  | 121.8 | PASS
PCA32+LogReg             | 0.3898 | 0.0913 | 0.3855 | 0.1000 | 0.3421   | 0.1249   | 866     | 0.5067  | 125.2 | PASS
PCA16+VecWeighted        | 0.1142 | 0.0945 | 0.1056 | 0.1000 | 0.1202   | 0.0808   | 866     | 0.0227  | 119.2 | PASS
PCA32+VecWeighted        | 0.1465 | 0.1047 | 0.1306 | 0.1000 | 0.1365   | 0.1020   | 866     | 0.0261  | 121.4 | FAIL
StabilizedWhitenedCosine | 0.6504 | 0.0984 | 0.6500 | 0.1000 | 0.5584   | 0.1368   | 866     | 0.5106  | 113.3 | PASS

[trial=25 seed=67] GLOBAL mode — total_samples=200000
  total: h0=82063 h1=15019
  pooled_train:  n0=1270 n1=1270
  pooled_calib:  n0=1240 n1=1240
  pooled_eval:   n0=1270 n1=1270
  regions (for macro stats only): 1103
[INFO] Cosine baseline routed to direct Hadamard sum (PrecomputedCosine)
[INFO] WeightedEnsemble Cosine judge routed to direct Hadamard sum
  [Ensemble] Judges routed to 'alt' input: PrecomputedCosine
[WeightedEnsemble] Fitted weights (alpha=0.1000, external calib):
  tau=0.5635, Pooled external calib: TPR=0.7065, FPR=0.1000
  PrecomputedCosine   : +0.1369
  PCAWhitenedCosine   : +0.3322
  XGBoost             : +0.4468
  Tiny MLP            : +0.0732
  LDA                 : +0.0110

Method                   | TPR    | FPR    | TrTPR  | TrFPR  | MacroTPR | MacroFPR | Regions | TauMean | ms    | OK? 
---------------------------------------------------------------------------------------------------------------------
Cosine                   | 0.6142 | 0.1008 | 0.5621 | 0.1000 | 0.5755   | 0.1286   | 860     | 0.9009  | 100.7 | FAIL
AndBox-HC                | 0.6142 | 0.1008 | 0.5710 | 0.1000 | 0.5730   | 0.1251   | 860     | 0.0000  | 61.5  | FAIL
PCAWhitenedCosine        | 0.7087 | 0.1094 | 0.6823 | 0.1000 | 0.6111   | 0.1470   | 860     | 0.4182  | 97.0  | FAIL
Vec (Wgt)                | 0.6362 | 0.1024 | 0.5992 | 0.1000 | 0.5941   | 0.1321   | 860     | 0.8844  | 97.0  | FAIL
Log Reg                  | 0.4000 | 0.0953 | 0.3806 | 0.1000 | 0.3484   | 0.1217   | 860     | 0.5062  | 112.0 | PASS
LDA                      | 0.6677 | 0.0913 | 0.6573 | 0.1000 | 0.5556   | 0.1179   | 860     | 2.0895  | 102.9 | PASS
Tiny MLP                 | 0.7087 | 0.1000 | 0.6863 | 0.1000 | 0.6075   | 0.1304   | 860     | 0.7163  | 493.1 | PASS
MultiProtoCosine         | 0.1331 | 0.0937 | 0.1105 | 0.1000 | 0.1201   | 0.1028   | 860     | 0.9170  | 116.3 | PASS
WeightedEnsemble         | 0.7205 | 0.1079 | 0.7065 | 0.1000 | 0.6242   | 0.1426   | 860     | 0.5635  | 545.3 | FAIL
XGBoost                  | 0.6669 | 0.0984 | 0.6540 | 0.1000 | 0.5964   | 0.1258   | 860     | 0.5908  | 82.3  | PASS
LDA1+LogReg              | 0.4008 | 0.0945 | 0.3806 | 0.1000 | 0.3486   | 0.1199   | 860     | 0.5062  | 106.1 | PASS
PCA16+LogReg             | 0.4228 | 0.0969 | 0.3887 | 0.1000 | 0.3656   | 0.1214   | 860     | 0.5057  | 115.7 | PASS
PCA32+LogReg             | 0.4252 | 0.0929 | 0.3960 | 0.1000 | 0.3703   | 0.1187   | 860     | 0.5058  | 120.9 | PASS
PCA16+VecWeighted        | 0.1787 | 0.0850 | 0.1702 | 0.1000 | 0.1494   | 0.0743   | 860     | 0.0242  | 111.9 | PASS
PCA32+VecWeighted        | 0.1669 | 0.0953 | 0.1581 | 0.1000 | 0.1447   | 0.0702   | 860     | 0.0272  | 114.7 | PASS
StabilizedWhitenedCosine | 0.6898 | 0.1063 | 0.6839 | 0.1000 | 0.6060   | 0.1399   | 860     | 0.4316  | 106.6 | FAIL

[trial=26 seed=68] GLOBAL mode — total_samples=200000
  total: h0=82063 h1=15019
  pooled_train:  n0=1270 n1=1270
  pooled_calib:  n0=1240 n1=1240
  pooled_eval:   n0=1270 n1=1270
  regions (for macro stats only): 1103
[INFO] Cosine baseline routed to direct Hadamard sum (PrecomputedCosine)
[INFO] WeightedEnsemble Cosine judge routed to direct Hadamard sum
  [Ensemble] Judges routed to 'alt' input: PrecomputedCosine
[WeightedEnsemble] Fitted weights (alpha=0.1000, external calib):
  tau=0.5768, Pooled external calib: TPR=0.7008, FPR=0.1000
  PrecomputedCosine   : +0.1369
  PCAWhitenedCosine   : +0.3322
  XGBoost             : +0.4468
  Tiny MLP            : +0.0732
  LDA                 : +0.0110

Method                   | TPR    | FPR    | TrTPR  | TrFPR  | MacroTPR | MacroFPR | Regions | TauMean | ms    | OK? 
---------------------------------------------------------------------------------------------------------------------
Cosine                   | 0.5756 | 0.0575 | 0.5645 | 0.1000 | 0.5414   | 0.0823   | 849     | 0.9095  | 97.4  | PASS
AndBox-HC                | 0.5465 | 0.0693 | 0.5290 | 0.1000 | 0.5091   | 0.0920   | 849     | 0.0001  | 59.1  | PASS
PCAWhitenedCosine        | 0.6764 | 0.0882 | 0.6871 | 0.1000 | 0.5850   | 0.1186   | 849     | 0.4609  | 95.8  | PASS
Vec (Wgt)                | 0.5913 | 0.0598 | 0.5815 | 0.1000 | 0.5532   | 0.0885   | 849     | 0.8948  | 96.2  | PASS
Log Reg                  | 0.3535 | 0.0827 | 0.3258 | 0.1000 | 0.3004   | 0.1106   | 849     | 0.5078  | 110.0 | PASS
LDA                      | 0.6811 | 0.0953 | 0.6524 | 0.1000 | 0.5821   | 0.1236   | 849     | 2.0017  | 101.7 | PASS
Tiny MLP                 | 0.6890 | 0.0874 | 0.6629 | 0.1000 | 0.5943   | 0.1201   | 849     | 0.7493  | 489.2 | PASS
MultiProtoCosine         | 0.1646 | 0.0835 | 0.1452 | 0.1000 | 0.1349   | 0.0932   | 849     | 0.9124  | 117.6 | PASS
WeightedEnsemble         | 0.7039 | 0.0819 | 0.7008 | 0.1000 | 0.6187   | 0.1121   | 849     | 0.5768  | 541.4 | PASS
XGBoost                  | 0.6315 | 0.0732 | 0.6234 | 0.1000 | 0.5561   | 0.0966   | 849     | 0.6093  | 80.8  | PASS
LDA1+LogReg              | 0.3520 | 0.0819 | 0.3250 | 0.1000 | 0.2991   | 0.1103   | 849     | 0.5078  | 103.9 | PASS
PCA16+LogReg             | 0.3646 | 0.0827 | 0.3419 | 0.1000 | 0.3125   | 0.1082   | 849     | 0.5073  | 112.1 | PASS
PCA32+LogReg             | 0.3606 | 0.0827 | 0.3379 | 0.1000 | 0.3081   | 0.1099   | 849     | 0.5073  | 115.9 | PASS
PCA16+VecWeighted        | 0.0843 | 0.0780 | 0.0750 | 0.1000 | 0.0917   | 0.0771   | 849     | 0.0271  | 110.2 | PASS
PCA32+VecWeighted        | 0.0969 | 0.0874 | 0.0927 | 0.1000 | 0.0937   | 0.0908   | 849     | 0.0289  | 113.1 | PASS
StabilizedWhitenedCosine | 0.6740 | 0.0748 | 0.6556 | 0.1000 | 0.5874   | 0.1014   | 849     | 0.4780  | 103.9 | PASS

[trial=27 seed=69] GLOBAL mode — total_samples=200000
  total: h0=82063 h1=15019
  pooled_train:  n0=1270 n1=1270
  pooled_calib:  n0=1240 n1=1240
  pooled_eval:   n0=1270 n1=1270
  regions (for macro stats only): 1103
[INFO] Cosine baseline routed to direct Hadamard sum (PrecomputedCosine)
[INFO] WeightedEnsemble Cosine judge routed to direct Hadamard sum
  [Ensemble] Judges routed to 'alt' input: PrecomputedCosine
[WeightedEnsemble] Fitted weights (alpha=0.1000, external calib):
  tau=0.6127, Pooled external calib: TPR=0.6895, FPR=0.1000
  PrecomputedCosine   : +0.1369
  PCAWhitenedCosine   : +0.3322
  XGBoost             : +0.4468
  Tiny MLP            : +0.0732
  LDA                 : +0.0110

Method                   | TPR    | FPR    | TrTPR  | TrFPR  | MacroTPR | MacroFPR | Regions | TauMean | ms    | OK? 
---------------------------------------------------------------------------------------------------------------------
Cosine                   | 0.5890 | 0.0795 | 0.5516 | 0.1000 | 0.5382   | 0.1089   | 850     | 0.9087  | 107.7 | PASS
AndBox-HC                | 0.5976 | 0.0811 | 0.5484 | 0.1000 | 0.5400   | 0.1065   | 850     | 0.0000  | 62.6  | PASS
PCAWhitenedCosine        | 0.6669 | 0.0732 | 0.6685 | 0.1000 | 0.5606   | 0.1099   | 850     | 0.5581  | 98.8  | PASS
Vec (Wgt)                | 0.6008 | 0.0827 | 0.5653 | 0.1000 | 0.5434   | 0.1145   | 850     | 0.8960  | 98.7  | PASS
Log Reg                  | 0.3535 | 0.0843 | 0.3089 | 0.1000 | 0.2965   | 0.1067   | 850     | 0.5100  | 112.6 | PASS
LDA                      | 0.6693 | 0.0835 | 0.6605 | 0.0984 | 0.5514   | 0.1085   | 850     | 2.2015  | 103.9 | PASS
Tiny MLP                 | 0.6622 | 0.0756 | 0.6597 | 0.1000 | 0.5490   | 0.1022   | 850     | 0.7460  | 496.9 | PASS
MultiProtoCosine         | 0.1386 | 0.0866 | 0.1194 | 0.1000 | 0.1125   | 0.0904   | 850     | 0.9190  | 125.4 | PASS
WeightedEnsemble         | 0.6976 | 0.0780 | 0.6895 | 0.1000 | 0.5929   | 0.1143   | 850     | 0.6127  | 669.3 | PASS
XGBoost                  | 0.6543 | 0.0756 | 0.6153 | 0.1000 | 0.5737   | 0.1000   | 850     | 0.6104  | 83.7  | PASS
LDA1+LogReg              | 0.3551 | 0.0843 | 0.3097 | 0.1000 | 0.2993   | 0.1067   | 850     | 0.5100  | 109.3 | PASS
PCA16+LogReg             | 0.3465 | 0.0843 | 0.3073 | 0.1000 | 0.2887   | 0.1064   | 850     | 0.5099  | 118.6 | PASS
PCA32+LogReg             | 0.3512 | 0.0819 | 0.3089 | 0.1000 | 0.2959   | 0.1047   | 850     | 0.5099  | 121.6 | PASS
PCA16+VecWeighted        | 0.0394 | 0.1150 | 0.0323 | 0.1000 | 0.0368   | 0.0616   | 850     | 0.0297  | 116.6 | FAIL
PCA32+VecWeighted        | 0.0717 | 0.1252 | 0.0653 | 0.1000 | 0.0791   | 0.0864   | 850     | 0.0305  | 118.3 | FAIL
StabilizedWhitenedCosine | 0.6811 | 0.0819 | 0.6476 | 0.1000 | 0.5758   | 0.1163   | 850     | 0.5201  | 109.2 | PASS

[trial=28 seed=70] GLOBAL mode — total_samples=200000
  total: h0=82063 h1=15019
  pooled_train:  n0=1270 n1=1270
  pooled_calib:  n0=1240 n1=1240
  pooled_eval:   n0=1270 n1=1270
  regions (for macro stats only): 1103
[INFO] Cosine baseline routed to direct Hadamard sum (PrecomputedCosine)
[INFO] WeightedEnsemble Cosine judge routed to direct Hadamard sum
  [Ensemble] Judges routed to 'alt' input: PrecomputedCosine
[WeightedEnsemble] Fitted weights (alpha=0.1000, external calib):
  tau=0.5967, Pooled external calib: TPR=0.7081, FPR=0.1000
  PrecomputedCosine   : +0.3209
  PCAWhitenedCosine   : +0.3118
  XGBoost             : +0.3183
  Tiny MLP            : +0.0373
  LDA                 : +0.0115

Method                   | TPR    | FPR    | TrTPR  | TrFPR  | MacroTPR | MacroFPR | Regions | TauMean | ms    | OK? 
---------------------------------------------------------------------------------------------------------------------
Cosine                   | 0.5945 | 0.1165 | 0.5984 | 0.1000 | 0.5429   | 0.1601   | 864     | 0.8895  | 116.6 | FAIL
AndBox-HC                | 0.5480 | 0.1047 | 0.5605 | 0.1000 | 0.4905   | 0.1472   | 864     | 0.0001  | 63.4  | FAIL
PCAWhitenedCosine        | 0.6913 | 0.1252 | 0.6855 | 0.1000 | 0.5814   | 0.1736   | 864     | 0.4056  | 99.4  | FAIL
Vec (Wgt)                | 0.6205 | 0.1205 | 0.6137 | 0.1000 | 0.5699   | 0.1630   | 864     | 0.8777  | 99.8  | FAIL
Log Reg                  | 0.3772 | 0.1079 | 0.3895 | 0.0992 | 0.3304   | 0.1397   | 864     | 0.5071  | 113.2 | FAIL
LDA                      | 0.6709 | 0.1205 | 0.6774 | 0.1000 | 0.5579   | 0.1692   | 864     | 1.6735  | 105.4 | FAIL
Tiny MLP                 | 0.6693 | 0.1157 | 0.6581 | 0.1000 | 0.5546   | 0.1615   | 864     | 0.7355  | 497.9 | FAIL
MultiProtoCosine         | 0.1354 | 0.0890 | 0.1452 | 0.1000 | 0.1250   | 0.0948   | 864     | 0.9155  | 117.9 | PASS
WeightedEnsemble         | 0.7173 | 0.1260 | 0.7081 | 0.1000 | 0.6170   | 0.1789   | 864     | 0.5967  | 551.6 | FAIL
XGBoost                  | 0.6528 | 0.1181 | 0.6395 | 0.1000 | 0.5822   | 0.1618   | 864     | 0.5837  | 83.1  | FAIL
LDA1+LogReg              | 0.3803 | 0.1079 | 0.3895 | 0.0992 | 0.3348   | 0.1397   | 864     | 0.5071  | 109.2 | FAIL
PCA16+LogReg             | 0.3701 | 0.1031 | 0.3798 | 0.1000 | 0.3285   | 0.1361   | 864     | 0.5071  | 115.6 | FAIL
PCA32+LogReg             | 0.3811 | 0.1024 | 0.3952 | 0.1000 | 0.3385   | 0.1344   | 864     | 0.5069  | 118.4 | FAIL
PCA16+VecWeighted        | 0.0512 | 0.1047 | 0.0516 | 0.1000 | 0.0453   | 0.0852   | 864     | 0.0285  | 113.5 | FAIL
PCA32+VecWeighted        | 0.0559 | 0.1079 | 0.0532 | 0.1000 | 0.0535   | 0.0966   | 864     | 0.0321  | 116.8 | FAIL
StabilizedWhitenedCosine | 0.6717 | 0.1142 | 0.6605 | 0.1000 | 0.5821   | 0.1630   | 864     | 0.4189  | 109.9 | FAIL

[trial=29 seed=71] GLOBAL mode — total_samples=200000
  total: h0=82063 h1=15019
  pooled_train:  n0=1270 n1=1270
  pooled_calib:  n0=1240 n1=1240
  pooled_eval:   n0=1270 n1=1270
  regions (for macro stats only): 1103
[INFO] Cosine baseline routed to direct Hadamard sum (PrecomputedCosine)
[INFO] WeightedEnsemble Cosine judge routed to direct Hadamard sum
  [Ensemble] Judges routed to 'alt' input: PrecomputedCosine
[WeightedEnsemble] Fitted weights (alpha=0.1000, external calib):
  tau=0.6048, Pooled external calib: TPR=0.7355, FPR=0.1000
  PrecomputedCosine   : +0.3209
  PCAWhitenedCosine   : +0.3118
  XGBoost             : +0.3183
  Tiny MLP            : +0.0373
  LDA                 : +0.0115

Method                   | TPR    | FPR    | TrTPR  | TrFPR  | MacroTPR | MacroFPR | Regions | TauMean | ms    | OK? 
---------------------------------------------------------------------------------------------------------------------
Cosine                   | 0.6071 | 0.1126 | 0.6145 | 0.1000 | 0.5673   | 0.1516   | 851     | 0.8891  | 96.2  | FAIL
AndBox-HC                | 0.5331 | 0.0858 | 0.5315 | 0.1000 | 0.4954   | 0.1108   | 851     | 0.0001  | 62.8  | PASS
PCAWhitenedCosine        | 0.6748 | 0.1157 | 0.7065 | 0.1000 | 0.5731   | 0.1582   | 851     | 0.4811  | 99.0  | FAIL
Vec (Wgt)                | 0.6102 | 0.1031 | 0.6194 | 0.1000 | 0.5657   | 0.1360   | 851     | 0.8914  | 99.7  | FAIL
Log Reg                  | 0.3646 | 0.0953 | 0.3565 | 0.1000 | 0.3153   | 0.1327   | 851     | 0.5086  | 113.9 | PASS
LDA                      | 0.6772 | 0.1181 | 0.6887 | 0.1000 | 0.5737   | 0.1586   | 851     | 2.1742  | 104.3 | FAIL
Tiny MLP                 | 0.6921 | 0.1213 | 0.6984 | 0.1000 | 0.5946   | 0.1584   | 851     | 0.7363  | 498.9 | FAIL
MultiProtoCosine         | 0.1480 | 0.0858 | 0.1460 | 0.1000 | 0.1185   | 0.1026   | 851     | 0.9169  | 120.0 | PASS
WeightedEnsemble         | 0.7102 | 0.1205 | 0.7355 | 0.1000 | 0.6180   | 0.1656   | 851     | 0.6048  | 550.8 | FAIL
XGBoost                  | 0.6535 | 0.1244 | 0.6806 | 0.1000 | 0.5904   | 0.1667   | 851     | 0.5882  | 83.0  | FAIL
LDA1+LogReg              | 0.3685 | 0.0953 | 0.3581 | 0.1000 | 0.3184   | 0.1327   | 851     | 0.5086  | 107.1 | PASS
PCA16+LogReg             | 0.3795 | 0.0953 | 0.3653 | 0.1000 | 0.3222   | 0.1320   | 851     | 0.5083  | 116.6 | PASS
PCA32+LogReg             | 0.3898 | 0.0984 | 0.3718 | 0.1000 | 0.3351   | 0.1368   | 851     | 0.5081  | 120.2 | PASS
PCA16+VecWeighted        | 0.1772 | 0.0890 | 0.1710 | 0.1000 | 0.1677   | 0.0827   | 851     | 0.0262  | 113.4 | PASS
PCA32+VecWeighted        | 0.1575 | 0.0969 | 0.1597 | 0.1000 | 0.1483   | 0.0825   | 851     | 0.0294  | 116.4 | PASS
StabilizedWhitenedCosine | 0.6606 | 0.1024 | 0.6831 | 0.1000 | 0.5767   | 0.1377   | 851     | 0.5053  | 107.9 | FAIL

[trial=30 seed=72] GLOBAL mode — total_samples=200000
  total: h0=82063 h1=15019
  pooled_train:  n0=1270 n1=1270
  pooled_calib:  n0=1240 n1=1240
  pooled_eval:   n0=1270 n1=1270
  regions (for macro stats only): 1103
[INFO] Cosine baseline routed to direct Hadamard sum (PrecomputedCosine)
[INFO] WeightedEnsemble Cosine judge routed to direct Hadamard sum
  [Ensemble] Judges routed to 'alt' input: PrecomputedCosine
[WeightedEnsemble] Fitted weights (alpha=0.1000, external calib):
  tau=0.6432, Pooled external calib: TPR=0.7282, FPR=0.1000
  PrecomputedCosine   : +0.1287
  PCAWhitenedCosine   : +0.3555
  XGBoost             : +0.1143
  Tiny MLP            : +0.2967
  LDA                 : +0.1048

Method                   | TPR    | FPR    | TrTPR  | TrFPR  | MacroTPR | MacroFPR | Regions | TauMean | ms    | OK? 
---------------------------------------------------------------------------------------------------------------------
Cosine                   | 0.5740 | 0.0921 | 0.5573 | 0.1000 | 0.5511   | 0.1286   | 838     | 0.9042  | 93.5  | PASS
AndBox-HC                | 0.5740 | 0.1039 | 0.5581 | 0.1000 | 0.5431   | 0.1308   | 838     | 0.0000  | 61.0  | FAIL
PCAWhitenedCosine        | 0.7079 | 0.1008 | 0.6911 | 0.1000 | 0.6234   | 0.1563   | 838     | 0.4028  | 95.2  | FAIL
Vec (Wgt)                | 0.6055 | 0.0953 | 0.5831 | 0.1000 | 0.5752   | 0.1362   | 838     | 0.8915  | 96.1  | PASS
Log Reg                  | 0.3465 | 0.0984 | 0.3323 | 0.1000 | 0.3016   | 0.1263   | 838     | 0.5075  | 111.1 | PASS
LDA                      | 0.7008 | 0.1039 | 0.6992 | 0.1000 | 0.6082   | 0.1532   | 838     | 1.8179  | 101.0 | FAIL
Tiny MLP                 | 0.7220 | 0.1087 | 0.7137 | 0.1000 | 0.6299   | 0.1668   | 838     | 0.7174  | 495.6 | FAIL
MultiProtoCosine         | 0.1480 | 0.1252 | 0.1444 | 0.1000 | 0.1243   | 0.1249   | 838     | 0.9147  | 115.0 | FAIL
WeightedEnsemble         | 0.7315 | 0.1102 | 0.7282 | 0.1000 | 0.6492   | 0.1681   | 838     | 0.6432  | 547.7 | FAIL
XGBoost                  | 0.6339 | 0.0795 | 0.6290 | 0.1000 | 0.5706   | 0.1205   | 838     | 0.6141  | 82.5  | PASS
LDA1+LogReg              | 0.3480 | 0.0984 | 0.3419 | 0.1000 | 0.3025   | 0.1263   | 838     | 0.5074  | 103.4 | PASS
PCA16+LogReg             | 0.3433 | 0.1024 | 0.3444 | 0.1000 | 0.2998   | 0.1308   | 838     | 0.5072  | 112.6 | FAIL
PCA32+LogReg             | 0.3567 | 0.1024 | 0.3484 | 0.1000 | 0.3129   | 0.1330   | 838     | 0.5072  | 116.4 | FAIL
PCA16+VecWeighted        | 0.1709 | 0.0921 | 0.1581 | 0.1000 | 0.1553   | 0.1058   | 838     | 0.0221  | 110.0 | PASS
PCA32+VecWeighted        | 0.1402 | 0.0811 | 0.1282 | 0.1000 | 0.1394   | 0.0999   | 838     | 0.0285  | 113.1 | PASS
StabilizedWhitenedCosine | 0.6740 | 0.0976 | 0.6702 | 0.1000 | 0.5866   | 0.1443   | 838     | 0.4567  | 105.3 | PASS

[trial=31 seed=73] GLOBAL mode — total_samples=200000
  total: h0=82063 h1=15019
  pooled_train:  n0=1270 n1=1270
  pooled_calib:  n0=1240 n1=1240
  pooled_eval:   n0=1270 n1=1270
  regions (for macro stats only): 1103
[INFO] Cosine baseline routed to direct Hadamard sum (PrecomputedCosine)
[INFO] WeightedEnsemble Cosine judge routed to direct Hadamard sum
  [Ensemble] Judges routed to 'alt' input: PrecomputedCosine
[WeightedEnsemble] Fitted weights (alpha=0.1000, external calib):
  tau=0.5981, Pooled external calib: TPR=0.6968, FPR=0.1000
  PrecomputedCosine   : +0.1195
  PCAWhitenedCosine   : +0.3770
  XGBoost             : +0.2691
  Tiny MLP            : +0.2045
  LDA                 : +0.0298

Method                   | TPR    | FPR    | TrTPR  | TrFPR  | MacroTPR | MacroFPR | Regions | TauMean | ms    | OK? 
---------------------------------------------------------------------------------------------------------------------
Cosine                   | 0.5890 | 0.1205 | 0.6032 | 0.1000 | 0.5608   | 0.1734   | 859     | 0.8898  | 106.5 | FAIL
AndBox-HC                | 0.5520 | 0.1016 | 0.5613 | 0.1000 | 0.5173   | 0.1498   | 859     | 0.0001  | 62.2  | FAIL
PCAWhitenedCosine        | 0.6803 | 0.1165 | 0.6734 | 0.1000 | 0.6001   | 0.1666   | 859     | 0.4869  | 97.4  | FAIL
Vec (Wgt)                | 0.6016 | 0.1236 | 0.6121 | 0.1000 | 0.5689   | 0.1780   | 859     | 0.8883  | 97.8  | FAIL
Log Reg                  | 0.3772 | 0.1142 | 0.3935 | 0.1000 | 0.3402   | 0.1438   | 859     | 0.5074  | 112.7 | FAIL
LDA                      | 0.6417 | 0.0937 | 0.6476 | 0.1000 | 0.5545   | 0.1317   | 859     | 2.2646  | 103.1 | PASS
Tiny MLP                 | 0.6465 | 0.0969 | 0.6540 | 0.1000 | 0.5679   | 0.1408   | 859     | 0.7558  | 583.4 | PASS
MultiProtoCosine         | 0.1551 | 0.1087 | 0.1476 | 0.1000 | 0.1416   | 0.1052   | 859     | 0.9151  | 117.0 | FAIL
WeightedEnsemble         | 0.7079 | 0.1181 | 0.6968 | 0.1000 | 0.6206   | 0.1720   | 859     | 0.5981  | 636.4 | FAIL
XGBoost                  | 0.6449 | 0.1126 | 0.6516 | 0.1000 | 0.5847   | 0.1626   | 859     | 0.5839  | 82.9  | FAIL
LDA1+LogReg              | 0.3772 | 0.1134 | 0.3919 | 0.1000 | 0.3402   | 0.1421   | 859     | 0.5075  | 106.1 | FAIL
PCA16+LogReg             | 0.3795 | 0.1126 | 0.3968 | 0.1000 | 0.3453   | 0.1397   | 859     | 0.5072  | 115.4 | FAIL
PCA32+LogReg             | 0.3795 | 0.1102 | 0.3968 | 0.1000 | 0.3441   | 0.1387   | 859     | 0.5072  | 118.4 | FAIL
PCA16+VecWeighted        | 0.2882 | 0.1031 | 0.3016 | 0.1000 | 0.2641   | 0.1201   | 859     | 0.0194  | 111.9 | FAIL
PCA32+VecWeighted        | 0.2575 | 0.1071 | 0.2540 | 0.1000 | 0.2344   | 0.1147   | 859     | 0.0240  | 115.4 | FAIL
StabilizedWhitenedCosine | 0.6921 | 0.1268 | 0.6911 | 0.1000 | 0.6150   | 0.1857   | 859     | 0.3899  | 106.9 | FAIL

[trial=32 seed=74] GLOBAL mode — total_samples=200000
  total: h0=82063 h1=15019
  pooled_train:  n0=1270 n1=1270
  pooled_calib:  n0=1240 n1=1240
  pooled_eval:   n0=1270 n1=1270
  regions (for macro stats only): 1103
[INFO] Cosine baseline routed to direct Hadamard sum (PrecomputedCosine)
[INFO] WeightedEnsemble Cosine judge routed to direct Hadamard sum
  [Ensemble] Judges routed to 'alt' input: PrecomputedCosine
[WeightedEnsemble] Fitted weights (alpha=0.1000, external calib):
  tau=0.7593, Pooled external calib: TPR=0.7097, FPR=0.1000
  PrecomputedCosine   : +0.4364
  PCAWhitenedCosine   : +0.0571
  XGBoost             : +0.1048
  Tiny MLP            : +0.3819
  LDA                 : +0.0199

Method                   | TPR    | FPR    | TrTPR  | TrFPR  | MacroTPR | MacroFPR | Regions | TauMean | ms    | OK? 
---------------------------------------------------------------------------------------------------------------------
Cosine                   | 0.5937 | 0.1063 | 0.5911 | 0.1000 | 0.5842   | 0.1481   | 841     | 0.8906  | 96.3  | FAIL
AndBox-HC                | 0.5528 | 0.1071 | 0.5589 | 0.1000 | 0.5376   | 0.1409   | 841     | 0.0000  | 61.7  | FAIL
PCAWhitenedCosine        | 0.6913 | 0.1031 | 0.6831 | 0.1000 | 0.5934   | 0.1455   | 841     | 0.4497  | 97.8  | FAIL
Vec (Wgt)                | 0.6079 | 0.1165 | 0.6089 | 0.1000 | 0.5927   | 0.1620   | 841     | 0.8815  | 98.1  | FAIL
Log Reg                  | 0.3787 | 0.1236 | 0.3887 | 0.1000 | 0.3300   | 0.1585   | 841     | 0.5074  | 113.3 | FAIL
LDA                      | 0.6583 | 0.0984 | 0.6742 | 0.1000 | 0.5463   | 0.1372   | 841     | 2.3100  | 103.1 | PASS
Tiny MLP                 | 0.6874 | 0.1055 | 0.6871 | 0.1000 | 0.5957   | 0.1425   | 841     | 0.7178  | 494.4 | FAIL
MultiProtoCosine         | 0.1551 | 0.1165 | 0.1629 | 0.1000 | 0.1421   | 0.1301   | 841     | 0.9145  | 119.7 | FAIL
WeightedEnsemble         | 0.6976 | 0.0953 | 0.7097 | 0.1000 | 0.6133   | 0.1385   | 841     | 0.7593  | 546.7 | PASS
XGBoost                  | 0.6307 | 0.0929 | 0.6395 | 0.1000 | 0.5951   | 0.1267   | 841     | 0.5953  | 82.3  | PASS
LDA1+LogReg              | 0.3780 | 0.1236 | 0.3879 | 0.1000 | 0.3281   | 0.1585   | 841     | 0.5074  | 107.6 | FAIL
PCA16+LogReg             | 0.3795 | 0.1220 | 0.3831 | 0.1000 | 0.3300   | 0.1563   | 841     | 0.5073  | 117.2 | FAIL
PCA32+LogReg             | 0.3906 | 0.1276 | 0.3984 | 0.1000 | 0.3389   | 0.1668   | 841     | 0.5070  | 120.4 | FAIL
PCA16+VecWeighted        | 0.2780 | 0.1197 | 0.2855 | 0.1000 | 0.2361   | 0.1331   | 841     | 0.0196  | 114.2 | FAIL
PCA32+VecWeighted        | 0.2496 | 0.1173 | 0.2532 | 0.1000 | 0.2160   | 0.1322   | 841     | 0.0223  | 117.3 | FAIL
StabilizedWhitenedCosine | 0.6638 | 0.1016 | 0.6726 | 0.1000 | 0.5920   | 0.1438   | 841     | 0.4465  | 107.2 | FAIL

[trial=33 seed=75] GLOBAL mode — total_samples=200000
  total: h0=82063 h1=15019
  pooled_train:  n0=1270 n1=1270
  pooled_calib:  n0=1240 n1=1240
  pooled_eval:   n0=1270 n1=1270
  regions (for macro stats only): 1103
[INFO] Cosine baseline routed to direct Hadamard sum (PrecomputedCosine)
[INFO] WeightedEnsemble Cosine judge routed to direct Hadamard sum
  [Ensemble] Judges routed to 'alt' input: PrecomputedCosine
[WeightedEnsemble] Fitted weights (alpha=0.1000, external calib):
  tau=0.6090, Pooled external calib: TPR=0.7411, FPR=0.1000
  PrecomputedCosine   : +0.2610
  PCAWhitenedCosine   : +0.2348
  XGBoost             : +0.2127
  Tiny MLP            : +0.2846
  LDA                 : +0.0070

Method                   | TPR    | FPR    | TrTPR  | TrFPR  | MacroTPR | MacroFPR | Regions | TauMean | ms    | OK? 
---------------------------------------------------------------------------------------------------------------------
Cosine                   | 0.5819 | 0.0913 | 0.5960 | 0.1000 | 0.5369   | 0.1201   | 857     | 0.8971  | 112.4 | PASS
AndBox-HC                | 0.5890 | 0.1000 | 0.6048 | 0.1000 | 0.5444   | 0.1319   | 857     | -0.0000 | 61.6  | PASS
PCAWhitenedCosine        | 0.6969 | 0.0898 | 0.7024 | 0.1000 | 0.5870   | 0.1261   | 857     | 0.3613  | 97.8  | PASS
Vec (Wgt)                | 0.6000 | 0.0921 | 0.6169 | 0.1000 | 0.5469   | 0.1216   | 857     | 0.8878  | 98.4  | PASS
Log Reg                  | 0.4008 | 0.0906 | 0.3944 | 0.1000 | 0.3434   | 0.1198   | 857     | 0.5059  | 113.9 | PASS
LDA                      | 0.6669 | 0.0811 | 0.6823 | 0.1000 | 0.5477   | 0.1193   | 857     | 1.7248  | 103.9 | PASS
Tiny MLP                 | 0.6764 | 0.0913 | 0.6919 | 0.1000 | 0.5731   | 0.1331   | 857     | 0.7130  | 586.4 | PASS
MultiProtoCosine         | 0.1598 | 0.0874 | 0.1548 | 0.1000 | 0.1192   | 0.0901   | 857     | 0.9157  | 120.7 | PASS
WeightedEnsemble         | 0.7118 | 0.0882 | 0.7411 | 0.1000 | 0.6016   | 0.1272   | 857     | 0.6090  | 638.6 | PASS
XGBoost                  | 0.6528 | 0.0898 | 0.6653 | 0.1000 | 0.5717   | 0.1286   | 857     | 0.5733  | 82.3  | PASS
LDA1+LogReg              | 0.4039 | 0.0913 | 0.3984 | 0.1000 | 0.3480   | 0.1211   | 857     | 0.5060  | 108.1 | PASS
PCA16+LogReg             | 0.4047 | 0.0898 | 0.4040 | 0.1000 | 0.3430   | 0.1196   | 857     | 0.5057  | 117.5 | PASS
PCA32+LogReg             | 0.4087 | 0.0843 | 0.4048 | 0.1000 | 0.3473   | 0.1129   | 857     | 0.5058  | 120.9 | PASS
PCA16+VecWeighted        | 0.0921 | 0.0992 | 0.0726 | 0.1000 | 0.0931   | 0.0865   | 857     | 0.0264  | 114.9 | PASS
PCA32+VecWeighted        | 0.0811 | 0.0937 | 0.0847 | 0.1000 | 0.0903   | 0.0594   | 857     | 0.0310  | 117.8 | PASS
StabilizedWhitenedCosine | 0.7016 | 0.1031 | 0.6903 | 0.1000 | 0.6052   | 0.1461   | 857     | 0.2981  | 107.8 | FAIL

[trial=34 seed=76] GLOBAL mode — total_samples=200000
  total: h0=82063 h1=15019
  pooled_train:  n0=1270 n1=1270
  pooled_calib:  n0=1240 n1=1240
  pooled_eval:   n0=1270 n1=1270
  regions (for macro stats only): 1103
[INFO] Cosine baseline routed to direct Hadamard sum (PrecomputedCosine)
[INFO] WeightedEnsemble Cosine judge routed to direct Hadamard sum
  [Ensemble] Judges routed to 'alt' input: PrecomputedCosine
[WeightedEnsemble] Fitted weights (alpha=0.1000, external calib):
  tau=0.7435, Pooled external calib: TPR=0.7177, FPR=0.1000
  PrecomputedCosine   : +0.4364
  PCAWhitenedCosine   : +0.0571
  XGBoost             : +0.1048
  Tiny MLP            : +0.3819
  LDA                 : +0.0199

Method                   | TPR    | FPR    | TrTPR  | TrFPR  | MacroTPR | MacroFPR | Regions | TauMean | ms    | OK? 
---------------------------------------------------------------------------------------------------------------------
Cosine                   | 0.5992 | 0.1047 | 0.5919 | 0.1000 | 0.5639   | 0.1462   | 865     | 0.8974  | 116.2 | FAIL
AndBox-HC                | 0.5827 | 0.1165 | 0.5694 | 0.1000 | 0.5428   | 0.1466   | 865     | 0.0000  | 63.2  | FAIL
PCAWhitenedCosine        | 0.6984 | 0.0961 | 0.6750 | 0.1000 | 0.6073   | 0.1398   | 865     | 0.4428  | 99.2  | PASS
Vec (Wgt)                | 0.6331 | 0.1150 | 0.6161 | 0.1000 | 0.5887   | 0.1622   | 865     | 0.8788  | 100.3 | FAIL
Log Reg                  | 0.3811 | 0.1063 | 0.3887 | 0.1000 | 0.3278   | 0.1321   | 865     | 0.5067  | 115.2 | FAIL
LDA                      | 0.6370 | 0.0882 | 0.6492 | 0.1000 | 0.5509   | 0.1314   | 865     | 2.3173  | 105.6 | PASS
Tiny MLP                 | 0.6929 | 0.0992 | 0.6992 | 0.1000 | 0.6003   | 0.1452   | 865     | 0.7106  | 492.4 | PASS
MultiProtoCosine         | 0.1386 | 0.0898 | 0.1331 | 0.1000 | 0.1098   | 0.0930   | 865     | 0.9174  | 120.1 | PASS
WeightedEnsemble         | 0.7165 | 0.1118 | 0.7177 | 0.1000 | 0.6273   | 0.1644   | 865     | 0.7435  | 545.0 | FAIL
XGBoost                  | 0.6827 | 0.1087 | 0.6734 | 0.1000 | 0.6228   | 0.1547   | 865     | 0.5774  | 83.4  | FAIL
LDA1+LogReg              | 0.3819 | 0.1079 | 0.3887 | 0.1000 | 0.3281   | 0.1336   | 865     | 0.5067  | 107.8 | FAIL
PCA16+LogReg             | 0.3913 | 0.1039 | 0.3968 | 0.1000 | 0.3337   | 0.1291   | 865     | 0.5065  | 117.6 | FAIL
PCA32+LogReg             | 0.3937 | 0.1071 | 0.4000 | 0.1000 | 0.3368   | 0.1319   | 865     | 0.5064  | 121.0 | FAIL
PCA16+VecWeighted        | 0.1370 | 0.1055 | 0.1379 | 0.1000 | 0.1310   | 0.0962   | 865     | 0.0233  | 114.8 | FAIL
PCA32+VecWeighted        | 0.1102 | 0.0992 | 0.1145 | 0.1000 | 0.1220   | 0.0850   | 865     | 0.0291  | 117.9 | PASS
StabilizedWhitenedCosine | 0.6882 | 0.1039 | 0.6694 | 0.1000 | 0.5970   | 0.1475   | 865     | 0.4408  | 109.2 | FAIL

[trial=35 seed=77] GLOBAL mode — total_samples=200000
  total: h0=82063 h1=15019
  pooled_train:  n0=1270 n1=1270
  pooled_calib:  n0=1240 n1=1240
  pooled_eval:   n0=1270 n1=1270
  regions (for macro stats only): 1103
[INFO] Cosine baseline routed to direct Hadamard sum (PrecomputedCosine)
[INFO] WeightedEnsemble Cosine judge routed to direct Hadamard sum
  [Ensemble] Judges routed to 'alt' input: PrecomputedCosine
[WeightedEnsemble] Fitted weights (alpha=0.1000, external calib):
  tau=0.7156, Pooled external calib: TPR=0.7218, FPR=0.1000
  PrecomputedCosine   : +0.4364
  PCAWhitenedCosine   : +0.0571
  XGBoost             : +0.1048
  Tiny MLP            : +0.3819
  LDA                 : +0.0199

Method                   | TPR    | FPR    | TrTPR  | TrFPR  | MacroTPR | MacroFPR | Regions | TauMean | ms    | OK? 
---------------------------------------------------------------------------------------------------------------------
Cosine                   | 0.5929 | 0.0969 | 0.5871 | 0.1000 | 0.5793   | 0.1396   | 862     | 0.8928  | 98.5  | PASS
AndBox-HC                | 0.5835 | 0.1008 | 0.5831 | 0.1000 | 0.5579   | 0.1413   | 862     | 0.0000  | 63.0  | FAIL
PCAWhitenedCosine        | 0.6953 | 0.1063 | 0.6927 | 0.1000 | 0.6090   | 0.1515   | 862     | 0.3903  | 99.1  | FAIL
Vec (Wgt)                | 0.6039 | 0.0945 | 0.6016 | 0.1000 | 0.5877   | 0.1385   | 862     | 0.8841  | 99.4  | PASS
Log Reg                  | 0.4039 | 0.1268 | 0.4016 | 0.1000 | 0.3510   | 0.1594   | 862     | 0.5056  | 114.1 | FAIL
LDA                      | 0.6677 | 0.1110 | 0.6565 | 0.1000 | 0.5782   | 0.1534   | 862     | 1.7150  | 106.0 | FAIL
Tiny MLP                 | 0.6913 | 0.1118 | 0.6911 | 0.1000 | 0.5960   | 0.1565   | 862     | 0.7098  | 498.9 | FAIL
MultiProtoCosine         | 0.1512 | 0.1118 | 0.1492 | 0.1000 | 0.1230   | 0.1210   | 862     | 0.9171  | 120.5 | FAIL
WeightedEnsemble         | 0.7157 | 0.1157 | 0.7218 | 0.1000 | 0.6358   | 0.1638   | 862     | 0.7156  | 552.9 | FAIL
XGBoost                  | 0.6417 | 0.1031 | 0.6282 | 0.1000 | 0.6040   | 0.1461   | 862     | 0.5831  | 84.4  | FAIL
LDA1+LogReg              | 0.4039 | 0.1260 | 0.4008 | 0.1000 | 0.3509   | 0.1576   | 862     | 0.5056  | 109.3 | FAIL
PCA16+LogReg             | 0.4055 | 0.1252 | 0.4113 | 0.1000 | 0.3519   | 0.1575   | 862     | 0.5053  | 118.4 | FAIL
PCA32+LogReg             | 0.4205 | 0.1268 | 0.4258 | 0.1000 | 0.3656   | 0.1619   | 862     | 0.5052  | 121.3 | FAIL
PCA16+VecWeighted        | 0.2803 | 0.1173 | 0.2694 | 0.1000 | 0.2402   | 0.1310   | 862     | 0.0180  | 115.3 | FAIL
PCA32+VecWeighted        | 0.2693 | 0.1213 | 0.2911 | 0.1000 | 0.2394   | 0.1328   | 862     | 0.0198  | 117.6 | FAIL
StabilizedWhitenedCosine | 0.6835 | 0.1094 | 0.6685 | 0.1000 | 0.6150   | 0.1623   | 862     | 0.3692  | 108.3 | FAIL

[trial=36 seed=78] GLOBAL mode — total_samples=200000
  total: h0=82063 h1=15019
  pooled_train:  n0=1270 n1=1270
  pooled_calib:  n0=1240 n1=1240
  pooled_eval:   n0=1270 n1=1270
  regions (for macro stats only): 1103
[INFO] Cosine baseline routed to direct Hadamard sum (PrecomputedCosine)
[INFO] WeightedEnsemble Cosine judge routed to direct Hadamard sum
  [Ensemble] Judges routed to 'alt' input: PrecomputedCosine
[WeightedEnsemble] Fitted weights (alpha=0.1000, external calib):
  tau=0.7939, Pooled external calib: TPR=0.6911, FPR=0.1000
  PrecomputedCosine   : +0.1108
  PCAWhitenedCosine   : +0.3385
  XGBoost             : +0.2247
  Tiny MLP            : +0.1228
  LDA                 : +0.2032

Method                   | TPR    | FPR    | TrTPR  | TrFPR  | MacroTPR | MacroFPR | Regions | TauMean | ms    | OK? 
---------------------------------------------------------------------------------------------------------------------
Cosine                   | 0.5575 | 0.0953 | 0.5758 | 0.1000 | 0.5248   | 0.1247   | 861     | 0.9054  | 97.8  | PASS
AndBox-HC                | 0.5465 | 0.0866 | 0.5395 | 0.1000 | 0.5087   | 0.1058   | 861     | 0.0000  | 65.1  | PASS
PCAWhitenedCosine        | 0.6787 | 0.0953 | 0.6669 | 0.1000 | 0.5781   | 0.1312   | 861     | 0.4810  | 99.5  | PASS
Vec (Wgt)                | 0.5787 | 0.0937 | 0.5984 | 0.1000 | 0.5445   | 0.1255   | 861     | 0.8938  | 99.6  | PASS
Log Reg                  | 0.3488 | 0.1008 | 0.3500 | 0.1000 | 0.3181   | 0.1249   | 861     | 0.5070  | 113.7 | FAIL
LDA                      | 0.6559 | 0.0898 | 0.6379 | 0.1000 | 0.5597   | 0.1308   | 861     | 2.1194  | 105.2 | PASS
Tiny MLP                 | 0.6512 | 0.0882 | 0.6484 | 0.1000 | 0.5543   | 0.1234   | 861     | 0.7348  | 492.2 | PASS
MultiProtoCosine         | 0.1260 | 0.1031 | 0.1468 | 0.1000 | 0.1192   | 0.1269   | 861     | 0.9144  | 118.4 | FAIL
WeightedEnsemble         | 0.6882 | 0.0921 | 0.6911 | 0.1000 | 0.5883   | 0.1328   | 861     | 0.7939  | 544.8 | PASS
XGBoost                  | 0.6016 | 0.0850 | 0.6097 | 0.1000 | 0.5438   | 0.1223   | 861     | 0.6220  | 85.0  | PASS
LDA1+LogReg              | 0.3520 | 0.1031 | 0.3508 | 0.1000 | 0.3202   | 0.1283   | 861     | 0.5070  | 109.8 | FAIL
PCA16+LogReg             | 0.3543 | 0.1063 | 0.3548 | 0.1000 | 0.3233   | 0.1337   | 861     | 0.5067  | 117.0 | FAIL
PCA32+LogReg             | 0.3551 | 0.1008 | 0.3548 | 0.1000 | 0.3235   | 0.1264   | 861     | 0.5068  | 120.6 | FAIL
PCA16+VecWeighted        | 0.1567 | 0.0898 | 0.1718 | 0.1000 | 0.1287   | 0.1042   | 861     | 0.0227  | 115.2 | PASS
PCA32+VecWeighted        | 0.1598 | 0.0969 | 0.1774 | 0.1000 | 0.1399   | 0.1194   | 861     | 0.0263  | 117.6 | PASS
StabilizedWhitenedCosine | 0.6425 | 0.0921 | 0.6395 | 0.1000 | 0.5638   | 0.1301   | 861     | 0.5414  | 109.0 | PASS

[trial=37 seed=79] GLOBAL mode — total_samples=200000
  total: h0=82063 h1=15019
  pooled_train:  n0=1270 n1=1270
  pooled_calib:  n0=1240 n1=1240
  pooled_eval:   n0=1270 n1=1270
  regions (for macro stats only): 1103
[INFO] Cosine baseline routed to direct Hadamard sum (PrecomputedCosine)
[INFO] WeightedEnsemble Cosine judge routed to direct Hadamard sum
  [Ensemble] Judges routed to 'alt' input: PrecomputedCosine
[WeightedEnsemble] Fitted weights (alpha=0.1000, external calib):
  tau=0.5673, Pooled external calib: TPR=0.7121, FPR=0.1000
  PrecomputedCosine   : +0.1195
  PCAWhitenedCosine   : +0.3770
  XGBoost             : +0.2691
  Tiny MLP            : +0.2045
  LDA                 : +0.0298

Method                   | TPR    | FPR    | TrTPR  | TrFPR  | MacroTPR | MacroFPR | Regions | TauMean | ms    | OK? 
---------------------------------------------------------------------------------------------------------------------
Cosine                   | 0.5827 | 0.1047 | 0.5637 | 0.1000 | 0.5540   | 0.1357   | 857     | 0.9050  | 98.5  | FAIL
AndBox-HC                | 0.5622 | 0.1110 | 0.5581 | 0.1000 | 0.5275   | 0.1370   | 857     | 0.0000  | 69.3  | FAIL
PCAWhitenedCosine        | 0.6992 | 0.1126 | 0.7089 | 0.1000 | 0.6154   | 0.1450   | 857     | 0.4014  | 99.0  | FAIL
Vec (Wgt)                | 0.6126 | 0.1110 | 0.5984 | 0.1000 | 0.5702   | 0.1431   | 857     | 0.8868  | 99.4  | FAIL
Log Reg                  | 0.3449 | 0.0913 | 0.3565 | 0.1000 | 0.3136   | 0.1141   | 857     | 0.5075  | 114.6 | PASS
LDA                      | 0.6709 | 0.1024 | 0.6444 | 0.1000 | 0.5772   | 0.1307   | 857     | 1.9472  | 104.8 | FAIL
Tiny MLP                 | 0.6858 | 0.1039 | 0.6734 | 0.1000 | 0.5992   | 0.1291   | 857     | 0.7144  | 499.8 | FAIL
MultiProtoCosine         | 0.1236 | 0.1079 | 0.1395 | 0.1000 | 0.1163   | 0.1166   | 857     | 0.9151  | 118.7 | FAIL
WeightedEnsemble         | 0.7024 | 0.1142 | 0.7121 | 0.1000 | 0.6224   | 0.1484   | 857     | 0.5673  | 551.2 | FAIL
XGBoost                  | 0.6583 | 0.1142 | 0.6387 | 0.1000 | 0.5994   | 0.1438   | 857     | 0.5887  | 83.2  | FAIL
LDA1+LogReg              | 0.3457 | 0.0913 | 0.3597 | 0.1000 | 0.3139   | 0.1141   | 857     | 0.5075  | 106.9 | PASS
PCA16+LogReg             | 0.3520 | 0.0937 | 0.3637 | 0.1000 | 0.3203   | 0.1159   | 857     | 0.5072  | 116.5 | PASS
PCA32+LogReg             | 0.3535 | 0.0921 | 0.3694 | 0.1000 | 0.3200   | 0.1146   | 857     | 0.5070  | 120.1 | PASS
PCA16+VecWeighted        | 0.2961 | 0.1016 | 0.2863 | 0.1000 | 0.2844   | 0.1231   | 857     | 0.0167  | 113.7 | FAIL
PCA32+VecWeighted        | 0.2638 | 0.1024 | 0.2645 | 0.1000 | 0.2662   | 0.1233   | 857     | 0.0206  | 116.5 | FAIL
StabilizedWhitenedCosine | 0.6567 | 0.1016 | 0.6790 | 0.1000 | 0.5886   | 0.1342   | 857     | 0.5113  | 108.7 | FAIL

[trial=38 seed=80] GLOBAL mode — total_samples=200000
  total: h0=82063 h1=15019
  pooled_train:  n0=1270 n1=1270
  pooled_calib:  n0=1240 n1=1240
  pooled_eval:   n0=1270 n1=1270
  regions (for macro stats only): 1103
[INFO] Cosine baseline routed to direct Hadamard sum (PrecomputedCosine)
[INFO] WeightedEnsemble Cosine judge routed to direct Hadamard sum
  [Ensemble] Judges routed to 'alt' input: PrecomputedCosine
[WeightedEnsemble] Fitted weights (alpha=0.1000, external calib):
  tau=0.7580, Pooled external calib: TPR=0.7032, FPR=0.1000
  PrecomputedCosine   : +0.5316
  PCAWhitenedCosine   : +0.2031
  XGBoost             : +0.0553
  Tiny MLP            : +0.1785
  LDA                 : +0.0315

Method                   | TPR    | FPR    | TrTPR  | TrFPR  | MacroTPR | MacroFPR | Regions | TauMean | ms    | OK? 
---------------------------------------------------------------------------------------------------------------------
Cosine                   | 0.5803 | 0.1000 | 0.5831 | 0.1000 | 0.5490   | 0.1324   | 871     | 0.8971  | 101.1 | PASS
AndBox-HC                | 0.5772 | 0.0953 | 0.5758 | 0.1000 | 0.5364   | 0.1237   | 871     | 0.0000  | 62.1  | PASS
PCAWhitenedCosine        | 0.6724 | 0.0906 | 0.6637 | 0.1000 | 0.5653   | 0.1236   | 871     | 0.5412  | 98.2  | PASS
Vec (Wgt)                | 0.5906 | 0.0929 | 0.5944 | 0.1000 | 0.5537   | 0.1223   | 871     | 0.8913  | 98.3  | PASS
Log Reg                  | 0.3984 | 0.0866 | 0.4024 | 0.1000 | 0.3369   | 0.1187   | 871     | 0.5065  | 113.1 | PASS
LDA                      | 0.6803 | 0.1094 | 0.6589 | 0.1000 | 0.5841   | 0.1490   | 871     | 2.5123  | 103.9 | FAIL
Tiny MLP                 | 0.7031 | 0.1157 | 0.6944 | 0.1000 | 0.6133   | 0.1621   | 871     | 0.7625  | 497.6 | FAIL
MultiProtoCosine         | 0.1260 | 0.0740 | 0.1427 | 0.0992 | 0.1112   | 0.0936   | 871     | 0.9158  | 119.0 | PASS
WeightedEnsemble         | 0.7102 | 0.1118 | 0.7032 | 0.1000 | 0.6142   | 0.1527   | 871     | 0.7580  | 549.3 | FAIL
XGBoost                  | 0.6457 | 0.0992 | 0.6411 | 0.1000 | 0.5757   | 0.1478   | 871     | 0.6048  | 82.6  | PASS
LDA1+LogReg              | 0.3984 | 0.0866 | 0.4016 | 0.1000 | 0.3354   | 0.1187   | 871     | 0.5065  | 107.7 | PASS
PCA16+LogReg             | 0.3984 | 0.0866 | 0.4137 | 0.1000 | 0.3328   | 0.1182   | 871     | 0.5065  | 116.6 | PASS
PCA32+LogReg             | 0.4213 | 0.0874 | 0.4274 | 0.1000 | 0.3475   | 0.1199   | 871     | 0.5062  | 120.9 | PASS
PCA16+VecWeighted        | 0.0992 | 0.1134 | 0.1048 | 0.1000 | 0.1092   | 0.1161   | 871     | 0.0258  | 114.2 | FAIL
PCA32+VecWeighted        | 0.1646 | 0.1008 | 0.1500 | 0.1000 | 0.1641   | 0.1106   | 871     | 0.0276  | 117.0 | FAIL
StabilizedWhitenedCosine | 0.6441 | 0.0835 | 0.6290 | 0.1000 | 0.5361   | 0.1081   | 871     | 0.6268  | 107.1 | PASS

[trial=39 seed=81] GLOBAL mode — total_samples=200000
  total: h0=82063 h1=15019
  pooled_train:  n0=1270 n1=1270
  pooled_calib:  n0=1240 n1=1240
  pooled_eval:   n0=1270 n1=1270
  regions (for macro stats only): 1103
[INFO] Cosine baseline routed to direct Hadamard sum (PrecomputedCosine)
[INFO] WeightedEnsemble Cosine judge routed to direct Hadamard sum
  [Ensemble] Judges routed to 'alt' input: PrecomputedCosine
[WeightedEnsemble] Fitted weights (alpha=0.1000, external calib):
  tau=0.6414, Pooled external calib: TPR=0.7105, FPR=0.1000
  PrecomputedCosine   : +0.2204
  PCAWhitenedCosine   : +0.3145
  XGBoost             : +0.1972
  Tiny MLP            : +0.2559
  LDA                 : +0.0120

Method                   | TPR    | FPR    | TrTPR  | TrFPR  | MacroTPR | MacroFPR | Regions | TauMean | ms    | OK? 
---------------------------------------------------------------------------------------------------------------------
Cosine                   | 0.6181 | 0.1079 | 0.5839 | 0.1000 | 0.5746   | 0.1384   | 872     | 0.8887  | 119.4 | FAIL
AndBox-HC                | 0.6079 | 0.1299 | 0.5734 | 0.1000 | 0.5692   | 0.1496   | 872     | -0.0000 | 61.4  | FAIL
PCAWhitenedCosine        | 0.7087 | 0.0913 | 0.6774 | 0.1000 | 0.5849   | 0.1191   | 872     | 0.5119  | 99.0  | PASS
Vec (Wgt)                | 0.6346 | 0.1094 | 0.6024 | 0.1000 | 0.5896   | 0.1370   | 872     | 0.8810  | 99.3  | FAIL
Log Reg                  | 0.3890 | 0.1031 | 0.3597 | 0.1000 | 0.3302   | 0.1225   | 872     | 0.5069  | 112.7 | FAIL
LDA                      | 0.6685 | 0.0843 | 0.6629 | 0.1000 | 0.5417   | 0.1105   | 872     | 2.1298  | 104.7 | PASS
Tiny MLP                 | 0.6835 | 0.0858 | 0.6621 | 0.1000 | 0.5585   | 0.1115   | 872     | 0.7569  | 582.8 | PASS
MultiProtoCosine         | 0.1409 | 0.0874 | 0.1234 | 0.1000 | 0.1220   | 0.0963   | 872     | 0.9176  | 119.6 | PASS
WeightedEnsemble         | 0.7260 | 0.1000 | 0.7105 | 0.1000 | 0.6094   | 0.1282   | 872     | 0.6414  | 634.1 | PASS
XGBoost                  | 0.6449 | 0.1094 | 0.6177 | 0.1000 | 0.5583   | 0.1293   | 872     | 0.6090  | 83.0  | FAIL
LDA1+LogReg              | 0.3882 | 0.1031 | 0.3597 | 0.1000 | 0.3297   | 0.1225   | 872     | 0.5069  | 107.6 | FAIL
PCA16+LogReg             | 0.4031 | 0.1055 | 0.3758 | 0.1000 | 0.3351   | 0.1262   | 872     | 0.5066  | 116.3 | FAIL
PCA32+LogReg             | 0.3969 | 0.1047 | 0.3685 | 0.1000 | 0.3370   | 0.1270   | 872     | 0.5065  | 119.4 | FAIL
PCA16+VecWeighted        | 0.2346 | 0.0890 | 0.2202 | 0.1000 | 0.2242   | 0.1111   | 872     | 0.0218  | 114.0 | PASS
PCA32+VecWeighted        | 0.2370 | 0.0976 | 0.2323 | 0.1000 | 0.2124   | 0.1215   | 872     | 0.0244  | 117.0 | PASS
StabilizedWhitenedCosine | 0.7102 | 0.0976 | 0.6629 | 0.1000 | 0.6105   | 0.1221   | 872     | 0.4645  | 107.3 | PASS

[trial=40 seed=82] GLOBAL mode — total_samples=200000
  total: h0=82063 h1=15019
  pooled_train:  n0=1270 n1=1270
  pooled_calib:  n0=1240 n1=1240
  pooled_eval:   n0=1270 n1=1270
  regions (for macro stats only): 1103
[INFO] Cosine baseline routed to direct Hadamard sum (PrecomputedCosine)
[INFO] WeightedEnsemble Cosine judge routed to direct Hadamard sum
  [Ensemble] Judges routed to 'alt' input: PrecomputedCosine
[WeightedEnsemble] Fitted weights (alpha=0.1000, external calib):
  tau=0.7178, Pooled external calib: TPR=0.7105, FPR=0.1000
  PrecomputedCosine   : +0.4364
  PCAWhitenedCosine   : +0.0571
  XGBoost             : +0.1048
  Tiny MLP            : +0.3819
  LDA                 : +0.0199

Method                   | TPR    | FPR    | TrTPR  | TrFPR  | MacroTPR | MacroFPR | Regions | TauMean | ms    | OK? 
---------------------------------------------------------------------------------------------------------------------
Cosine                   | 0.5969 | 0.0992 | 0.5903 | 0.1000 | 0.5855   | 0.1341   | 866     | 0.8874  | 98.5  | PASS
AndBox-HC                | 0.6047 | 0.1071 | 0.5887 | 0.1000 | 0.5797   | 0.1378   | 866     | -0.0000 | 60.2  | FAIL
PCAWhitenedCosine        | 0.6984 | 0.1024 | 0.6871 | 0.1000 | 0.6114   | 0.1307   | 866     | 0.3438  | 96.7  | FAIL
Vec (Wgt)                | 0.6323 | 0.1134 | 0.6290 | 0.1000 | 0.6070   | 0.1507   | 866     | 0.8742  | 97.2  | FAIL
Log Reg                  | 0.3740 | 0.1094 | 0.3726 | 0.1000 | 0.3508   | 0.1317   | 866     | 0.5065  | 111.7 | FAIL
LDA                      | 0.6787 | 0.0945 | 0.6661 | 0.1000 | 0.5716   | 0.1215   | 866     | 1.9030  | 102.7 | PASS
Tiny MLP                 | 0.7110 | 0.1024 | 0.6960 | 0.1000 | 0.6056   | 0.1292   | 866     | 0.6643  | 491.2 | FAIL
MultiProtoCosine         | 0.1252 | 0.1087 | 0.1153 | 0.1000 | 0.1096   | 0.1158   | 866     | 0.9161  | 115.7 | FAIL
WeightedEnsemble         | 0.7197 | 0.1008 | 0.7105 | 0.1000 | 0.6294   | 0.1333   | 866     | 0.7178  | 542.9 | FAIL
XGBoost                  | 0.6622 | 0.1063 | 0.6710 | 0.1000 | 0.6258   | 0.1431   | 866     | 0.5656  | 80.1  | FAIL
LDA1+LogReg              | 0.3756 | 0.1094 | 0.3750 | 0.1000 | 0.3531   | 0.1317   | 866     | 0.5064  | 104.3 | FAIL
PCA16+LogReg             | 0.3882 | 0.1126 | 0.3887 | 0.1000 | 0.3638   | 0.1350   | 866     | 0.5060  | 113.1 | FAIL
PCA32+LogReg             | 0.3906 | 0.1134 | 0.3919 | 0.1000 | 0.3661   | 0.1377   | 866     | 0.5059  | 117.0 | FAIL
PCA16+VecWeighted        | 0.1000 | 0.1055 | 0.0887 | 0.1000 | 0.0999   | 0.1010   | 866     | 0.0249  | 110.6 | FAIL
PCA32+VecWeighted        | 0.1150 | 0.1118 | 0.1194 | 0.1000 | 0.1081   | 0.1027   | 866     | 0.0274  | 113.8 | FAIL
StabilizedWhitenedCosine | 0.6937 | 0.1016 | 0.6903 | 0.1000 | 0.6123   | 0.1362   | 866     | 0.3536  | 104.5 | FAIL

[trial=41 seed=83] GLOBAL mode — total_samples=200000
  total: h0=82063 h1=15019
  pooled_train:  n0=1270 n1=1270
  pooled_calib:  n0=1240 n1=1240
  pooled_eval:   n0=1270 n1=1270
  regions (for macro stats only): 1103
[INFO] Cosine baseline routed to direct Hadamard sum (PrecomputedCosine)
[INFO] WeightedEnsemble Cosine judge routed to direct Hadamard sum
  [Ensemble] Judges routed to 'alt' input: PrecomputedCosine
[WeightedEnsemble] Fitted weights (alpha=0.1000, external calib):
  tau=0.7216, Pooled external calib: TPR=0.7290, FPR=0.1000
  PrecomputedCosine   : +0.5316
  PCAWhitenedCosine   : +0.2031
  XGBoost             : +0.0553
  Tiny MLP            : +0.1785
  LDA                 : +0.0315

Method                   | TPR    | FPR    | TrTPR  | TrFPR  | MacroTPR | MacroFPR | Regions | TauMean | ms    | OK? 
---------------------------------------------------------------------------------------------------------------------
Cosine                   | 0.5850 | 0.1087 | 0.5984 | 0.1000 | 0.5464   | 0.1451   | 859     | 0.8980  | 105.2 | FAIL
AndBox-HC                | 0.5669 | 0.1055 | 0.5960 | 0.1000 | 0.5251   | 0.1370   | 859     | 0.0000  | 59.9  | FAIL
PCAWhitenedCosine        | 0.6850 | 0.1118 | 0.7016 | 0.1000 | 0.5966   | 0.1544   | 859     | 0.4144  | 96.6  | FAIL
Vec (Wgt)                | 0.6024 | 0.1118 | 0.6315 | 0.1000 | 0.5610   | 0.1505   | 859     | 0.8823  | 96.9  | FAIL
Log Reg                  | 0.4039 | 0.0945 | 0.3734 | 0.1000 | 0.3459   | 0.1228   | 859     | 0.5068  | 110.2 | PASS
LDA                      | 0.6756 | 0.1016 | 0.6742 | 0.1000 | 0.5852   | 0.1383   | 859     | 1.8300  | 100.4 | FAIL
Tiny MLP                 | 0.6709 | 0.0992 | 0.6718 | 0.1000 | 0.5907   | 0.1316   | 859     | 0.7626  | 570.0 | PASS
MultiProtoCosine         | 0.1465 | 0.0882 | 0.1347 | 0.1000 | 0.1166   | 0.1028   | 859     | 0.9178  | 113.8 | PASS
WeightedEnsemble         | 0.7142 | 0.1063 | 0.7290 | 0.1000 | 0.6382   | 0.1447   | 859     | 0.7216  | 623.5 | FAIL
XGBoost                  | 0.6283 | 0.0984 | 0.6484 | 0.1000 | 0.5584   | 0.1368   | 859     | 0.5965  | 78.8  | PASS
LDA1+LogReg              | 0.4047 | 0.0945 | 0.3742 | 0.1000 | 0.3478   | 0.1228   | 859     | 0.5068  | 102.9 | PASS
PCA16+LogReg             | 0.4189 | 0.0984 | 0.3879 | 0.1000 | 0.3631   | 0.1260   | 859     | 0.5064  | 110.2 | PASS
PCA32+LogReg             | 0.4094 | 0.0906 | 0.3806 | 0.1000 | 0.3510   | 0.1180   | 859     | 0.5066  | 113.7 | PASS
PCA16+VecWeighted        | 0.1354 | 0.1031 | 0.1242 | 0.1000 | 0.1205   | 0.1070   | 859     | 0.0219  | 109.7 | FAIL
PCA32+VecWeighted        | 0.1551 | 0.1063 | 0.1484 | 0.1000 | 0.1362   | 0.1263   | 859     | 0.0249  | 111.5 | FAIL
StabilizedWhitenedCosine | 0.6803 | 0.1150 | 0.6968 | 0.1000 | 0.6012   | 0.1637   | 859     | 0.3857  | 102.1 | FAIL

[trial=42 seed=84] GLOBAL mode — total_samples=200000
  total: h0=82063 h1=15019
  pooled_train:  n0=1270 n1=1270
  pooled_calib:  n0=1240 n1=1240
  pooled_eval:   n0=1270 n1=1270
  regions (for macro stats only): 1103
[INFO] Cosine baseline routed to direct Hadamard sum (PrecomputedCosine)
[INFO] WeightedEnsemble Cosine judge routed to direct Hadamard sum
  [Ensemble] Judges routed to 'alt' input: PrecomputedCosine
[WeightedEnsemble] Fitted weights (alpha=0.1000, external calib):
  tau=0.7018, Pooled external calib: TPR=0.6823, FPR=0.1000
  PrecomputedCosine   : +0.4176
  PCAWhitenedCosine   : +0.3460
  XGBoost             : +0.0864
  Tiny MLP            : +0.0990
  LDA                 : +0.0511

Method                   | TPR    | FPR    | TrTPR  | TrFPR  | MacroTPR | MacroFPR | Regions | TauMean | ms    | OK? 
---------------------------------------------------------------------------------------------------------------------
Cosine                   | 0.5976 | 0.1024 | 0.5823 | 0.1000 | 0.5639   | 0.1353   | 866     | 0.8922  | 108.7 | FAIL
AndBox-HC                | 0.6071 | 0.1102 | 0.5839 | 0.1000 | 0.5605   | 0.1398   | 866     | 0.0000  | 63.1  | FAIL
PCAWhitenedCosine        | 0.6835 | 0.0898 | 0.6605 | 0.1000 | 0.5897   | 0.1248   | 866     | 0.4849  | 99.6  | PASS
Vec (Wgt)                | 0.6189 | 0.1126 | 0.6032 | 0.1000 | 0.5805   | 0.1442   | 866     | 0.8793  | 99.9  | FAIL
Log Reg                  | 0.3764 | 0.0858 | 0.3766 | 0.1000 | 0.3240   | 0.1142   | 866     | 0.5068  | 117.7 | PASS
LDA                      | 0.6535 | 0.0976 | 0.6258 | 0.1000 | 0.5525   | 0.1249   | 866     | 2.2573  | 105.7 | PASS
Tiny MLP                 | 0.6299 | 0.0795 | 0.5831 | 0.1000 | 0.5377   | 0.1084   | 866     | 0.8254  | 594.1 | PASS
MultiProtoCosine         | 0.1244 | 0.0913 | 0.1355 | 0.1000 | 0.1037   | 0.1047   | 866     | 0.9162  | 121.0 | PASS
WeightedEnsemble         | 0.7063 | 0.0913 | 0.6823 | 0.1000 | 0.6102   | 0.1250   | 866     | 0.7018  | 646.3 | PASS
XGBoost                  | 0.6323 | 0.0913 | 0.6097 | 0.1000 | 0.5662   | 0.1164   | 866     | 0.5938  | 84.7  | PASS
LDA1+LogReg              | 0.3756 | 0.0858 | 0.3774 | 0.1000 | 0.3230   | 0.1142   | 866     | 0.5069  | 109.1 | PASS
PCA16+LogReg             | 0.3898 | 0.0913 | 0.3895 | 0.1000 | 0.3340   | 0.1219   | 866     | 0.5064  | 118.6 | PASS
PCA32+LogReg             | 0.3858 | 0.0906 | 0.3903 | 0.1000 | 0.3338   | 0.1213   | 866     | 0.5064  | 121.5 | PASS
PCA16+VecWeighted        | 0.2087 | 0.0780 | 0.1976 | 0.1000 | 0.1803   | 0.0950   | 866     | 0.0214  | 114.8 | PASS
PCA32+VecWeighted        | 0.2142 | 0.0811 | 0.1968 | 0.1000 | 0.1772   | 0.0898   | 866     | 0.0244  | 118.2 | PASS
StabilizedWhitenedCosine | 0.6850 | 0.0984 | 0.6532 | 0.1000 | 0.6054   | 0.1340   | 866     | 0.4500  | 110.0 | PASS

[trial=43 seed=85] GLOBAL mode — total_samples=200000
  total: h0=82063 h1=15019
  pooled_train:  n0=1270 n1=1270
  pooled_calib:  n0=1240 n1=1240
  pooled_eval:   n0=1270 n1=1270
  regions (for macro stats only): 1103
[INFO] Cosine baseline routed to direct Hadamard sum (PrecomputedCosine)
[INFO] WeightedEnsemble Cosine judge routed to direct Hadamard sum
  [Ensemble] Judges routed to 'alt' input: PrecomputedCosine
[WeightedEnsemble] Fitted weights (alpha=0.1000, external calib):
  tau=0.7100, Pooled external calib: TPR=0.7387, FPR=0.1000
  PrecomputedCosine   : +0.4364
  PCAWhitenedCosine   : +0.0571
  XGBoost             : +0.1048
  Tiny MLP            : +0.3819
  LDA                 : +0.0199

Method                   | TPR    | FPR    | TrTPR  | TrFPR  | MacroTPR | MacroFPR | Regions | TauMean | ms    | OK? 
---------------------------------------------------------------------------------------------------------------------
Cosine                   | 0.6205 | 0.1094 | 0.6145 | 0.1000 | 0.5716   | 0.1490   | 849     | 0.8890  | 105.7 | FAIL
AndBox-HC                | 0.5551 | 0.1134 | 0.5395 | 0.1000 | 0.5006   | 0.1512   | 849     | -0.0000 | 58.2  | FAIL