<frozen runpy>:128: RuntimeWarning: 'NeighborCache.region_local_threshold.cli' found in sys.modules after import of package 'NeighborCache.region_local_threshold', but prior to execution of 'NeighborCache.region_local_threshold.cli'; this may result in unpredictable behaviour
[INFO] Using features key='emb' dim=768
[INFO] Applied Hadamard preprocessing (strategy=centroid_nearest, use_delta_vec=False, use_abs_diff=False) to X_main

=== Region Threshold Benchmark ===
dataset_npz=NeighborCache/data/h1h0_final_langcache.npz
region_key=global_cluster (resolved=global_cluster, unique=1103)
features=emb+hadamard rows=200000 dim=768
text_pairs=text+region_anchor[centroid_nearest]
alpha=0.03 tie_mode=ge trials=50 base_seed=42
tau_mode=global
hadamard_preprocess=True
abs_diff_only_preprocess=False
use_delta_vec=False
use_abs_diff=False
normalize_data=False
filter_policy=none
train_cosine_policy_active=False
caps: train=1270 calib=1240 eval=1270
mins: min_h0_eval=20 min_h1_eval=20
run_dir=/home/malmatal/Projects/Multi_Dim_Threshold/NeighborCache/outputs/region_local_threshold/run_20260507_084126

[trial=0 seed=42] GLOBAL mode — total_samples=200000
  total: h0=82063 h1=15019
  pooled_train:  n0=1270 n1=1270
  pooled_calib:  n0=1240 n1=1240
  pooled_eval:   n0=1270 n1=1270
  regions (for macro stats only): 1103
[INFO] Cosine baseline routed to direct Hadamard sum (PrecomputedCosine)
[INFO] WeightedEnsemble Cosine judge routed to direct Hadamard sum
  [Ensemble] Judges routed to 'alt' input: PrecomputedCosine
[WeightedEnsemble] Fitted weights (alpha=0.0300, external calib):
  tau=0.7342, Pooled external calib: TPR=0.4556, FPR=0.0298
  PrecomputedCosine   : +0.0000
  PCAWhitenedCosine   : +0.0000
  XGBoost             : +1.0000
  Tiny MLP            : +0.0000
  LDA                 : +0.0000

Method                   | TPR    | FPR    | TrTPR  | TrFPR  | MacroTPR | MacroFPR | Regions | TauMean | ms   | OK? 
--------------------------------------------------------------------------------------------------------------------
Cosine                   | 0.3449 | 0.0394 | 0.3645 | 0.0298 | 0.2888   | 0.0589   | 868     | 0.9483  | 49.5 | FAIL
AndBox-HC                | 0.3646 | 0.0465 | 0.3766 | 0.0298 | 0.3138   | 0.0646   | 868     | -0.0000 | 34.6 | FAIL
PCAWhitenedCosine        | 0.3795 | 0.0236 | 0.4000 | 0.0298 | 0.2990   | 0.0392   | 868     | 1.3254  | 31.4 | PASS
Vec (Wgt)                | 0.4220 | 0.0457 | 0.4524 | 0.0298 | 0.3521   | 0.0695   | 868     | 0.9400  | 31.3 | FAIL
Log Reg                  | 0.3677 | 0.0268 | 0.3919 | 0.0298 | 0.2838   | 0.0437   | 868     | 0.5136  | 38.0 | PASS
LDA                      | 0.3638 | 0.0331 | 0.3976 | 0.0298 | 0.2784   | 0.0505   | 868     | 4.2291  | 35.0 | FAIL
Tiny MLP                 | 0.4165 | 0.0409 | 0.4476 | 0.0298 | 0.3282   | 0.0620   | 868     | 0.9047  | 45.7 | FAIL
MultiProtoCosine         | 0.0898 | 0.0142 | 0.0976 | 0.0298 | 0.0588   | 0.0142   | 868     | 0.8819  | 38.6 | PASS
WeightedEnsemble         | 0.4268 | 0.0409 | 0.4556 | 0.0298 | 0.3554   | 0.0668   | 868     | 0.7342  | 78.5 | FAIL
XGBoost                  | 0.4268 | 0.0409 | 0.4556 | 0.0298 | 0.3554   | 0.0668   | 868     | 0.7342  | 51.3 | FAIL
LDA1+LogReg              | 0.3220 | 0.0244 | 0.3452 | 0.0298 | 0.2447   | 0.0392   | 868     | 0.5139  | 40.2 | PASS
PCA16+LogReg             | 0.3693 | 0.0283 | 0.3839 | 0.0298 | 0.2917   | 0.0471   | 868     | 0.5135  | 35.8 | PASS
PCA32+LogReg             | 0.3520 | 0.0260 | 0.3718 | 0.0298 | 0.2740   | 0.0420   | 868     | 0.5137  | 73.5 | PASS
PCA16+VecWeighted        | 0.0165 | 0.0244 | 0.0185 | 0.0298 | 0.0150   | 0.0239   | 868     | 0.0520  | 43.8 | PASS
PCA32+VecWeighted        | 0.0236 | 0.0291 | 0.0202 | 0.0298 | 0.0241   | 0.0308   | 868     | 0.0557  | 52.4 | PASS
StabilizedWhitenedCosine | 0.3858 | 0.0323 | 0.4169 | 0.0298 | 0.3040   | 0.0488   | 868     | 1.2989  | 37.3 | FAIL

[trial=1 seed=43] GLOBAL mode — total_samples=200000
  total: h0=82063 h1=15019
  pooled_train:  n0=1270 n1=1270
  pooled_calib:  n0=1240 n1=1240
  pooled_eval:   n0=1270 n1=1270
  regions (for macro stats only): 1103
[INFO] Cosine baseline routed to direct Hadamard sum (PrecomputedCosine)
[INFO] WeightedEnsemble Cosine judge routed to direct Hadamard sum
  [Ensemble] Judges routed to 'alt' input: PrecomputedCosine
[WeightedEnsemble] Fitted weights (alpha=0.0300, external calib):
  tau=0.9686, Pooled external calib: TPR=0.4234, FPR=0.0298
  PrecomputedCosine   : +0.4364
  PCAWhitenedCosine   : +0.0571
  XGBoost             : +0.1048
  Tiny MLP            : +0.3819
  LDA                 : +0.0199

Method                   | TPR    | FPR    | TrTPR  | TrFPR  | MacroTPR | MacroFPR | Regions | TauMean | ms   | OK? 
--------------------------------------------------------------------------------------------------------------------
Cosine                   | 0.3220 | 0.0252 | 0.3169 | 0.0298 | 0.2794   | 0.0386   | 850     | 0.9734  | 29.6 | PASS
AndBox-HC                | 0.2976 | 0.0276 | 0.2742 | 0.0298 | 0.2461   | 0.0429   | 850     | 0.0001  | 33.0 | PASS
PCAWhitenedCosine        | 0.3866 | 0.0213 | 0.3685 | 0.0298 | 0.2893   | 0.0316   | 850     | 1.3526  | 30.4 | PASS
Vec (Wgt)                | 0.3843 | 0.0260 | 0.3968 | 0.0298 | 0.3207   | 0.0419   | 850     | 0.9733  | 30.1 | PASS
Log Reg                  | 0.3055 | 0.0283 | 0.2895 | 0.0298 | 0.2224   | 0.0339   | 850     | 0.5144  | 36.2 | PASS
LDA                      | 0.3614 | 0.0220 | 0.3468 | 0.0298 | 0.2672   | 0.0379   | 850     | 4.5080  | 32.9 | PASS
Tiny MLP                 | 0.3480 | 0.0228 | 0.3129 | 0.0298 | 0.2528   | 0.0425   | 850     | 0.9643  | 34.4 | PASS
MultiProtoCosine         | 0.0866 | 0.0276 | 0.0806 | 0.0298 | 0.0557   | 0.0257   | 850     | 0.8859  | 37.3 | PASS
WeightedEnsemble         | 0.4331 | 0.0228 | 0.4234 | 0.0298 | 0.3362   | 0.0381   | 850     | 0.9686  | 58.3 | PASS
XGBoost                  | 0.3976 | 0.0276 | 0.4056 | 0.0298 | 0.3241   | 0.0434   | 850     | 0.7756  | 50.2 | PASS
LDA1+LogReg              | 0.2976 | 0.0276 | 0.2710 | 0.0290 | 0.2125   | 0.0334   | 850     | 0.5147  | 33.8 | PASS
PCA16+LogReg             | 0.3189 | 0.0283 | 0.3073 | 0.0298 | 0.2344   | 0.0347   | 850     | 0.5142  | 35.8 | PASS
PCA32+LogReg             | 0.3063 | 0.0291 | 0.2879 | 0.0298 | 0.2272   | 0.0356   | 850     | 0.5146  | 36.7 | PASS
PCA16+VecWeighted        | 0.0622 | 0.0339 | 0.0685 | 0.0298 | 0.0701   | 0.0384   | 850     | 0.0508  | 34.4 | FAIL
PCA32+VecWeighted        | 0.0598 | 0.0252 | 0.0637 | 0.0298 | 0.0617   | 0.0311   | 850     | 0.0572  | 35.1 | PASS
StabilizedWhitenedCosine | 0.3780 | 0.0220 | 0.3855 | 0.0298 | 0.2805   | 0.0360   | 850     | 1.2943  | 33.6 | PASS

[trial=2 seed=44] GLOBAL mode — total_samples=200000
  total: h0=82063 h1=15019
  pooled_train:  n0=1270 n1=1270
  pooled_calib:  n0=1240 n1=1240
  pooled_eval:   n0=1270 n1=1270
  regions (for macro stats only): 1103
[INFO] Cosine baseline routed to direct Hadamard sum (PrecomputedCosine)
[INFO] WeightedEnsemble Cosine judge routed to direct Hadamard sum
  [Ensemble] Judges routed to 'alt' input: PrecomputedCosine
[WeightedEnsemble] Fitted weights (alpha=0.0300, external calib):
  tau=1.1531, Pooled external calib: TPR=0.4218, FPR=0.0298
  PrecomputedCosine   : +0.1298
  PCAWhitenedCosine   : +0.1391
  XGBoost             : +0.2872
  Tiny MLP            : +0.3596
  LDA                 : +0.0844

Method                   | TPR    | FPR    | TrTPR  | TrFPR  | MacroTPR | MacroFPR | Regions | TauMean | ms   | OK? 
--------------------------------------------------------------------------------------------------------------------
Cosine                   | 0.3299 | 0.0291 | 0.3210 | 0.0298 | 0.2840   | 0.0369   | 868     | 0.9668  | 31.2 | PASS
AndBox-HC                | 0.3000 | 0.0315 | 0.3153 | 0.0298 | 0.2508   | 0.0425   | 868     | 0.0001  | 40.7 | FAIL
PCAWhitenedCosine        | 0.3850 | 0.0244 | 0.4024 | 0.0298 | 0.2918   | 0.0329   | 868     | 1.2300  | 30.9 | PASS
Vec (Wgt)                | 0.3827 | 0.0299 | 0.4016 | 0.0298 | 0.3211   | 0.0385   | 868     | 0.9641  | 30.5 | PASS
Log Reg                  | 0.3370 | 0.0307 | 0.3742 | 0.0298 | 0.2598   | 0.0458   | 868     | 0.5133  | 36.7 | FAIL
LDA                      | 0.3827 | 0.0315 | 0.4000 | 0.0298 | 0.3123   | 0.0492   | 868     | 4.1331  | 33.1 | FAIL
Tiny MLP                 | 0.3205 | 0.0283 | 0.3460 | 0.0298 | 0.2529   | 0.0442   | 868     | 0.9503  | 34.7 | PASS
MultiProtoCosine         | 0.0913 | 0.0323 | 0.1048 | 0.0298 | 0.0595   | 0.0234   | 868     | 0.8864  | 37.4 | FAIL
WeightedEnsemble         | 0.4102 | 0.0346 | 0.4218 | 0.0298 | 0.3261   | 0.0516   | 868     | 1.1531  | 58.6 | FAIL
XGBoost                  | 0.3717 | 0.0283 | 0.3637 | 0.0298 | 0.3139   | 0.0383   | 868     | 0.7725  | 50.5 | PASS
LDA1+LogReg              | 0.3362 | 0.0307 | 0.3734 | 0.0298 | 0.2592   | 0.0458   | 868     | 0.5134  | 34.1 | FAIL
PCA16+LogReg             | 0.3480 | 0.0307 | 0.3823 | 0.0298 | 0.2761   | 0.0456   | 868     | 0.5136  | 35.8 | FAIL
PCA32+LogReg             | 0.3465 | 0.0307 | 0.3831 | 0.0298 | 0.2713   | 0.0456   | 868     | 0.5136  | 36.8 | FAIL
PCA16+VecWeighted        | 0.0843 | 0.0283 | 0.0919 | 0.0298 | 0.0712   | 0.0398   | 868     | 0.0521  | 34.9 | PASS
PCA32+VecWeighted        | 0.0843 | 0.0307 | 0.0839 | 0.0298 | 0.0739   | 0.0395   | 868     | 0.0549  | 35.5 | FAIL
StabilizedWhitenedCosine | 0.4024 | 0.0323 | 0.4024 | 0.0298 | 0.3163   | 0.0411   | 868     | 1.2130  | 34.4 | FAIL

[trial=3 seed=45] GLOBAL mode — total_samples=200000
  total: h0=82063 h1=15019
  pooled_train:  n0=1270 n1=1270
  pooled_calib:  n0=1240 n1=1240
  pooled_eval:   n0=1270 n1=1270
  regions (for macro stats only): 1103
[INFO] Cosine baseline routed to direct Hadamard sum (PrecomputedCosine)
[INFO] WeightedEnsemble Cosine judge routed to direct Hadamard sum
  [Ensemble] Judges routed to 'alt' input: PrecomputedCosine
[WeightedEnsemble] Fitted weights (alpha=0.0300, external calib):
  tau=0.9202, Pooled external calib: TPR=0.4742, FPR=0.0298
  PrecomputedCosine   : +0.1369
  PCAWhitenedCosine   : +0.3322
  XGBoost             : +0.4468
  Tiny MLP            : +0.0732
  LDA                 : +0.0110

Method                   | TPR    | FPR    | TrTPR  | TrFPR  | MacroTPR | MacroFPR | Regions | TauMean | ms   | OK? 
--------------------------------------------------------------------------------------------------------------------
Cosine                   | 0.4370 | 0.0354 | 0.4185 | 0.0298 | 0.3895   | 0.0507   | 854     | 0.9345  | 41.9 | FAIL
AndBox-HC                | 0.3724 | 0.0378 | 0.3895 | 0.0298 | 0.3364   | 0.0530   | 854     | 0.0000  | 32.7 | FAIL
PCAWhitenedCosine        | 0.4622 | 0.0283 | 0.4452 | 0.0298 | 0.3563   | 0.0394   | 854     | 1.2042  | 30.2 | PASS
Vec (Wgt)                | 0.4819 | 0.0394 | 0.4774 | 0.0298 | 0.4201   | 0.0552   | 854     | 0.9195  | 30.0 | FAIL
Log Reg                  | 0.3669 | 0.0315 | 0.3532 | 0.0298 | 0.2732   | 0.0427   | 854     | 0.5128  | 36.1 | FAIL
LDA                      | 0.3496 | 0.0252 | 0.3637 | 0.0298 | 0.2649   | 0.0341   | 854     | 4.4687  | 32.4 | PASS
Tiny MLP                 | 0.3543 | 0.0346 | 0.3524 | 0.0298 | 0.2815   | 0.0462   | 854     | 0.9535  | 34.2 | FAIL
MultiProtoCosine         | 0.0724 | 0.0181 | 0.0710 | 0.0298 | 0.0487   | 0.0139   | 854     | 0.8921  | 37.1 | PASS
WeightedEnsemble         | 0.4890 | 0.0283 | 0.4742 | 0.0298 | 0.3861   | 0.0411   | 854     | 0.9202  | 58.1 | PASS
XGBoost                  | 0.4661 | 0.0331 | 0.4516 | 0.0298 | 0.4011   | 0.0440   | 854     | 0.7354  | 50.0 | FAIL
LDA1+LogReg              | 0.3748 | 0.0315 | 0.3581 | 0.0298 | 0.2820   | 0.0427   | 854     | 0.5128  | 33.4 | FAIL
PCA16+LogReg             | 0.3803 | 0.0307 | 0.3887 | 0.0298 | 0.2928   | 0.0445   | 854     | 0.5128  | 35.2 | FAIL
PCA32+LogReg             | 0.3921 | 0.0315 | 0.3919 | 0.0298 | 0.3012   | 0.0453   | 854     | 0.5127  | 39.3 | FAIL
PCA16+VecWeighted        | 0.0449 | 0.0331 | 0.0484 | 0.0298 | 0.0389   | 0.0373   | 854     | 0.0452  | 34.8 | FAIL
PCA32+VecWeighted        | 0.0378 | 0.0252 | 0.0468 | 0.0298 | 0.0358   | 0.0305   | 854     | 0.0514  | 37.6 | PASS
StabilizedWhitenedCosine | 0.4425 | 0.0252 | 0.4315 | 0.0298 | 0.3384   | 0.0317   | 854     | 1.2076  | 33.3 | PASS

[trial=4 seed=46] GLOBAL mode — total_samples=200000
  total: h0=82063 h1=15019
  pooled_train:  n0=1270 n1=1270
  pooled_calib:  n0=1240 n1=1240
  pooled_eval:   n0=1270 n1=1270
  regions (for macro stats only): 1103
[INFO] Cosine baseline routed to direct Hadamard sum (PrecomputedCosine)
[INFO] WeightedEnsemble Cosine judge routed to direct Hadamard sum
  [Ensemble] Judges routed to 'alt' input: PrecomputedCosine
[WeightedEnsemble] Fitted weights (alpha=0.0300, external calib):
  tau=1.0959, Pooled external calib: TPR=0.4532, FPR=0.0298
  PrecomputedCosine   : +0.4176
  PCAWhitenedCosine   : +0.3460
  XGBoost             : +0.0864
  Tiny MLP            : +0.0990
  LDA                 : +0.0511

Method                   | TPR    | FPR    | TrTPR  | TrFPR  | MacroTPR | MacroFPR | Regions | TauMean | ms   | OK? 
--------------------------------------------------------------------------------------------------------------------
Cosine                   | 0.3260 | 0.0283 | 0.3282 | 0.0298 | 0.2917   | 0.0393   | 871     | 0.9635  | 50.1 | PASS
AndBox-HC                | 0.2213 | 0.0165 | 0.2048 | 0.0298 | 0.2004   | 0.0211   | 871     | 0.0002  | 34.3 | PASS
PCAWhitenedCosine        | 0.4276 | 0.0268 | 0.4306 | 0.0298 | 0.3391   | 0.0327   | 871     | 1.1544  | 31.0 | PASS
Vec (Wgt)                | 0.3921 | 0.0291 | 0.3823 | 0.0298 | 0.3402   | 0.0407   | 871     | 0.9583  | 30.8 | PASS
Log Reg                  | 0.3213 | 0.0339 | 0.3097 | 0.0298 | 0.2552   | 0.0443   | 871     | 0.5142  | 37.1 | FAIL
LDA                      | 0.4039 | 0.0315 | 0.4032 | 0.0298 | 0.3156   | 0.0430   | 871     | 4.0255  | 33.3 | FAIL
Tiny MLP                 | 0.3984 | 0.0299 | 0.3887 | 0.0298 | 0.3168   | 0.0401   | 871     | 0.9346  | 34.9 | PASS
MultiProtoCosine         | 0.0803 | 0.0236 | 0.0863 | 0.0298 | 0.0401   | 0.0236   | 871     | 0.8852  | 37.8 | PASS
WeightedEnsemble         | 0.4449 | 0.0307 | 0.4532 | 0.0298 | 0.3627   | 0.0376   | 871     | 1.0959  | 58.9 | FAIL
XGBoost                  | 0.3795 | 0.0323 | 0.3702 | 0.0298 | 0.3296   | 0.0444   | 871     | 0.7605  | 52.0 | FAIL
LDA1+LogReg              | 0.3181 | 0.0339 | 0.3089 | 0.0298 | 0.2532   | 0.0443   | 871     | 0.5142  | 34.2 | FAIL
PCA16+LogReg             | 0.3362 | 0.0354 | 0.3298 | 0.0298 | 0.2695   | 0.0482   | 871     | 0.5138  | 37.3 | FAIL
PCA32+LogReg             | 0.3197 | 0.0315 | 0.3056 | 0.0298 | 0.2543   | 0.0419   | 871     | 0.5145  | 37.0 | FAIL
PCA16+VecWeighted        | 0.1559 | 0.0354 | 0.1565 | 0.0298 | 0.0870   | 0.0348   | 871     | 0.0424  | 34.7 | FAIL
PCA32+VecWeighted        | 0.1559 | 0.0331 | 0.1339 | 0.0298 | 0.0902   | 0.0278   | 871     | 0.0478  | 35.5 | FAIL
StabilizedWhitenedCosine | 0.4173 | 0.0331 | 0.3992 | 0.0298 | 0.3417   | 0.0454   | 871     | 1.1779  | 34.5 | FAIL

[trial=5 seed=47] GLOBAL mode — total_samples=200000
  total: h0=82063 h1=15019
  pooled_train:  n0=1270 n1=1270
  pooled_calib:  n0=1240 n1=1240
  pooled_eval:   n0=1270 n1=1270
  regions (for macro stats only): 1103
[INFO] Cosine baseline routed to direct Hadamard sum (PrecomputedCosine)
[INFO] WeightedEnsemble Cosine judge routed to direct Hadamard sum
  [Ensemble] Judges routed to 'alt' input: PrecomputedCosine
[WeightedEnsemble] Fitted weights (alpha=0.0300, external calib):
  tau=1.0220, Pooled external calib: TPR=0.4871, FPR=0.0298
  PrecomputedCosine   : +0.2832
  PCAWhitenedCosine   : +0.0456
  XGBoost             : +0.2004
  Tiny MLP            : +0.4151
  LDA                 : +0.0558

Method                   | TPR    | FPR    | TrTPR  | TrFPR  | MacroTPR | MacroFPR | Regions | TauMean | ms   | OK? 
--------------------------------------------------------------------------------------------------------------------
Cosine                   | 0.3984 | 0.0260 | 0.4153 | 0.0298 | 0.3450   | 0.0391   | 852     | 0.9370  | 49.4 | PASS
AndBox-HC                | 0.3890 | 0.0260 | 0.4153 | 0.0298 | 0.3189   | 0.0411   | 852     | 0.0000  | 34.0 | PASS
PCAWhitenedCosine        | 0.4228 | 0.0165 | 0.4306 | 0.0298 | 0.3403   | 0.0252   | 852     | 1.2549  | 53.5 | PASS
Vec (Wgt)                | 0.4512 | 0.0252 | 0.4766 | 0.0298 | 0.3747   | 0.0391   | 852     | 0.9342  | 46.0 | PASS
Log Reg                  | 0.3843 | 0.0220 | 0.3976 | 0.0298 | 0.2888   | 0.0324   | 852     | 0.5139  | 37.9 | PASS
LDA                      | 0.4213 | 0.0197 | 0.4435 | 0.0298 | 0.3269   | 0.0252   | 852     | 4.0578  | 36.1 | PASS
Tiny MLP                 | 0.4087 | 0.0197 | 0.4298 | 0.0298 | 0.3065   | 0.0251   | 852     | 0.9407  | 44.2 | PASS
MultiProtoCosine         | 0.0850 | 0.0283 | 0.0855 | 0.0298 | 0.0509   | 0.0227   | 852     | 0.8857  | 40.8 | PASS
WeightedEnsemble         | 0.4535 | 0.0213 | 0.4871 | 0.0298 | 0.3640   | 0.0294   | 852     | 1.0220  | 64.7 | PASS
XGBoost                  | 0.4551 | 0.0283 | 0.4540 | 0.0298 | 0.3784   | 0.0376   | 852     | 0.7446  | 55.1 | PASS
LDA1+LogReg              | 0.3890 | 0.0220 | 0.4024 | 0.0298 | 0.2919   | 0.0324   | 852     | 0.5139  | 38.5 | PASS
PCA16+LogReg             | 0.3685 | 0.0189 | 0.3798 | 0.0298 | 0.2809   | 0.0294   | 852     | 0.5146  | 38.9 | PASS
PCA32+LogReg             | 0.3843 | 0.0220 | 0.3952 | 0.0298 | 0.2886   | 0.0327   | 852     | 0.5144  | 80.6 | PASS
PCA16+VecWeighted        | 0.0551 | 0.0299 | 0.0613 | 0.0298 | 0.0592   | 0.0289   | 852     | 0.0422  | 46.7 | PASS
PCA32+VecWeighted        | 0.0717 | 0.0339 | 0.0685 | 0.0298 | 0.0600   | 0.0378   | 852     | 0.0478  | 57.4 | FAIL
StabilizedWhitenedCosine | 0.4205 | 0.0205 | 0.4339 | 0.0298 | 0.3399   | 0.0291   | 852     | 1.2113  | 35.7 | PASS

[trial=6 seed=48] GLOBAL mode — total_samples=200000
  total: h0=82063 h1=15019
  pooled_train:  n0=1270 n1=1270
  pooled_calib:  n0=1240 n1=1240
  pooled_eval:   n0=1270 n1=1270
  regions (for macro stats only): 1103
[INFO] Cosine baseline routed to direct Hadamard sum (PrecomputedCosine)
[INFO] WeightedEnsemble Cosine judge routed to direct Hadamard sum
  [Ensemble] Judges routed to 'alt' input: PrecomputedCosine
[WeightedEnsemble] Fitted weights (alpha=0.0300, external calib):
  tau=1.4032, Pooled external calib: TPR=0.4573, FPR=0.0298
  PrecomputedCosine   : +0.0941
  PCAWhitenedCosine   : +0.0219
  XGBoost             : +0.5951
  Tiny MLP            : +0.0583
  LDA                 : +0.2307

Method                   | TPR    | FPR    | TrTPR  | TrFPR  | MacroTPR | MacroFPR | Regions | TauMean | ms   | OK? 
--------------------------------------------------------------------------------------------------------------------
Cosine                   | 0.3850 | 0.0362 | 0.3863 | 0.0298 | 0.3542   | 0.0561   | 856     | 0.9451  | 55.2 | FAIL
AndBox-HC                | 0.2583 | 0.0307 | 0.2831 | 0.0298 | 0.2478   | 0.0486   | 856     | 0.0000  | 31.2 | FAIL
PCAWhitenedCosine        | 0.4331 | 0.0346 | 0.4056 | 0.0298 | 0.3511   | 0.0575   | 856     | 1.1830  | 31.0 | FAIL
Vec (Wgt)                | 0.4181 | 0.0307 | 0.4274 | 0.0298 | 0.3713   | 0.0488   | 856     | 0.9477  | 30.6 | FAIL
Log Reg                  | 0.3945 | 0.0315 | 0.3750 | 0.0298 | 0.2881   | 0.0420   | 856     | 0.5126  | 36.5 | FAIL
LDA                      | 0.4173 | 0.0346 | 0.4169 | 0.0298 | 0.3362   | 0.0538   | 856     | 3.8480  | 33.1 | FAIL
Tiny MLP                 | 0.4039 | 0.0386 | 0.3968 | 0.0298 | 0.3246   | 0.0596   | 856     | 0.9337  | 34.8 | FAIL
MultiProtoCosine         | 0.0953 | 0.0346 | 0.0935 | 0.0298 | 0.0550   | 0.0210   | 856     | 0.8816  | 37.4 | FAIL
WeightedEnsemble         | 0.4512 | 0.0315 | 0.4573 | 0.0298 | 0.3674   | 0.0474   | 856     | 1.4032  | 58.7 | FAIL
XGBoost                  | 0.3898 | 0.0283 | 0.3855 | 0.0298 | 0.3303   | 0.0388   | 856     | 0.7539  | 50.6 | PASS
LDA1+LogReg              | 0.3937 | 0.0315 | 0.3742 | 0.0298 | 0.2879   | 0.0420   | 856     | 0.5126  | 33.9 | FAIL
PCA16+LogReg             | 0.3961 | 0.0323 | 0.3734 | 0.0298 | 0.2948   | 0.0429   | 856     | 0.5125  | 35.7 | FAIL
PCA32+LogReg             | 0.3929 | 0.0315 | 0.3694 | 0.0298 | 0.2910   | 0.0420   | 856     | 0.5128  | 36.8 | FAIL
PCA16+VecWeighted        | 0.1197 | 0.0323 | 0.1081 | 0.0298 | 0.1068   | 0.0393   | 856     | 0.0426  | 34.9 | FAIL
PCA32+VecWeighted        | 0.1228 | 0.0228 | 0.1129 | 0.0298 | 0.1073   | 0.0322   | 856     | 0.0456  | 35.3 | PASS
StabilizedWhitenedCosine | 0.4567 | 0.0299 | 0.4387 | 0.0298 | 0.3720   | 0.0516   | 856     | 1.1311  | 33.9 | PASS

[trial=7 seed=49] GLOBAL mode — total_samples=200000
  total: h0=82063 h1=15019
  pooled_train:  n0=1270 n1=1270
  pooled_calib:  n0=1240 n1=1240
  pooled_eval:   n0=1270 n1=1270
  regions (for macro stats only): 1103
[INFO] Cosine baseline routed to direct Hadamard sum (PrecomputedCosine)
[INFO] WeightedEnsemble Cosine judge routed to direct Hadamard sum
  [Ensemble] Judges routed to 'alt' input: PrecomputedCosine
[WeightedEnsemble] Fitted weights (alpha=0.0300, external calib):
  tau=1.4073, Pooled external calib: TPR=0.5250, FPR=0.0298
  PrecomputedCosine   : +0.0381
  PCAWhitenedCosine   : +0.2339
  XGBoost             : +0.2902
  Tiny MLP            : +0.1947
  LDA                 : +0.2431

Method                   | TPR    | FPR    | TrTPR  | TrFPR  | MacroTPR | MacroFPR | Regions | TauMean | ms   | OK? 
--------------------------------------------------------------------------------------------------------------------
Cosine                   | 0.3591 | 0.0346 | 0.3508 | 0.0298 | 0.2988   | 0.0530   | 868     | 0.9555  | 54.4 | FAIL
AndBox-HC                | 0.3362 | 0.0346 | 0.3363 | 0.0298 | 0.2818   | 0.0528   | 868     | -0.0000 | 34.7 | FAIL
PCAWhitenedCosine        | 0.4402 | 0.0307 | 0.4492 | 0.0298 | 0.3363   | 0.0474   | 868     | 1.1393  | 30.5 | FAIL
Vec (Wgt)                | 0.3953 | 0.0323 | 0.4056 | 0.0298 | 0.3223   | 0.0495   | 868     | 0.9550  | 30.9 | FAIL
Log Reg                  | 0.3551 | 0.0299 | 0.3677 | 0.0298 | 0.2599   | 0.0391   | 868     | 0.5119  | 36.8 | PASS
LDA                      | 0.4528 | 0.0362 | 0.4815 | 0.0298 | 0.3516   | 0.0502   | 868     | 3.5938  | 33.2 | FAIL
Tiny MLP                 | 0.4520 | 0.0394 | 0.4758 | 0.0298 | 0.3504   | 0.0573   | 868     | 0.8956  | 34.9 | FAIL
MultiProtoCosine         | 0.0882 | 0.0402 | 0.1008 | 0.0298 | 0.0554   | 0.0345   | 868     | 0.8798  | 37.7 | FAIL
WeightedEnsemble         | 0.5008 | 0.0394 | 0.5250 | 0.0298 | 0.3926   | 0.0568   | 868     | 1.4073  | 58.6 | FAIL
XGBoost                  | 0.4252 | 0.0354 | 0.4226 | 0.0298 | 0.3435   | 0.0487   | 868     | 0.7286  | 50.9 | FAIL
LDA1+LogReg              | 0.3591 | 0.0299 | 0.3685 | 0.0298 | 0.2624   | 0.0391   | 868     | 0.5120  | 34.1 | PASS
PCA16+LogReg             | 0.3630 | 0.0283 | 0.3758 | 0.0298 | 0.2670   | 0.0388   | 868     | 0.5123  | 35.9 | PASS
PCA32+LogReg             | 0.3685 | 0.0291 | 0.3806 | 0.0298 | 0.2698   | 0.0401   | 868     | 0.5122  | 37.5 | PASS
PCA16+VecWeighted        | 0.1031 | 0.0268 | 0.0798 | 0.0298 | 0.0864   | 0.0341   | 868     | 0.0511  | 36.0 | PASS
PCA32+VecWeighted        | 0.1000 | 0.0315 | 0.1081 | 0.0298 | 0.0952   | 0.0432   | 868     | 0.0545  | 36.1 | FAIL
StabilizedWhitenedCosine | 0.4614 | 0.0346 | 0.4694 | 0.0298 | 0.3671   | 0.0565   | 868     | 1.0446  | 35.3 | FAIL

[trial=8 seed=50] GLOBAL mode — total_samples=200000
  total: h0=82063 h1=15019
  pooled_train:  n0=1270 n1=1270
  pooled_calib:  n0=1240 n1=1240
  pooled_eval:   n0=1270 n1=1270
  regions (for macro stats only): 1103
[INFO] Cosine baseline routed to direct Hadamard sum (PrecomputedCosine)
[INFO] WeightedEnsemble Cosine judge routed to direct Hadamard sum
  [Ensemble] Judges routed to 'alt' input: PrecomputedCosine
[WeightedEnsemble] Fitted weights (alpha=0.0300, external calib):
  tau=0.9995, Pooled external calib: TPR=0.5056, FPR=0.0298
  PrecomputedCosine   : +0.5316
  PCAWhitenedCosine   : +0.2031
  XGBoost             : +0.0553
  Tiny MLP            : +0.1785
  LDA                 : +0.0315

Method                   | TPR    | FPR    | TrTPR  | TrFPR  | MacroTPR | MacroFPR | Regions | TauMean | ms   | OK? 
--------------------------------------------------------------------------------------------------------------------
Cosine                   | 0.3803 | 0.0307 | 0.3758 | 0.0298 | 0.3291   | 0.0424   | 859     | 0.9510  | 55.9 | FAIL
AndBox-HC                | 0.2677 | 0.0220 | 0.2573 | 0.0298 | 0.2459   | 0.0321   | 859     | 0.0001  | 33.6 | PASS
PCAWhitenedCosine        | 0.5055 | 0.0276 | 0.4871 | 0.0298 | 0.3967   | 0.0437   | 859     | 1.1525  | 30.5 | PASS
Vec (Wgt)                | 0.4394 | 0.0307 | 0.4234 | 0.0298 | 0.3692   | 0.0453   | 859     | 0.9491  | 30.4 | FAIL
Log Reg                  | 0.3535 | 0.0307 | 0.3556 | 0.0298 | 0.2683   | 0.0457   | 859     | 0.5125  | 36.8 | FAIL
LDA                      | 0.3661 | 0.0134 | 0.3492 | 0.0298 | 0.2807   | 0.0235   | 859     | 4.6719  | 33.2 | PASS
Tiny MLP                 | 0.3567 | 0.0142 | 0.3435 | 0.0298 | 0.2703   | 0.0249   | 859     | 0.9570  | 34.9 | PASS
MultiProtoCosine         | 0.0795 | 0.0283 | 0.0935 | 0.0298 | 0.0484   | 0.0331   | 859     | 0.8856  | 37.4 | PASS
WeightedEnsemble         | 0.5165 | 0.0244 | 0.5056 | 0.0298 | 0.4130   | 0.0395   | 859     | 0.9995  | 59.0 | PASS
XGBoost                  | 0.4331 | 0.0299 | 0.4242 | 0.0298 | 0.3589   | 0.0414   | 859     | 0.7559  | 50.7 | PASS
LDA1+LogReg              | 0.3031 | 0.0291 | 0.3177 | 0.0298 | 0.2288   | 0.0422   | 859     | 0.5130  | 34.1 | PASS
PCA16+LogReg             | 0.3472 | 0.0291 | 0.3452 | 0.0298 | 0.2660   | 0.0433   | 859     | 0.5128  | 35.9 | PASS
PCA32+LogReg             | 0.3433 | 0.0291 | 0.3500 | 0.0298 | 0.2621   | 0.0430   | 859     | 0.5129  | 36.7 | PASS
PCA16+VecWeighted        | 0.0425 | 0.0315 | 0.0419 | 0.0298 | 0.0295   | 0.0399   | 859     | 0.0514  | 34.5 | FAIL
PCA32+VecWeighted        | 0.0386 | 0.0354 | 0.0331 | 0.0298 | 0.0296   | 0.0350   | 859     | 0.0517  | 35.4 | FAIL
StabilizedWhitenedCosine | 0.4433 | 0.0244 | 0.4306 | 0.0298 | 0.3538   | 0.0403   | 859     | 1.2343  | 34.1 | PASS

[trial=9 seed=51] GLOBAL mode — total_samples=200000
  total: h0=82063 h1=15019
  pooled_train:  n0=1270 n1=1270
  pooled_calib:  n0=1240 n1=1240
  pooled_eval:   n0=1270 n1=1270
  regions (for macro stats only): 1103
[INFO] Cosine baseline routed to direct Hadamard sum (PrecomputedCosine)
[INFO] WeightedEnsemble Cosine judge routed to direct Hadamard sum
  [Ensemble] Judges routed to 'alt' input: PrecomputedCosine
[WeightedEnsemble] Fitted weights (alpha=0.0300, external calib):
  tau=1.1610, Pooled external calib: TPR=0.4935, FPR=0.0298
  PrecomputedCosine   : +0.5781
  PCAWhitenedCosine   : +0.1050
  XGBoost             : +0.0043
  Tiny MLP            : +0.2326
  LDA                 : +0.0800

Method                   | TPR    | FPR    | TrTPR  | TrFPR  | MacroTPR | MacroFPR | Regions | TauMean | ms   | OK? 
--------------------------------------------------------------------------------------------------------------------
Cosine                   | 0.3543 | 0.0362 | 0.3621 | 0.0298 | 0.3004   | 0.0589   | 870     | 0.9548  | 30.1 | FAIL
AndBox-HC                | 0.3480 | 0.0283 | 0.3250 | 0.0298 | 0.2921   | 0.0430   | 870     | 0.0001  | 38.7 | PASS
PCAWhitenedCosine        | 0.3898 | 0.0228 | 0.3976 | 0.0298 | 0.2818   | 0.0312   | 870     | 1.3256  | 31.3 | PASS
Vec (Wgt)                | 0.4071 | 0.0331 | 0.4331 | 0.0298 | 0.3377   | 0.0545   | 870     | 0.9542  | 31.1 | FAIL
Log Reg                  | 0.3118 | 0.0307 | 0.3008 | 0.0298 | 0.2225   | 0.0430   | 870     | 0.5126  | 37.0 | FAIL
LDA                      | 0.4283 | 0.0386 | 0.4581 | 0.0298 | 0.3295   | 0.0538   | 870     | 4.1380  | 33.4 | FAIL
Tiny MLP                 | 0.4047 | 0.0291 | 0.4081 | 0.0298 | 0.3114   | 0.0417   | 870     | 0.9307  | 35.2 | PASS
MultiProtoCosine         | 0.0575 | 0.0268 | 0.0726 | 0.0298 | 0.0381   | 0.0227   | 870     | 0.8947  | 37.9 | PASS
WeightedEnsemble         | 0.4772 | 0.0339 | 0.4935 | 0.0298 | 0.3766   | 0.0496   | 870     | 1.1610  | 71.5 | FAIL
XGBoost                  | 0.4181 | 0.0339 | 0.4484 | 0.0298 | 0.3485   | 0.0598   | 870     | 0.7584  | 52.0 | FAIL
LDA1+LogReg              | 0.3197 | 0.0307 | 0.3113 | 0.0298 | 0.2276   | 0.0430   | 870     | 0.5125  | 36.0 | FAIL
PCA16+LogReg             | 0.3197 | 0.0268 | 0.3234 | 0.0298 | 0.2274   | 0.0382   | 870     | 0.5129  | 36.7 | PASS
PCA32+LogReg             | 0.3291 | 0.0283 | 0.3339 | 0.0298 | 0.2386   | 0.0402   | 870     | 0.5125  | 37.4 | PASS
PCA16+VecWeighted        | 0.0142 | 0.0307 | 0.0161 | 0.0298 | 0.0195   | 0.0324   | 870     | 0.0462  | 35.2 | FAIL
PCA32+VecWeighted        | 0.0213 | 0.0378 | 0.0169 | 0.0298 | 0.0303   | 0.0418   | 870     | 0.0459  | 35.7 | FAIL
StabilizedWhitenedCosine | 0.4409 | 0.0394 | 0.4605 | 0.0298 | 0.3457   | 0.0559   | 870     | 1.1515  | 34.6 | FAIL

[trial=10 seed=52] GLOBAL mode — total_samples=200000
  total: h0=82063 h1=15019
  pooled_train:  n0=1270 n1=1270
  pooled_calib:  n0=1240 n1=1240
  pooled_eval:   n0=1270 n1=1270
  regions (for macro stats only): 1103
[INFO] Cosine baseline routed to direct Hadamard sum (PrecomputedCosine)
[INFO] WeightedEnsemble Cosine judge routed to direct Hadamard sum
  [Ensemble] Judges routed to 'alt' input: PrecomputedCosine
[WeightedEnsemble] Fitted weights (alpha=0.0300, external calib):
  tau=1.0036, Pooled external calib: TPR=0.4476, FPR=0.0298
  PrecomputedCosine   : +0.2832
  PCAWhitenedCosine   : +0.0456
  XGBoost             : +0.2004
  Tiny MLP            : +0.4151
  LDA                 : +0.0558

Method                   | TPR    | FPR    | TrTPR  | TrFPR  | MacroTPR | MacroFPR | Regions | TauMean | ms    | OK? 
---------------------------------------------------------------------------------------------------------------------
Cosine                   | 0.3559 | 0.0260 | 0.3306 | 0.0298 | 0.3057   | 0.0363   | 861     | 0.9540  | 45.7  | PASS
AndBox-HC                | 0.3976 | 0.0472 | 0.3790 | 0.0298 | 0.3474   | 0.0663   | 861     | -0.0000 | 36.7  | FAIL
PCAWhitenedCosine        | 0.4362 | 0.0252 | 0.4016 | 0.0298 | 0.3460   | 0.0380   | 861     | 1.1693  | 31.5  | PASS
Vec (Wgt)                | 0.4354 | 0.0339 | 0.4153 | 0.0298 | 0.3695   | 0.0492   | 861     | 0.9383  | 61.2  | FAIL
Log Reg                  | 0.4165 | 0.0362 | 0.3879 | 0.0298 | 0.3122   | 0.0519   | 861     | 0.5123  | 37.8  | FAIL
LDA                      | 0.4354 | 0.0268 | 0.4024 | 0.0298 | 0.3479   | 0.0385   | 861     | 3.8859  | 65.2  | PASS
Tiny MLP                 | 0.4575 | 0.0331 | 0.4444 | 0.0298 | 0.3800   | 0.0508   | 861     | 0.9074  | 104.9 | FAIL
MultiProtoCosine         | 0.0803 | 0.0331 | 0.1065 | 0.0298 | 0.0521   | 0.0326   | 861     | 0.8747  | 79.2  | FAIL
WeightedEnsemble         | 0.4803 | 0.0236 | 0.4476 | 0.0298 | 0.3975   | 0.0384   | 861     | 1.0036  | 122.7 | PASS
XGBoost                  | 0.4157 | 0.0386 | 0.4161 | 0.0298 | 0.3497   | 0.0556   | 861     | 0.7376  | 73.1  | FAIL
LDA1+LogReg              | 0.4181 | 0.0378 | 0.3919 | 0.0298 | 0.3130   | 0.0527   | 861     | 0.5123  | 35.7  | FAIL
PCA16+LogReg             | 0.4346 | 0.0394 | 0.4081 | 0.0298 | 0.3248   | 0.0548   | 861     | 0.5120  | 38.7  | FAIL
PCA32+LogReg             | 0.4291 | 0.0378 | 0.4048 | 0.0298 | 0.3207   | 0.0523   | 861     | 0.5122  | 58.1  | FAIL
PCA16+VecWeighted        | 0.0543 | 0.0283 | 0.0573 | 0.0298 | 0.0496   | 0.0235   | 861     | 0.0558  | 48.8  | PASS
PCA32+VecWeighted        | 0.0638 | 0.0244 | 0.0565 | 0.0298 | 0.0654   | 0.0242   | 861     | 0.0580  | 48.0  | PASS
StabilizedWhitenedCosine | 0.4433 | 0.0299 | 0.4185 | 0.0298 | 0.3657   | 0.0428   | 861     | 1.1236  | 42.2  | PASS

[trial=11 seed=53] GLOBAL mode — total_samples=200000
  total: h0=82063 h1=15019
  pooled_train:  n0=1270 n1=1270
  pooled_calib:  n0=1240 n1=1240
  pooled_eval:   n0=1270 n1=1270
  regions (for macro stats only): 1103
[INFO] Cosine baseline routed to direct Hadamard sum (PrecomputedCosine)
[INFO] WeightedEnsemble Cosine judge routed to direct Hadamard sum
  [Ensemble] Judges routed to 'alt' input: PrecomputedCosine
[WeightedEnsemble] Fitted weights (alpha=0.0300, external calib):
  tau=1.0351, Pooled external calib: TPR=0.4702, FPR=0.0298
  PrecomputedCosine   : +0.5316
  PCAWhitenedCosine   : +0.2031
  XGBoost             : +0.0553
  Tiny MLP            : +0.1785
  LDA                 : +0.0315

Method                   | TPR    | FPR    | TrTPR  | TrFPR  | MacroTPR | MacroFPR | Regions | TauMean | ms   | OK? 
--------------------------------------------------------------------------------------------------------------------
Cosine                   | 0.3331 | 0.0213 | 0.3597 | 0.0298 | 0.2715   | 0.0292   | 861     | 0.9609  | 53.2 | PASS
AndBox-HC                | 0.2976 | 0.0268 | 0.3113 | 0.0298 | 0.2344   | 0.0356   | 861     | 0.0000  | 33.7 | PASS
PCAWhitenedCosine        | 0.4087 | 0.0197 | 0.4379 | 0.0298 | 0.3179   | 0.0329   | 861     | 1.2244  | 30.7 | PASS
Vec (Wgt)                | 0.3898 | 0.0205 | 0.4306 | 0.0298 | 0.3105   | 0.0313   | 861     | 0.9570  | 30.8 | PASS
Log Reg                  | 0.3094 | 0.0213 | 0.3048 | 0.0298 | 0.2412   | 0.0299   | 861     | 0.5158  | 36.6 | PASS
LDA                      | 0.3780 | 0.0228 | 0.4065 | 0.0298 | 0.2863   | 0.0336   | 861     | 4.1555  | 33.2 | PASS
Tiny MLP                 | 0.3740 | 0.0213 | 0.4121 | 0.0298 | 0.2867   | 0.0310   | 861     | 0.9455  | 34.7 | PASS
MultiProtoCosine         | 0.1016 | 0.0386 | 0.1081 | 0.0298 | 0.0666   | 0.0317   | 861     | 0.8751  | 37.3 | FAIL
WeightedEnsemble         | 0.4339 | 0.0220 | 0.4702 | 0.0298 | 0.3352   | 0.0338   | 861     | 1.0351  | 59.3 | PASS
XGBoost                  | 0.3772 | 0.0205 | 0.4000 | 0.0298 | 0.3024   | 0.0298   | 861     | 0.7717  | 51.6 | PASS
LDA1+LogReg              | 0.3102 | 0.0213 | 0.3048 | 0.0298 | 0.2417   | 0.0299   | 861     | 0.5158  | 34.5 | PASS
PCA16+LogReg             | 0.3055 | 0.0220 | 0.2968 | 0.0298 | 0.2381   | 0.0309   | 861     | 0.5161  | 36.4 | PASS
PCA32+LogReg             | 0.3063 | 0.0220 | 0.2960 | 0.0298 | 0.2378   | 0.0309   | 861     | 0.5160  | 36.7 | PASS
PCA16+VecWeighted        | 0.0709 | 0.0276 | 0.0637 | 0.0298 | 0.0662   | 0.0278   | 861     | 0.0485  | 34.9 | PASS
PCA32+VecWeighted        | 0.0606 | 0.0315 | 0.0548 | 0.0298 | 0.0632   | 0.0365   | 861     | 0.0551  | 35.2 | FAIL
StabilizedWhitenedCosine | 0.4110 | 0.0244 | 0.4306 | 0.0298 | 0.3226   | 0.0382   | 861     | 1.1673  | 34.7 | PASS

[trial=12 seed=54] GLOBAL mode — total_samples=200000
  total: h0=82063 h1=15019
  pooled_train:  n0=1270 n1=1270
  pooled_calib:  n0=1240 n1=1240
  pooled_eval:   n0=1270 n1=1270
  regions (for macro stats only): 1103
[INFO] Cosine baseline routed to direct Hadamard sum (PrecomputedCosine)
[INFO] WeightedEnsemble Cosine judge routed to direct Hadamard sum
  [Ensemble] Judges routed to 'alt' input: PrecomputedCosine
[WeightedEnsemble] Fitted weights (alpha=0.0300, external calib):
  tau=1.0837, Pooled external calib: TPR=0.4968, FPR=0.0298
  PrecomputedCosine   : +0.0477
  PCAWhitenedCosine   : +0.4884
  XGBoost             : +0.3290
  Tiny MLP            : +0.0838
  LDA                 : +0.0511

Method                   | TPR    | FPR    | TrTPR  | TrFPR  | MacroTPR | MacroFPR | Regions | TauMean | ms   | OK? 
--------------------------------------------------------------------------------------------------------------------
Cosine                   | 0.4150 | 0.0323 | 0.3968 | 0.0298 | 0.3525   | 0.0467   | 850     | 0.9363  | 54.2 | FAIL
AndBox-HC                | 0.3079 | 0.0299 | 0.2992 | 0.0298 | 0.2851   | 0.0417   | 850     | 0.0001  | 36.2 | PASS
PCAWhitenedCosine        | 0.4425 | 0.0244 | 0.4742 | 0.0298 | 0.3443   | 0.0383   | 850     | 1.2009  | 31.1 | PASS
Vec (Wgt)                | 0.4591 | 0.0283 | 0.4524 | 0.0298 | 0.3847   | 0.0400   | 850     | 0.9378  | 30.3 | PASS
Log Reg                  | 0.3701 | 0.0197 | 0.3484 | 0.0298 | 0.2767   | 0.0334   | 850     | 0.5153  | 36.6 | PASS
LDA                      | 0.4126 | 0.0189 | 0.4323 | 0.0298 | 0.3097   | 0.0304   | 850     | 4.2065  | 32.5 | PASS
Tiny MLP                 | 0.3866 | 0.0205 | 0.4113 | 0.0298 | 0.2988   | 0.0307   | 850     | 0.9433  | 36.7 | PASS
MultiProtoCosine         | 0.0591 | 0.0268 | 0.0782 | 0.0298 | 0.0359   | 0.0225   | 850     | 0.8948  | 37.3 | PASS
WeightedEnsemble         | 0.4740 | 0.0213 | 0.4968 | 0.0298 | 0.3729   | 0.0321   | 850     | 1.0837  | 58.4 | PASS
XGBoost                  | 0.3992 | 0.0244 | 0.3944 | 0.0298 | 0.3229   | 0.0310   | 850     | 0.7758  | 50.1 | PASS
LDA1+LogReg              | 0.3685 | 0.0197 | 0.3476 | 0.0298 | 0.2756   | 0.0334   | 850     | 0.5155  | 35.6 | PASS
PCA16+LogReg             | 0.3685 | 0.0205 | 0.3524 | 0.0298 | 0.2771   | 0.0351   | 850     | 0.5154  | 35.5 | PASS
PCA32+LogReg             | 0.3669 | 0.0197 | 0.3524 | 0.0298 | 0.2756   | 0.0334   | 850     | 0.5154  | 38.0 | PASS
PCA16+VecWeighted        | 0.0630 | 0.0236 | 0.0589 | 0.0298 | 0.0610   | 0.0247   | 850     | 0.0491  | 34.7 | PASS
PCA32+VecWeighted        | 0.0748 | 0.0276 | 0.0742 | 0.0298 | 0.0731   | 0.0296   | 850     | 0.0527  | 35.2 | PASS
StabilizedWhitenedCosine | 0.4354 | 0.0252 | 0.4306 | 0.0298 | 0.3470   | 0.0377   | 850     | 1.1998  | 34.9 | PASS

[trial=13 seed=55] GLOBAL mode — total_samples=200000
  total: h0=82063 h1=15019
  pooled_train:  n0=1270 n1=1270
  pooled_calib:  n0=1240 n1=1240
  pooled_eval:   n0=1270 n1=1270
  regions (for macro stats only): 1103
[INFO] Cosine baseline routed to direct Hadamard sum (PrecomputedCosine)
[INFO] WeightedEnsemble Cosine judge routed to direct Hadamard sum
  [Ensemble] Judges routed to 'alt' input: PrecomputedCosine
[WeightedEnsemble] Fitted weights (alpha=0.0300, external calib):
  tau=0.9839, Pooled external calib: TPR=0.5137, FPR=0.0298
  PrecomputedCosine   : +0.4323
  PCAWhitenedCosine   : +0.1110
  XGBoost             : +0.2003
  Tiny MLP            : +0.2025
  LDA                 : +0.0539

Method                   | TPR    | FPR    | TrTPR  | TrFPR  | MacroTPR | MacroFPR | Regions | TauMean | ms   | OK? 
--------------------------------------------------------------------------------------------------------------------
Cosine                   | 0.4016 | 0.0354 | 0.4065 | 0.0298 | 0.3332   | 0.0533   | 864     | 0.9406  | 37.3 | FAIL
AndBox-HC                | 0.3669 | 0.0362 | 0.3565 | 0.0298 | 0.3287   | 0.0523   | 864     | 0.0000  | 33.8 | FAIL
PCAWhitenedCosine        | 0.4583 | 0.0331 | 0.4589 | 0.0298 | 0.3679   | 0.0511   | 864     | 1.1754  | 30.9 | FAIL
Vec (Wgt)                | 0.4512 | 0.0346 | 0.4637 | 0.0298 | 0.3638   | 0.0523   | 864     | 0.9383  | 30.7 | FAIL
Log Reg                  | 0.4370 | 0.0323 | 0.4444 | 0.0298 | 0.3323   | 0.0474   | 864     | 0.5111  | 36.9 | FAIL
LDA                      | 0.4496 | 0.0315 | 0.4347 | 0.0298 | 0.3493   | 0.0515   | 864     | 3.8971  | 33.1 | FAIL
Tiny MLP                 | 0.4087 | 0.0283 | 0.4016 | 0.0298 | 0.3206   | 0.0460   | 864     | 0.9475  | 34.8 | PASS
MultiProtoCosine         | 0.0827 | 0.0283 | 0.0911 | 0.0298 | 0.0551   | 0.0262   | 864     | 0.8805  | 37.4 | PASS
WeightedEnsemble         | 0.5063 | 0.0402 | 0.5137 | 0.0298 | 0.4159   | 0.0646   | 864     | 0.9839  | 59.1 | FAIL
XGBoost                  | 0.4591 | 0.0409 | 0.4540 | 0.0298 | 0.3512   | 0.0591   | 864     | 0.7383  | 51.0 | FAIL
LDA1+LogReg              | 0.4378 | 0.0315 | 0.4427 | 0.0298 | 0.3328   | 0.0465   | 864     | 0.5112  | 34.4 | FAIL
PCA16+LogReg             | 0.4354 | 0.0299 | 0.4411 | 0.0298 | 0.3291   | 0.0451   | 864     | 0.5115  | 35.8 | PASS
PCA32+LogReg             | 0.4354 | 0.0283 | 0.4371 | 0.0298 | 0.3285   | 0.0425   | 864     | 0.5117  | 36.9 | PASS
PCA16+VecWeighted        | 0.0709 | 0.0307 | 0.0685 | 0.0298 | 0.0577   | 0.0283   | 864     | 0.0514  | 34.6 | FAIL
PCA32+VecWeighted        | 0.0622 | 0.0339 | 0.0589 | 0.0298 | 0.0458   | 0.0307   | 864     | 0.0534  | 35.6 | FAIL
StabilizedWhitenedCosine | 0.4291 | 0.0276 | 0.4323 | 0.0298 | 0.3318   | 0.0395   | 864     | 1.2112  | 34.3 | PASS

[trial=14 seed=56] GLOBAL mode — total_samples=200000
  total: h0=82063 h1=15019
  pooled_train:  n0=1270 n1=1270
  pooled_calib:  n0=1240 n1=1240
  pooled_eval:   n0=1270 n1=1270
  regions (for macro stats only): 1103
[INFO] Cosine baseline routed to direct Hadamard sum (PrecomputedCosine)
[INFO] WeightedEnsemble Cosine judge routed to direct Hadamard sum
  [Ensemble] Judges routed to 'alt' input: PrecomputedCosine
[WeightedEnsemble] Fitted weights (alpha=0.0300, external calib):
  tau=1.1558, Pooled external calib: TPR=0.4508, FPR=0.0298
  PrecomputedCosine   : +0.0119
  PCAWhitenedCosine   : +0.6928
  XGBoost             : +0.0859
  Tiny MLP            : +0.1783
  LDA                 : +0.0311

Method                   | TPR    | FPR    | TrTPR  | TrFPR  | MacroTPR | MacroFPR | Regions | TauMean | ms   | OK? 
--------------------------------------------------------------------------------------------------------------------
Cosine                   | 0.3063 | 0.0268 | 0.2952 | 0.0298 | 0.2624   | 0.0412   | 860     | 0.9762  | 52.7 | PASS
AndBox-HC                | 0.2780 | 0.0307 | 0.2758 | 0.0298 | 0.2681   | 0.0491   | 860     | 0.0001  | 33.5 | FAIL
PCAWhitenedCosine        | 0.4685 | 0.0299 | 0.4411 | 0.0298 | 0.3604   | 0.0419   | 860     | 1.1883  | 30.5 | PASS
Vec (Wgt)                | 0.3748 | 0.0299 | 0.3645 | 0.0298 | 0.3136   | 0.0459   | 860     | 0.9703  | 30.4 | PASS
Log Reg                  | 0.3378 | 0.0260 | 0.3242 | 0.0298 | 0.2375   | 0.0384   | 860     | 0.5139  | 36.3 | PASS
LDA                      | 0.3827 | 0.0299 | 0.3613 | 0.0298 | 0.2874   | 0.0411   | 860     | 4.4096  | 32.8 | PASS
Tiny MLP                 | 0.3323 | 0.0362 | 0.3105 | 0.0298 | 0.2477   | 0.0502   | 860     | 0.9687  | 34.4 | FAIL
MultiProtoCosine         | 0.0843 | 0.0283 | 0.0831 | 0.0298 | 0.0560   | 0.0199   | 860     | 0.8909  | 37.0 | PASS
WeightedEnsemble         | 0.4654 | 0.0331 | 0.4508 | 0.0298 | 0.3617   | 0.0451   | 860     | 1.1558  | 72.3 | FAIL
XGBoost                  | 0.3386 | 0.0244 | 0.3202 | 0.0298 | 0.2758   | 0.0340   | 860     | 0.7860  | 50.6 | PASS
LDA1+LogReg              | 0.3504 | 0.0276 | 0.3282 | 0.0298 | 0.2457   | 0.0401   | 860     | 0.5139  | 38.0 | PASS
PCA16+LogReg             | 0.3512 | 0.0244 | 0.3282 | 0.0298 | 0.2507   | 0.0357   | 860     | 0.5141  | 40.3 | PASS
PCA32+LogReg             | 0.3457 | 0.0252 | 0.3250 | 0.0298 | 0.2427   | 0.0382   | 860     | 0.5143  | 36.8 | PASS
PCA16+VecWeighted        | 0.0598 | 0.0315 | 0.0548 | 0.0298 | 0.0543   | 0.0311   | 860     | 0.0384  | 34.4 | FAIL
PCA32+VecWeighted        | 0.0992 | 0.0291 | 0.0798 | 0.0298 | 0.0894   | 0.0277   | 860     | 0.0413  | 34.9 | PASS
StabilizedWhitenedCosine | 0.4283 | 0.0315 | 0.4048 | 0.0298 | 0.3372   | 0.0475   | 860     | 1.1796  | 33.6 | FAIL

[trial=15 seed=57] GLOBAL mode — total_samples=200000
  total: h0=82063 h1=15019
  pooled_train:  n0=1270 n1=1270
  pooled_calib:  n0=1240 n1=1240
  pooled_eval:   n0=1270 n1=1270
  regions (for macro stats only): 1103
[INFO] Cosine baseline routed to direct Hadamard sum (PrecomputedCosine)
[INFO] WeightedEnsemble Cosine judge routed to direct Hadamard sum
  [Ensemble] Judges routed to 'alt' input: PrecomputedCosine
[WeightedEnsemble] Fitted weights (alpha=0.0300, external calib):
  tau=0.9267, Pooled external calib: TPR=0.4710, FPR=0.0298
  PrecomputedCosine   : +0.1369
  PCAWhitenedCosine   : +0.3322
  XGBoost             : +0.4468
  Tiny MLP            : +0.0732
  LDA                 : +0.0110

Method                   | TPR    | FPR    | TrTPR  | TrFPR  | MacroTPR | MacroFPR | Regions | TauMean | ms   | OK? 
--------------------------------------------------------------------------------------------------------------------
Cosine                   | 0.3606 | 0.0307 | 0.3427 | 0.0298 | 0.3010   | 0.0440   | 841     | 0.9591  | 29.7 | FAIL
AndBox-HC                | 0.3386 | 0.0315 | 0.3460 | 0.0298 | 0.2809   | 0.0438   | 841     | 0.0001  | 33.9 | FAIL
PCAWhitenedCosine        | 0.4543 | 0.0370 | 0.4411 | 0.0298 | 0.3333   | 0.0536   | 841     | 1.2655  | 35.1 | FAIL
Vec (Wgt)                | 0.4094 | 0.0331 | 0.4089 | 0.0298 | 0.3244   | 0.0485   | 841     | 0.9598  | 37.4 | FAIL
Log Reg                  | 0.4268 | 0.0354 | 0.3960 | 0.0298 | 0.3081   | 0.0561   | 841     | 0.5131  | 56.8 | FAIL
LDA                      | 0.4362 | 0.0362 | 0.4185 | 0.0298 | 0.3215   | 0.0563   | 841     | 4.1658  | 48.2 | FAIL
Tiny MLP                 | 0.3795 | 0.0378 | 0.3524 | 0.0298 | 0.2760   | 0.0563   | 841     | 0.9651  | 76.0 | FAIL
MultiProtoCosine         | 0.1165 | 0.0354 | 0.0960 | 0.0298 | 0.0620   | 0.0302   | 841     | 0.8781  | 74.6 | FAIL
WeightedEnsemble         | 0.4890 | 0.0362 | 0.4710 | 0.0298 | 0.3721   | 0.0551   | 841     | 0.9267  | 60.3 | FAIL
XGBoost                  | 0.4047 | 0.0354 | 0.3855 | 0.0298 | 0.3264   | 0.0518   | 841     | 0.7661  | 73.9 | FAIL
LDA1+LogReg              | 0.4260 | 0.0354 | 0.3960 | 0.0298 | 0.3062   | 0.0561   | 841     | 0.5132  | 34.4 | FAIL
PCA16+LogReg             | 0.4299 | 0.0386 | 0.4040 | 0.0298 | 0.3151   | 0.0631   | 841     | 0.5129  | 37.4 | FAIL
PCA32+LogReg             | 0.4307 | 0.0378 | 0.3992 | 0.0298 | 0.3142   | 0.0614   | 841     | 0.5130  | 39.1 | FAIL
PCA16+VecWeighted        | 0.0252 | 0.0339 | 0.0331 | 0.0298 | 0.0190   | 0.0296   | 841     | 0.0532  | 37.4 | FAIL
PCA32+VecWeighted        | 0.0551 | 0.0386 | 0.0589 | 0.0298 | 0.0367   | 0.0325   | 841     | 0.0548  | 41.4 | FAIL
StabilizedWhitenedCosine | 0.4472 | 0.0354 | 0.4371 | 0.0298 | 0.3388   | 0.0524   | 841     | 1.2447  | 61.1 | FAIL

[trial=16 seed=58] GLOBAL mode — total_samples=200000
  total: h0=82063 h1=15019
  pooled_train:  n0=1270 n1=1270
  pooled_calib:  n0=1240 n1=1240
  pooled_eval:   n0=1270 n1=1270
  regions (for macro stats only): 1103
[INFO] Cosine baseline routed to direct Hadamard sum (PrecomputedCosine)
[INFO] WeightedEnsemble Cosine judge routed to direct Hadamard sum
  [Ensemble] Judges routed to 'alt' input: PrecomputedCosine
[WeightedEnsemble] Fitted weights (alpha=0.0300, external calib):
  tau=1.6252, Pooled external calib: TPR=0.4411, FPR=0.0298
  PrecomputedCosine   : +0.1058
  PCAWhitenedCosine   : +0.0804
  XGBoost             : +0.3319
  Tiny MLP            : +0.2065
  LDA                 : +0.2754

Method                   | TPR    | FPR    | TrTPR  | TrFPR  | MacroTPR | MacroFPR | Regions | TauMean | ms   | OK? 
--------------------------------------------------------------------------------------------------------------------
Cosine                   | 0.3843 | 0.0299 | 0.3234 | 0.0298 | 0.3235   | 0.0429   | 869     | 0.9582  | 68.8 | PASS
AndBox-HC                | 0.3638 | 0.0331 | 0.3145 | 0.0298 | 0.3037   | 0.0439   | 869     | 0.0001  | 42.1 | FAIL
PCAWhitenedCosine        | 0.4291 | 0.0189 | 0.3903 | 0.0298 | 0.3120   | 0.0282   | 869     | 1.2105  | 54.8 | PASS
Vec (Wgt)                | 0.4551 | 0.0346 | 0.4081 | 0.0298 | 0.3737   | 0.0533   | 869     | 0.9563  | 30.9 | FAIL
Log Reg                  | 0.4055 | 0.0417 | 0.3766 | 0.0298 | 0.2924   | 0.0583   | 869     | 0.5121  | 44.2 | FAIL
LDA                      | 0.4354 | 0.0213 | 0.4177 | 0.0298 | 0.3215   | 0.0285   | 869     | 3.9353  | 40.6 | PASS
Tiny MLP                 | 0.3685 | 0.0157 | 0.3669 | 0.0298 | 0.2875   | 0.0212   | 869     | 0.9441  | 35.4 | PASS
MultiProtoCosine         | 0.0969 | 0.0268 | 0.0911 | 0.0298 | 0.0577   | 0.0277   | 869     | 0.8843  | 48.1 | PASS
WeightedEnsemble         | 0.4685 | 0.0213 | 0.4411 | 0.0298 | 0.3525   | 0.0285   | 869     | 1.6252  | 58.7 | PASS
XGBoost                  | 0.4126 | 0.0236 | 0.3468 | 0.0298 | 0.3334   | 0.0315   | 869     | 0.7614  | 51.1 | PASS
LDA1+LogReg              | 0.3669 | 0.0394 | 0.3548 | 0.0298 | 0.2631   | 0.0534   | 869     | 0.5121  | 34.2 | FAIL
PCA16+LogReg             | 0.3748 | 0.0417 | 0.3597 | 0.0298 | 0.2742   | 0.0580   | 869     | 0.5123  | 36.4 | FAIL
PCA32+LogReg             | 0.3890 | 0.0417 | 0.3694 | 0.0298 | 0.2811   | 0.0580   | 869     | 0.5121  | 36.9 | FAIL
PCA16+VecWeighted        | 0.1307 | 0.0213 | 0.1339 | 0.0298 | 0.1183   | 0.0295   | 869     | 0.0522  | 34.8 | PASS
PCA32+VecWeighted        | 0.1213 | 0.0197 | 0.1137 | 0.0298 | 0.1025   | 0.0288   | 869     | 0.0551  | 35.6 | PASS
StabilizedWhitenedCosine | 0.4504 | 0.0283 | 0.4048 | 0.0298 | 0.3317   | 0.0412   | 869     | 1.1709  | 34.3 | PASS

[trial=17 seed=59] GLOBAL mode — total_samples=200000
  total: h0=82063 h1=15019
  pooled_train:  n0=1270 n1=1270
  pooled_calib:  n0=1240 n1=1240
  pooled_eval:   n0=1270 n1=1270
  regions (for macro stats only): 1103
[INFO] Cosine baseline routed to direct Hadamard sum (PrecomputedCosine)
[INFO] WeightedEnsemble Cosine judge routed to direct Hadamard sum
  [Ensemble] Judges routed to 'alt' input: PrecomputedCosine
[WeightedEnsemble] Fitted weights (alpha=0.0300, external calib):
  tau=0.7344, Pooled external calib: TPR=0.4524, FPR=0.0298
  PrecomputedCosine   : +0.0000
  PCAWhitenedCosine   : +0.0000
  XGBoost             : +1.0000
  Tiny MLP            : +0.0000
  LDA                 : +0.0000

Method                   | TPR    | FPR    | TrTPR  | TrFPR  | MacroTPR | MacroFPR | Regions | TauMean | ms   | OK? 
--------------------------------------------------------------------------------------------------------------------
Cosine                   | 0.3567 | 0.0331 | 0.3726 | 0.0298 | 0.3150   | 0.0499   | 862     | 0.9519  | 30.8 | FAIL
AndBox-HC                | 0.3323 | 0.0346 | 0.3331 | 0.0298 | 0.3042   | 0.0499   | 862     | -0.0000 | 31.9 | FAIL
PCAWhitenedCosine        | 0.3709 | 0.0276 | 0.3911 | 0.0298 | 0.2961   | 0.0437   | 862     | 1.2267  | 30.4 | PASS
Vec (Wgt)                | 0.4071 | 0.0283 | 0.4315 | 0.0298 | 0.3467   | 0.0432   | 862     | 0.9526  | 30.4 | PASS
Log Reg                  | 0.3795 | 0.0299 | 0.3984 | 0.0298 | 0.2819   | 0.0470   | 862     | 0.5125  | 36.4 | PASS
LDA                      | 0.3709 | 0.0323 | 0.3718 | 0.0298 | 0.2914   | 0.0477   | 862     | 4.0417  | 32.5 | FAIL
Tiny MLP                 | 0.3520 | 0.0339 | 0.3516 | 0.0298 | 0.2631   | 0.0520   | 862     | 0.9544  | 34.4 | FAIL
MultiProtoCosine         | 0.1181 | 0.0465 | 0.1145 | 0.0298 | 0.0726   | 0.0426   | 862     | 0.8765  | 37.1 | FAIL
WeightedEnsemble         | 0.4283 | 0.0346 | 0.4524 | 0.0298 | 0.3647   | 0.0511   | 862     | 0.7344  | 58.0 | FAIL
XGBoost                  | 0.4283 | 0.0346 | 0.4524 | 0.0298 | 0.3647   | 0.0511   | 862     | 0.7344  | 50.2 | FAIL
LDA1+LogReg              | 0.3787 | 0.0299 | 0.3992 | 0.0298 | 0.2818   | 0.0470   | 862     | 0.5126  | 33.6 | PASS
PCA16+LogReg             | 0.3969 | 0.0339 | 0.4177 | 0.0298 | 0.2981   | 0.0529   | 862     | 0.5122  | 35.5 | FAIL
PCA32+LogReg             | 0.3835 | 0.0339 | 0.4065 | 0.0298 | 0.2852   | 0.0529   | 862     | 0.5127  | 36.5 | FAIL
PCA16+VecWeighted        | 0.0677 | 0.0307 | 0.0815 | 0.0298 | 0.0596   | 0.0444   | 862     | 0.0533  | 34.3 | FAIL
PCA32+VecWeighted        | 0.0449 | 0.0331 | 0.0605 | 0.0298 | 0.0431   | 0.0388   | 862     | 0.0582  | 35.0 | FAIL
StabilizedWhitenedCosine | 0.3543 | 0.0276 | 0.3895 | 0.0298 | 0.2899   | 0.0381   | 862     | 1.2347  | 33.9 | PASS

[trial=18 seed=60] GLOBAL mode — total_samples=200000
  total: h0=82063 h1=15019
  pooled_train:  n0=1270 n1=1270
  pooled_calib:  n0=1240 n1=1240
  pooled_eval:   n0=1270 n1=1270
  regions (for macro stats only): 1103
[INFO] Cosine baseline routed to direct Hadamard sum (PrecomputedCosine)
[INFO] WeightedEnsemble Cosine judge routed to direct Hadamard sum
  [Ensemble] Judges routed to 'alt' input: PrecomputedCosine
[WeightedEnsemble] Fitted weights (alpha=0.0300, external calib):
  tau=0.9890, Pooled external calib: TPR=0.4798, FPR=0.0298
  PrecomputedCosine   : +0.4323
  PCAWhitenedCosine   : +0.1110
  XGBoost             : +0.2003
  Tiny MLP            : +0.2025
  LDA                 : +0.0539

Method                   | TPR    | FPR    | TrTPR  | TrFPR  | MacroTPR | MacroFPR | Regions | TauMean | ms   | OK? 
--------------------------------------------------------------------------------------------------------------------
Cosine                   | 0.3969 | 0.0339 | 0.3887 | 0.0298 | 0.3589   | 0.0507   | 837     | 0.9344  | 30.3 | FAIL
AndBox-HC                | 0.3165 | 0.0268 | 0.3427 | 0.0298 | 0.2901   | 0.0416   | 837     | 0.0000  | 33.8 | PASS
PCAWhitenedCosine        | 0.4425 | 0.0299 | 0.4339 | 0.0298 | 0.3579   | 0.0447   | 837     | 1.1700  | 29.9 | PASS
Vec (Wgt)                | 0.4315 | 0.0323 | 0.4282 | 0.0298 | 0.3670   | 0.0486   | 837     | 0.9387  | 29.9 | FAIL
Log Reg                  | 0.3551 | 0.0268 | 0.3637 | 0.0298 | 0.2737   | 0.0396   | 837     | 0.5121  | 35.7 | PASS
LDA                      | 0.3717 | 0.0291 | 0.3411 | 0.0298 | 0.3004   | 0.0462   | 837     | 4.3800  | 32.3 | PASS
Tiny MLP                 | 0.3417 | 0.0268 | 0.3274 | 0.0298 | 0.2864   | 0.0407   | 837     | 0.9450  | 34.0 | PASS
MultiProtoCosine         | 0.1008 | 0.0323 | 0.0823 | 0.0298 | 0.0629   | 0.0333   | 837     | 0.8889  | 36.6 | FAIL
WeightedEnsemble         | 0.4929 | 0.0362 | 0.4798 | 0.0298 | 0.4124   | 0.0561   | 837     | 0.9890  | 57.6 | FAIL
XGBoost                  | 0.4213 | 0.0339 | 0.4048 | 0.0298 | 0.3458   | 0.0519   | 837     | 0.7550  | 49.9 | FAIL
LDA1+LogReg              | 0.3220 | 0.0276 | 0.3315 | 0.0298 | 0.2391   | 0.0373   | 837     | 0.5123  | 33.3 | PASS
PCA16+LogReg             | 0.3622 | 0.0315 | 0.3847 | 0.0298 | 0.2787   | 0.0453   | 837     | 0.5117  | 35.0 | FAIL
PCA32+LogReg             | 0.3449 | 0.0260 | 0.3556 | 0.0298 | 0.2649   | 0.0392   | 837     | 0.5121  | 36.0 | PASS
PCA16+VecWeighted        | 0.0213 | 0.0394 | 0.0266 | 0.0298 | 0.0184   | 0.0318   | 837     | 0.0463  | 33.7 | FAIL
PCA32+VecWeighted        | 0.0260 | 0.0409 | 0.0266 | 0.0298 | 0.0231   | 0.0218   | 837     | 0.0539  | 35.6 | FAIL
StabilizedWhitenedCosine | 0.4622 | 0.0386 | 0.4573 | 0.0298 | 0.3842   | 0.0542   | 837     | 1.0695  | 33.3 | FAIL

[trial=19 seed=61] GLOBAL mode — total_samples=200000
  total: h0=82063 h1=15019
  pooled_train:  n0=1270 n1=1270
  pooled_calib:  n0=1240 n1=1240
  pooled_eval:   n0=1270 n1=1270
  regions (for macro stats only): 1103
[INFO] Cosine baseline routed to direct Hadamard sum (PrecomputedCosine)
[INFO] WeightedEnsemble Cosine judge routed to direct Hadamard sum
  [Ensemble] Judges routed to 'alt' input: PrecomputedCosine
[WeightedEnsemble] Fitted weights (alpha=0.0300, external calib):
  tau=0.9850, Pooled external calib: TPR=0.5048, FPR=0.0298
  PrecomputedCosine   : +0.5316
  PCAWhitenedCosine   : +0.2031
  XGBoost             : +0.0553
  Tiny MLP            : +0.1785
  LDA                 : +0.0315

Method                   | TPR    | FPR    | TrTPR  | TrFPR  | MacroTPR | MacroFPR | Regions | TauMean | ms   | OK? 
--------------------------------------------------------------------------------------------------------------------
Cosine                   | 0.3575 | 0.0386 | 0.3621 | 0.0298 | 0.2981   | 0.0612   | 852     | 0.9516  | 53.3 | FAIL
AndBox-HC                | 0.3047 | 0.0370 | 0.3161 | 0.0298 | 0.2670   | 0.0554   | 852     | 0.0000  | 33.5 | FAIL
PCAWhitenedCosine        | 0.4370 | 0.0291 | 0.4306 | 0.0298 | 0.3461   | 0.0487   | 852     | 1.1776  | 30.4 | PASS
Vec (Wgt)                | 0.4165 | 0.0378 | 0.4202 | 0.0298 | 0.3392   | 0.0595   | 852     | 0.9506  | 31.2 | FAIL
Log Reg                  | 0.3079 | 0.0260 | 0.3185 | 0.0298 | 0.2209   | 0.0405   | 852     | 0.5138  | 39.3 | PASS
LDA                      | 0.4339 | 0.0268 | 0.4290 | 0.0298 | 0.3375   | 0.0473   | 852     | 4.0364  | 32.8 | PASS
Tiny MLP                 | 0.4008 | 0.0291 | 0.4089 | 0.0298 | 0.3125   | 0.0492   | 852     | 0.9278  | 34.5 | PASS
MultiProtoCosine         | 0.0756 | 0.0260 | 0.0758 | 0.0298 | 0.0528   | 0.0266   | 852     | 0.8862  | 37.0 | PASS
WeightedEnsemble         | 0.4937 | 0.0331 | 0.5048 | 0.0298 | 0.4004   | 0.0552   | 852     | 0.9850  | 58.4 | FAIL
XGBoost                  | 0.3984 | 0.0417 | 0.4056 | 0.0298 | 0.3129   | 0.0653   | 852     | 0.7545  | 50.4 | FAIL
LDA1+LogReg              | 0.3071 | 0.0260 | 0.3194 | 0.0298 | 0.2206   | 0.0405   | 852     | 0.5138  | 33.4 | PASS
PCA16+LogReg             | 0.3378 | 0.0307 | 0.3621 | 0.0298 | 0.2586   | 0.0510   | 852     | 0.5132  | 35.7 | FAIL
PCA32+LogReg             | 0.3433 | 0.0307 | 0.3637 | 0.0298 | 0.2586   | 0.0522   | 852     | 0.5132  | 36.6 | FAIL
PCA16+VecWeighted        | 0.0882 | 0.0260 | 0.0871 | 0.0298 | 0.0593   | 0.0172   | 852     | 0.0547  | 34.2 | PASS
PCA32+VecWeighted        | 0.0772 | 0.0268 | 0.0806 | 0.0298 | 0.0466   | 0.0165   | 852     | 0.0592  | 35.1 | PASS
StabilizedWhitenedCosine | 0.3669 | 0.0252 | 0.3718 | 0.0298 | 0.2904   | 0.0397   | 852     | 1.3206  | 33.7 | PASS

[trial=20 seed=62] GLOBAL mode — total_samples=200000
  total: h0=82063 h1=15019
  pooled_train:  n0=1270 n1=1270
  pooled_calib:  n0=1240 n1=1240
  pooled_eval:   n0=1270 n1=1270
  regions (for macro stats only): 1103
[INFO] Cosine baseline routed to direct Hadamard sum (PrecomputedCosine)
[INFO] WeightedEnsemble Cosine judge routed to direct Hadamard sum
  [Ensemble] Judges routed to 'alt' input: PrecomputedCosine
[WeightedEnsemble] Fitted weights (alpha=0.0300, external calib):
  tau=1.5117, Pooled external calib: TPR=0.4581, FPR=0.0298
  PrecomputedCosine   : +0.1115
  PCAWhitenedCosine   : +0.3269
  XGBoost             : +0.1138
  Tiny MLP            : +0.2685
  LDA                 : +0.1794

Method                   | TPR    | FPR    | TrTPR  | TrFPR  | MacroTPR | MacroFPR | Regions | TauMean | ms   | OK? 
--------------------------------------------------------------------------------------------------------------------
Cosine                   | 0.3803 | 0.0291 | 0.3419 | 0.0298 | 0.3159   | 0.0446   | 858     | 0.9615  | 30.8 | PASS
AndBox-HC                | 0.4079 | 0.0291 | 0.3790 | 0.0298 | 0.3404   | 0.0460   | 858     | 0.0001  | 37.4 | PASS
PCAWhitenedCosine        | 0.4126 | 0.0252 | 0.3839 | 0.0298 | 0.3337   | 0.0385   | 858     | 1.3424  | 31.8 | PASS
Vec (Wgt)                | 0.4354 | 0.0291 | 0.4081 | 0.0298 | 0.3584   | 0.0460   | 858     | 0.9592  | 32.4 | PASS
Log Reg                  | 0.4047 | 0.0323 | 0.3694 | 0.0298 | 0.2996   | 0.0449   | 858     | 0.5138  | 38.2 | FAIL
LDA                      | 0.4433 | 0.0331 | 0.4347 | 0.0298 | 0.3469   | 0.0538   | 858     | 4.1580  | 38.6 | FAIL
Tiny MLP                 | 0.4394 | 0.0339 | 0.4177 | 0.0298 | 0.3536   | 0.0518   | 858     | 0.9187  | 40.9 | FAIL
MultiProtoCosine         | 0.0724 | 0.0291 | 0.0798 | 0.0298 | 0.0488   | 0.0237   | 858     | 0.8862  | 43.8 | PASS
WeightedEnsemble         | 0.4835 | 0.0323 | 0.4581 | 0.0298 | 0.3800   | 0.0514   | 858     | 1.5117  | 60.4 | FAIL
XGBoost                  | 0.3732 | 0.0189 | 0.3347 | 0.0298 | 0.2953   | 0.0294   | 858     | 0.7904  | 50.4 | PASS
LDA1+LogReg              | 0.4024 | 0.0323 | 0.3694 | 0.0298 | 0.2988   | 0.0449   | 858     | 0.5138  | 33.6 | FAIL
PCA16+LogReg             | 0.3913 | 0.0307 | 0.3677 | 0.0298 | 0.2885   | 0.0425   | 858     | 0.5141  | 35.6 | FAIL
PCA32+LogReg             | 0.4110 | 0.0307 | 0.3734 | 0.0298 | 0.3046   | 0.0425   | 858     | 0.5139  | 36.8 | FAIL
PCA16+VecWeighted        | 0.0614 | 0.0299 | 0.0605 | 0.0298 | 0.0547   | 0.0335   | 858     | 0.0547  | 34.4 | PASS
PCA32+VecWeighted        | 0.0598 | 0.0307 | 0.0653 | 0.0298 | 0.0730   | 0.0350   | 858     | 0.0545  | 35.2 | FAIL
StabilizedWhitenedCosine | 0.4307 | 0.0268 | 0.4000 | 0.0298 | 0.3379   | 0.0444   | 858     | 1.2710  | 33.9 | PASS

[trial=21 seed=63] GLOBAL mode — total_samples=200000
  total: h0=82063 h1=15019
  pooled_train:  n0=1270 n1=1270
  pooled_calib:  n0=1240 n1=1240
  pooled_eval:   n0=1270 n1=1270
  regions (for macro stats only): 1103
[INFO] Cosine baseline routed to direct Hadamard sum (PrecomputedCosine)
[INFO] WeightedEnsemble Cosine judge routed to direct Hadamard sum
  [Ensemble] Judges routed to 'alt' input: PrecomputedCosine
[WeightedEnsemble] Fitted weights (alpha=0.0300, external calib):
  tau=1.0097, Pooled external calib: TPR=0.4685, FPR=0.0298
  PrecomputedCosine   : +0.4323
  PCAWhitenedCosine   : +0.1110
  XGBoost             : +0.2003
  Tiny MLP            : +0.2025
  LDA                 : +0.0539

Method                   | TPR    | FPR    | TrTPR  | TrFPR  | MacroTPR | MacroFPR | Regions | TauMean | ms   | OK? 
--------------------------------------------------------------------------------------------------------------------
Cosine                   | 0.3843 | 0.0268 | 0.3782 | 0.0298 | 0.3389   | 0.0471   | 881     | 0.9487  | 55.9 | PASS
AndBox-HC                | 0.3709 | 0.0291 | 0.3621 | 0.0298 | 0.3264   | 0.0482   | 881     | -0.0000 | 52.0 | PASS
PCAWhitenedCosine        | 0.4520 | 0.0220 | 0.4226 | 0.0298 | 0.3381   | 0.0389   | 881     | 1.1835  | 61.4 | PASS
Vec (Wgt)                | 0.4094 | 0.0220 | 0.4065 | 0.0298 | 0.3462   | 0.0400   | 881     | 0.9564  | 48.0 | PASS
Log Reg                  | 0.3882 | 0.0276 | 0.3758 | 0.0298 | 0.2823   | 0.0453   | 881     | 0.5114  | 39.4 | PASS
LDA                      | 0.3984 | 0.0220 | 0.3839 | 0.0298 | 0.3192   | 0.0359   | 881     | 3.9888  | 47.3 | PASS
Tiny MLP                 | 0.3449 | 0.0189 | 0.3298 | 0.0298 | 0.2767   | 0.0317   | 881     | 0.9477  | 37.9 | PASS
MultiProtoCosine         | 0.1047 | 0.0362 | 0.0976 | 0.0298 | 0.0704   | 0.0316   | 881     | 0.8756  | 40.3 | FAIL
WeightedEnsemble         | 0.4827 | 0.0244 | 0.4685 | 0.0298 | 0.3825   | 0.0402   | 881     | 1.0097  | 72.7 | PASS
XGBoost                  | 0.4654 | 0.0323 | 0.4653 | 0.0298 | 0.3896   | 0.0551   | 881     | 0.7251  | 53.4 | FAIL
LDA1+LogReg              | 0.3677 | 0.0268 | 0.3573 | 0.0298 | 0.2692   | 0.0431   | 881     | 0.5114  | 35.8 | PASS
PCA16+LogReg             | 0.3756 | 0.0276 | 0.3661 | 0.0298 | 0.2741   | 0.0451   | 881     | 0.5117  | 58.3 | PASS
PCA32+LogReg             | 0.3669 | 0.0260 | 0.3484 | 0.0298 | 0.2679   | 0.0431   | 881     | 0.5119  | 76.3 | PASS
PCA16+VecWeighted        | 0.0480 | 0.0362 | 0.0573 | 0.0298 | 0.0450   | 0.0464   | 881     | 0.0587  | 37.6 | FAIL
PCA32+VecWeighted        | 0.0480 | 0.0346 | 0.0532 | 0.0298 | 0.0402   | 0.0386   | 881     | 0.0647  | 39.1 | FAIL
StabilizedWhitenedCosine | 0.4622 | 0.0252 | 0.4290 | 0.0298 | 0.3590   | 0.0434   | 881     | 1.0668  | 36.0 | PASS

[trial=22 seed=64] GLOBAL mode — total_samples=200000
  total: h0=82063 h1=15019
  pooled_train:  n0=1270 n1=1270
  pooled_calib:  n0=1240 n1=1240
  pooled_eval:   n0=1270 n1=1270
  regions (for macro stats only): 1103
[INFO] Cosine baseline routed to direct Hadamard sum (PrecomputedCosine)
[INFO] WeightedEnsemble Cosine judge routed to direct Hadamard sum
  [Ensemble] Judges routed to 'alt' input: PrecomputedCosine
[WeightedEnsemble] Fitted weights (alpha=0.0300, external calib):
  tau=1.1078, Pooled external calib: TPR=0.5129, FPR=0.0298
  PrecomputedCosine   : +0.4176
  PCAWhitenedCosine   : +0.3460
  XGBoost             : +0.0864
  Tiny MLP            : +0.0990
  LDA                 : +0.0511

Method                   | TPR    | FPR    | TrTPR  | TrFPR  | MacroTPR | MacroFPR | Regions | TauMean | ms   | OK? 
--------------------------------------------------------------------------------------------------------------------
Cosine                   | 0.3945 | 0.0236 | 0.3815 | 0.0298 | 0.3508   | 0.0345   | 846     | 0.9450  | 28.9 | PASS
AndBox-HC                | 0.4071 | 0.0260 | 0.3766 | 0.0298 | 0.3588   | 0.0397   | 846     | 0.0001  | 32.6 | PASS
PCAWhitenedCosine        | 0.4945 | 0.0315 | 0.4887 | 0.0298 | 0.3889   | 0.0386   | 846     | 1.2121  | 30.2 | FAIL
Vec (Wgt)                | 0.4654 | 0.0299 | 0.4565 | 0.0298 | 0.3985   | 0.0442   | 846     | 0.9410  | 30.0 | PASS
Log Reg                  | 0.3457 | 0.0394 | 0.3581 | 0.0298 | 0.2692   | 0.0514   | 846     | 0.5125  | 35.9 | FAIL
LDA                      | 0.3953 | 0.0244 | 0.3984 | 0.0298 | 0.3028   | 0.0332   | 846     | 4.5401  | 32.3 | PASS
Tiny MLP                 | 0.3937 | 0.0260 | 0.4081 | 0.0298 | 0.3049   | 0.0377   | 846     | 0.9479  | 34.2 | PASS
MultiProtoCosine         | 0.0937 | 0.0402 | 0.0726 | 0.0298 | 0.0577   | 0.0380   | 846     | 0.8850  | 36.7 | FAIL
WeightedEnsemble         | 0.5213 | 0.0323 | 0.5129 | 0.0298 | 0.4140   | 0.0423   | 846     | 1.1078  | 57.7 | FAIL
XGBoost                  | 0.4543 | 0.0307 | 0.4532 | 0.0298 | 0.3872   | 0.0472   | 846     | 0.7486  | 49.6 | FAIL
LDA1+LogReg              | 0.3512 | 0.0386 | 0.3581 | 0.0298 | 0.2734   | 0.0508   | 846     | 0.5125  | 33.4 | FAIL
PCA16+LogReg             | 0.3906 | 0.0433 | 0.3992 | 0.0298 | 0.3101   | 0.0586   | 846     | 0.5121  | 35.1 | FAIL
PCA32+LogReg             | 0.3843 | 0.0417 | 0.3935 | 0.0298 | 0.3041   | 0.0559   | 846     | 0.5122  | 36.2 | FAIL
PCA16+VecWeighted        | 0.0559 | 0.0354 | 0.0427 | 0.0298 | 0.0438   | 0.0236   | 846     | 0.0604  | 34.0 | FAIL
PCA32+VecWeighted        | 0.0535 | 0.0441 | 0.0492 | 0.0298 | 0.0467   | 0.0273   | 846     | 0.0574  | 34.6 | FAIL
StabilizedWhitenedCosine | 0.4913 | 0.0386 | 0.4806 | 0.0298 | 0.3915   | 0.0486   | 846     | 1.1131  | 33.9 | FAIL

[trial=23 seed=65] GLOBAL mode — total_samples=200000
  total: h0=82063 h1=15019
  pooled_train:  n0=1270 n1=1270
  pooled_calib:  n0=1240 n1=1240
  pooled_eval:   n0=1270 n1=1270
  regions (for macro stats only): 1103
[INFO] Cosine baseline routed to direct Hadamard sum (PrecomputedCosine)
[INFO] WeightedEnsemble Cosine judge routed to direct Hadamard sum
  [Ensemble] Judges routed to 'alt' input: PrecomputedCosine
[WeightedEnsemble] Fitted weights (alpha=0.0300, external calib):
  tau=0.9363, Pooled external calib: TPR=0.5000, FPR=0.0298
  PrecomputedCosine   : +0.4364
  PCAWhitenedCosine   : +0.0571
  XGBoost             : +0.1048
  Tiny MLP            : +0.3819
  LDA                 : +0.0199

Method                   | TPR    | FPR    | TrTPR  | TrFPR  | MacroTPR | MacroFPR | Regions | TauMean | ms   | OK? 
--------------------------------------------------------------------------------------------------------------------
Cosine                   | 0.3843 | 0.0331 | 0.3855 | 0.0298 | 0.3341   | 0.0528   | 869     | 0.9456  | 50.7 | FAIL
AndBox-HC                | 0.3236 | 0.0299 | 0.3161 | 0.0298 | 0.2867   | 0.0454   | 869     | 0.0001  | 34.2 | PASS
PCAWhitenedCosine        | 0.4465 | 0.0354 | 0.4492 | 0.0298 | 0.3581   | 0.0512   | 869     | 1.2551  | 31.1 | FAIL
Vec (Wgt)                | 0.4551 | 0.0402 | 0.4661 | 0.0298 | 0.3883   | 0.0651   | 869     | 0.9312  | 31.1 | FAIL
Log Reg                  | 0.4087 | 0.0402 | 0.4137 | 0.0298 | 0.3046   | 0.0589   | 869     | 0.5130  | 37.2 | FAIL
LDA                      | 0.4213 | 0.0378 | 0.4427 | 0.0298 | 0.3285   | 0.0525   | 869     | 4.2004  | 33.6 | FAIL
Tiny MLP                 | 0.3929 | 0.0409 | 0.4145 | 0.0298 | 0.3064   | 0.0579   | 869     | 0.9504  | 35.3 | FAIL
MultiProtoCosine         | 0.0677 | 0.0228 | 0.0718 | 0.0298 | 0.0395   | 0.0214   | 869     | 0.8825  | 37.9 | PASS
WeightedEnsemble         | 0.4929 | 0.0409 | 0.5000 | 0.0298 | 0.3951   | 0.0609   | 869     | 0.9363  | 59.2 | FAIL
XGBoost                  | 0.4362 | 0.0402 | 0.4363 | 0.0298 | 0.3625   | 0.0623   | 869     | 0.7468  | 51.0 | FAIL
LDA1+LogReg              | 0.4079 | 0.0394 | 0.4113 | 0.0298 | 0.3037   | 0.0573   | 869     | 0.5132  | 34.5 | FAIL
PCA16+LogReg             | 0.4079 | 0.0378 | 0.4113 | 0.0298 | 0.3098   | 0.0556   | 869     | 0.5132  | 36.3 | FAIL
PCA32+LogReg             | 0.4252 | 0.0370 | 0.4290 | 0.0298 | 0.3231   | 0.0552   | 869     | 0.5131  | 37.1 | FAIL
PCA16+VecWeighted        | 0.1520 | 0.0370 | 0.1613 | 0.0298 | 0.0961   | 0.0306   | 869     | 0.0461  | 35.1 | FAIL
PCA32+VecWeighted        | 0.1362 | 0.0339 | 0.1403 | 0.0298 | 0.0867   | 0.0258   | 869     | 0.0521  | 36.7 | FAIL
StabilizedWhitenedCosine | 0.4378 | 0.0370 | 0.4516 | 0.0298 | 0.3506   | 0.0522   | 869     | 1.2276  | 34.6 | FAIL

[trial=24 seed=66] GLOBAL mode — total_samples=200000
  total: h0=82063 h1=15019
  pooled_train:  n0=1270 n1=1270
  pooled_calib:  n0=1240 n1=1240
  pooled_eval:   n0=1270 n1=1270
  regions (for macro stats only): 1103
[INFO] Cosine baseline routed to direct Hadamard sum (PrecomputedCosine)
[INFO] WeightedEnsemble Cosine judge routed to direct Hadamard sum
  [Ensemble] Judges routed to 'alt' input: PrecomputedCosine
[WeightedEnsemble] Fitted weights (alpha=0.0300, external calib):
  tau=1.6649, Pooled external calib: TPR=0.4371, FPR=0.0298
  PrecomputedCosine   : +0.0381
  PCAWhitenedCosine   : +0.2339
  XGBoost             : +0.2902
  Tiny MLP            : +0.1947
  LDA                 : +0.2431

Method                   | TPR    | FPR    | TrTPR  | TrFPR  | MacroTPR | MacroFPR | Regions | TauMean | ms   | OK? 
--------------------------------------------------------------------------------------------------------------------
Cosine                   | 0.3567 | 0.0307 | 0.3444 | 0.0298 | 0.3207   | 0.0441   | 866     | 0.9511  | 29.6 | FAIL
AndBox-HC                | 0.4031 | 0.0346 | 0.3823 | 0.0298 | 0.3612   | 0.0506   | 866     | 0.0000  | 32.9 | FAIL
PCAWhitenedCosine        | 0.4291 | 0.0260 | 0.4089 | 0.0298 | 0.3408   | 0.0412   | 866     | 1.2367  | 30.9 | PASS
Vec (Wgt)                | 0.4197 | 0.0291 | 0.3871 | 0.0298 | 0.3599   | 0.0420   | 866     | 0.9525  | 30.6 | PASS
Log Reg                  | 0.3835 | 0.0394 | 0.3960 | 0.0298 | 0.2867   | 0.0556   | 866     | 0.5117  | 36.8 | FAIL
LDA                      | 0.4055 | 0.0291 | 0.4113 | 0.0298 | 0.3267   | 0.0421   | 866     | 4.1904  | 32.9 | PASS
Tiny MLP                 | 0.4126 | 0.0323 | 0.4008 | 0.0298 | 0.3292   | 0.0474   | 866     | 0.9241  | 34.8 | FAIL
MultiProtoCosine         | 0.0835 | 0.0236 | 0.0871 | 0.0298 | 0.0513   | 0.0298   | 866     | 0.8906  | 37.6 | PASS
WeightedEnsemble         | 0.4378 | 0.0244 | 0.4371 | 0.0298 | 0.3615   | 0.0361   | 866     | 1.6649  | 58.3 | PASS
XGBoost                  | 0.3835 | 0.0283 | 0.3911 | 0.0298 | 0.3260   | 0.0437   | 866     | 0.7634  | 50.8 | PASS
LDA1+LogReg              | 0.3843 | 0.0394 | 0.3944 | 0.0298 | 0.2874   | 0.0556   | 866     | 0.5119  | 34.0 | FAIL
PCA16+LogReg             | 0.4008 | 0.0433 | 0.4161 | 0.0298 | 0.3003   | 0.0636   | 866     | 0.5118  | 35.8 | FAIL
PCA32+LogReg             | 0.3921 | 0.0378 | 0.4016 | 0.0298 | 0.2938   | 0.0556   | 866     | 0.5121  | 36.8 | FAIL
PCA16+VecWeighted        | 0.1701 | 0.0339 | 0.1589 | 0.0298 | 0.0973   | 0.0387   | 866     | 0.0405  | 34.6 | FAIL
PCA32+VecWeighted        | 0.1567 | 0.0291 | 0.1476 | 0.0298 | 0.0835   | 0.0378   | 866     | 0.0445  | 35.3 | PASS
StabilizedWhitenedCosine | 0.4299 | 0.0339 | 0.4097 | 0.0298 | 0.3557   | 0.0517   | 866     | 1.1962  | 35.1 | FAIL

[trial=25 seed=67] GLOBAL mode — total_samples=200000
  total: h0=82063 h1=15019
  pooled_train:  n0=1270 n1=1270
  pooled_calib:  n0=1240 n1=1240
  pooled_eval:   n0=1270 n1=1270
  regions (for macro stats only): 1103
[INFO] Cosine baseline routed to direct Hadamard sum (PrecomputedCosine)
[INFO] WeightedEnsemble Cosine judge routed to direct Hadamard sum
  [Ensemble] Judges routed to 'alt' input: PrecomputedCosine
[WeightedEnsemble] Fitted weights (alpha=0.0300, external calib):
  tau=1.1056, Pooled external calib: TPR=0.4113, FPR=0.0298
  PrecomputedCosine   : +0.6579
  PCAWhitenedCosine   : +0.1446
  XGBoost             : +0.0673
  Tiny MLP            : +0.0713
  LDA                 : +0.0589

Method                   | TPR    | FPR    | TrTPR  | TrFPR  | MacroTPR | MacroFPR | Regions | TauMean | ms   | OK? 
--------------------------------------------------------------------------------------------------------------------
Cosine                   | 0.3362 | 0.0157 | 0.2919 | 0.0298 | 0.2660   | 0.0220   | 860     | 0.9695  | 43.7 | PASS
AndBox-HC                | 0.2748 | 0.0181 | 0.2395 | 0.0298 | 0.2248   | 0.0211   | 860     | 0.0001  | 33.2 | PASS
PCAWhitenedCosine        | 0.3890 | 0.0189 | 0.3565 | 0.0298 | 0.2739   | 0.0212   | 860     | 1.3703  | 30.1 | PASS
Vec (Wgt)                | 0.3795 | 0.0134 | 0.3460 | 0.0298 | 0.2851   | 0.0177   | 860     | 0.9788  | 30.0 | PASS
Log Reg                  | 0.2835 | 0.0205 | 0.2944 | 0.0298 | 0.1846   | 0.0263   | 860     | 0.5140  | 36.1 | PASS
LDA                      | 0.3921 | 0.0260 | 0.3508 | 0.0298 | 0.2880   | 0.0330   | 860     | 4.0150  | 32.7 | PASS
Tiny MLP                 | 0.3969 | 0.0220 | 0.3621 | 0.0298 | 0.2847   | 0.0272   | 860     | 0.9125  | 38.9 | PASS
MultiProtoCosine         | 0.0882 | 0.0260 | 0.0952 | 0.0298 | 0.0573   | 0.0210   | 860     | 0.8934  | 39.2 | PASS
WeightedEnsemble         | 0.4354 | 0.0213 | 0.4113 | 0.0298 | 0.3307   | 0.0259   | 860     | 1.1056  | 83.9 | PASS
XGBoost                  | 0.3472 | 0.0150 | 0.3194 | 0.0298 | 0.2528   | 0.0199   | 860     | 0.7677  | 52.5 | PASS
LDA1+LogReg              | 0.2835 | 0.0260 | 0.2855 | 0.0298 | 0.1819   | 0.0306   | 860     | 0.5138  | 34.0 | PASS
PCA16+LogReg             | 0.2874 | 0.0228 | 0.2976 | 0.0298 | 0.1876   | 0.0284   | 860     | 0.5140  | 35.7 | PASS
PCA32+LogReg             | 0.2866 | 0.0220 | 0.2935 | 0.0298 | 0.1907   | 0.0275   | 860     | 0.5139  | 36.6 | PASS
PCA16+VecWeighted        | 0.0732 | 0.0315 | 0.0766 | 0.0298 | 0.0786   | 0.0377   | 860     | 0.0396  | 34.2 | FAIL
PCA32+VecWeighted        | 0.0858 | 0.0417 | 0.0871 | 0.0298 | 0.0860   | 0.0504   | 860     | 0.0442  | 35.0 | FAIL
StabilizedWhitenedCosine | 0.3677 | 0.0157 | 0.3315 | 0.0298 | 0.2642   | 0.0184   | 860     | 1.3535  | 33.4 | PASS

[trial=26 seed=68] GLOBAL mode — total_samples=200000
  total: h0=82063 h1=15019
  pooled_train:  n0=1270 n1=1270
  pooled_calib:  n0=1240 n1=1240
  pooled_eval:   n0=1270 n1=1270
  regions (for macro stats only): 1103
[INFO] Cosine baseline routed to direct Hadamard sum (PrecomputedCosine)
[INFO] WeightedEnsemble Cosine judge routed to direct Hadamard sum
  [Ensemble] Judges routed to 'alt' input: PrecomputedCosine
[WeightedEnsemble] Fitted weights (alpha=0.0300, external calib):
  tau=1.3796, Pooled external calib: TPR=0.4065, FPR=0.0298
  PrecomputedCosine   : +0.2042
  PCAWhitenedCosine   : +0.1982
  XGBoost             : +0.4393
  Tiny MLP            : +0.0111
  LDA                 : +0.1471

Method                   | TPR    | FPR    | TrTPR  | TrFPR  | MacroTPR | MacroFPR | Regions | TauMean | ms   | OK? 
--------------------------------------------------------------------------------------------------------------------
Cosine                   | 0.3213 | 0.0142 | 0.3081 | 0.0298 | 0.2659   | 0.0194   | 849     | 0.9702  | 55.9 | PASS
AndBox-HC                | 0.2591 | 0.0150 | 0.2565 | 0.0298 | 0.2241   | 0.0189   | 849     | 0.0001  | 42.7 | PASS
PCAWhitenedCosine        | 0.3890 | 0.0181 | 0.3702 | 0.0298 | 0.2904   | 0.0259   | 849     | 1.3778  | 30.8 | PASS
Vec (Wgt)                | 0.3945 | 0.0165 | 0.3927 | 0.0298 | 0.3206   | 0.0226   | 849     | 0.9627  | 34.9 | PASS
Log Reg                  | 0.3425 | 0.0244 | 0.3347 | 0.0298 | 0.2427   | 0.0307   | 849     | 0.5145  | 41.0 | PASS
LDA                      | 0.3992 | 0.0228 | 0.3766 | 0.0298 | 0.3040   | 0.0372   | 849     | 4.4456  | 36.8 | PASS
Tiny MLP                 | 0.3528 | 0.0181 | 0.3169 | 0.0298 | 0.2627   | 0.0247   | 849     | 0.9602  | 39.8 | PASS
MultiProtoCosine         | 0.1126 | 0.0339 | 0.0960 | 0.0298 | 0.0525   | 0.0313   | 849     | 0.8769  | 43.2 | FAIL
WeightedEnsemble         | 0.4268 | 0.0189 | 0.4065 | 0.0298 | 0.3219   | 0.0290   | 849     | 1.3796  | 83.9 | PASS
XGBoost                  | 0.4031 | 0.0213 | 0.4040 | 0.0298 | 0.3225   | 0.0302   | 849     | 0.7612  | 74.4 | PASS
LDA1+LogReg              | 0.3543 | 0.0260 | 0.3379 | 0.0298 | 0.2537   | 0.0319   | 849     | 0.5143  | 67.2 | PASS
PCA16+LogReg             | 0.3480 | 0.0244 | 0.3339 | 0.0298 | 0.2510   | 0.0306   | 849     | 0.5147  | 59.6 | PASS
PCA32+LogReg             | 0.3528 | 0.0244 | 0.3355 | 0.0298 | 0.2570   | 0.0306   | 849     | 0.5145  | 55.2 | PASS
PCA16+VecWeighted        | 0.1740 | 0.0315 | 0.1839 | 0.0298 | 0.0992   | 0.0309   | 849     | 0.0391  | 38.5 | FAIL
PCA32+VecWeighted        | 0.1866 | 0.0276 | 0.1855 | 0.0298 | 0.1083   | 0.0276   | 849     | 0.0448  | 37.9 | PASS
StabilizedWhitenedCosine | 0.3937 | 0.0157 | 0.3806 | 0.0298 | 0.3157   | 0.0208   | 849     | 1.2703  | 34.9 | PASS

[trial=27 seed=69] GLOBAL mode — total_samples=200000
  total: h0=82063 h1=15019
  pooled_train:  n0=1270 n1=1270
  pooled_calib:  n0=1240 n1=1240
  pooled_eval:   n0=1270 n1=1270
  regions (for macro stats only): 1103
[INFO] Cosine baseline routed to direct Hadamard sum (PrecomputedCosine)
[INFO] WeightedEnsemble Cosine judge routed to direct Hadamard sum
  [Ensemble] Judges routed to 'alt' input: PrecomputedCosine
[WeightedEnsemble] Fitted weights (alpha=0.0300, external calib):
  tau=1.0327, Pooled external calib: TPR=0.5040, FPR=0.0298
  PrecomputedCosine   : +0.6579
  PCAWhitenedCosine   : +0.1446
  XGBoost             : +0.0673
  Tiny MLP            : +0.0713
  LDA                 : +0.0589

Method                   | TPR    | FPR    | TrTPR  | TrFPR  | MacroTPR | MacroFPR | Regions | TauMean | ms    | OK? 
---------------------------------------------------------------------------------------------------------------------
Cosine                   | 0.4354 | 0.0339 | 0.3815 | 0.0298 | 0.3776   | 0.0456   | 850     | 0.9335  | 57.2  | FAIL
AndBox-HC                | 0.3535 | 0.0315 | 0.2952 | 0.0298 | 0.2948   | 0.0397   | 850     | 0.0000  | 48.0  | FAIL
PCAWhitenedCosine        | 0.4890 | 0.0276 | 0.4613 | 0.0298 | 0.3743   | 0.0370   | 850     | 1.1570  | 32.0  | PASS
Vec (Wgt)                | 0.4638 | 0.0323 | 0.4145 | 0.0298 | 0.3837   | 0.0435   | 850     | 0.9393  | 33.7  | FAIL
Log Reg                  | 0.3945 | 0.0228 | 0.3524 | 0.0298 | 0.2881   | 0.0315   | 850     | 0.5142  | 80.7  | PASS
LDA                      | 0.4677 | 0.0260 | 0.4355 | 0.0298 | 0.3539   | 0.0369   | 850     | 3.9538  | 68.3  | PASS
Tiny MLP                 | 0.4087 | 0.0213 | 0.3839 | 0.0298 | 0.3113   | 0.0285   | 850     | 0.9449  | 72.7  | PASS
MultiProtoCosine         | 0.0591 | 0.0220 | 0.0653 | 0.0298 | 0.0361   | 0.0238   | 850     | 0.8941  | 84.6  | PASS
WeightedEnsemble         | 0.5283 | 0.0331 | 0.5040 | 0.0298 | 0.4207   | 0.0471   | 850     | 1.0327  | 200.2 | FAIL
XGBoost                  | 0.4236 | 0.0244 | 0.3766 | 0.0298 | 0.3476   | 0.0313   | 850     | 0.7626  | 52.7  | PASS
LDA1+LogReg              | 0.3961 | 0.0228 | 0.3540 | 0.0298 | 0.2877   | 0.0315   | 850     | 0.5143  | 35.2  | PASS
PCA16+LogReg             | 0.3756 | 0.0213 | 0.3347 | 0.0298 | 0.2774   | 0.0311   | 850     | 0.5148  | 38.4  | PASS
PCA32+LogReg             | 0.4110 | 0.0228 | 0.3605 | 0.0298 | 0.3003   | 0.0328   | 850     | 0.5145  | 50.6  | PASS
PCA16+VecWeighted        | 0.0622 | 0.0307 | 0.0597 | 0.0298 | 0.0481   | 0.0290   | 850     | 0.0471  | 38.3  | FAIL
PCA32+VecWeighted        | 0.0520 | 0.0268 | 0.0556 | 0.0298 | 0.0424   | 0.0264   | 850     | 0.0524  | 49.5  | PASS
StabilizedWhitenedCosine | 0.4693 | 0.0268 | 0.4323 | 0.0298 | 0.3655   | 0.0362   | 850     | 1.1788  | 34.5  | PASS

[trial=28 seed=70] GLOBAL mode — total_samples=200000
  total: h0=82063 h1=15019
  pooled_train:  n0=1270 n1=1270
  pooled_calib:  n0=1240 n1=1240
  pooled_eval:   n0=1270 n1=1270
  regions (for macro stats only): 1103
[INFO] Cosine baseline routed to direct Hadamard sum (PrecomputedCosine)
[INFO] WeightedEnsemble Cosine judge routed to direct Hadamard sum
  [Ensemble] Judges routed to 'alt' input: PrecomputedCosine
[WeightedEnsemble] Fitted weights (alpha=0.0300, external calib):
  tau=1.0761, Pooled external calib: TPR=0.4935, FPR=0.0298
  PrecomputedCosine   : +0.3246
  PCAWhitenedCosine   : +0.1636
  XGBoost             : +0.2291
  Tiny MLP            : +0.2081
  LDA                 : +0.0747

Method                   | TPR    | FPR    | TrTPR  | TrFPR  | MacroTPR | MacroFPR | Regions | TauMean | ms   | OK? 
--------------------------------------------------------------------------------------------------------------------
Cosine                   | 0.2961 | 0.0173 | 0.2823 | 0.0298 | 0.2196   | 0.0269   | 864     | 0.9821  | 31.5 | PASS
AndBox-HC                | 0.3063 | 0.0268 | 0.3065 | 0.0298 | 0.2496   | 0.0414   | 864     | 0.0001  | 34.3 | PASS
PCAWhitenedCosine        | 0.4504 | 0.0283 | 0.4371 | 0.0298 | 0.3413   | 0.0468   | 864     | 1.2480  | 31.9 | PASS
Vec (Wgt)                | 0.3906 | 0.0244 | 0.3790 | 0.0298 | 0.2982   | 0.0394   | 864     | 0.9677  | 30.7 | PASS
Log Reg                  | 0.3787 | 0.0268 | 0.3605 | 0.0298 | 0.2709   | 0.0354   | 864     | 0.5147  | 37.2 | PASS
LDA                      | 0.4575 | 0.0394 | 0.4637 | 0.0298 | 0.3532   | 0.0621   | 864     | 3.7527  | 33.7 | FAIL
Tiny MLP                 | 0.4520 | 0.0378 | 0.4581 | 0.0298 | 0.3479   | 0.0671   | 864     | 0.9134  | 35.5 | FAIL
MultiProtoCosine         | 0.0835 | 0.0378 | 0.0903 | 0.0298 | 0.0543   | 0.0375   | 864     | 0.8867  | 37.8 | FAIL
WeightedEnsemble         | 0.5039 | 0.0354 | 0.4935 | 0.0298 | 0.3936   | 0.0584   | 864     | 1.0761  | 59.4 | FAIL
XGBoost                  | 0.3843 | 0.0228 | 0.3621 | 0.0298 | 0.2917   | 0.0365   | 864     | 0.7841  | 51.1 | PASS
LDA1+LogReg              | 0.3772 | 0.0260 | 0.3581 | 0.0298 | 0.2698   | 0.0337   | 864     | 0.5149  | 34.7 | PASS
PCA16+LogReg             | 0.3772 | 0.0268 | 0.3548 | 0.0298 | 0.2711   | 0.0362   | 864     | 0.5150  | 36.0 | PASS
PCA32+LogReg             | 0.3843 | 0.0283 | 0.3637 | 0.0298 | 0.2795   | 0.0379   | 864     | 0.5148  | 37.0 | PASS
PCA16+VecWeighted        | 0.0575 | 0.0441 | 0.0710 | 0.0298 | 0.0506   | 0.0389   | 864     | 0.0395  | 34.9 | FAIL
PCA32+VecWeighted        | 0.0803 | 0.0354 | 0.0944 | 0.0298 | 0.0699   | 0.0389   | 864     | 0.0416  | 35.7 | FAIL
StabilizedWhitenedCosine | 0.4425 | 0.0268 | 0.4258 | 0.0298 | 0.3331   | 0.0406   | 864     | 1.2423  | 34.7 | PASS

[trial=29 seed=71] GLOBAL mode — total_samples=200000
  total: h0=82063 h1=15019
  pooled_train:  n0=1270 n1=1270
  pooled_calib:  n0=1240 n1=1240
  pooled_eval:   n0=1270 n1=1270
  regions (for macro stats only): 1103
[INFO] Cosine baseline routed to direct Hadamard sum (PrecomputedCosine)
[INFO] WeightedEnsemble Cosine judge routed to direct Hadamard sum
  [Ensemble] Judges routed to 'alt' input: PrecomputedCosine
[WeightedEnsemble] Fitted weights (alpha=0.0300, external calib):
  tau=1.4977, Pooled external calib: TPR=0.4282, FPR=0.0298
  PrecomputedCosine   : +0.2384
  PCAWhitenedCosine   : +0.0694
  XGBoost             : +0.3911
  Tiny MLP            : +0.1122
  LDA                 : +0.1888

Method                   | TPR    | FPR    | TrTPR  | TrFPR  | MacroTPR | MacroFPR | Regions | TauMean | ms   | OK? 
--------------------------------------------------------------------------------------------------------------------
Cosine                   | 0.2866 | 0.0197 | 0.2944 | 0.0298 | 0.2512   | 0.0325   | 851     | 0.9774  | 31.6 | PASS
AndBox-HC                | 0.2937 | 0.0197 | 0.2500 | 0.0298 | 0.2466   | 0.0288   | 851     | 0.0001  | 34.4 | PASS
PCAWhitenedCosine        | 0.4024 | 0.0236 | 0.3847 | 0.0298 | 0.2998   | 0.0351   | 851     | 1.3873  | 30.9 | PASS
Vec (Wgt)                | 0.3496 | 0.0197 | 0.3411 | 0.0298 | 0.2790   | 0.0305   | 851     | 0.9785  | 30.8 | PASS
Log Reg                  | 0.3465 | 0.0252 | 0.3331 | 0.0298 | 0.2663   | 0.0391   | 851     | 0.5141  | 36.9 | PASS
LDA                      | 0.3772 | 0.0283 | 0.3871 | 0.0298 | 0.3065   | 0.0427   | 851     | 4.5131  | 33.2 | PASS
Tiny MLP                 | 0.3228 | 0.0299 | 0.3218 | 0.0298 | 0.2661   | 0.0449   | 851     | 0.9660  | 35.1 | PASS
MultiProtoCosine         | 0.0795 | 0.0346 | 0.0871 | 0.0298 | 0.0483   | 0.0233   | 851     | 0.8907  | 37.5 | FAIL
WeightedEnsemble         | 0.4370 | 0.0283 | 0.4282 | 0.0298 | 0.3483   | 0.0430   | 851     | 1.4977  | 59.1 | PASS
XGBoost                  | 0.3378 | 0.0213 | 0.3484 | 0.0298 | 0.2611   | 0.0325   | 851     | 0.7861  | 50.9 | PASS
LDA1+LogReg              | 0.3307 | 0.0244 | 0.3226 | 0.0298 | 0.2500   | 0.0400   | 851     | 0.5138  | 34.3 | PASS
PCA16+LogReg             | 0.3409 | 0.0236 | 0.3363 | 0.0298 | 0.2598   | 0.0366   | 851     | 0.5141  | 36.1 | PASS
PCA32+LogReg             | 0.3339 | 0.0228 | 0.3218 | 0.0298 | 0.2557   | 0.0363   | 851     | 0.5144  | 37.0 | PASS
PCA16+VecWeighted        | 0.1874 | 0.0339 | 0.1976 | 0.0298 | 0.1280   | 0.0343   | 851     | 0.0336  | 34.7 | FAIL
PCA32+VecWeighted        | 0.2063 | 0.0402 | 0.2266 | 0.0298 | 0.1596   | 0.0384   | 851     | 0.0349  | 35.6 | FAIL
StabilizedWhitenedCosine | 0.3819 | 0.0197 | 0.3484 | 0.0298 | 0.2809   | 0.0297   | 851     | 1.4116  | 34.2 | PASS

[trial=30 seed=72] GLOBAL mode — total_samples=200000
  total: h0=82063 h1=15019
  pooled_train:  n0=1270 n1=1270
  pooled_calib:  n0=1240 n1=1240
  pooled_eval:   n0=1270 n1=1270
  regions (for macro stats only): 1103
[INFO] Cosine baseline routed to direct Hadamard sum (PrecomputedCosine)
[INFO] WeightedEnsemble Cosine judge routed to direct Hadamard sum
  [Ensemble] Judges routed to 'alt' input: PrecomputedCosine
[WeightedEnsemble] Fitted weights (alpha=0.0300, external calib):
  tau=1.1160, Pooled external calib: TPR=0.4887, FPR=0.0298
  PrecomputedCosine   : +0.1298
  PCAWhitenedCosine   : +0.1391
  XGBoost             : +0.2872
  Tiny MLP            : +0.3596
  LDA                 : +0.0844

Method                   | TPR    | FPR    | TrTPR  | TrFPR  | MacroTPR | MacroFPR | Regions | TauMean | ms   | OK? 
--------------------------------------------------------------------------------------------------------------------
Cosine                   | 0.3370 | 0.0252 | 0.3331 | 0.0298 | 0.3091   | 0.0434   | 838     | 0.9621  | 29.3 | PASS
AndBox-HC                | 0.2945 | 0.0260 | 0.2992 | 0.0298 | 0.2659   | 0.0402   | 838     | 0.0001  | 38.9 | PASS
PCAWhitenedCosine        | 0.4843 | 0.0339 | 0.4766 | 0.0298 | 0.4100   | 0.0519   | 838     | 1.1179  | 34.1 | FAIL
Vec (Wgt)                | 0.4063 | 0.0323 | 0.4194 | 0.0298 | 0.3612   | 0.0564   | 838     | 0.9531  | 32.6 | FAIL
Log Reg                  | 0.3276 | 0.0339 | 0.3306 | 0.0298 | 0.2579   | 0.0521   | 838     | 0.5126  | 37.9 | FAIL
LDA                      | 0.4614 | 0.0354 | 0.4710 | 0.0298 | 0.3846   | 0.0612   | 838     | 3.9318  | 32.2 | FAIL
Tiny MLP                 | 0.4449 | 0.0362 | 0.4419 | 0.0298 | 0.3724   | 0.0643   | 838     | 0.9151  | 33.8 | FAIL
MultiProtoCosine         | 0.0709 | 0.0205 | 0.0944 | 0.0298 | 0.0478   | 0.0228   | 838     | 0.8854  | 36.1 | PASS
WeightedEnsemble         | 0.4827 | 0.0323 | 0.4887 | 0.0298 | 0.4003   | 0.0557   | 838     | 1.1160  | 57.7 | FAIL
XGBoost                  | 0.3906 | 0.0276 | 0.3919 | 0.0298 | 0.3346   | 0.0475   | 838     | 0.7670  | 49.6 | PASS
LDA1+LogReg              | 0.3165 | 0.0402 | 0.3218 | 0.0298 | 0.2425   | 0.0591   | 838     | 0.5126  | 33.1 | FAIL
PCA16+LogReg             | 0.3315 | 0.0339 | 0.3282 | 0.0298 | 0.2578   | 0.0521   | 838     | 0.5127  | 34.9 | FAIL
PCA32+LogReg             | 0.3323 | 0.0346 | 0.3355 | 0.0298 | 0.2637   | 0.0539   | 838     | 0.5126  | 36.1 | FAIL
PCA16+VecWeighted        | 0.1260 | 0.0331 | 0.1315 | 0.0298 | 0.0820   | 0.0340   | 838     | 0.0434  | 33.8 | FAIL
PCA32+VecWeighted        | 0.1307 | 0.0315 | 0.1339 | 0.0298 | 0.0856   | 0.0370   | 838     | 0.0477  | 34.3 | FAIL
StabilizedWhitenedCosine | 0.4787 | 0.0307 | 0.4524 | 0.0298 | 0.4150   | 0.0494   | 838     | 1.1285  | 33.2 | FAIL

[trial=31 seed=73] GLOBAL mode — total_samples=200000
  total: h0=82063 h1=15019
  pooled_train:  n0=1270 n1=1270
  pooled_calib:  n0=1240 n1=1240
  pooled_eval:   n0=1270 n1=1270
  regions (for macro stats only): 1103
[INFO] Cosine baseline routed to direct Hadamard sum (PrecomputedCosine)
[INFO] WeightedEnsemble Cosine judge routed to direct Hadamard sum
  [Ensemble] Judges routed to 'alt' input: PrecomputedCosine
[WeightedEnsemble] Fitted weights (alpha=0.0300, external calib):
  tau=1.0792, Pooled external calib: TPR=0.4637, FPR=0.0298
  PrecomputedCosine   : +0.6579
  PCAWhitenedCosine   : +0.1446
  XGBoost             : +0.0673
  Tiny MLP            : +0.0713
  LDA                 : +0.0589

Method                   | TPR    | FPR    | TrTPR  | TrFPR  | MacroTPR | MacroFPR | Regions | TauMean | ms   | OK? 
--------------------------------------------------------------------------------------------------------------------
Cosine                   | 0.4118 | 0.0409 | 0.4218 | 0.0298 | 0.3617   | 0.0619   | 859     | 0.9318  | 30.9 | FAIL
AndBox-HC                | 0.3913 | 0.0433 | 0.3992 | 0.0298 | 0.3477   | 0.0634   | 859     | 0.0000  | 33.9 | FAIL
PCAWhitenedCosine        | 0.4205 | 0.0315 | 0.4290 | 0.0298 | 0.3491   | 0.0502   | 859     | 1.2337  | 30.7 | FAIL
Vec (Wgt)                | 0.4543 | 0.0417 | 0.4734 | 0.0298 | 0.3888   | 0.0614   | 859     | 0.9327  | 30.3 | FAIL
Log Reg                  | 0.3795 | 0.0417 | 0.3694 | 0.0298 | 0.2809   | 0.0628   | 859     | 0.5119  | 36.5 | FAIL
LDA                      | 0.4016 | 0.0331 | 0.4121 | 0.0298 | 0.3214   | 0.0465   | 859     | 4.1460  | 33.2 | FAIL
Tiny MLP                 | 0.3795 | 0.0378 | 0.3839 | 0.0298 | 0.3009   | 0.0519   | 859     | 0.9518  | 34.7 | FAIL
MultiProtoCosine         | 0.0811 | 0.0425 | 0.0782 | 0.0298 | 0.0556   | 0.0407   | 859     | 0.8853  | 37.2 | FAIL
WeightedEnsemble         | 0.4488 | 0.0354 | 0.4637 | 0.0298 | 0.3784   | 0.0538   | 859     | 1.0792  | 59.2 | FAIL
XGBoost                  | 0.4622 | 0.0425 | 0.4556 | 0.0298 | 0.4011   | 0.0646   | 859     | 0.7272  | 50.8 | FAIL
LDA1+LogReg              | 0.3898 | 0.0441 | 0.3806 | 0.0298 | 0.2881   | 0.0671   | 859     | 0.5118  | 35.5 | FAIL
PCA16+LogReg             | 0.3937 | 0.0465 | 0.3839 | 0.0298 | 0.2963   | 0.0723   | 859     | 0.5120  | 39.6 | FAIL
PCA32+LogReg             | 0.3921 | 0.0449 | 0.3806 | 0.0298 | 0.2949   | 0.0689   | 859     | 0.5122  | 38.1 | FAIL
PCA16+VecWeighted        | 0.1008 | 0.0409 | 0.1048 | 0.0298 | 0.0577   | 0.0209   | 859     | 0.0595  | 34.3 | FAIL
PCA32+VecWeighted        | 0.0850 | 0.0409 | 0.0839 | 0.0298 | 0.0492   | 0.0178   | 859     | 0.0647  | 34.9 | FAIL
StabilizedWhitenedCosine | 0.4031 | 0.0346 | 0.4129 | 0.0298 | 0.3095   | 0.0572   | 859     | 1.2973  | 33.7 | FAIL

[trial=32 seed=74] GLOBAL mode — total_samples=200000
  total: h0=82063 h1=15019
  pooled_train:  n0=1270 n1=1270
  pooled_calib:  n0=1240 n1=1240
  pooled_eval:   n0=1270 n1=1270
  regions (for macro stats only): 1103
[INFO] Cosine baseline routed to direct Hadamard sum (PrecomputedCosine)
[INFO] WeightedEnsemble Cosine judge routed to direct Hadamard sum
  [Ensemble] Judges routed to 'alt' input: PrecomputedCosine
[WeightedEnsemble] Fitted weights (alpha=0.0300, external calib):
  tau=0.9127, Pooled external calib: TPR=0.4960, FPR=0.0298
  PrecomputedCosine   : +0.3209
  PCAWhitenedCosine   : +0.3118
  XGBoost             : +0.3183
  Tiny MLP            : +0.0373
  LDA                 : +0.0115

Method                   | TPR    | FPR    | TrTPR  | TrFPR  | MacroTPR | MacroFPR | Regions | TauMean | ms   | OK? 
--------------------------------------------------------------------------------------------------------------------
Cosine                   | 0.3835 | 0.0409 | 0.3927 | 0.0298 | 0.3366   | 0.0594   | 841     | 0.9511  | 62.2 | FAIL
AndBox-HC                | 0.3000 | 0.0386 | 0.2952 | 0.0298 | 0.2638   | 0.0500   | 841     | 0.0000  | 37.9 | FAIL
PCAWhitenedCosine        | 0.4937 | 0.0457 | 0.4774 | 0.0298 | 0.4017   | 0.0704   | 841     | 1.0861  | 36.0 | FAIL
Vec (Wgt)                | 0.4504 | 0.0480 | 0.4581 | 0.0298 | 0.3830   | 0.0725   | 841     | 0.9355  | 38.4 | FAIL
Log Reg                  | 0.3677 | 0.0323 | 0.3718 | 0.0298 | 0.2585   | 0.0479   | 841     | 0.5140  | 39.7 | FAIL
LDA                      | 0.4354 | 0.0370 | 0.4161 | 0.0298 | 0.3248   | 0.0538   | 841     | 4.1011  | 37.8 | FAIL
Tiny MLP                 | 0.4394 | 0.0402 | 0.4306 | 0.0298 | 0.3308   | 0.0583   | 841     | 0.9313  | 38.3 | FAIL
MultiProtoCosine         | 0.0921 | 0.0339 | 0.0935 | 0.0298 | 0.0556   | 0.0358   | 841     | 0.8809  | 53.9 | FAIL
WeightedEnsemble         | 0.5024 | 0.0496 | 0.4960 | 0.0298 | 0.4100   | 0.0774   | 841     | 0.9127  | 81.1 | FAIL
XGBoost                  | 0.4134 | 0.0402 | 0.4169 | 0.0298 | 0.3558   | 0.0614   | 841     | 0.7616  | 51.0 | FAIL
LDA1+LogReg              | 0.3724 | 0.0331 | 0.3774 | 0.0298 | 0.2612   | 0.0496   | 841     | 0.5139  | 35.6 | FAIL
PCA16+LogReg             | 0.3551 | 0.0307 | 0.3508 | 0.0298 | 0.2519   | 0.0457   | 841     | 0.5145  | 55.9 | FAIL
PCA32+LogReg             | 0.3559 | 0.0339 | 0.3548 | 0.0298 | 0.2497   | 0.0496   | 841     | 0.5144  | 50.5 | FAIL
PCA16+VecWeighted        | 0.0724 | 0.0299 | 0.0806 | 0.0298 | 0.0638   | 0.0324   | 841     | 0.0468  | 64.4 | PASS
PCA32+VecWeighted        | 0.0717 | 0.0236 | 0.0782 | 0.0298 | 0.0680   | 0.0309   | 841     | 0.0527  | 45.0 | PASS
StabilizedWhitenedCosine | 0.4409 | 0.0449 | 0.4452 | 0.0298 | 0.3484   | 0.0666   | 841     | 1.1351  | 35.3 | FAIL

[trial=33 seed=75] GLOBAL mode — total_samples=200000
  total: h0=82063 h1=15019
  pooled_train:  n0=1270 n1=1270
  pooled_calib:  n0=1240 n1=1240
  pooled_eval:   n0=1270 n1=1270
  regions (for macro stats only): 1103
[INFO] Cosine baseline routed to direct Hadamard sum (PrecomputedCosine)
[INFO] WeightedEnsemble Cosine judge routed to direct Hadamard sum
  [Ensemble] Judges routed to 'alt' input: PrecomputedCosine
[WeightedEnsemble] Fitted weights (alpha=0.0300, external calib):
  tau=1.1073, Pooled external calib: TPR=0.4653, FPR=0.0298
  PrecomputedCosine   : +0.0000
  PCAWhitenedCosine   : +1.0000
  XGBoost             : +0.0000
  Tiny MLP            : +0.0000
  LDA                 : +0.0000

Method                   | TPR    | FPR    | TrTPR  | TrFPR  | MacroTPR | MacroFPR | Regions | TauMean | ms   | OK? 
--------------------------------------------------------------------------------------------------------------------
Cosine                   | 0.3661 | 0.0236 | 0.3548 | 0.0298 | 0.3061   | 0.0426   | 857     | 0.9539  | 54.3 | PASS
AndBox-HC                | 0.3417 | 0.0283 | 0.3331 | 0.0298 | 0.2824   | 0.0450   | 857     | -0.0000 | 35.7 | PASS
PCAWhitenedCosine        | 0.4614 | 0.0339 | 0.4653 | 0.0298 | 0.3567   | 0.0488   | 857     | 1.1073  | 49.3 | FAIL
Vec (Wgt)                | 0.4307 | 0.0260 | 0.4282 | 0.0298 | 0.3541   | 0.0455   | 857     | 0.9477  | 37.2 | PASS
Log Reg                  | 0.3512 | 0.0307 | 0.3387 | 0.0298 | 0.2500   | 0.0399   | 857     | 0.5120  | 44.7 | FAIL
LDA                      | 0.3646 | 0.0299 | 0.4056 | 0.0298 | 0.2783   | 0.0457   | 857     | 4.0974  | 36.0 | PASS
Tiny MLP                 | 0.3551 | 0.0244 | 0.3863 | 0.0298 | 0.2638   | 0.0399   | 857     | 0.9346  | 44.9 | PASS
MultiProtoCosine         | 0.0677 | 0.0283 | 0.0903 | 0.0298 | 0.0486   | 0.0239   | 857     | 0.8913  | 37.6 | PASS
WeightedEnsemble         | 0.4614 | 0.0339 | 0.4653 | 0.0298 | 0.3567   | 0.0488   | 857     | 1.1073  | 58.5 | FAIL
XGBoost                  | 0.4425 | 0.0260 | 0.4306 | 0.0298 | 0.3585   | 0.0401   | 857     | 0.7322  | 50.8 | PASS
LDA1+LogReg              | 0.3512 | 0.0299 | 0.3387 | 0.0298 | 0.2517   | 0.0401   | 857     | 0.5122  | 33.9 | PASS
PCA16+LogReg             | 0.3693 | 0.0283 | 0.3581 | 0.0298 | 0.2706   | 0.0366   | 857     | 0.5122  | 36.0 | PASS
PCA32+LogReg             | 0.3882 | 0.0283 | 0.3726 | 0.0298 | 0.2852   | 0.0369   | 857     | 0.5121  | 36.9 | PASS
PCA16+VecWeighted        | 0.1094 | 0.0425 | 0.0927 | 0.0298 | 0.0892   | 0.0405   | 857     | 0.0516  | 34.6 | FAIL
PCA32+VecWeighted        | 0.1213 | 0.0433 | 0.1210 | 0.0298 | 0.0979   | 0.0431   | 857     | 0.0496  | 35.6 | FAIL
StabilizedWhitenedCosine | 0.4472 | 0.0307 | 0.4548 | 0.0298 | 0.3509   | 0.0431   | 857     | 1.0930  | 34.1 | FAIL

[trial=34 seed=76] GLOBAL mode — total_samples=200000
  total: h0=82063 h1=15019
  pooled_train:  n0=1270 n1=1270
  pooled_calib:  n0=1240 n1=1240
  pooled_eval:   n0=1270 n1=1270
  regions (for macro stats only): 1103
[INFO] Cosine baseline routed to direct Hadamard sum (PrecomputedCosine)
[INFO] WeightedEnsemble Cosine judge routed to direct Hadamard sum
  [Ensemble] Judges routed to 'alt' input: PrecomputedCosine
[WeightedEnsemble] Fitted weights (alpha=0.0300, external calib):
  tau=0.9081, Pooled external calib: TPR=0.4855, FPR=0.0298
  PrecomputedCosine   : +0.1369
  PCAWhitenedCosine   : +0.3322
  XGBoost             : +0.4468
  Tiny MLP            : +0.0732
  LDA                 : +0.0110

Method                   | TPR    | FPR    | TrTPR  | TrFPR  | MacroTPR | MacroFPR | Regions | TauMean | ms   | OK? 
--------------------------------------------------------------------------------------------------------------------
Cosine                   | 0.3409 | 0.0244 | 0.3282 | 0.0298 | 0.2848   | 0.0376   | 865     | 0.9661  | 31.1 | PASS
AndBox-HC                | 0.2819 | 0.0276 | 0.2935 | 0.0298 | 0.2471   | 0.0431   | 865     | 0.0001  | 33.6 | PASS
PCAWhitenedCosine        | 0.4449 | 0.0291 | 0.4581 | 0.0298 | 0.3405   | 0.0469   | 865     | 1.1913  | 31.0 | PASS
Vec (Wgt)                | 0.4055 | 0.0268 | 0.4048 | 0.0298 | 0.3289   | 0.0418   | 865     | 0.9610  | 30.7 | PASS
Log Reg                  | 0.4000 | 0.0307 | 0.4016 | 0.0298 | 0.2931   | 0.0411   | 865     | 0.5125  | 37.3 | FAIL
LDA                      | 0.3787 | 0.0228 | 0.3710 | 0.0298 | 0.3000   | 0.0356   | 865     | 4.4192  | 33.4 | PASS
Tiny MLP                 | 0.3465 | 0.0276 | 0.3492 | 0.0298 | 0.2731   | 0.0443   | 865     | 0.9507  | 35.0 | PASS
MultiProtoCosine         | 0.0764 | 0.0354 | 0.0879 | 0.0298 | 0.0466   | 0.0265   | 865     | 0.8926  | 37.6 | FAIL
WeightedEnsemble         | 0.4811 | 0.0283 | 0.4855 | 0.0298 | 0.3845   | 0.0463   | 865     | 0.9081  | 58.6 | PASS
XGBoost                  | 0.4252 | 0.0315 | 0.4266 | 0.0298 | 0.3536   | 0.0473   | 865     | 0.7536  | 51.4 | FAIL
LDA1+LogReg              | 0.4016 | 0.0331 | 0.4089 | 0.0298 | 0.2936   | 0.0448   | 865     | 0.5124  | 33.8 | FAIL
PCA16+LogReg             | 0.4000 | 0.0354 | 0.4081 | 0.0298 | 0.2952   | 0.0475   | 865     | 0.5126  | 36.0 | FAIL
PCA32+LogReg             | 0.3976 | 0.0323 | 0.4024 | 0.0298 | 0.2934   | 0.0431   | 865     | 0.5128  | 37.0 | FAIL
PCA16+VecWeighted        | 0.1583 | 0.0386 | 0.1790 | 0.0298 | 0.1067   | 0.0436   | 865     | 0.0428  | 34.7 | FAIL
PCA32+VecWeighted        | 0.1205 | 0.0370 | 0.1427 | 0.0298 | 0.0830   | 0.0331   | 865     | 0.0524  | 35.5 | FAIL
StabilizedWhitenedCosine | 0.4780 | 0.0299 | 0.4798 | 0.0298 | 0.3758   | 0.0450   | 865     | 1.0836  | 34.2 | PASS

[trial=35 seed=77] GLOBAL mode — total_samples=200000
  total: h0=82063 h1=15019
  pooled_train:  n0=1270 n1=1270
  pooled_calib:  n0=1240 n1=1240
  pooled_eval:   n0=1270 n1=1270
  regions (for macro stats only): 1103
[INFO] Cosine baseline routed to direct Hadamard sum (PrecomputedCosine)
[INFO] WeightedEnsemble Cosine judge routed to direct Hadamard sum
  [Ensemble] Judges routed to 'alt' input: PrecomputedCosine
[WeightedEnsemble] Fitted weights (alpha=0.0300, external calib):
  tau=0.9012, Pooled external calib: TPR=0.4806, FPR=0.0298
  PrecomputedCosine   : +0.1369
  PCAWhitenedCosine   : +0.3322
  XGBoost             : +0.4468
  Tiny MLP            : +0.0732
  LDA                 : +0.0110

Method                   | TPR    | FPR    | TrTPR  | TrFPR  | MacroTPR | MacroFPR | Regions | TauMean | ms   | OK? 
--------------------------------------------------------------------------------------------------------------------
Cosine                   | 0.3795 | 0.0260 | 0.3710 | 0.0298 | 0.3380   | 0.0429   | 862     | 0.9466  | 51.9 | PASS
AndBox-HC                | 0.3567 | 0.0276 | 0.3379 | 0.0298 | 0.3171   | 0.0436   | 862     | 0.0001  | 35.9 | PASS
PCAWhitenedCosine        | 0.4512 | 0.0331 | 0.4427 | 0.0298 | 0.3571   | 0.0480   | 862     | 1.1368  | 30.4 | FAIL
Vec (Wgt)                | 0.4157 | 0.0276 | 0.4226 | 0.0298 | 0.3589   | 0.0458   | 862     | 0.9473  | 30.4 | PASS
Log Reg                  | 0.4000 | 0.0268 | 0.3911 | 0.0298 | 0.2875   | 0.0379   | 862     | 0.5118  | 36.2 | PASS
LDA                      | 0.3811 | 0.0299 | 0.3855 | 0.0298 | 0.2908   | 0.0459   | 862     | 4.2807  | 32.8 | PASS
Tiny MLP                 | 0.3843 | 0.0291 | 0.3879 | 0.0298 | 0.2914   | 0.0421   | 862     | 0.9586  | 34.4 | PASS
MultiProtoCosine         | 0.0827 | 0.0181 | 0.0879 | 0.0298 | 0.0510   | 0.0185   | 862     | 0.8821  | 37.1 | PASS
WeightedEnsemble         | 0.4898 | 0.0346 | 0.4806 | 0.0298 | 0.3852   | 0.0507   | 862     | 0.9012  | 58.3 | FAIL
XGBoost                  | 0.4520 | 0.0291 | 0.4371 | 0.0298 | 0.3747   | 0.0454   | 862     | 0.7452  | 50.3 | PASS
LDA1+LogReg              | 0.3992 | 0.0268 | 0.3919 | 0.0298 | 0.2875   | 0.0379   | 862     | 0.5119  | 33.5 | PASS
PCA16+LogReg             | 0.3866 | 0.0268 | 0.3863 | 0.0298 | 0.2809   | 0.0362   | 862     | 0.5124  | 35.5 | PASS
PCA32+LogReg             | 0.3992 | 0.0276 | 0.3976 | 0.0298 | 0.2902   | 0.0379   | 862     | 0.5122  | 36.8 | PASS
PCA16+VecWeighted        | 0.1000 | 0.0181 | 0.1081 | 0.0298 | 0.0569   | 0.0111   | 862     | 0.0505  | 34.2 | PASS
PCA32+VecWeighted        | 0.0961 | 0.0181 | 0.1105 | 0.0298 | 0.0616   | 0.0125   | 862     | 0.0528  | 34.8 | PASS
StabilizedWhitenedCosine | 0.4283 | 0.0276 | 0.4306 | 0.0298 | 0.3403   | 0.0430   | 862     | 1.1418  | 34.1 | PASS

[trial=36 seed=78] GLOBAL mode — total_samples=200000
  total: h0=82063 h1=15019
  pooled_train:  n0=1270 n1=1270
  pooled_calib:  n0=1240 n1=1240
  pooled_eval:   n0=1270 n1=1270
  regions (for macro stats only): 1103
[INFO] Cosine baseline routed to direct Hadamard sum (PrecomputedCosine)
[INFO] WeightedEnsemble Cosine judge routed to direct Hadamard sum
  [Ensemble] Judges routed to 'alt' input: PrecomputedCosine
[WeightedEnsemble] Fitted weights (alpha=0.0300, external calib):
  tau=0.9939, Pooled external calib: TPR=0.4774, FPR=0.0298
  PrecomputedCosine   : +0.4352
  PCAWhitenedCosine   : +0.0957
  XGBoost             : +0.1866
  Tiny MLP            : +0.2341
  LDA                 : +0.0484

Method                   | TPR    | FPR    | TrTPR  | TrFPR  | MacroTPR | MacroFPR | Regions | TauMean | ms   | OK? 
--------------------------------------------------------------------------------------------------------------------
Cosine                   | 0.3402 | 0.0197 | 0.3315 | 0.0298 | 0.2820   | 0.0279   | 861     | 0.9601  | 43.9 | PASS
AndBox-HC                | 0.3039 | 0.0220 | 0.2927 | 0.0298 | 0.2610   | 0.0345   | 861     | 0.0001  | 34.1 | PASS
PCAWhitenedCosine        | 0.4465 | 0.0283 | 0.4387 | 0.0298 | 0.3483   | 0.0433   | 861     | 1.1916  | 30.8 | PASS
Vec (Wgt)                | 0.3953 | 0.0244 | 0.4032 | 0.0298 | 0.3196   | 0.0362   | 861     | 0.9550  | 30.3 | PASS
Log Reg                  | 0.3299 | 0.0134 | 0.3194 | 0.0298 | 0.2296   | 0.0193   | 861     | 0.5138  | 36.5 | PASS
LDA                      | 0.4228 | 0.0189 | 0.4081 | 0.0298 | 0.3182   | 0.0316   | 861     | 4.2278  | 33.0 | PASS
Tiny MLP                 | 0.4000 | 0.0244 | 0.3879 | 0.0298 | 0.2959   | 0.0384   | 861     | 0.9347  | 34.8 | PASS
MultiProtoCosine         | 0.0984 | 0.0268 | 0.0952 | 0.0298 | 0.0607   | 0.0223   | 861     | 0.8864  | 37.5 | PASS
WeightedEnsemble         | 0.4732 | 0.0276 | 0.4774 | 0.0298 | 0.3714   | 0.0438   | 861     | 0.9939  | 58.2 | PASS
XGBoost                  | 0.3732 | 0.0213 | 0.3702 | 0.0298 | 0.2955   | 0.0333   | 861     | 0.7769  | 51.2 | PASS
LDA1+LogReg              | 0.3354 | 0.0134 | 0.3250 | 0.0298 | 0.2354   | 0.0193   | 861     | 0.5137  | 33.7 | PASS
PCA16+LogReg             | 0.3465 | 0.0142 | 0.3452 | 0.0298 | 0.2466   | 0.0197   | 861     | 0.5137  | 35.6 | PASS
PCA32+LogReg             | 0.3512 | 0.0157 | 0.3468 | 0.0298 | 0.2504   | 0.0204   | 861     | 0.5136  | 36.4 | PASS
PCA16+VecWeighted        | 0.0346 | 0.0441 | 0.0492 | 0.0298 | 0.0351   | 0.0452   | 861     | 0.0484  | 34.3 | FAIL
PCA32+VecWeighted        | 0.0504 | 0.0441 | 0.0460 | 0.0298 | 0.0444   | 0.0456   | 861     | 0.0527  | 35.3 | FAIL
StabilizedWhitenedCosine | 0.4268 | 0.0236 | 0.4121 | 0.0298 | 0.3294   | 0.0350   | 861     | 1.1866  | 34.1 | PASS

[trial=37 seed=79] GLOBAL mode — total_samples=200000
  total: h0=82063 h1=15019
  pooled_train:  n0=1270 n1=1270
  pooled_calib:  n0=1240 n1=1240
  pooled_eval:   n0=1270 n1=1270
  regions (for macro stats only): 1103
[INFO] Cosine baseline routed to direct Hadamard sum (PrecomputedCosine)
[INFO] WeightedEnsemble Cosine judge routed to direct Hadamard sum
  [Ensemble] Judges routed to 'alt' input: PrecomputedCosine
[WeightedEnsemble] Fitted weights (alpha=0.0300, external calib):
  tau=0.9056, Pooled external calib: TPR=0.5081, FPR=0.0298
  PrecomputedCosine   : +0.4364
  PCAWhitenedCosine   : +0.0571
  XGBoost             : +0.1048
  Tiny MLP            : +0.3819
  LDA                 : +0.0199

Method                   | TPR    | FPR    | TrTPR  | TrFPR  | MacroTPR | MacroFPR | Regions | TauMean | ms   | OK? 
--------------------------------------------------------------------------------------------------------------------
Cosine                   | 0.3835 | 0.0315 | 0.3815 | 0.0298 | 0.3538   | 0.0455   | 857     | 0.9452  | 56.1 | FAIL
AndBox-HC                | 0.2811 | 0.0283 | 0.2565 | 0.0298 | 0.2501   | 0.0397   | 857     | 0.0001  | 33.7 | PASS
PCAWhitenedCosine        | 0.4559 | 0.0299 | 0.4556 | 0.0298 | 0.3592   | 0.0332   | 857     | 1.1830  | 30.7 | PASS
Vec (Wgt)                | 0.4449 | 0.0323 | 0.4266 | 0.0298 | 0.3873   | 0.0475   | 857     | 0.9512  | 30.4 | FAIL
Log Reg                  | 0.4394 | 0.0441 | 0.4153 | 0.0298 | 0.3389   | 0.0599   | 857     | 0.5111  | 36.4 | FAIL
LDA                      | 0.4606 | 0.0307 | 0.4306 | 0.0298 | 0.3595   | 0.0352   | 857     | 3.9892  | 33.0 | FAIL
Tiny MLP                 | 0.4173 | 0.0299 | 0.3903 | 0.0298 | 0.3203   | 0.0369   | 857     | 0.9289  | 34.8 | PASS
MultiProtoCosine         | 0.0913 | 0.0339 | 0.0710 | 0.0298 | 0.0597   | 0.0232   | 857     | 0.8883  | 37.3 | FAIL
WeightedEnsemble         | 0.5323 | 0.0339 | 0.5081 | 0.0298 | 0.4514   | 0.0429   | 857     | 0.9056  | 62.6 | FAIL
XGBoost                  | 0.4677 | 0.0346 | 0.4524 | 0.0298 | 0.4126   | 0.0519   | 857     | 0.7358  | 51.4 | FAIL
LDA1+LogReg              | 0.4496 | 0.0457 | 0.4250 | 0.0298 | 0.3481   | 0.0624   | 857     | 0.5109  | 38.0 | FAIL
PCA16+LogReg             | 0.4488 | 0.0417 | 0.4234 | 0.0298 | 0.3493   | 0.0566   | 857     | 0.5113  | 41.2 | FAIL
PCA32+LogReg             | 0.4551 | 0.0417 | 0.4347 | 0.0298 | 0.3532   | 0.0566   | 857     | 0.5114  | 39.8 | FAIL
PCA16+VecWeighted        | 0.1047 | 0.0331 | 0.0927 | 0.0298 | 0.0861   | 0.0353   | 857     | 0.0498  | 34.3 | FAIL
PCA32+VecWeighted        | 0.0945 | 0.0370 | 0.0927 | 0.0298 | 0.0864   | 0.0381   | 857     | 0.0505  | 35.1 | FAIL
StabilizedWhitenedCosine | 0.4567 | 0.0339 | 0.4581 | 0.0298 | 0.3618   | 0.0420   | 857     | 1.1998  | 34.1 | FAIL

[trial=38 seed=80] GLOBAL mode — total_samples=200000
  total: h0=82063 h1=15019
  pooled_train:  n0=1270 n1=1270
  pooled_calib:  n0=1240 n1=1240
  pooled_eval:   n0=1270 n1=1270
  regions (for macro stats only): 1103
[INFO] Cosine baseline routed to direct Hadamard sum (PrecomputedCosine)
[INFO] WeightedEnsemble Cosine judge routed to direct Hadamard sum
  [Ensemble] Judges routed to 'alt' input: PrecomputedCosine
[WeightedEnsemble] Fitted weights (alpha=0.0300, external calib):
  tau=1.0106, Pooled external calib: TPR=0.4782, FPR=0.0298
  PrecomputedCosine   : +0.1195
  PCAWhitenedCosine   : +0.3770
  XGBoost             : +0.2691
  Tiny MLP            : +0.2045
  LDA                 : +0.0298

Method                   | TPR    | FPR    | TrTPR  | TrFPR  | MacroTPR | MacroFPR | Regions | TauMean | ms    | OK? 
---------------------------------------------------------------------------------------------------------------------
Cosine                   | 0.3386 | 0.0346 | 0.3339 | 0.0298 | 0.2770   | 0.0478   | 871     | 0.9670  | 37.4  | FAIL
AndBox-HC                | 0.3433 | 0.0386 | 0.3395 | 0.0298 | 0.2840   | 0.0530   | 871     | 0.0001  | 33.5  | FAIL
PCAWhitenedCosine        | 0.4638 | 0.0504 | 0.4734 | 0.0298 | 0.3454   | 0.0675   | 871     | 1.1594  | 37.9  | FAIL
Vec (Wgt)                | 0.3937 | 0.0331 | 0.3895 | 0.0298 | 0.3117   | 0.0466   | 871     | 0.9628  | 32.4  | FAIL
Log Reg                  | 0.3535 | 0.0331 | 0.3468 | 0.0298 | 0.2491   | 0.0438   | 871     | 0.5136  | 63.0  | FAIL
LDA                      | 0.4031 | 0.0409 | 0.4024 | 0.0298 | 0.3098   | 0.0549   | 871     | 4.1895  | 65.0  | FAIL
Tiny MLP                 | 0.4283 | 0.0409 | 0.4081 | 0.0298 | 0.3148   | 0.0557   | 871     | 0.9242  | 78.7  | FAIL
MultiProtoCosine         | 0.0693 | 0.0268 | 0.0855 | 0.0298 | 0.0476   | 0.0220   | 871     | 0.8884  | 43.9  | PASS
WeightedEnsemble         | 0.4827 | 0.0472 | 0.4782 | 0.0298 | 0.3646   | 0.0641   | 871     | 1.0106  | 66.8  | FAIL
XGBoost                  | 0.3756 | 0.0323 | 0.3718 | 0.0298 | 0.2898   | 0.0437   | 871     | 0.7770  | 68.2  | FAIL
LDA1+LogReg              | 0.3512 | 0.0323 | 0.3516 | 0.0298 | 0.2469   | 0.0435   | 871     | 0.5137  | 84.4  | FAIL
PCA16+LogReg             | 0.3780 | 0.0370 | 0.3847 | 0.0298 | 0.2760   | 0.0504   | 871     | 0.5132  | 78.7  | FAIL
PCA32+LogReg             | 0.3772 | 0.0378 | 0.3895 | 0.0298 | 0.2725   | 0.0512   | 871     | 0.5132  | 84.5  | FAIL
PCA16+VecWeighted        | 0.1591 | 0.0260 | 0.1484 | 0.0298 | 0.1012   | 0.0316   | 871     | 0.0362  | 41.4  | PASS
PCA32+VecWeighted        | 0.1409 | 0.0315 | 0.1331 | 0.0298 | 0.0885   | 0.0305   | 871     | 0.0441  | 123.4 | FAIL
StabilizedWhitenedCosine | 0.4378 | 0.0386 | 0.4556 | 0.0298 | 0.3400   | 0.0511   | 871     | 1.2002  | 71.1  | FAIL

[trial=39 seed=81] GLOBAL mode — total_samples=200000
  total: h0=82063 h1=15019
  pooled_train:  n0=1270 n1=1270
  pooled_calib:  n0=1240 n1=1240
  pooled_eval:   n0=1270 n1=1270
  regions (for macro stats only): 1103
[INFO] Cosine baseline routed to direct Hadamard sum (PrecomputedCosine)
[INFO] WeightedEnsemble Cosine judge routed to direct Hadamard sum
  [Ensemble] Judges routed to 'alt' input: PrecomputedCosine
[WeightedEnsemble] Fitted weights (alpha=0.0300, external calib):
  tau=1.3503, Pooled external calib: TPR=0.5387, FPR=0.0298
  PrecomputedCosine   : +0.1115
  PCAWhitenedCosine   : +0.3269
  XGBoost             : +0.1138
  Tiny MLP            : +0.2685
  LDA                 : +0.1794

Method                   | TPR    | FPR    | TrTPR  | TrFPR  | MacroTPR | MacroFPR | Regions | TauMean | ms   | OK? 
--------------------------------------------------------------------------------------------------------------------
Cosine                   | 0.3614 | 0.0409 | 0.3548 | 0.0298 | 0.3125   | 0.0536   | 872     | 0.9554  | 57.4 | FAIL
AndBox-HC                | 0.3331 | 0.0417 | 0.3403 | 0.0298 | 0.2811   | 0.0539   | 872     | 0.0001  | 31.9 | FAIL
PCAWhitenedCosine        | 0.4811 | 0.0449 | 0.4734 | 0.0298 | 0.3726   | 0.0596   | 872     | 1.1536  | 30.8 | FAIL
Vec (Wgt)                | 0.4087 | 0.0409 | 0.4081 | 0.0298 | 0.3414   | 0.0536   | 872     | 0.9519  | 30.9 | FAIL
Log Reg                  | 0.3866 | 0.0307 | 0.3798 | 0.0298 | 0.2852   | 0.0406   | 872     | 0.5131  | 38.0 | FAIL
LDA                      | 0.5126 | 0.0433 | 0.4968 | 0.0298 | 0.3878   | 0.0609   | 872     | 3.6738  | 33.3 | FAIL
Tiny MLP                 | 0.4661 | 0.0370 | 0.4452 | 0.0298 | 0.3524   | 0.0540   | 872     | 0.9254  | 35.2 | FAIL
MultiProtoCosine         | 0.0929 | 0.0283 | 0.0863 | 0.0298 | 0.0446   | 0.0256   | 872     | 0.8818  | 37.7 | PASS
WeightedEnsemble         | 0.5504 | 0.0449 | 0.5387 | 0.0298 | 0.4267   | 0.0612   | 872     | 1.3503  | 58.9 | FAIL
XGBoost                  | 0.4150 | 0.0402 | 0.3847 | 0.0298 | 0.3420   | 0.0506   | 872     | 0.7593  | 50.9 | FAIL
LDA1+LogReg              | 0.3874 | 0.0323 | 0.3798 | 0.0298 | 0.2861   | 0.0417   | 872     | 0.5132  | 34.5 | FAIL
PCA16+LogReg             | 0.3575 | 0.0268 | 0.3508 | 0.0298 | 0.2692   | 0.0364   | 872     | 0.5140  | 36.6 | PASS
PCA32+LogReg             | 0.3827 | 0.0315 | 0.3750 | 0.0298 | 0.2843   | 0.0423   | 872     | 0.5135  | 37.2 | FAIL
PCA16+VecWeighted        | 0.1157 | 0.0236 | 0.1089 | 0.0298 | 0.0861   | 0.0247   | 872     | 0.0457  | 34.7 | PASS
PCA32+VecWeighted        | 0.1150 | 0.0283 | 0.1056 | 0.0298 | 0.0842   | 0.0260   | 872     | 0.0460  | 35.8 | PASS
StabilizedWhitenedCosine | 0.4528 | 0.0331 | 0.4282 | 0.0298 | 0.3603   | 0.0437   | 872     | 1.1721  | 34.3 | FAIL

[trial=40 seed=82] GLOBAL mode — total_samples=200000
  total: h0=82063 h1=15019
  pooled_train:  n0=1270 n1=1270
  pooled_calib:  n0=1240 n1=1240
  pooled_eval:   n0=1270 n1=1270
  regions (for macro stats only): 1103
[INFO] Cosine baseline routed to direct Hadamard sum (PrecomputedCosine)
[INFO] WeightedEnsemble Cosine judge routed to direct Hadamard sum
  [Ensemble] Judges routed to 'alt' input: PrecomputedCosine
[WeightedEnsemble] Fitted weights (alpha=0.0300, external calib):
  tau=1.0017, Pooled external calib: TPR=0.4492, FPR=0.0298
  PrecomputedCosine   : +0.5316
  PCAWhitenedCosine   : +0.2031
  XGBoost             : +0.0553
  Tiny MLP            : +0.1785
  LDA                 : +0.0315

Method                   | TPR    | FPR    | TrTPR  | TrFPR  | MacroTPR | MacroFPR | Regions | TauMean | ms   | OK? 
--------------------------------------------------------------------------------------------------------------------
Cosine                   | 0.3528 | 0.0220 | 0.3444 | 0.0298 | 0.3081   | 0.0307   | 866     | 0.9540  | 31.1 | PASS
AndBox-HC                | 0.2811 | 0.0228 | 0.2903 | 0.0298 | 0.2453   | 0.0342   | 866     | 0.0001  | 33.8 | PASS
PCAWhitenedCosine        | 0.4323 | 0.0220 | 0.4298 | 0.0298 | 0.3391   | 0.0307   | 866     | 1.1662  | 30.8 | PASS
Vec (Wgt)                | 0.4079 | 0.0236 | 0.4032 | 0.0298 | 0.3374   | 0.0307   | 866     | 0.9542  | 30.5 | PASS
Log Reg                  | 0.3528 | 0.0236 | 0.3476 | 0.0298 | 0.2527   | 0.0271   | 866     | 0.5122  | 36.4 | PASS
LDA                      | 0.4189 | 0.0252 | 0.3919 | 0.0298 | 0.3198   | 0.0357   | 866     | 4.0502  | 32.7 | PASS
Tiny MLP                 | 0.4063 | 0.0220 | 0.3782 | 0.0298 | 0.3094   | 0.0301   | 866     | 0.9412  | 35.7 | PASS
MultiProtoCosine         | 0.1024 | 0.0260 | 0.0927 | 0.0298 | 0.0582   | 0.0188   | 866     | 0.8864  | 37.0 | PASS
WeightedEnsemble         | 0.4543 | 0.0236 | 0.4492 | 0.0298 | 0.3652   | 0.0348   | 866     | 1.0017  | 57.9 | PASS
XGBoost                  | 0.4024 | 0.0260 | 0.3944 | 0.0298 | 0.3329   | 0.0342   | 866     | 0.7565  | 50.2 | PASS
LDA1+LogReg              | 0.3268 | 0.0220 | 0.3153 | 0.0298 | 0.2230   | 0.0238   | 866     | 0.5124  | 33.5 | PASS
PCA16+LogReg             | 0.3465 | 0.0228 | 0.3355 | 0.0298 | 0.2472   | 0.0267   | 866     | 0.5126  | 35.5 | PASS
PCA32+LogReg             | 0.3457 | 0.0228 | 0.3347 | 0.0298 | 0.2446   | 0.0262   | 866     | 0.5126  | 36.7 | PASS
PCA16+VecWeighted        | 0.0992 | 0.0236 | 0.0879 | 0.0298 | 0.0533   | 0.0217   | 866     | 0.0660  | 34.2 | PASS
PCA32+VecWeighted        | 0.0858 | 0.0323 | 0.0742 | 0.0298 | 0.0485   | 0.0197   | 866     | 0.0679  | 35.2 | FAIL
StabilizedWhitenedCosine | 0.4331 | 0.0260 | 0.4298 | 0.0298 | 0.3572   | 0.0329   | 866     | 1.1205  | 33.8 | PASS

[trial=41 seed=83] GLOBAL mode — total_samples=200000
  total: h0=82063 h1=15019
  pooled_train:  n0=1270 n1=1270
  pooled_calib:  n0=1240 n1=1240
  pooled_eval:   n0=1270 n1=1270
  regions (for macro stats only): 1103
[INFO] Cosine baseline routed to direct Hadamard sum (PrecomputedCosine)
[INFO] WeightedEnsemble Cosine judge routed to direct Hadamard sum
  [Ensemble] Judges routed to 'alt' input: PrecomputedCosine
[WeightedEnsemble] Fitted weights (alpha=0.0300, external calib):
  tau=0.9206, Pooled external calib: TPR=0.4927, FPR=0.0298
  PrecomputedCosine   : +0.4364
  PCAWhitenedCosine   : +0.0571
  XGBoost             : +0.1048
  Tiny MLP            : +0.3819
  LDA                 : +0.0199

Method                   | TPR    | FPR    | TrTPR  | TrFPR  | MacroTPR | MacroFPR | Regions | TauMean | ms   | OK? 
--------------------------------------------------------------------------------------------------------------------
Cosine                   | 0.3472 | 0.0315 | 0.3411 | 0.0298 | 0.2879   | 0.0455   | 859     | 0.9537  | 60.1 | FAIL
AndBox-HC                | 0.3504 | 0.0339 | 0.3339 | 0.0298 | 0.2981   | 0.0457   | 859     | 0.0000  | 32.8 | FAIL
PCAWhitenedCosine        | 0.4197 | 0.0283 | 0.4218 | 0.0298 | 0.3277   | 0.0412   | 859     | 1.1869  | 30.4 | PASS
Vec (Wgt)                | 0.4213 | 0.0323 | 0.4169 | 0.0298 | 0.3407   | 0.0443   | 859     | 0.9550  | 30.8 | FAIL
Log Reg                  | 0.3772 | 0.0323 | 0.3855 | 0.0298 | 0.2760   | 0.0432   | 859     | 0.5122  | 36.2 | FAIL
LDA                      | 0.3717 | 0.0331 | 0.3855 | 0.0298 | 0.2808   | 0.0492   | 859     | 4.1877  | 32.9 | FAIL
Tiny MLP                 | 0.3614 | 0.0315 | 0.3790 | 0.0298 | 0.2674   | 0.0466   | 859     | 0.9553  | 34.5 | FAIL
MultiProtoCosine         | 0.1079 | 0.0386 | 0.1234 | 0.0298 | 0.0599   | 0.0343   | 859     | 0.8866  | 37.4 | FAIL
WeightedEnsemble         | 0.4866 | 0.0378 | 0.4927 | 0.0298 | 0.3842   | 0.0526   | 859     | 0.9206  | 58.5 | FAIL
XGBoost                  | 0.4110 | 0.0362 | 0.4282 | 0.0298 | 0.3263   | 0.0503   | 859     | 0.7547  | 50.4 | FAIL
LDA1+LogReg              | 0.3386 | 0.0331 | 0.3435 | 0.0298 | 0.2496   | 0.0447   | 859     | 0.5124  | 33.8 | FAIL
PCA16+LogReg             | 0.3567 | 0.0315 | 0.3661 | 0.0298 | 0.2682   | 0.0399   | 859     | 0.5125  | 35.7 | FAIL
PCA32+LogReg             | 0.3748 | 0.0315 | 0.3798 | 0.0298 | 0.2779   | 0.0415   | 859     | 0.5122  | 36.8 | FAIL
PCA16+VecWeighted        | 0.0772 | 0.0283 | 0.0774 | 0.0298 | 0.0713   | 0.0360   | 859     | 0.0542  | 34.9 | PASS
PCA32+VecWeighted        | 0.0843 | 0.0213 | 0.0774 | 0.0298 | 0.0700   | 0.0291   | 859     | 0.0627  | 35.0 | PASS
StabilizedWhitenedCosine | 0.4370 | 0.0346 | 0.4484 | 0.0298 | 0.3486   | 0.0479   | 859     | 1.1122  | 33.9 | FAIL

[trial=42 seed=84] GLOBAL mode — total_samples=200000
  total: h0=82063 h1=15019
  pooled_train:  n0=1270 n1=1270
  pooled_calib:  n0=1240 n1=1240
  pooled_eval:   n0=1270 n1=1270
  regions (for macro stats only): 1103
[INFO] Cosine baseline routed to direct Hadamard sum (PrecomputedCosine)
[INFO] WeightedEnsemble Cosine judge routed to direct Hadamard sum
  [Ensemble] Judges routed to 'alt' input: PrecomputedCosine
[WeightedEnsemble] Fitted weights (alpha=0.0300, external calib):
  tau=1.1877, Pooled external calib: TPR=0.4871, FPR=0.0298
  PrecomputedCosine   : +0.0588
  PCAWhitenedCosine   : +0.4134
  XGBoost             : +0.3025
  Tiny MLP            : +0.0887
  LDA                 : +0.1365

Method                   | TPR    | FPR    | TrTPR  | TrFPR  | MacroTPR | MacroFPR | Regions | TauMean | ms   | OK? 
--------------------------------------------------------------------------------------------------------------------
Cosine                   | 0.4126 | 0.0323 | 0.3895 | 0.0298 | 0.3619   | 0.0474   | 866     | 0.9391  | 54.0 | FAIL
AndBox-HC                | 0.3307 | 0.0331 | 0.2863 | 0.0298 | 0.2797   | 0.0496   | 866     | 0.0000  | 34.0 | FAIL
PCAWhitenedCosine        | 0.4787 | 0.0354 | 0.4581 | 0.0298 | 0.3791   | 0.0505   | 866     | 1.1080  | 30.8 | FAIL
Vec (Wgt)                | 0.4276 | 0.0283 | 0.4048 | 0.0298 | 0.3603   | 0.0423   | 866     | 0.9453  | 30.5 | PASS
Log Reg                  | 0.3780 | 0.0244 | 0.3427 | 0.0298 | 0.2810   | 0.0337   | 866     | 0.5126  | 36.4 | PASS
LDA                      | 0.4173 | 0.0268 | 0.3968 | 0.0298 | 0.3167   | 0.0354   | 866     | 3.9447  | 33.1 | PASS
Tiny MLP                 | 0.4433 | 0.0299 | 0.4097 | 0.0298 | 0.3368   | 0.0406   | 866     | 0.9073  | 34.9 | PASS
MultiProtoCosine         | 0.0772 | 0.0276 | 0.0613 | 0.0298 | 0.0478   | 0.0198   | 866     | 0.8949  | 58.2 | PASS
WeightedEnsemble         | 0.5126 | 0.0370 | 0.4871 | 0.0298 | 0.3982   | 0.0531   | 866     | 1.1877  | 79.9 | FAIL
XGBoost                  | 0.4472 | 0.0354 | 0.4266 | 0.0298 | 0.3767   | 0.0510   | 866     | 0.7476  | 50.7 | FAIL
LDA1+LogReg              | 0.3748 | 0.0213 | 0.3395 | 0.0298 | 0.2781   | 0.0299   | 866     | 0.5128  | 33.7 | PASS
PCA16+LogReg             | 0.3780 | 0.0228 | 0.3395 | 0.0298 | 0.2823   | 0.0313   | 866     | 0.5132  | 35.6 | PASS
PCA32+LogReg             | 0.3858 | 0.0236 | 0.3476 | 0.0298 | 0.2946   | 0.0330   | 866     | 0.5128  | 36.3 | PASS
PCA16+VecWeighted        | 0.0780 | 0.0315 | 0.0758 | 0.0298 | 0.0745   | 0.0378   | 866     | 0.0545  | 34.9 | FAIL
PCA32+VecWeighted        | 0.0898 | 0.0307 | 0.0927 | 0.0298 | 0.0824   | 0.0355   | 866     | 0.0550  | 35.4 | FAIL
StabilizedWhitenedCosine | 0.4567 | 0.0323 | 0.4266 | 0.0298 | 0.3517   | 0.0493   | 866     | 1.1764  | 33.8 | FAIL

[trial=43 seed=85] GLOBAL mode — total_samples=200000
  total: h0=82063 h1=15019
  pooled_train:  n0=1270 n1=1270
  pooled_calib:  n0=1240 n1=1240
  pooled_eval:   n0=1270 n1=1270
  regions (for macro stats only): 1103
[INFO] Cosine baseline routed to direct Hadamard sum (PrecomputedCosine)
[INFO] WeightedEnsemble Cosine judge routed to direct Hadamard sum
  [Ensemble] Judges routed to 'alt' input: PrecomputedCosine
[WeightedEnsemble] Fitted weights (alpha=0.0300, external calib):
  tau=1.0439, Pooled external calib: TPR=0.4742, FPR=0.0298
  PrecomputedCosine   : +0.0477
  PCAWhitenedCosine   : +0.4884
  XGBoost             : +0.3290
  Tiny MLP            : +0.0838
  LDA                 : +0.0511

Method                   | TPR    | FPR    | TrTPR  | TrFPR  | MacroTPR | MacroFPR | Regions | TauMean | ms    | OK? 
---------------------------------------------------------------------------------------------------------------------
Cosine                   | 0.3787 | 0.0323 | 0.3718 | 0.0298 | 0.3038   | 0.0456   | 849     | 0.9507  | 61.0  | FAIL
AndBox-HC                | 0.3764 | 0.0346 | 0.3790 | 0.0298 | 0.3121   | 0.0523   | 849     | -0.0000 | 49.6  | FAIL
PCAWhitenedCosine        | 0.4535 | 0.0283 | 0.4411 | 0.0298 | 0.3508   | 0.0409   | 849     | 1.1463  | 31.7  | PASS
Vec (Wgt)                | 0.4252 | 0.0346 | 0.4137 | 0.0298 | 0.3360   | 0.0487   | 849     | 0.9487  | 32.5  | FAIL
Log Reg                  | 0.3213 | 0.0291 | 0.3250 | 0.0298 | 0.2387   | 0.0427   | 849     | 0.5128  | 38.3  | PASS
LDA                      | 0.4276 | 0.0307 | 0.4048 | 0.0298 | 0.3353   | 0.0424   | 849     | 3.8712  | 33.5  | FAIL
Tiny MLP                 | 0.4126 | 0.0276 | 0.4089 | 0.0298 | 0.3222   | 0.0428   | 849     | 0.9204  | 44.0  | PASS
MultiProtoCosine         | 0.0740 | 0.0402 | 0.0798 | 0.0298 | 0.0462   | 0.0308   | 849     | 0.8851  | 57.2  | FAIL
WeightedEnsemble         | 0.4850 | 0.0346 | 0.4742 | 0.0298 | 0.3811   | 0.0494   | 849     | 1.0439  | 115.5 | FAIL
XGBoost                  | 0.4110 | 0.0346 | 0.4016 | 0.0298 | 0.3201   | 0.0445   | 849     | 0.7522  | 52.0  | FAIL
LDA1+LogReg              | 0.3252 | 0.0299 | 0.3306 | 0.0298 | 0.2435   | 0.0431   | 849     | 0.5127  | 55.9  | PASS
PCA16+LogReg             | 0.3575 | 0.0315 | 0.3516 | 0.0298 | 0.2710   | 0.0457   | 849     | 0.5124  | 59.5  | FAIL
PCA32+LogReg             | 0.3654 | 0.0323 | 0.3581 | 0.0298 | 0.2789   | 0.0466   | 849     | 0.5122  | 57.7  | FAIL
PCA16+VecWeighted        | 0.0575 | 0.0354 | 0.0516 | 0.0298 | 0.0527   | 0.0370   | 849     | 0.0456  | 60.5  | FAIL
PCA32+VecWeighted        | 0.0701 | 0.0252 | 0.0629 | 0.0298 | 0.0556   | 0.0273   | 849     | 0.0493  | 47.2  | PASS
StabilizedWhitenedCosine | 0.4591 | 0.0323 | 0.4508 | 0.0298 | 0.3617   | 0.0414   | 849     | 1.1208  | 71.1  | FAIL

[trial=44 seed=86] GLOBAL mode — total_samples=200000
  total: h0=82063 h1=15019
  pooled_train:  n0=1270 n1=1270
  pooled_calib:  n0=1240 n1=1240
  pooled_eval:   n0=1270 n1=1270
  regions (for macro stats only): 1103
[INFO] Cosine baseline routed to direct Hadamard sum (PrecomputedCosine)
[INFO] WeightedEnsemble Cosine judge routed to direct Hadamard sum
  [Ensemble] Judges routed to 'alt' input: PrecomputedCosine
[WeightedEnsemble] Fitted weights (alpha=0.0300, external calib):
  tau=0.9474, Pooled external calib: TPR=0.5387, FPR=0.0298
  PrecomputedCosine   : +0.5316
  PCAWhitenedCosine   : +0.2031
  XGBoost             : +0.0553
  Tiny MLP            : +0.1785
  LDA                 : +0.0315

Method                   | TPR    | FPR    | TrTPR  | TrFPR  | MacroTPR | MacroFPR | Regions | TauMean | ms   | OK? 
--------------------------------------------------------------------------------------------------------------------
Cosine                   | 0.3835 | 0.0276 | 0.4089 | 0.0298 | 0.3222   | 0.0463   | 852     | 0.9435  | 29.4 | PASS
AndBox-HC                | 0.3236 | 0.0315 | 0.3540 | 0.0298 | 0.2749   | 0.0506   | 852     | 0.0001  | 43.1 | FAIL
PCAWhitenedCosine        | 0.4685 | 0.0425 | 0.4774 | 0.0298 | 0.3593   | 0.0590   | 852     | 1.0878  | 30.3 | FAIL
Vec (Wgt)                | 0.4228 | 0.0291 | 0.4548 | 0.0298 | 0.3452   | 0.0472   | 852     | 0.9429  | 29.9 | PASS
Log Reg                  | 0.4346 | 0.0339 | 0.4452 | 0.0298 | 0.3167   | 0.0439   | 852     | 0.5105  | 36.1 | FAIL
LDA                      | 0.4189 | 0.0323 | 0.4387 | 0.0298 | 0.3218   | 0.0483   | 852     | 3.8714  | 32.5 | FAIL
Tiny MLP                 | 0.4409 | 0.0370 | 0.4452 | 0.0298 | 0.3394   | 0.0525   | 852     | 0.9044  | 34.2 | FAIL
MultiProtoCosine         | 0.0811 | 0.0402 | 0.0823 | 0.0298 | 0.0617   | 0.0407   | 852     | 0.8873  | 36.7 | FAIL
WeightedEnsemble         | 0.5047 | 0.0402 | 0.5387 | 0.0298 | 0.4005   | 0.0546   | 852     | 0.9474  | 58.0 | FAIL
XGBoost                  | 0.4551 | 0.0291 | 0.4685 | 0.0298 | 0.3742   | 0.0464   | 852     | 0.7267  | 50.7 | PASS
LDA1+LogReg              | 0.4370 | 0.0346 | 0.4508 | 0.0298 | 0.3208   | 0.0456   | 852     | 0.5106  | 33.5 | FAIL
PCA16+LogReg             | 0.4331 | 0.0354 | 0.4476 | 0.0298 | 0.3197   | 0.0463   | 852     | 0.5109  | 35.5 | FAIL
PCA32+LogReg             | 0.4378 | 0.0354 | 0.4605 | 0.0298 | 0.3222   | 0.0477   | 852     | 0.5108  | 36.7 | FAIL
PCA16+VecWeighted        | 0.0630 | 0.0299 | 0.0548 | 0.0298 | 0.0543   | 0.0306   | 852     | 0.0541  | 34.4 | PASS
PCA32+VecWeighted        | 0.0354 | 0.0268 | 0.0435 | 0.0298 | 0.0328   | 0.0282   | 852     | 0.0553  | 35.0 | PASS
StabilizedWhitenedCosine | 0.4717 | 0.0339 | 0.4968 | 0.0298 | 0.3675   | 0.0490   | 852     | 1.0384  | 33.6 | FAIL

[trial=45 seed=87] GLOBAL mode — total_samples=200000
  total: h0=82063 h1=15019
  pooled_train:  n0=1270 n1=1270
  pooled_calib:  n0=1240 n1=1240
  pooled_eval:   n0=1270 n1=1270
  regions (for macro stats only): 1103
[INFO] Cosine baseline routed to direct Hadamard sum (PrecomputedCosine)
[INFO] WeightedEnsemble Cosine judge routed to direct Hadamard sum
  [Ensemble] Judges routed to 'alt' input: PrecomputedCosine
[WeightedEnsemble] Fitted weights (alpha=0.0300, external calib):
  tau=1.0557, Pooled external calib: TPR=0.4685, FPR=0.0298
  PrecomputedCosine   : +0.5316
  PCAWhitenedCosine   : +0.2031
  XGBoost             : +0.0553
  Tiny MLP            : +0.1785
  LDA                 : +0.0315

Method                   | TPR    | FPR    | TrTPR  | TrFPR  | MacroTPR | MacroFPR | Regions | TauMean | ms   | OK? 
--------------------------------------------------------------------------------------------------------------------
Cosine                   | 0.3598 | 0.0276 | 0.3621 | 0.0298 | 0.3148   | 0.0382   | 857     | 0.9555  | 29.7 | PASS
AndBox-HC                | 0.3252 | 0.0299 | 0.3129 | 0.0298 | 0.2794   | 0.0390   | 857     | 0.0000  | 35.8 | PASS
PCAWhitenedCosine        | 0.4252 | 0.0307 | 0.4419 | 0.0298 | 0.3296   | 0.0428   | 857     | 1.2815  | 30.7 | FAIL
Vec (Wgt)                | 0.4220 | 0.0268 | 0.4185 | 0.0298 | 0.3561   | 0.0370   | 857     | 0.9487  | 30.7 | PASS
Log Reg                  | 0.4016 | 0.0260 | 0.4097 | 0.0298 | 0.2931   | 0.0436   | 857     | 0.5129  | 36.5 | PASS
LDA                      | 0.3677 | 0.0291 | 0.3734 | 0.0298 | 0.2755   | 0.0450   | 857     | 4.5305  | 33.0 | PASS
Tiny MLP                 | 0.3803 | 0.0283 | 0.3887 | 0.0298 | 0.2820   | 0.0433   | 857     | 0.9456  | 34.8 | PASS
MultiProtoCosine         | 0.0811 | 0.0252 | 0.0774 | 0.0298 | 0.0488   | 0.0235   | 857     | 0.8847  | 37.2 | PASS
WeightedEnsemble         | 0.4504 | 0.0299 | 0.4685 | 0.0298 | 0.3549   | 0.0428   | 857     | 1.0557  | 58.3 | PASS
XGBoost                  | 0.3898 | 0.0244 | 0.3992 | 0.0298 | 0.3217   | 0.0309   | 857     | 0.7745  | 51.0 | PASS
LDA1+LogReg              | 0.4063 | 0.0260 | 0.4129 | 0.0298 | 0.2961   | 0.0436   | 857     | 0.5130  | 33.6 | PASS
PCA16+LogReg             | 0.4181 | 0.0315 | 0.4202 | 0.0298 | 0.3095   | 0.0502   | 857     | 0.5130  | 35.5 | FAIL
PCA32+LogReg             | 0.4244 | 0.0299 | 0.4226 | 0.0298 | 0.3093   | 0.0487   | 857     | 0.5129  | 36.6 | PASS
PCA16+VecWeighted        | 0.0614 | 0.0283 | 0.0589 | 0.0298 | 0.0573   | 0.0298   | 857     | 0.0385  | 34.3 | PASS
PCA32+VecWeighted        | 0.0756 | 0.0339 | 0.0653 | 0.0298 | 0.0528   | 0.0359   | 857     | 0.0441  | 35.1 | FAIL
StabilizedWhitenedCosine | 0.3866 | 0.0307 | 0.4169 | 0.0298 | 0.3080   | 0.0438   | 857     | 1.2778  | 33.9 | FAIL

[trial=46 seed=88] GLOBAL mode — total_samples=200000
  total: h0=82063 h1=15019
  pooled_train:  n0=1270 n1=1270
  pooled_calib:  n0=1240 n1=1240
  pooled_eval:   n0=1270 n1=1270
  regions (for macro stats only): 1103
[INFO] Cosine baseline routed to direct Hadamard sum (PrecomputedCosine)
[INFO] WeightedEnsemble Cosine judge routed to direct Hadamard sum
  [Ensemble] Judges routed to 'alt' input: PrecomputedCosine
[WeightedEnsemble] Fitted weights (alpha=0.0300, external calib):
  tau=1.2510, Pooled external calib: TPR=0.4992, FPR=0.0298
  PrecomputedCosine   : +0.2042
  PCAWhitenedCosine   : +0.1982
  XGBoost             : +0.4393
  Tiny MLP            : +0.0111
  LDA                 : +0.1471

Method                   | TPR    | FPR    | TrTPR  | TrFPR  | MacroTPR | MacroFPR | Regions | TauMean | ms   | OK? 
--------------------------------------------------------------------------------------------------------------------
Cosine                   | 0.3591 | 0.0189 | 0.3621 | 0.0298 | 0.3129   | 0.0315   | 866     | 0.9578  | 29.4 | PASS
AndBox-HC                | 0.3024 | 0.0220 | 0.2903 | 0.0298 | 0.2567   | 0.0358   | 866     | 0.0001  | 37.7 | PASS
PCAWhitenedCosine        | 0.4961 | 0.0268 | 0.4871 | 0.0298 | 0.3772   | 0.0423   | 866     | 1.0903  | 30.6 | PASS
Vec (Wgt)                | 0.4449 | 0.0252 | 0.4266 | 0.0298 | 0.3799   | 0.0428   | 866     | 0.9454  | 30.6 | PASS
Log Reg                  | 0.3189 | 0.0252 | 0.3266 | 0.0298 | 0.2219   | 0.0303   | 866     | 0.5123  | 36.8 | PASS
LDA                      | 0.4220 | 0.0323 | 0.4298 | 0.0298 | 0.3203   | 0.0473   | 866     | 4.0058  | 33.0 | FAIL
Tiny MLP                 | 0.3512 | 0.0299 | 0.3758 | 0.0298 | 0.2666   | 0.0445   | 866     | 0.9471  | 34.9 | PASS
MultiProtoCosine         | 0.0819 | 0.0276 | 0.0734 | 0.0298 | 0.0491   | 0.0251   | 866     | 0.8861  | 37.1 | PASS
WeightedEnsemble         | 0.4811 | 0.0291 | 0.4992 | 0.0298 | 0.3720   | 0.0471   | 866     | 1.2510  | 58.5 | PASS
XGBoost                  | 0.4236 | 0.0276 | 0.4371 | 0.0298 | 0.3514   | 0.0447   | 866     | 0.7528  | 50.2 | PASS
LDA1+LogReg              | 0.3291 | 0.0252 | 0.3371 | 0.0298 | 0.2300   | 0.0303   | 866     | 0.5122  | 33.8 | PASS
PCA16+LogReg             | 0.3551 | 0.0244 | 0.3710 | 0.0298 | 0.2610   | 0.0327   | 866     | 0.5116  | 35.4 | PASS
PCA32+LogReg             | 0.3543 | 0.0252 | 0.3677 | 0.0298 | 0.2550   | 0.0347   | 866     | 0.5117  | 36.4 | PASS
PCA16+VecWeighted        | 0.0417 | 0.0268 | 0.0266 | 0.0298 | 0.0278   | 0.0126   | 866     | 0.0614  | 34.3 | PASS
PCA32+VecWeighted        | 0.0189 | 0.0276 | 0.0153 | 0.0298 | 0.0194   | 0.0083   | 866     | 0.0642  | 35.0 | PASS
StabilizedWhitenedCosine | 0.4528 | 0.0244 | 0.4581 | 0.0298 | 0.3605   | 0.0392   | 866     | 1.1453  | 34.2 | PASS

[trial=47 seed=89] GLOBAL mode — total_samples=200000
  total: h0=82063 h1=15019
  pooled_train:  n0=1270 n1=1270
  pooled_calib:  n0=1240 n1=1240
  pooled_eval:   n0=1270 n1=1270
  regions (for macro stats only): 1103
[INFO] Cosine baseline routed to direct Hadamard sum (PrecomputedCosine)
[INFO] WeightedEnsemble Cosine judge routed to direct Hadamard sum
  [Ensemble] Judges routed to 'alt' input: PrecomputedCosine
[WeightedEnsemble] Fitted weights (alpha=0.0300, external calib):
  tau=1.0010, Pooled external calib: TPR=0.4661, FPR=0.0298
  PrecomputedCosine   : +0.4352
  PCAWhitenedCosine   : +0.0957
  XGBoost             : +0.1866
  Tiny MLP            : +0.2341
  LDA                 : +0.0484

Method                   | TPR    | FPR    | TrTPR  | TrFPR  | MacroTPR | MacroFPR | Regions | TauMean | ms   | OK? 
--------------------------------------------------------------------------------------------------------------------
Cosine                   | 0.3362 | 0.0291 | 0.3411 | 0.0298 | 0.2827   | 0.0386   | 870     | 0.9656  | 31.0 | PASS
AndBox-HC                | 0.3630 | 0.0315 | 0.3395 | 0.0298 | 0.3146   | 0.0435   | 870     | 0.0001  | 33.9 | FAIL
PCAWhitenedCosine        | 0.4276 | 0.0283 | 0.4274 | 0.0298 | 0.3407   | 0.0472   | 870     | 1.2675  | 31.6 | PASS
Vec (Wgt)                | 0.4213 | 0.0315 | 0.4121 | 0.0298 | 0.3469   | 0.0481   | 870     | 0.9551  | 30.8 | FAIL
Log Reg                  | 0.3315 | 0.0354 | 0.3403 | 0.0298 | 0.2570   | 0.0534   | 870     | 0.5146  | 36.7 | FAIL
LDA                      | 0.4378 | 0.0433 | 0.4161 | 0.0298 | 0.3468   | 0.0609   | 870     | 4.0008  | 33.1 | FAIL
Tiny MLP                 | 0.4150 | 0.0409 | 0.3952 | 0.0298 | 0.3216   | 0.0629   | 870     | 0.9231  | 34.8 | FAIL
MultiProtoCosine         | 0.0850 | 0.0228 | 0.0831 | 0.0298 | 0.0563   | 0.0238   | 870     | 0.8831  | 37.3 | PASS
WeightedEnsemble         | 0.4827 | 0.0425 | 0.4661 | 0.0298 | 0.4032   | 0.0610   | 870     | 1.0010  | 59.1 | FAIL
XGBoost                  | 0.4189 | 0.0315 | 0.4145 | 0.0298 | 0.3435   | 0.0429   | 870     | 0.7566  | 51.1 | FAIL
LDA1+LogReg              | 0.3339 | 0.0362 | 0.3411 | 0.0298 | 0.2586   | 0.0542   | 870     | 0.5147  | 40.7 | FAIL
PCA16+LogReg             | 0.3606 | 0.0370 | 0.3710 | 0.0298 | 0.2814   | 0.0562   | 870     | 0.5139  | 43.9 | FAIL
PCA32+LogReg             | 0.3638 | 0.0386 | 0.3669 | 0.0298 | 0.2851   | 0.0584   | 870     | 0.5139  | 39.6 | FAIL
PCA16+VecWeighted        | 0.1307 | 0.0323 | 0.1500 | 0.0298 | 0.1178   | 0.0392   | 870     | 0.0452  | 34.6 | FAIL
PCA32+VecWeighted        | 0.1236 | 0.0260 | 0.1379 | 0.0298 | 0.1001   | 0.0307   | 870     | 0.0509  | 35.2 | PASS
StabilizedWhitenedCosine | 0.4441 | 0.0323 | 0.4476 | 0.0298 | 0.3595   | 0.0480   | 870     | 1.1622  | 34.0 | FAIL

[trial=48 seed=90] GLOBAL mode — total_samples=200000
  total: h0=82063 h1=15019
  pooled_train:  n0=1270 n1=1270
  pooled_calib:  n0=1240 n1=1240
  pooled_eval:   n0=1270 n1=1270
  regions (for macro stats only): 1103
[INFO] Cosine baseline routed to direct Hadamard sum (PrecomputedCosine)
[INFO] WeightedEnsemble Cosine judge routed to direct Hadamard sum
  [Ensemble] Judges routed to 'alt' input: PrecomputedCosine
[WeightedEnsemble] Fitted weights (alpha=0.0300, external calib):
  tau=0.7632, Pooled external calib: TPR=0.4105, FPR=0.0298
  PrecomputedCosine   : +0.0000
  PCAWhitenedCosine   : +0.0000
  XGBoost             : +1.0000
  Tiny MLP            : +0.0000
  LDA                 : +0.0000

Method                   | TPR    | FPR    | TrTPR  | TrFPR  | MacroTPR | MacroFPR | Regions | TauMean | ms   | OK? 
--------------------------------------------------------------------------------------------------------------------
Cosine                   | 0.3205 | 0.0220 | 0.3161 | 0.0298 | 0.2877   | 0.0306   | 861     | 0.9680  | 30.1 | PASS
AndBox-HC                | 0.3197 | 0.0244 | 0.3234 | 0.0298 | 0.2760   | 0.0346   | 861     | 0.0001  | 32.5 | PASS
PCAWhitenedCosine        | 0.4047 | 0.0307 | 0.4089 | 0.0298 | 0.3236   | 0.0469   | 861     | 1.1945  | 31.2 | FAIL
Vec (Wgt)                | 0.3850 | 0.0236 | 0.3823 | 0.0298 | 0.3340   | 0.0354   | 861     | 0.9592  | 30.8 | PASS
Log Reg                  | 0.3417 | 0.0339 | 0.3508 | 0.0298 | 0.2541   | 0.0490   | 861     | 0.5134  | 36.9 | FAIL
LDA                      | 0.3685 | 0.0276 | 0.3823 | 0.0298 | 0.2893   | 0.0443   | 861     | 4.2853  | 33.3 | PASS
Tiny MLP                 | 0.3622 | 0.0307 | 0.3581 | 0.0298 | 0.2837   | 0.0504   | 861     | 0.9463  | 40.4 | FAIL
MultiProtoCosine         | 0.0780 | 0.0220 | 0.0694 | 0.0298 | 0.0446   | 0.0203   | 861     | 0.8946  | 48.3 | PASS
WeightedEnsemble         | 0.4118 | 0.0299 | 0.4105 | 0.0298 | 0.3508   | 0.0433   | 861     | 0.7632  | 65.8 | PASS
XGBoost                  | 0.4118 | 0.0299 | 0.4105 | 0.0298 | 0.3508   | 0.0433   | 861     | 0.7632  | 51.4 | PASS
LDA1+LogReg              | 0.3370 | 0.0323 | 0.3500 | 0.0298 | 0.2517   | 0.0478   | 861     | 0.5136  | 34.0 | FAIL
PCA16+LogReg             | 0.3402 | 0.0323 | 0.3548 | 0.0298 | 0.2594   | 0.0479   | 861     | 0.5136  | 35.9 | FAIL
PCA32+LogReg             | 0.3402 | 0.0315 | 0.3516 | 0.0298 | 0.2582   | 0.0474   | 861     | 0.5138  | 37.1 | FAIL
PCA16+VecWeighted        | 0.0559 | 0.0307 | 0.0565 | 0.0298 | 0.0496   | 0.0357   | 861     | 0.0541  | 34.9 | FAIL
PCA32+VecWeighted        | 0.0732 | 0.0323 | 0.0790 | 0.0298 | 0.0801   | 0.0443   | 861     | 0.0563  | 35.3 | FAIL
StabilizedWhitenedCosine | 0.3969 | 0.0362 | 0.3960 | 0.0298 | 0.3273   | 0.0558   | 861     | 1.1706  | 34.2 | FAIL

[trial=49 seed=91] GLOBAL mode — total_samples=200000
  total: h0=82063 h1=15019
  pooled_train:  n0=1270 n1=1270
  pooled_calib:  n0=1240 n1=1240
  pooled_eval:   n0=1270 n1=1270
  regions (for macro stats only): 1103
[INFO] Cosine baseline routed to direct Hadamard sum (PrecomputedCosine)
[INFO] WeightedEnsemble Cosine judge routed to direct Hadamard sum
  [Ensemble] Judges routed to 'alt' input: PrecomputedCosine
[WeightedEnsemble] Fitted weights (alpha=0.0300, external calib):
  tau=1.0859, Pooled external calib: TPR=0.5185, FPR=0.0298
  PrecomputedCosine   : +0.1298
  PCAWhitenedCosine   : +0.1391
  XGBoost             : +0.2872
  Tiny MLP            : +0.3596
  LDA                 : +0.0844

Method                   | TPR    | FPR    | TrTPR  | TrFPR  | MacroTPR | MacroFPR | Regions | TauMean | ms    | OK? 
---------------------------------------------------------------------------------------------------------------------
Cosine                   | 0.3606 | 0.0252 | 0.3742 | 0.0298 | 0.3129   | 0.0363   | 859     | 0.9541  | 40.5  | PASS
AndBox-HC                | 0.2835 | 0.0228 | 0.3161 | 0.0298 | 0.2584   | 0.0319   | 859     | 0.0001  | 43.1  | PASS
PCAWhitenedCosine        | 0.3843 | 0.0228 | 0.4234 | 0.0298 | 0.3076   | 0.0382   | 859     | 1.3148  | 45.5  | PASS
Vec (Wgt)                | 0.3976 | 0.0268 | 0.4290 | 0.0298 | 0.3304   | 0.0419   | 859     | 0.9602  | 32.8  | PASS
Log Reg                  | 0.3969 | 0.0331 | 0.4242 | 0.0298 | 0.2903   | 0.0494   | 859     | 0.5116  | 45.0  | FAIL
LDA                      | 0.4575 | 0.0409 | 0.4855 | 0.0298 | 0.3679   | 0.0622   | 859     | 3.8150  | 47.2  | FAIL
Tiny MLP                 | 0.4252 | 0.0409 | 0.4694 | 0.0298 | 0.3481   | 0.0617   | 859     | 0.9162  | 40.9  | FAIL
MultiProtoCosine         | 0.0685 | 0.0276 | 0.0782 | 0.0298 | 0.0488   | 0.0241   | 859     | 0.8934  | 45.3  | PASS
WeightedEnsemble         | 0.4882 | 0.0362 | 0.5185 | 0.0298 | 0.3913   | 0.0594   | 859     | 1.0859  | 90.0  | FAIL
XGBoost                  | 0.4118 | 0.0283 | 0.4202 | 0.0298 | 0.3349   | 0.0393   | 859     | 0.7580  | 87.5  | PASS
LDA1+LogReg              | 0.3976 | 0.0331 | 0.4250 | 0.0298 | 0.2909   | 0.0494   | 859     | 0.5117  | 118.8 | FAIL
PCA16+LogReg             | 0.4276 | 0.0370 | 0.4677 | 0.0298 | 0.3142   | 0.0590   | 859     | 0.5113  | 54.2  | FAIL
PCA32+LogReg             | 0.4252 | 0.0346 | 0.4548 | 0.0298 | 0.3051   | 0.0546   | 859     | 0.5116  | 67.0  | FAIL
PCA16+VecWeighted        | 0.1386 | 0.0189 | 0.1460 | 0.0298 | 0.0842   | 0.0192   | 859     | 0.0433  | 41.0  | PASS
PCA32+VecWeighted        | 0.1378 | 0.0236 | 0.1306 | 0.0298 | 0.0811   | 0.0229   | 859     | 0.0476  | 48.1  | PASS
StabilizedWhitenedCosine | 0.3969 | 0.0260 | 0.4250 | 0.0298 | 0.3362   | 0.0417   | 859     | 1.2365  | 70.3  | PASS

=== Ranking by mean micro TPR (UNCONSTRAINED) ===
 1. WeightedEnsemble   TPR=0.4749±0.0318 FPR=0.0322±0.0071 [FAIL]
 2. PCAWhitenedCosine  TPR=0.4386±0.0337 FPR=0.0289±0.0069 [PASS]
 3. StabilizedWhitenedCosine TPR=0.4314±0.0313 FPR=0.0298±0.0060 [PASS]
 4. Vec (Wgt)          TPR=0.4190±0.0274 FPR=0.0301±0.0066 [FAIL]
 5. XGBoost            TPR=0.4125±0.0324 FPR=0.0304±0.0065 [FAIL]
 6. LDA                TPR=0.4108±0.0346 FPR=0.0299±0.0066 [PASS]
 7. Tiny MLP           TPR=0.3928±0.0375 FPR=0.0302±0.0073 [FAIL]
 8. PCA32+LogReg       TPR=0.3741±0.0371 FPR=0.0304±0.0063 [FAIL]
 9. PCA16+LogReg       TPR=0.3716±0.0347 FPR=0.0306±0.0068 [FAIL]
10. Log Reg            TPR=0.3662±0.0373 FPR=0.0301±0.0061 [FAIL]
11. Cosine             TPR=0.3627±0.0329 FPR=0.0290±0.0065 [PASS]
12. LDA1+LogReg        TPR=0.3623±0.0398 FPR=0.0303±0.0064 [FAIL]
13. AndBox-HC          TPR=0.3269±0.0430 FPR=0.0301±0.0069 [FAIL]
14. PCA32+VecWeighted  TPR=0.0857±0.0419 FPR=0.0314±0.0063 [FAIL]
15. PCA16+VecWeighted  TPR=0.0855±0.0437 FPR=0.0312±0.0057 [FAIL]
16. MultiProtoCosine   TPR=0.0849±0.0139 FPR=0.0299±0.0069 [PASS]

=== Ranking by mean micro TPR (CONSTRAINED: FPR <= alpha) ===
 1. PCAWhitenedCosine  TPR=0.4386±0.0337 FPR=0.0289±0.0069
 2. StabilizedWhitenedCosine TPR=0.4314±0.0313 FPR=0.0298±0.0060
 3. LDA                TPR=0.4108±0.0346 FPR=0.0299±0.0066
 4. Cosine             TPR=0.3627±0.0329 FPR=0.0290±0.0065
 5. MultiProtoCosine   TPR=0.0849±0.0139 FPR=0.0299±0.0069
[CSV] Saved: /home/malmatal/Projects/Multi_Dim_Threshold/NeighborCache/outputs/region_local_threshold/run_20260507_084126/trial_summary.csv
[JSON] Saved: /home/malmatal/Projects/Multi_Dim_Threshold/NeighborCache/outputs/region_local_threshold/run_20260507_084126/ranking.json
[CSV] Saved: /home/malmatal/Projects/Multi_Dim_Threshold/NeighborCache/outputs/region_local_threshold/run_20260507_084126/weighted_ensemble_meta_weights.csv
[JSON] Saved: /home/malmatal/Projects/Multi_Dim_Threshold/NeighborCache/outputs/region_local_threshold/run_20260507_084126/notes.json

Best (constrained FPR <= alpha): PCAWhitenedCosine
[Done] outputs at: /home/malmatal/Projects/Multi_Dim_Threshold/NeighborCache/outputs/region_local_threshold/run_20260507_084126
