<frozen runpy>:128: RuntimeWarning: 'NeighborCache.region_local_threshold.cli' found in sys.modules after import of package 'NeighborCache.region_local_threshold', but prior to execution of 'NeighborCache.region_local_threshold.cli'; this may result in unpredictable behaviour
[INFO] Using features key='emb' dim=768
[INFO] Applied Hadamard preprocessing (strategy=centroid_nearest, use_delta_vec=False, use_abs_diff=False) to X_main

=== Region Threshold Benchmark ===
dataset_npz=NeighborCache/data/h1h0_final_langcache.npz
region_key=global_cluster (resolved=global_cluster, unique=1103)
features=emb+hadamard rows=200000 dim=768
text_pairs=text+region_anchor[centroid_nearest]
alpha=0.05 tie_mode=ge trials=50 base_seed=42
tau_mode=global
hadamard_preprocess=True
abs_diff_only_preprocess=False
use_delta_vec=False
use_abs_diff=False
normalize_data=False
filter_policy=none
train_cosine_policy_active=False
caps: train=1270 calib=1240 eval=1270
mins: min_h0_eval=20 min_h1_eval=20
run_dir=/home/malmatal/Projects/Multi_Dim_Threshold/NeighborCache/outputs/region_local_threshold/run_20260507_090027

[trial=0 seed=42] GLOBAL mode — total_samples=200000
  total: h0=82063 h1=15019
  pooled_train:  n0=1270 n1=1270
  pooled_calib:  n0=1240 n1=1240
  pooled_eval:   n0=1270 n1=1270
  regions (for macro stats only): 1103
[INFO] Cosine baseline routed to direct Hadamard sum (PrecomputedCosine)
[INFO] WeightedEnsemble Cosine judge routed to direct Hadamard sum
  [Ensemble] Judges routed to 'alt' input: PrecomputedCosine
[WeightedEnsemble] Fitted weights (alpha=0.0500, external calib):
  tau=0.8489, Pooled external calib: TPR=0.5766, FPR=0.0500
  PrecomputedCosine   : +0.4364
  PCAWhitenedCosine   : +0.0571
  XGBoost             : +0.1048
  Tiny MLP            : +0.3819
  LDA                 : +0.0199

Method                   | TPR    | FPR    | TrTPR  | TrFPR  | MacroTPR | MacroFPR | Regions | TauMean | ms   | OK? 
--------------------------------------------------------------------------------------------------------------------
Cosine                   | 0.4354 | 0.0622 | 0.4637 | 0.0500 | 0.3856   | 0.0922   | 868     | 0.8969  | 29.7 | FAIL
AndBox-HC                | 0.3858 | 0.0575 | 0.4024 | 0.0500 | 0.3386   | 0.0822   | 868     | 0.0000  | 39.0 | FAIL
PCAWhitenedCosine        | 0.5189 | 0.0512 | 0.5427 | 0.0500 | 0.4228   | 0.0804   | 868     | 0.9321  | 30.6 | FAIL
Vec (Wgt)                | 0.4937 | 0.0606 | 0.5226 | 0.0500 | 0.4212   | 0.0914   | 868     | 0.8997  | 30.2 | FAIL
Log Reg                  | 0.4701 | 0.0449 | 0.4944 | 0.0500 | 0.3715   | 0.0714   | 868     | 0.5105  | 36.8 | PASS
LDA                      | 0.4906 | 0.0567 | 0.5323 | 0.0500 | 0.3895   | 0.0838   | 868     | 3.1398  | 33.0 | FAIL
Tiny MLP                 | 0.4850 | 0.0591 | 0.5323 | 0.0500 | 0.3860   | 0.0890   | 868     | 0.8544  | 34.6 | FAIL
MultiProtoCosine         | 0.1157 | 0.0315 | 0.1113 | 0.0500 | 0.0787   | 0.0305   | 868     | 0.8749  | 37.5 | PASS
WeightedEnsemble         | 0.5417 | 0.0583 | 0.5766 | 0.0500 | 0.4472   | 0.0906   | 868     | 0.8489  | 59.1 | FAIL
XGBoost                  | 0.5039 | 0.0614 | 0.5306 | 0.0500 | 0.4274   | 0.0895   | 868     | 0.6792  | 50.9 | FAIL
LDA1+LogReg              | 0.4598 | 0.0409 | 0.4798 | 0.0500 | 0.3634   | 0.0637   | 868     | 0.5103  | 34.4 | PASS
PCA16+LogReg             | 0.4677 | 0.0441 | 0.4911 | 0.0500 | 0.3688   | 0.0708   | 868     | 0.5105  | 42.3 | PASS
PCA32+LogReg             | 0.4709 | 0.0457 | 0.4919 | 0.0500 | 0.3738   | 0.0727   | 868     | 0.5104  | 38.1 | PASS
PCA16+VecWeighted        | 0.0276 | 0.0409 | 0.0355 | 0.0500 | 0.0311   | 0.0418   | 868     | 0.0475  | 34.6 | PASS
PCA32+VecWeighted        | 0.0331 | 0.0394 | 0.0274 | 0.0500 | 0.0369   | 0.0412   | 868     | 0.0517  | 35.4 | PASS
StabilizedWhitenedCosine | 0.4724 | 0.0480 | 0.4944 | 0.0500 | 0.3892   | 0.0713   | 868     | 1.0335  | 34.2 | PASS

[trial=1 seed=43] GLOBAL mode — total_samples=200000
  total: h0=82063 h1=15019
  pooled_train:  n0=1270 n1=1270
  pooled_calib:  n0=1240 n1=1240
  pooled_eval:   n0=1270 n1=1270
  regions (for macro stats only): 1103
[INFO] Cosine baseline routed to direct Hadamard sum (PrecomputedCosine)
[INFO] WeightedEnsemble Cosine judge routed to direct Hadamard sum
  [Ensemble] Judges routed to 'alt' input: PrecomputedCosine
[WeightedEnsemble] Fitted weights (alpha=0.0500, external calib):
  tau=0.9881, Pooled external calib: TPR=0.5290, FPR=0.0500
  PrecomputedCosine   : +0.4176
  PCAWhitenedCosine   : +0.3460
  XGBoost             : +0.0864
  Tiny MLP            : +0.0990
  LDA                 : +0.0511

Method                   | TPR    | FPR    | TrTPR  | TrFPR  | MacroTPR | MacroFPR | Regions | TauMean | ms   | OK? 
--------------------------------------------------------------------------------------------------------------------
Cosine                   | 0.4417 | 0.0520 | 0.4589 | 0.0500 | 0.4017   | 0.0795   | 850     | 0.9086  | 45.8 | FAIL
AndBox-HC                | 0.4748 | 0.0598 | 0.4960 | 0.0500 | 0.4164   | 0.0903   | 850     | 0.0001  | 61.9 | FAIL
PCAWhitenedCosine        | 0.5071 | 0.0402 | 0.4863 | 0.0500 | 0.3871   | 0.0539   | 850     | 1.0070  | 51.0 | PASS
Vec (Wgt)                | 0.4819 | 0.0480 | 0.4879 | 0.0500 | 0.4217   | 0.0733   | 850     | 0.9214  | 52.3 | PASS
Log Reg                  | 0.4213 | 0.0480 | 0.4056 | 0.0500 | 0.3064   | 0.0602   | 850     | 0.5115  | 37.3 | PASS
LDA                      | 0.4858 | 0.0449 | 0.4758 | 0.0500 | 0.3707   | 0.0696   | 850     | 3.4667  | 47.3 | PASS
Tiny MLP                 | 0.4417 | 0.0362 | 0.4194 | 0.0500 | 0.3327   | 0.0624   | 850     | 0.9284  | 49.2 | PASS
MultiProtoCosine         | 0.1047 | 0.0394 | 0.1089 | 0.0500 | 0.0636   | 0.0339   | 850     | 0.8794  | 38.4 | PASS
WeightedEnsemble         | 0.5378 | 0.0465 | 0.5290 | 0.0500 | 0.4221   | 0.0678   | 850     | 0.9881  | 73.6 | PASS
XGBoost                  | 0.4890 | 0.0488 | 0.4927 | 0.0500 | 0.4097   | 0.0713   | 850     | 0.7210  | 52.4 | PASS
LDA1+LogReg              | 0.3921 | 0.0449 | 0.3774 | 0.0500 | 0.2837   | 0.0557   | 850     | 0.5118  | 37.8 | PASS
PCA16+LogReg             | 0.4165 | 0.0488 | 0.4048 | 0.0500 | 0.3124   | 0.0612   | 850     | 0.5115  | 39.4 | PASS
PCA32+LogReg             | 0.4157 | 0.0465 | 0.4032 | 0.0500 | 0.3041   | 0.0576   | 850     | 0.5116  | 68.0 | PASS
PCA16+VecWeighted        | 0.0929 | 0.0465 | 0.1000 | 0.0500 | 0.1065   | 0.0502   | 850     | 0.0451  | 70.2 | PASS
PCA32+VecWeighted        | 0.1031 | 0.0480 | 0.1121 | 0.0500 | 0.1065   | 0.0581   | 850     | 0.0466  | 65.8 | PASS
StabilizedWhitenedCosine | 0.5173 | 0.0480 | 0.5177 | 0.0500 | 0.4168   | 0.0729   | 850     | 0.9882  | 69.3 | PASS

[trial=2 seed=44] GLOBAL mode — total_samples=200000
  total: h0=82063 h1=15019
  pooled_train:  n0=1270 n1=1270
  pooled_calib:  n0=1240 n1=1240
  pooled_eval:   n0=1270 n1=1270
  regions (for macro stats only): 1103
[INFO] Cosine baseline routed to direct Hadamard sum (PrecomputedCosine)
[INFO] WeightedEnsemble Cosine judge routed to direct Hadamard sum
  [Ensemble] Judges routed to 'alt' input: PrecomputedCosine
[WeightedEnsemble] Fitted weights (alpha=0.0500, external calib):
  tau=0.8068, Pooled external calib: TPR=0.5387, FPR=0.0500
  PrecomputedCosine   : +0.1369
  PCAWhitenedCosine   : +0.3322
  XGBoost             : +0.4468
  Tiny MLP            : +0.0732
  LDA                 : +0.0110

Method                   | TPR    | FPR    | TrTPR  | TrFPR  | MacroTPR | MacroFPR | Regions | TauMean | ms   | OK? 
--------------------------------------------------------------------------------------------------------------------
Cosine                   | 0.4307 | 0.0472 | 0.4331 | 0.0500 | 0.3740   | 0.0622   | 868     | 0.9205  | 33.9 | PASS
AndBox-HC                | 0.4331 | 0.0535 | 0.4565 | 0.0500 | 0.3868   | 0.0749   | 868     | 0.0001  | 34.9 | FAIL
PCAWhitenedCosine        | 0.5299 | 0.0449 | 0.5274 | 0.0500 | 0.4296   | 0.0596   | 868     | 0.9294  | 28.3 | PASS
Vec (Wgt)                | 0.4724 | 0.0488 | 0.4919 | 0.0500 | 0.4047   | 0.0642   | 868     | 0.9159  | 30.5 | PASS
Log Reg                  | 0.4520 | 0.0488 | 0.4790 | 0.0500 | 0.3553   | 0.0642   | 868     | 0.5097  | 37.3 | PASS
LDA                      | 0.4764 | 0.0512 | 0.4944 | 0.0500 | 0.3894   | 0.0760   | 868     | 3.3672  | 33.3 | FAIL
Tiny MLP                 | 0.4693 | 0.0488 | 0.4847 | 0.0500 | 0.3870   | 0.0746   | 868     | 0.8952  | 34.8 | PASS
MultiProtoCosine         | 0.1118 | 0.0512 | 0.1250 | 0.0500 | 0.0749   | 0.0351   | 868     | 0.8786  | 37.6 | FAIL
WeightedEnsemble         | 0.5386 | 0.0457 | 0.5387 | 0.0500 | 0.4374   | 0.0622   | 868     | 0.8068  | 58.5 | PASS
XGBoost                  | 0.5110 | 0.0504 | 0.5000 | 0.0500 | 0.4379   | 0.0688   | 868     | 0.7019  | 50.8 | FAIL
LDA1+LogReg              | 0.4488 | 0.0488 | 0.4774 | 0.0500 | 0.3515   | 0.0642   | 868     | 0.5098  | 33.7 | PASS
PCA16+LogReg             | 0.4575 | 0.0472 | 0.4782 | 0.0500 | 0.3582   | 0.0631   | 868     | 0.5102  | 35.8 | PASS
PCA32+LogReg             | 0.4441 | 0.0472 | 0.4726 | 0.0500 | 0.3514   | 0.0632   | 868     | 0.5104  | 36.8 | PASS
PCA16+VecWeighted        | 0.1354 | 0.0354 | 0.1210 | 0.0500 | 0.1126   | 0.0503   | 868     | 0.0465  | 34.5 | PASS
PCA32+VecWeighted        | 0.1354 | 0.0449 | 0.1298 | 0.0500 | 0.1196   | 0.0528   | 868     | 0.0468  | 35.7 | PASS
StabilizedWhitenedCosine | 0.5268 | 0.0449 | 0.5306 | 0.0500 | 0.4342   | 0.0626   | 868     | 0.8998  | 34.1 | PASS

[trial=3 seed=45] GLOBAL mode — total_samples=200000
  total: h0=82063 h1=15019
  pooled_train:  n0=1270 n1=1270
  pooled_calib:  n0=1240 n1=1240
  pooled_eval:   n0=1270 n1=1270
  regions (for macro stats only): 1103
[INFO] Cosine baseline routed to direct Hadamard sum (PrecomputedCosine)
[INFO] WeightedEnsemble Cosine judge routed to direct Hadamard sum
  [Ensemble] Judges routed to 'alt' input: PrecomputedCosine
[WeightedEnsemble] Fitted weights (alpha=0.0500, external calib):
  tau=0.7801, Pooled external calib: TPR=0.5685, FPR=0.0500
  PrecomputedCosine   : +0.1369
  PCAWhitenedCosine   : +0.3322
  XGBoost             : +0.4468
  Tiny MLP            : +0.0732
  LDA                 : +0.0110

Method                   | TPR    | FPR    | TrTPR  | TrFPR  | MacroTPR | MacroFPR | Regions | TauMean | ms   | OK? 
--------------------------------------------------------------------------------------------------------------------
Cosine                   | 0.5016 | 0.0583 | 0.5097 | 0.0500 | 0.4543   | 0.0777   | 854     | 0.8828  | 56.2 | FAIL
AndBox-HC                | 0.4740 | 0.0528 | 0.4935 | 0.0500 | 0.4254   | 0.0692   | 854     | -0.0000 | 33.1 | FAIL
PCAWhitenedCosine        | 0.5472 | 0.0425 | 0.5274 | 0.0500 | 0.4453   | 0.0586   | 854     | 0.9367  | 29.9 | PASS
Vec (Wgt)                | 0.5504 | 0.0614 | 0.5637 | 0.0500 | 0.4888   | 0.0840   | 854     | 0.8725  | 30.1 | FAIL
Log Reg                  | 0.4787 | 0.0480 | 0.4774 | 0.0500 | 0.3736   | 0.0683   | 854     | 0.5101  | 35.8 | PASS
LDA                      | 0.5780 | 0.0583 | 0.5589 | 0.0500 | 0.4727   | 0.0774   | 854     | 2.7379  | 32.5 | FAIL
Tiny MLP                 | 0.5260 | 0.0543 | 0.5145 | 0.0500 | 0.4305   | 0.0745   | 854     | 0.8945  | 34.1 | FAIL
MultiProtoCosine         | 0.1008 | 0.0315 | 0.0871 | 0.0500 | 0.0656   | 0.0191   | 854     | 0.8837  | 36.8 | PASS
WeightedEnsemble         | 0.5803 | 0.0488 | 0.5685 | 0.0500 | 0.4807   | 0.0681   | 854     | 0.7801  | 57.7 | PASS
XGBoost                  | 0.5669 | 0.0583 | 0.5540 | 0.0500 | 0.4874   | 0.0815   | 854     | 0.6778  | 49.8 | FAIL
LDA1+LogReg              | 0.4819 | 0.0480 | 0.4766 | 0.0500 | 0.3769   | 0.0685   | 854     | 0.5101  | 33.1 | PASS
PCA16+LogReg             | 0.5024 | 0.0559 | 0.4903 | 0.0500 | 0.3953   | 0.0742   | 854     | 0.5099  | 34.9 | FAIL
PCA32+LogReg             | 0.5236 | 0.0567 | 0.5000 | 0.0500 | 0.4105   | 0.0748   | 854     | 0.5098  | 36.1 | FAIL
PCA16+VecWeighted        | 0.0591 | 0.0488 | 0.0556 | 0.0500 | 0.0559   | 0.0525   | 854     | 0.0410  | 33.8 | PASS
PCA32+VecWeighted        | 0.0677 | 0.0504 | 0.0710 | 0.0500 | 0.0690   | 0.0538   | 854     | 0.0443  | 34.6 | FAIL
StabilizedWhitenedCosine | 0.5677 | 0.0488 | 0.5573 | 0.0500 | 0.4640   | 0.0647   | 854     | 0.8794  | 33.2 | PASS

[trial=4 seed=46] GLOBAL mode — total_samples=200000
  total: h0=82063 h1=15019
  pooled_train:  n0=1270 n1=1270
  pooled_calib:  n0=1240 n1=1240
  pooled_eval:   n0=1270 n1=1270
  regions (for macro stats only): 1103
[INFO] Cosine baseline routed to direct Hadamard sum (PrecomputedCosine)
[INFO] WeightedEnsemble Cosine judge routed to direct Hadamard sum
  [Ensemble] Judges routed to 'alt' input: PrecomputedCosine
[WeightedEnsemble] Fitted weights (alpha=0.0500, external calib):
  tau=0.9248, Pooled external calib: TPR=0.5234, FPR=0.0500
  PrecomputedCosine   : +0.4323
  PCAWhitenedCosine   : +0.1110
  XGBoost             : +0.2003
  Tiny MLP            : +0.2025
  LDA                 : +0.0539

Method                   | TPR    | FPR    | TrTPR  | TrFPR  | MacroTPR | MacroFPR | Regions | TauMean | ms   | OK? 
--------------------------------------------------------------------------------------------------------------------
Cosine                   | 0.4173 | 0.0370 | 0.4161 | 0.0500 | 0.3833   | 0.0518   | 871     | 0.9207  | 43.2 | PASS
AndBox-HC                | 0.3756 | 0.0378 | 0.3919 | 0.0500 | 0.3428   | 0.0505   | 871     | 0.0001  | 33.6 | PASS
PCAWhitenedCosine        | 0.4890 | 0.0378 | 0.4847 | 0.0500 | 0.3955   | 0.0468   | 871     | 0.9891  | 30.6 | PASS
Vec (Wgt)                | 0.4606 | 0.0394 | 0.4484 | 0.0500 | 0.4128   | 0.0560   | 871     | 0.9208  | 30.4 | PASS
Log Reg                  | 0.4756 | 0.0606 | 0.4694 | 0.0492 | 0.3904   | 0.0829   | 871     | 0.5099  | 36.3 | FAIL
LDA                      | 0.4827 | 0.0472 | 0.4935 | 0.0500 | 0.3905   | 0.0594   | 871     | 3.2344  | 32.8 | PASS
Tiny MLP                 | 0.4803 | 0.0488 | 0.4790 | 0.0500 | 0.3892   | 0.0628   | 871     | 0.8881  | 34.6 | PASS
MultiProtoCosine         | 0.1016 | 0.0331 | 0.1056 | 0.0500 | 0.0522   | 0.0302   | 871     | 0.8770  | 37.2 | PASS
WeightedEnsemble         | 0.5181 | 0.0409 | 0.5234 | 0.0500 | 0.4371   | 0.0524   | 871     | 0.9248  | 58.3 | PASS
XGBoost                  | 0.4803 | 0.0457 | 0.4629 | 0.0500 | 0.4259   | 0.0634   | 871     | 0.7098  | 50.6 | PASS
LDA1+LogReg              | 0.4756 | 0.0606 | 0.4669 | 0.0500 | 0.3904   | 0.0829   | 871     | 0.5099  | 33.9 | FAIL
PCA16+LogReg             | 0.4606 | 0.0575 | 0.4476 | 0.0500 | 0.3822   | 0.0763   | 871     | 0.5103  | 35.7 | FAIL
PCA32+LogReg             | 0.4724 | 0.0591 | 0.4621 | 0.0500 | 0.3912   | 0.0782   | 871     | 0.5102  | 36.8 | FAIL
PCA16+VecWeighted        | 0.2024 | 0.0504 | 0.2065 | 0.0500 | 0.1148   | 0.0428   | 871     | 0.0359  | 36.1 | FAIL
PCA32+VecWeighted        | 0.2039 | 0.0528 | 0.1855 | 0.0500 | 0.1146   | 0.0411   | 871     | 0.0382  | 37.3 | FAIL
StabilizedWhitenedCosine | 0.5024 | 0.0425 | 0.4887 | 0.0500 | 0.4259   | 0.0574   | 871     | 0.9539  | 34.0 | PASS

[trial=5 seed=47] GLOBAL mode — total_samples=200000
  total: h0=82063 h1=15019
  pooled_train:  n0=1270 n1=1270
  pooled_calib:  n0=1240 n1=1240
  pooled_eval:   n0=1270 n1=1270
  regions (for macro stats only): 1103
[INFO] Cosine baseline routed to direct Hadamard sum (PrecomputedCosine)
[INFO] WeightedEnsemble Cosine judge routed to direct Hadamard sum
  [Ensemble] Judges routed to 'alt' input: PrecomputedCosine
[WeightedEnsemble] Fitted weights (alpha=0.0500, external calib):
  tau=0.9724, Pooled external calib: TPR=0.5944, FPR=0.0500
  PrecomputedCosine   : +0.1817
  PCAWhitenedCosine   : +0.4603
  XGBoost             : +0.0868
  Tiny MLP            : +0.1854
  LDA                 : +0.0858

Method                   | TPR    | FPR    | TrTPR  | TrFPR  | MacroTPR | MacroFPR | Regions | TauMean | ms   | OK? 
--------------------------------------------------------------------------------------------------------------------
Cosine                   | 0.4606 | 0.0402 | 0.4863 | 0.0500 | 0.4044   | 0.0592   | 852     | 0.8986  | 51.2 | PASS
AndBox-HC                | 0.4606 | 0.0480 | 0.4653 | 0.0500 | 0.3878   | 0.0674   | 852     | 0.0000  | 33.4 | PASS
PCAWhitenedCosine        | 0.5654 | 0.0425 | 0.5750 | 0.0500 | 0.4748   | 0.0584   | 852     | 0.8831  | 30.3 | PASS
Vec (Wgt)                | 0.5047 | 0.0402 | 0.5315 | 0.0500 | 0.4282   | 0.0599   | 852     | 0.8959  | 30.4 | PASS
Log Reg                  | 0.4961 | 0.0417 | 0.5024 | 0.0500 | 0.3913   | 0.0612   | 852     | 0.5107  | 36.2 | PASS
LDA                      | 0.5189 | 0.0394 | 0.5556 | 0.0500 | 0.4017   | 0.0506   | 852     | 3.1579  | 32.8 | PASS
Tiny MLP                 | 0.5055 | 0.0386 | 0.5282 | 0.0500 | 0.3985   | 0.0480   | 852     | 0.8967  | 34.4 | PASS
MultiProtoCosine         | 0.1008 | 0.0480 | 0.1032 | 0.0500 | 0.0591   | 0.0355   | 852     | 0.8796  | 36.9 | PASS
WeightedEnsemble         | 0.5929 | 0.0441 | 0.5944 | 0.0500 | 0.4931   | 0.0604   | 852     | 0.9724  | 57.8 | PASS
XGBoost                  | 0.5283 | 0.0472 | 0.5379 | 0.0500 | 0.4434   | 0.0680   | 852     | 0.6920  | 50.0 | PASS
LDA1+LogReg              | 0.4976 | 0.0417 | 0.5065 | 0.0500 | 0.3922   | 0.0612   | 852     | 0.5107  | 33.6 | PASS
PCA16+LogReg             | 0.4921 | 0.0449 | 0.5016 | 0.0500 | 0.3904   | 0.0651   | 852     | 0.5110  | 35.6 | PASS
PCA32+LogReg             | 0.4913 | 0.0433 | 0.4984 | 0.0500 | 0.3834   | 0.0617   | 852     | 0.5110  | 36.3 | PASS
PCA16+VecWeighted        | 0.0827 | 0.0543 | 0.0855 | 0.0500 | 0.0801   | 0.0510   | 852     | 0.0376  | 34.1 | FAIL
PCA32+VecWeighted        | 0.0835 | 0.0465 | 0.0774 | 0.0500 | 0.0711   | 0.0474   | 852     | 0.0434  | 35.0 | PASS
StabilizedWhitenedCosine | 0.5157 | 0.0370 | 0.5323 | 0.0500 | 0.4416   | 0.0511   | 852     | 0.9481  | 33.5 | PASS

[trial=6 seed=48] GLOBAL mode — total_samples=200000
  total: h0=82063 h1=15019
  pooled_train:  n0=1270 n1=1270
  pooled_calib:  n0=1240 n1=1240
  pooled_eval:   n0=1270 n1=1270
  regions (for macro stats only): 1103
[INFO] Cosine baseline routed to direct Hadamard sum (PrecomputedCosine)
[INFO] WeightedEnsemble Cosine judge routed to direct Hadamard sum
  [Ensemble] Judges routed to 'alt' input: PrecomputedCosine
[WeightedEnsemble] Fitted weights (alpha=0.0500, external calib):
  tau=0.8040, Pooled external calib: TPR=0.5597, FPR=0.0500
  PrecomputedCosine   : +0.2610
  PCAWhitenedCosine   : +0.2348
  XGBoost             : +0.2127
  Tiny MLP            : +0.2846
  LDA                 : +0.0070

Method                   | TPR    | FPR    | TrTPR  | TrFPR  | MacroTPR | MacroFPR | Regions | TauMean | ms   | OK? 
--------------------------------------------------------------------------------------------------------------------
Cosine                   | 0.4386 | 0.0504 | 0.4565 | 0.0500 | 0.4118   | 0.0749   | 856     | 0.9059  | 29.5 | FAIL
AndBox-HC                | 0.4016 | 0.0512 | 0.4113 | 0.0500 | 0.3734   | 0.0771   | 856     | 0.0001  | 37.0 | FAIL
PCAWhitenedCosine        | 0.5244 | 0.0583 | 0.5024 | 0.0500 | 0.4326   | 0.0864   | 856     | 0.9534  | 30.9 | FAIL
Vec (Wgt)                | 0.4913 | 0.0504 | 0.4968 | 0.0500 | 0.4397   | 0.0802   | 856     | 0.9059  | 30.1 | FAIL
Log Reg                  | 0.4661 | 0.0480 | 0.4589 | 0.0500 | 0.3608   | 0.0662   | 856     | 0.5099  | 36.0 | PASS
LDA                      | 0.5063 | 0.0575 | 0.5081 | 0.0500 | 0.4223   | 0.0847   | 856     | 3.0572  | 32.9 | FAIL
Tiny MLP                 | 0.4740 | 0.0622 | 0.4766 | 0.0500 | 0.3913   | 0.0874   | 856     | 0.8956  | 34.3 | FAIL
MultiProtoCosine         | 0.1252 | 0.0598 | 0.1185 | 0.0500 | 0.0710   | 0.0357   | 856     | 0.8742  | 36.9 | FAIL
WeightedEnsemble         | 0.5472 | 0.0614 | 0.5597 | 0.0500 | 0.4535   | 0.0889   | 856     | 0.8040  | 57.7 | FAIL
XGBoost                  | 0.4850 | 0.0457 | 0.5065 | 0.0500 | 0.4152   | 0.0665   | 856     | 0.7004  | 49.9 | PASS
LDA1+LogReg              | 0.4693 | 0.0480 | 0.4621 | 0.0500 | 0.3624   | 0.0662   | 856     | 0.5099  | 34.7 | PASS
PCA16+LogReg             | 0.4803 | 0.0480 | 0.4831 | 0.0500 | 0.3766   | 0.0667   | 856     | 0.5099  | 46.8 | PASS
PCA32+LogReg             | 0.4827 | 0.0488 | 0.4766 | 0.0500 | 0.3794   | 0.0665   | 856     | 0.5099  | 49.5 | PASS
PCA16+VecWeighted        | 0.1638 | 0.0567 | 0.1476 | 0.0500 | 0.1551   | 0.0659   | 856     | 0.0358  | 69.6 | FAIL
PCA32+VecWeighted        | 0.1677 | 0.0457 | 0.1435 | 0.0500 | 0.1586   | 0.0534   | 856     | 0.0393  | 42.9 | PASS
StabilizedWhitenedCosine | 0.5409 | 0.0614 | 0.5395 | 0.0500 | 0.4529   | 0.0885   | 856     | 0.8709  | 46.4 | FAIL

[trial=7 seed=49] GLOBAL mode — total_samples=200000
  total: h0=82063 h1=15019
  pooled_train:  n0=1270 n1=1270
  pooled_calib:  n0=1240 n1=1240
  pooled_eval:   n0=1270 n1=1270
  regions (for macro stats only): 1103
[INFO] Cosine baseline routed to direct Hadamard sum (PrecomputedCosine)
[INFO] WeightedEnsemble Cosine judge routed to direct Hadamard sum
  [Ensemble] Judges routed to 'alt' input: PrecomputedCosine
[WeightedEnsemble] Fitted weights (alpha=0.0500, external calib):
  tau=0.9591, Pooled external calib: TPR=0.5831, FPR=0.0500
  PrecomputedCosine   : +0.1287
  PCAWhitenedCosine   : +0.3555
  XGBoost             : +0.1143
  Tiny MLP            : +0.2967
  LDA                 : +0.1048

Method                   | TPR    | FPR    | TrTPR  | TrFPR  | MacroTPR | MacroFPR | Regions | TauMean | ms    | OK? 
---------------------------------------------------------------------------------------------------------------------
Cosine                   | 0.4496 | 0.0575 | 0.4685 | 0.0500 | 0.3987   | 0.0827   | 868     | 0.8960  | 42.5  | FAIL
AndBox-HC                | 0.4575 | 0.0559 | 0.4774 | 0.0500 | 0.4017   | 0.0775   | 868     | -0.0000 | 32.7  | FAIL
PCAWhitenedCosine        | 0.5260 | 0.0543 | 0.5395 | 0.0500 | 0.4169   | 0.0789   | 868     | 0.8829  | 65.2  | FAIL
Vec (Wgt)                | 0.4882 | 0.0551 | 0.5137 | 0.0500 | 0.4210   | 0.0818   | 868     | 0.8976  | 31.2  | FAIL
Log Reg                  | 0.5000 | 0.0543 | 0.4871 | 0.0500 | 0.3909   | 0.0709   | 868     | 0.5082  | 48.7  | FAIL
LDA                      | 0.5402 | 0.0551 | 0.5589 | 0.0500 | 0.4345   | 0.0795   | 868     | 2.8034  | 41.9  | FAIL
Tiny MLP                 | 0.5307 | 0.0559 | 0.5613 | 0.0500 | 0.4294   | 0.0815   | 868     | 0.8418  | 52.2  | FAIL
MultiProtoCosine         | 0.1150 | 0.0598 | 0.1250 | 0.0500 | 0.0668   | 0.0503   | 868     | 0.8724  | 46.1  | FAIL
WeightedEnsemble         | 0.5748 | 0.0551 | 0.5831 | 0.0500 | 0.4659   | 0.0781   | 868     | 0.9591  | 116.7 | FAIL
XGBoost                  | 0.5134 | 0.0685 | 0.5363 | 0.0500 | 0.4374   | 0.0973   | 868     | 0.6725  | 66.5  | FAIL
LDA1+LogReg              | 0.5071 | 0.0559 | 0.4976 | 0.0500 | 0.3952   | 0.0721   | 868     | 0.5081  | 43.0  | FAIL
PCA16+LogReg             | 0.4835 | 0.0528 | 0.4831 | 0.0500 | 0.3741   | 0.0707   | 868     | 0.5090  | 38.0  | FAIL
PCA32+LogReg             | 0.4921 | 0.0535 | 0.4871 | 0.0500 | 0.3819   | 0.0713   | 868     | 0.5088  | 71.0  | FAIL
PCA16+VecWeighted        | 0.1291 | 0.0409 | 0.1210 | 0.0500 | 0.1202   | 0.0502   | 868     | 0.0458  | 39.8  | PASS
PCA32+VecWeighted        | 0.1598 | 0.0551 | 0.1726 | 0.0500 | 0.1637   | 0.0695   | 868     | 0.0457  | 47.5  | FAIL
StabilizedWhitenedCosine | 0.5039 | 0.0504 | 0.5161 | 0.0500 | 0.4099   | 0.0744   | 868     | 0.8818  | 37.1  | FAIL

[trial=8 seed=50] GLOBAL mode — total_samples=200000
  total: h0=82063 h1=15019
  pooled_train:  n0=1270 n1=1270
  pooled_calib:  n0=1240 n1=1240
  pooled_eval:   n0=1270 n1=1270
  regions (for macro stats only): 1103
[INFO] Cosine baseline routed to direct Hadamard sum (PrecomputedCosine)
[INFO] WeightedEnsemble Cosine judge routed to direct Hadamard sum
  [Ensemble] Judges routed to 'alt' input: PrecomputedCosine
[WeightedEnsemble] Fitted weights (alpha=0.0500, external calib):
  tau=0.8390, Pooled external calib: TPR=0.5831, FPR=0.0500
  PrecomputedCosine   : +0.2204
  PCAWhitenedCosine   : +0.3145
  XGBoost             : +0.1972
  Tiny MLP            : +0.2559
  LDA                 : +0.0120

Method                   | TPR    | FPR    | TrTPR  | TrFPR  | MacroTPR | MacroFPR | Regions | TauMean | ms   | OK? 
--------------------------------------------------------------------------------------------------------------------
Cosine                   | 0.4748 | 0.0480 | 0.4669 | 0.0500 | 0.4179   | 0.0633   | 859     | 0.9042  | 52.5 | PASS
AndBox-HC                | 0.3882 | 0.0409 | 0.3766 | 0.0500 | 0.3640   | 0.0595   | 859     | 0.0001  | 37.8 | PASS
PCAWhitenedCosine        | 0.5677 | 0.0480 | 0.5540 | 0.0500 | 0.4459   | 0.0693   | 859     | 0.9561  | 30.8 | PASS
Vec (Wgt)                | 0.5283 | 0.0472 | 0.5266 | 0.0500 | 0.4561   | 0.0638   | 859     | 0.9001  | 30.3 | PASS
Log Reg                  | 0.4693 | 0.0504 | 0.4758 | 0.0500 | 0.3564   | 0.0692   | 859     | 0.5094  | 36.6 | FAIL
LDA                      | 0.5094 | 0.0213 | 0.4895 | 0.0500 | 0.3986   | 0.0345   | 859     | 3.7094  | 32.7 | PASS
Tiny MLP                 | 0.4969 | 0.0283 | 0.4976 | 0.0500 | 0.3961   | 0.0458   | 859     | 0.9044  | 34.6 | PASS
MultiProtoCosine         | 0.1047 | 0.0362 | 0.1153 | 0.0500 | 0.0632   | 0.0388   | 859     | 0.8800  | 36.9 | PASS
WeightedEnsemble         | 0.5874 | 0.0449 | 0.5831 | 0.0500 | 0.4728   | 0.0682   | 859     | 0.8390  | 58.3 | PASS
XGBoost                  | 0.5087 | 0.0472 | 0.5105 | 0.0500 | 0.4272   | 0.0663   | 859     | 0.7117  | 50.3 | PASS
LDA1+LogReg              | 0.4583 | 0.0543 | 0.4750 | 0.0500 | 0.3440   | 0.0731   | 859     | 0.5090  | 33.5 | FAIL
PCA16+LogReg             | 0.4661 | 0.0496 | 0.4734 | 0.0500 | 0.3553   | 0.0670   | 859     | 0.5095  | 35.4 | PASS
PCA32+LogReg             | 0.4661 | 0.0512 | 0.4750 | 0.0500 | 0.3534   | 0.0689   | 859     | 0.5095  | 36.1 | FAIL
PCA16+VecWeighted        | 0.0669 | 0.0630 | 0.0685 | 0.0500 | 0.0506   | 0.0676   | 859     | 0.0466  | 34.1 | FAIL
PCA32+VecWeighted        | 0.0551 | 0.0520 | 0.0427 | 0.0500 | 0.0457   | 0.0580   | 859     | 0.0476  | 35.0 | FAIL
StabilizedWhitenedCosine | 0.5417 | 0.0472 | 0.5379 | 0.0500 | 0.4437   | 0.0655   | 859     | 0.9483  | 33.9 | PASS

[trial=9 seed=51] GLOBAL mode — total_samples=200000
  total: h0=82063 h1=15019
  pooled_train:  n0=1270 n1=1270
  pooled_calib:  n0=1240 n1=1240
  pooled_eval:   n0=1270 n1=1270
  regions (for macro stats only): 1103
[INFO] Cosine baseline routed to direct Hadamard sum (PrecomputedCosine)
[INFO] WeightedEnsemble Cosine judge routed to direct Hadamard sum
  [Ensemble] Judges routed to 'alt' input: PrecomputedCosine
[WeightedEnsemble] Fitted weights (alpha=0.0500, external calib):
  tau=1.0003, Pooled external calib: TPR=0.5702, FPR=0.0500
  PrecomputedCosine   : +0.1298
  PCAWhitenedCosine   : +0.1391
  XGBoost             : +0.2872
  Tiny MLP            : +0.3596
  LDA                 : +0.0844

Method                   | TPR    | FPR    | TrTPR  | TrFPR  | MacroTPR | MacroFPR | Regions | TauMean | ms   | OK? 
--------------------------------------------------------------------------------------------------------------------
Cosine                   | 0.4409 | 0.0496 | 0.4597 | 0.0500 | 0.3810   | 0.0774   | 870     | 0.9063  | 29.4 | PASS
AndBox-HC                | 0.4417 | 0.0504 | 0.4089 | 0.0500 | 0.3764   | 0.0804   | 870     | 0.0001  | 32.3 | FAIL
PCAWhitenedCosine        | 0.4890 | 0.0441 | 0.5169 | 0.0500 | 0.3870   | 0.0587   | 870     | 1.0482  | 30.7 | PASS
Vec (Wgt)                | 0.4780 | 0.0472 | 0.4879 | 0.0500 | 0.4016   | 0.0744   | 870     | 0.9113  | 30.5 | PASS
Log Reg                  | 0.4142 | 0.0512 | 0.4121 | 0.0500 | 0.3105   | 0.0653   | 870     | 0.5094  | 36.4 | FAIL
LDA                      | 0.5307 | 0.0504 | 0.5460 | 0.0500 | 0.4211   | 0.0687   | 870     | 3.3374  | 33.9 | FAIL
Tiny MLP                 | 0.4843 | 0.0480 | 0.5016 | 0.0500 | 0.3895   | 0.0652   | 870     | 0.8914  | 34.9 | PASS
MultiProtoCosine         | 0.0795 | 0.0449 | 0.1032 | 0.0500 | 0.0610   | 0.0377   | 870     | 0.8841  | 37.6 | PASS
WeightedEnsemble         | 0.5559 | 0.0504 | 0.5702 | 0.0500 | 0.4513   | 0.0731   | 870     | 1.0003  | 58.3 | FAIL
XGBoost                  | 0.5457 | 0.0598 | 0.5573 | 0.0500 | 0.4581   | 0.0913   | 870     | 0.6841  | 50.3 | FAIL
LDA1+LogReg              | 0.4181 | 0.0528 | 0.4169 | 0.0500 | 0.3136   | 0.0677   | 870     | 0.5093  | 33.8 | FAIL
PCA16+LogReg             | 0.4488 | 0.0520 | 0.4444 | 0.0500 | 0.3393   | 0.0676   | 870     | 0.5093  | 35.6 | FAIL
PCA32+LogReg             | 0.4323 | 0.0520 | 0.4395 | 0.0500 | 0.3209   | 0.0698   | 870     | 0.5095  | 36.8 | FAIL
PCA16+VecWeighted        | 0.0205 | 0.0433 | 0.0266 | 0.0500 | 0.0263   | 0.0514   | 870     | 0.0432  | 34.6 | PASS
PCA32+VecWeighted        | 0.0283 | 0.0535 | 0.0242 | 0.0500 | 0.0384   | 0.0607   | 870     | 0.0422  | 35.5 | FAIL
StabilizedWhitenedCosine | 0.5276 | 0.0575 | 0.5476 | 0.0500 | 0.4279   | 0.0808   | 870     | 0.9215  | 33.7 | FAIL

[trial=10 seed=52] GLOBAL mode — total_samples=200000
  total: h0=82063 h1=15019
  pooled_train:  n0=1270 n1=1270
  pooled_calib:  n0=1240 n1=1240
  pooled_eval:   n0=1270 n1=1270
  regions (for macro stats only): 1103
[INFO] Cosine baseline routed to direct Hadamard sum (PrecomputedCosine)
[INFO] WeightedEnsemble Cosine judge routed to direct Hadamard sum
  [Ensemble] Judges routed to 'alt' input: PrecomputedCosine
[WeightedEnsemble] Fitted weights (alpha=0.0500, external calib):
  tau=0.7230, Pooled external calib: TPR=0.5460, FPR=0.0500
  PrecomputedCosine   : +0.1369
  PCAWhitenedCosine   : +0.3322
  XGBoost             : +0.4468
  Tiny MLP            : +0.0732
  LDA                 : +0.0110

Method                   | TPR    | FPR    | TrTPR  | TrFPR  | MacroTPR | MacroFPR | Regions | TauMean | ms   | OK? 
--------------------------------------------------------------------------------------------------------------------
Cosine                   | 0.4787 | 0.0614 | 0.4411 | 0.0500 | 0.4317   | 0.0898   | 861     | 0.8908  | 56.2 | FAIL
AndBox-HC                | 0.4693 | 0.0606 | 0.4323 | 0.0500 | 0.4128   | 0.0853   | 861     | 0.0000  | 31.4 | FAIL
PCAWhitenedCosine        | 0.5606 | 0.0449 | 0.5250 | 0.0500 | 0.4697   | 0.0679   | 861     | 0.7942  | 31.0 | PASS
Vec (Wgt)                | 0.5331 | 0.0606 | 0.4863 | 0.0500 | 0.4606   | 0.0870   | 861     | 0.8883  | 30.8 | FAIL
Log Reg                  | 0.5189 | 0.0551 | 0.4863 | 0.0500 | 0.4033   | 0.0736   | 861     | 0.5090  | 36.8 | FAIL
LDA                      | 0.5402 | 0.0425 | 0.5169 | 0.0500 | 0.4438   | 0.0580   | 861     | 2.8953  | 33.4 | PASS
Tiny MLP                 | 0.5362 | 0.0583 | 0.5185 | 0.0500 | 0.4573   | 0.0874   | 861     | 0.8496  | 35.1 | FAIL
MultiProtoCosine         | 0.1039 | 0.0575 | 0.1387 | 0.0500 | 0.0729   | 0.0556   | 861     | 0.8669  | 37.9 | FAIL
WeightedEnsemble         | 0.5819 | 0.0512 | 0.5460 | 0.0500 | 0.4899   | 0.0757   | 861     | 0.7230  | 58.9 | FAIL
XGBoost                  | 0.5150 | 0.0535 | 0.4847 | 0.0500 | 0.4406   | 0.0770   | 861     | 0.6802  | 50.8 | FAIL
LDA1+LogReg              | 0.5205 | 0.0551 | 0.4895 | 0.0500 | 0.4052   | 0.0736   | 861     | 0.5090  | 34.3 | FAIL
PCA16+LogReg             | 0.5157 | 0.0583 | 0.4847 | 0.0500 | 0.4036   | 0.0733   | 861     | 0.5094  | 36.1 | FAIL
PCA32+LogReg             | 0.5165 | 0.0567 | 0.4863 | 0.0500 | 0.4032   | 0.0722   | 861     | 0.5094  | 37.0 | FAIL
PCA16+VecWeighted        | 0.0890 | 0.0535 | 0.1089 | 0.0500 | 0.0914   | 0.0508   | 861     | 0.0464  | 34.8 | FAIL
PCA32+VecWeighted        | 0.1039 | 0.0480 | 0.0855 | 0.0500 | 0.1008   | 0.0477   | 861     | 0.0499  | 35.7 | PASS
StabilizedWhitenedCosine | 0.5276 | 0.0449 | 0.4919 | 0.0500 | 0.4364   | 0.0675   | 861     | 0.9025  | 34.1 | PASS

[trial=11 seed=53] GLOBAL mode — total_samples=200000
  total: h0=82063 h1=15019
  pooled_train:  n0=1270 n1=1270
  pooled_calib:  n0=1240 n1=1240
  pooled_eval:   n0=1270 n1=1270
  regions (for macro stats only): 1103
[INFO] Cosine baseline routed to direct Hadamard sum (PrecomputedCosine)
[INFO] WeightedEnsemble Cosine judge routed to direct Hadamard sum
  [Ensemble] Judges routed to 'alt' input: PrecomputedCosine
[WeightedEnsemble] Fitted weights (alpha=0.0500, external calib):
  tau=0.8243, Pooled external calib: TPR=0.5435, FPR=0.0500
  PrecomputedCosine   : +0.1369
  PCAWhitenedCosine   : +0.3322
  XGBoost             : +0.4468
  Tiny MLP            : +0.0732
  LDA                 : +0.0110

Method                   | TPR    | FPR    | TrTPR  | TrFPR  | MacroTPR | MacroFPR | Regions | TauMean | ms   | OK? 
--------------------------------------------------------------------------------------------------------------------
Cosine                   | 0.4283 | 0.0417 | 0.4524 | 0.0500 | 0.3580   | 0.0610   | 861     | 0.9136  | 30.0 | PASS
AndBox-HC                | 0.4331 | 0.0409 | 0.4435 | 0.0500 | 0.3560   | 0.0583   | 861     | 0.0001  | 40.5 | PASS
PCAWhitenedCosine        | 0.4890 | 0.0339 | 0.5089 | 0.0500 | 0.3907   | 0.0493   | 861     | 0.9621  | 30.8 | PASS
Vec (Wgt)                | 0.4843 | 0.0433 | 0.5073 | 0.0500 | 0.4016   | 0.0638   | 861     | 0.9085  | 30.8 | PASS
Log Reg                  | 0.4520 | 0.0409 | 0.4565 | 0.0500 | 0.3604   | 0.0522   | 861     | 0.5114  | 36.7 | PASS
LDA                      | 0.4677 | 0.0331 | 0.4952 | 0.0500 | 0.3591   | 0.0484   | 861     | 3.5611  | 33.1 | PASS
Tiny MLP                 | 0.4693 | 0.0425 | 0.4855 | 0.0500 | 0.3641   | 0.0591   | 861     | 0.9073  | 34.8 | PASS
MultiProtoCosine         | 0.1299 | 0.0591 | 0.1274 | 0.0500 | 0.0851   | 0.0507   | 861     | 0.8683  | 37.5 | FAIL
WeightedEnsemble         | 0.5118 | 0.0307 | 0.5435 | 0.0500 | 0.4121   | 0.0462   | 861     | 0.8243  | 58.9 | PASS
XGBoost                  | 0.4685 | 0.0362 | 0.4782 | 0.0500 | 0.3822   | 0.0511   | 861     | 0.7241  | 50.6 | PASS
LDA1+LogReg              | 0.4520 | 0.0417 | 0.4581 | 0.0500 | 0.3589   | 0.0539   | 861     | 0.5115  | 33.9 | PASS
PCA16+LogReg             | 0.4441 | 0.0354 | 0.4379 | 0.0500 | 0.3536   | 0.0461   | 861     | 0.5120  | 36.7 | PASS
PCA32+LogReg             | 0.4465 | 0.0386 | 0.4444 | 0.0500 | 0.3584   | 0.0509   | 861     | 0.5117  | 47.7 | PASS
PCA16+VecWeighted        | 0.0984 | 0.0472 | 0.0927 | 0.0500 | 0.0942   | 0.0492   | 861     | 0.0437  | 43.0 | PASS
PCA32+VecWeighted        | 0.0984 | 0.0520 | 0.0911 | 0.0500 | 0.0933   | 0.0597   | 861     | 0.0491  | 45.7 | FAIL
StabilizedWhitenedCosine | 0.4898 | 0.0433 | 0.5185 | 0.0500 | 0.4038   | 0.0613   | 861     | 0.8953  | 36.3 | PASS

[trial=12 seed=54] GLOBAL mode — total_samples=200000
  total: h0=82063 h1=15019
  pooled_train:  n0=1270 n1=1270
  pooled_calib:  n0=1240 n1=1240
  pooled_eval:   n0=1270 n1=1270
  regions (for macro stats only): 1103
[INFO] Cosine baseline routed to direct Hadamard sum (PrecomputedCosine)
[INFO] WeightedEnsemble Cosine judge routed to direct Hadamard sum
  [Ensemble] Judges routed to 'alt' input: PrecomputedCosine
[WeightedEnsemble] Fitted weights (alpha=0.0500, external calib):
  tau=0.7965, Pooled external calib: TPR=0.5806, FPR=0.0500
  PrecomputedCosine   : +0.1369
  PCAWhitenedCosine   : +0.3322
  XGBoost             : +0.4468
  Tiny MLP            : +0.0732
  LDA                 : +0.0110

Method                   | TPR    | FPR    | TrTPR  | TrFPR  | MacroTPR | MacroFPR | Regions | TauMean | ms    | OK? 
---------------------------------------------------------------------------------------------------------------------
Cosine                   | 0.4709 | 0.0480 | 0.4565 | 0.0500 | 0.4167   | 0.0656   | 850     | 0.9001  | 60.5  | PASS
AndBox-HC                | 0.4323 | 0.0488 | 0.4121 | 0.0500 | 0.3852   | 0.0710   | 850     | 0.0001  | 39.8  | PASS
PCAWhitenedCosine        | 0.5520 | 0.0457 | 0.5718 | 0.0500 | 0.4412   | 0.0684   | 850     | 0.9093  | 35.2  | PASS
Vec (Wgt)                | 0.5299 | 0.0457 | 0.5282 | 0.0500 | 0.4544   | 0.0649   | 850     | 0.8974  | 35.7  | PASS
Log Reg                  | 0.5071 | 0.0449 | 0.4984 | 0.0500 | 0.4145   | 0.0686   | 850     | 0.5108  | 36.9  | PASS
LDA                      | 0.5236 | 0.0433 | 0.5250 | 0.0500 | 0.4106   | 0.0660   | 850     | 3.2129  | 36.8  | PASS
Tiny MLP                 | 0.4819 | 0.0362 | 0.4895 | 0.0500 | 0.3775   | 0.0578   | 850     | 0.9015  | 40.5  | PASS
MultiProtoCosine         | 0.0906 | 0.0528 | 0.1024 | 0.0500 | 0.0560   | 0.0425   | 850     | 0.8859  | 47.4  | FAIL
WeightedEnsemble         | 0.5693 | 0.0394 | 0.5806 | 0.0500 | 0.4596   | 0.0590   | 850     | 0.7965  | 121.9 | PASS
XGBoost                  | 0.4913 | 0.0417 | 0.4903 | 0.0500 | 0.4123   | 0.0569   | 850     | 0.7184  | 55.8  | PASS
LDA1+LogReg              | 0.5063 | 0.0449 | 0.4992 | 0.0500 | 0.4142   | 0.0686   | 850     | 0.5108  | 51.7  | PASS
PCA16+LogReg             | 0.5031 | 0.0465 | 0.4919 | 0.0500 | 0.4131   | 0.0704   | 850     | 0.5111  | 42.2  | PASS
PCA32+LogReg             | 0.5031 | 0.0465 | 0.4911 | 0.0500 | 0.4095   | 0.0712   | 850     | 0.5112  | 44.5  | PASS
PCA16+VecWeighted        | 0.1236 | 0.0480 | 0.1250 | 0.0500 | 0.1149   | 0.0502   | 850     | 0.0399  | 40.7  | PASS
PCA32+VecWeighted        | 0.1000 | 0.0543 | 0.0960 | 0.0500 | 0.1009   | 0.0634   | 850     | 0.0441  | 42.3  | FAIL
StabilizedWhitenedCosine | 0.5362 | 0.0480 | 0.5371 | 0.0500 | 0.4398   | 0.0699   | 850     | 0.9212  | 38.3  | PASS

[trial=13 seed=55] GLOBAL mode — total_samples=200000
  total: h0=82063 h1=15019
  pooled_train:  n0=1270 n1=1270
  pooled_calib:  n0=1240 n1=1240
  pooled_eval:   n0=1270 n1=1270
  regions (for macro stats only): 1103
[INFO] Cosine baseline routed to direct Hadamard sum (PrecomputedCosine)
[INFO] WeightedEnsemble Cosine judge routed to direct Hadamard sum
  [Ensemble] Judges routed to 'alt' input: PrecomputedCosine
[WeightedEnsemble] Fitted weights (alpha=0.0500, external calib):
  tau=0.8769, Pooled external calib: TPR=0.5927, FPR=0.0500
  PrecomputedCosine   : +0.4323
  PCAWhitenedCosine   : +0.1110
  XGBoost             : +0.2003
  Tiny MLP            : +0.2025
  LDA                 : +0.0539

Method                   | TPR    | FPR    | TrTPR  | TrFPR  | MacroTPR | MacroFPR | Regions | TauMean | ms   | OK? 
--------------------------------------------------------------------------------------------------------------------
Cosine                   | 0.4913 | 0.0583 | 0.4976 | 0.0500 | 0.4264   | 0.0840   | 864     | 0.8899  | 31.3 | FAIL
AndBox-HC                | 0.4346 | 0.0504 | 0.4290 | 0.0500 | 0.3826   | 0.0717   | 864     | 0.0000  | 34.3 | FAIL
PCAWhitenedCosine        | 0.5480 | 0.0528 | 0.5573 | 0.0500 | 0.4579   | 0.0774   | 864     | 0.8995  | 32.8 | FAIL
Vec (Wgt)                | 0.5283 | 0.0614 | 0.5355 | 0.0500 | 0.4501   | 0.0876   | 864     | 0.8866  | 36.1 | FAIL
Log Reg                  | 0.5323 | 0.0512 | 0.5242 | 0.0500 | 0.4203   | 0.0712   | 864     | 0.5087  | 38.3 | FAIL
LDA                      | 0.5299 | 0.0480 | 0.5323 | 0.0500 | 0.4401   | 0.0767   | 864     | 3.0259  | 33.2 | PASS
Tiny MLP                 | 0.4976 | 0.0433 | 0.4968 | 0.0500 | 0.4121   | 0.0698   | 864     | 0.9070  | 34.8 | PASS
MultiProtoCosine         | 0.1024 | 0.0402 | 0.1121 | 0.0500 | 0.0705   | 0.0332   | 864     | 0.8742  | 37.3 | PASS
WeightedEnsemble         | 0.5843 | 0.0559 | 0.5927 | 0.0500 | 0.4799   | 0.0816   | 864     | 0.8769  | 58.6 | FAIL
XGBoost                  | 0.5378 | 0.0575 | 0.5532 | 0.0500 | 0.4365   | 0.0803   | 864     | 0.6867  | 50.5 | FAIL
LDA1+LogReg              | 0.5339 | 0.0504 | 0.5250 | 0.0500 | 0.4216   | 0.0695   | 864     | 0.5088  | 33.7 | FAIL
PCA16+LogReg             | 0.5299 | 0.0520 | 0.5315 | 0.0500 | 0.4226   | 0.0703   | 864     | 0.5089  | 35.9 | FAIL
PCA32+LogReg             | 0.5323 | 0.0512 | 0.5282 | 0.0500 | 0.4253   | 0.0703   | 864     | 0.5090  | 36.7 | FAIL
PCA16+VecWeighted        | 0.0890 | 0.0606 | 0.0871 | 0.0500 | 0.0778   | 0.0617   | 864     | 0.0447  | 34.5 | FAIL
PCA32+VecWeighted        | 0.0969 | 0.0724 | 0.0984 | 0.0500 | 0.0685   | 0.0647   | 864     | 0.0446  | 35.6 | FAIL
StabilizedWhitenedCosine | 0.5496 | 0.0535 | 0.5573 | 0.0500 | 0.4451   | 0.0749   | 864     | 0.8813  | 33.9 | FAIL

[trial=14 seed=56] GLOBAL mode — total_samples=200000
  total: h0=82063 h1=15019
  pooled_train:  n0=1270 n1=1270
  pooled_calib:  n0=1240 n1=1240
  pooled_eval:   n0=1270 n1=1270
  regions (for macro stats only): 1103
[INFO] Cosine baseline routed to direct Hadamard sum (PrecomputedCosine)
[INFO] WeightedEnsemble Cosine judge routed to direct Hadamard sum
  [Ensemble] Judges routed to 'alt' input: PrecomputedCosine
[WeightedEnsemble] Fitted weights (alpha=0.0500, external calib):
  tau=0.8853, Pooled external calib: TPR=0.5371, FPR=0.0500
  PrecomputedCosine   : +0.1195
  PCAWhitenedCosine   : +0.3770
  XGBoost             : +0.2691
  Tiny MLP            : +0.2045
  LDA                 : +0.0298

Method                   | TPR    | FPR    | TrTPR  | TrFPR  | MacroTPR | MacroFPR | Regions | TauMean | ms   | OK? 
--------------------------------------------------------------------------------------------------------------------
Cosine                   | 0.4354 | 0.0472 | 0.4250 | 0.0500 | 0.3964   | 0.0714   | 860     | 0.9201  | 55.8 | PASS
AndBox-HC                | 0.4102 | 0.0504 | 0.3968 | 0.0500 | 0.3906   | 0.0786   | 860     | 0.0001  | 33.4 | FAIL
PCAWhitenedCosine        | 0.5496 | 0.0520 | 0.5290 | 0.0500 | 0.4518   | 0.0725   | 860     | 0.9332  | 30.3 | FAIL
Vec (Wgt)                | 0.4764 | 0.0504 | 0.4637 | 0.0500 | 0.4166   | 0.0744   | 860     | 0.9222  | 30.9 | FAIL
Log Reg                  | 0.4354 | 0.0402 | 0.4234 | 0.0500 | 0.3207   | 0.0507   | 860     | 0.5114  | 36.5 | PASS
LDA                      | 0.4638 | 0.0402 | 0.4419 | 0.0500 | 0.3747   | 0.0543   | 860     | 3.8083  | 33.0 | PASS
Tiny MLP                 | 0.4268 | 0.0488 | 0.4056 | 0.0500 | 0.3473   | 0.0695   | 860     | 0.9444  | 34.9 | PASS
MultiProtoCosine         | 0.1220 | 0.0488 | 0.1202 | 0.0500 | 0.0802   | 0.0359   | 860     | 0.8816  | 37.8 | PASS
WeightedEnsemble         | 0.5583 | 0.0488 | 0.5371 | 0.0500 | 0.4607   | 0.0654   | 860     | 0.8853  | 58.3 | PASS
XGBoost                  | 0.4315 | 0.0441 | 0.4177 | 0.0500 | 0.3679   | 0.0639   | 860     | 0.7367  | 50.2 | PASS
LDA1+LogReg              | 0.4386 | 0.0409 | 0.4258 | 0.0500 | 0.3264   | 0.0515   | 860     | 0.5113  | 33.8 | PASS
PCA16+LogReg             | 0.4276 | 0.0378 | 0.4177 | 0.0500 | 0.3212   | 0.0506   | 860     | 0.5118  | 35.7 | PASS
PCA32+LogReg             | 0.4417 | 0.0394 | 0.4363 | 0.0500 | 0.3315   | 0.0520   | 860     | 0.5116  | 36.7 | PASS
PCA16+VecWeighted        | 0.0890 | 0.0472 | 0.0879 | 0.0500 | 0.0785   | 0.0471   | 860     | 0.0352  | 34.2 | PASS
PCA32+VecWeighted        | 0.1354 | 0.0559 | 0.1226 | 0.0500 | 0.1276   | 0.0571   | 860     | 0.0359  | 35.3 | FAIL
StabilizedWhitenedCosine | 0.4969 | 0.0496 | 0.4742 | 0.0500 | 0.4105   | 0.0675   | 860     | 1.0160  | 33.8 | PASS

[trial=15 seed=57] GLOBAL mode — total_samples=200000
  total: h0=82063 h1=15019
  pooled_train:  n0=1270 n1=1270
  pooled_calib:  n0=1240 n1=1240
  pooled_eval:   n0=1270 n1=1270
  regions (for macro stats only): 1103
[INFO] Cosine baseline routed to direct Hadamard sum (PrecomputedCosine)
[INFO] WeightedEnsemble Cosine judge routed to direct Hadamard sum
  [Ensemble] Judges routed to 'alt' input: PrecomputedCosine
[WeightedEnsemble] Fitted weights (alpha=0.0500, external calib):
  tau=0.9176, Pooled external calib: TPR=0.5734, FPR=0.0500
  PrecomputedCosine   : +0.2832
  PCAWhitenedCosine   : +0.0456
  XGBoost             : +0.2004
  Tiny MLP            : +0.4151
  LDA                 : +0.0558

Method                   | TPR    | FPR    | TrTPR  | TrFPR  | MacroTPR | MacroFPR | Regions | TauMean | ms   | OK? 
--------------------------------------------------------------------------------------------------------------------
Cosine                   | 0.4504 | 0.0535 | 0.4468 | 0.0500 | 0.3861   | 0.0755   | 841     | 0.9120  | 42.4 | FAIL
AndBox-HC                | 0.4441 | 0.0583 | 0.4524 | 0.0500 | 0.3782   | 0.0813   | 841     | 0.0001  | 41.2 | FAIL
PCAWhitenedCosine        | 0.5780 | 0.0622 | 0.5435 | 0.0500 | 0.4549   | 0.0886   | 841     | 0.9171  | 30.3 | FAIL
Vec (Wgt)                | 0.5008 | 0.0535 | 0.5048 | 0.0500 | 0.4189   | 0.0736   | 841     | 0.9122  | 30.9 | FAIL
Log Reg                  | 0.5150 | 0.0606 | 0.4863 | 0.0500 | 0.3852   | 0.0934   | 841     | 0.5105  | 36.3 | FAIL
LDA                      | 0.5260 | 0.0646 | 0.5121 | 0.0500 | 0.4034   | 0.0942   | 841     | 3.2621  | 32.6 | FAIL
Tiny MLP                 | 0.5402 | 0.0701 | 0.5145 | 0.0500 | 0.4235   | 0.0952   | 841     | 0.9096  | 34.5 | FAIL
MultiProtoCosine         | 0.1441 | 0.0543 | 0.1153 | 0.0500 | 0.0811   | 0.0448   | 841     | 0.8720  | 37.2 | FAIL
WeightedEnsemble         | 0.5811 | 0.0685 | 0.5734 | 0.0500 | 0.4642   | 0.0993   | 841     | 0.9176  | 58.5 | FAIL
XGBoost                  | 0.5118 | 0.0638 | 0.5056 | 0.0500 | 0.4267   | 0.0912   | 841     | 0.6981  | 50.1 | FAIL
LDA1+LogReg              | 0.5126 | 0.0598 | 0.4863 | 0.0500 | 0.3857   | 0.0925   | 841     | 0.5106  | 33.5 | FAIL
PCA16+LogReg             | 0.5299 | 0.0685 | 0.5040 | 0.0500 | 0.4091   | 0.1033   | 841     | 0.5103  | 35.7 | FAIL
PCA32+LogReg             | 0.5252 | 0.0661 | 0.5048 | 0.0500 | 0.4023   | 0.0992   | 841     | 0.5104  | 36.4 | FAIL
PCA16+VecWeighted        | 0.0575 | 0.0591 | 0.0742 | 0.0500 | 0.0439   | 0.0516   | 841     | 0.0462  | 37.6 | FAIL
PCA32+VecWeighted        | 0.0701 | 0.0646 | 0.0839 | 0.0500 | 0.0506   | 0.0574   | 841     | 0.0479  | 35.4 | FAIL
StabilizedWhitenedCosine | 0.5449 | 0.0551 | 0.5282 | 0.0500 | 0.4302   | 0.0800   | 841     | 0.9923  | 33.3 | FAIL

[trial=16 seed=58] GLOBAL mode — total_samples=200000
  total: h0=82063 h1=15019
  pooled_train:  n0=1270 n1=1270
  pooled_calib:  n0=1240 n1=1240
  pooled_eval:   n0=1270 n1=1270
  regions (for macro stats only): 1103
[INFO] Cosine baseline routed to direct Hadamard sum (PrecomputedCosine)
[INFO] WeightedEnsemble Cosine judge routed to direct Hadamard sum
  [Ensemble] Judges routed to 'alt' input: PrecomputedCosine
[WeightedEnsemble] Fitted weights (alpha=0.0500, external calib):
  tau=0.8735, Pooled external calib: TPR=0.5444, FPR=0.0500
  PrecomputedCosine   : +0.1924
  PCAWhitenedCosine   : +0.3042
  XGBoost             : +0.0704
  Tiny MLP            : +0.4126
  LDA                 : +0.0204

Method                   | TPR    | FPR    | TrTPR  | TrFPR  | MacroTPR | MacroFPR | Regions | TauMean | ms   | OK? 
--------------------------------------------------------------------------------------------------------------------
Cosine                   | 0.4756 | 0.0520 | 0.4226 | 0.0500 | 0.4057   | 0.0768   | 869     | 0.9098  | 31.0 | FAIL
AndBox-HC                | 0.4827 | 0.0551 | 0.4347 | 0.0500 | 0.4066   | 0.0752   | 869     | 0.0001  | 33.6 | FAIL
PCAWhitenedCosine        | 0.5559 | 0.0417 | 0.5065 | 0.0500 | 0.4285   | 0.0586   | 869     | 0.9292  | 30.6 | PASS
Vec (Wgt)                | 0.5228 | 0.0520 | 0.4758 | 0.0500 | 0.4392   | 0.0775   | 869     | 0.9188  | 30.7 | FAIL
Log Reg                  | 0.4945 | 0.0583 | 0.4540 | 0.0500 | 0.3727   | 0.0809   | 869     | 0.5092  | 36.4 | FAIL
LDA                      | 0.5339 | 0.0402 | 0.5081 | 0.0500 | 0.4110   | 0.0515   | 869     | 3.1595  | 32.8 | PASS
Tiny MLP                 | 0.5110 | 0.0449 | 0.4992 | 0.0500 | 0.4072   | 0.0566   | 869     | 0.8886  | 34.4 | PASS
MultiProtoCosine         | 0.1228 | 0.0504 | 0.1177 | 0.0500 | 0.0705   | 0.0455   | 869     | 0.8782  | 37.0 | FAIL
WeightedEnsemble         | 0.5780 | 0.0409 | 0.5444 | 0.0500 | 0.4482   | 0.0560   | 869     | 0.8735  | 58.1 | PASS
XGBoost                  | 0.5472 | 0.0433 | 0.4831 | 0.0500 | 0.4462   | 0.0650   | 869     | 0.6973  | 50.3 | PASS
LDA1+LogReg              | 0.4661 | 0.0551 | 0.4210 | 0.0500 | 0.3436   | 0.0723   | 869     | 0.5093  | 33.5 | FAIL
PCA16+LogReg             | 0.4748 | 0.0567 | 0.4395 | 0.0500 | 0.3564   | 0.0765   | 869     | 0.5097  | 35.2 | FAIL
PCA32+LogReg             | 0.4772 | 0.0575 | 0.4419 | 0.0500 | 0.3565   | 0.0784   | 869     | 0.5097  | 37.1 | FAIL
PCA16+VecWeighted        | 0.1598 | 0.0315 | 0.1573 | 0.0500 | 0.1467   | 0.0436   | 869     | 0.0480  | 35.5 | PASS
PCA32+VecWeighted        | 0.1638 | 0.0323 | 0.1669 | 0.0500 | 0.1483   | 0.0431   | 869     | 0.0489  | 34.8 | PASS
StabilizedWhitenedCosine | 0.5165 | 0.0402 | 0.4669 | 0.0500 | 0.3980   | 0.0595   | 869     | 1.0012  | 33.8 | PASS

[trial=17 seed=59] GLOBAL mode — total_samples=200000
  total: h0=82063 h1=15019
  pooled_train:  n0=1270 n1=1270
  pooled_calib:  n0=1240 n1=1240
  pooled_eval:   n0=1270 n1=1270
  regions (for macro stats only): 1103
[INFO] Cosine baseline routed to direct Hadamard sum (PrecomputedCosine)
[INFO] WeightedEnsemble Cosine judge routed to direct Hadamard sum
  [Ensemble] Judges routed to 'alt' input: PrecomputedCosine
[WeightedEnsemble] Fitted weights (alpha=0.0500, external calib):
  tau=0.8218, Pooled external calib: TPR=0.5411, FPR=0.0500
  PrecomputedCosine   : +0.2610
  PCAWhitenedCosine   : +0.2348
  XGBoost             : +0.2127
  Tiny MLP            : +0.2846
  LDA                 : +0.0070

Method                   | TPR    | FPR    | TrTPR  | TrFPR  | MacroTPR | MacroFPR | Regions | TauMean | ms   | OK? 
--------------------------------------------------------------------------------------------------------------------
Cosine                   | 0.4480 | 0.0512 | 0.4629 | 0.0500 | 0.4047   | 0.0788   | 862     | 0.9025  | 30.6 | FAIL
AndBox-HC                | 0.4378 | 0.0567 | 0.4452 | 0.0500 | 0.3979   | 0.0766   | 862     | 0.0000  | 33.3 | FAIL
PCAWhitenedCosine        | 0.4906 | 0.0417 | 0.5024 | 0.0500 | 0.4040   | 0.0622   | 862     | 0.9378  | 30.4 | PASS
Vec (Wgt)                | 0.5008 | 0.0567 | 0.5250 | 0.0500 | 0.4349   | 0.0841   | 862     | 0.8990  | 30.2 | FAIL
Log Reg                  | 0.5047 | 0.0559 | 0.5290 | 0.0500 | 0.3943   | 0.0847   | 862     | 0.5089  | 36.1 | FAIL
LDA                      | 0.4622 | 0.0417 | 0.4516 | 0.0500 | 0.3854   | 0.0600   | 862     | 3.3044  | 32.6 | PASS
Tiny MLP                 | 0.4638 | 0.0520 | 0.4532 | 0.0500 | 0.3745   | 0.0746   | 862     | 0.9029  | 34.4 | FAIL
MultiProtoCosine         | 0.1402 | 0.0740 | 0.1323 | 0.0500 | 0.0896   | 0.0625   | 862     | 0.8687  | 37.0 | FAIL
WeightedEnsemble         | 0.5173 | 0.0425 | 0.5411 | 0.0500 | 0.4367   | 0.0655   | 862     | 0.8218  | 85.9 | PASS
XGBoost                  | 0.4811 | 0.0409 | 0.5008 | 0.0500 | 0.4118   | 0.0593   | 862     | 0.7032  | 52.8 | PASS
LDA1+LogReg              | 0.5039 | 0.0551 | 0.5306 | 0.0500 | 0.3941   | 0.0848   | 862     | 0.5089  | 37.5 | FAIL
PCA16+LogReg             | 0.5000 | 0.0567 | 0.5258 | 0.0500 | 0.3891   | 0.0869   | 862     | 0.5092  | 35.6 | FAIL
PCA32+LogReg             | 0.5055 | 0.0567 | 0.5331 | 0.0500 | 0.3976   | 0.0849   | 862     | 0.5090  | 36.6 | FAIL
PCA16+VecWeighted        | 0.0969 | 0.0449 | 0.1153 | 0.0500 | 0.0892   | 0.0581   | 862     | 0.0457  | 34.2 | PASS
PCA32+VecWeighted        | 0.0803 | 0.0465 | 0.0992 | 0.0500 | 0.0816   | 0.0567   | 862     | 0.0496  | 35.1 | PASS
StabilizedWhitenedCosine | 0.4654 | 0.0425 | 0.4895 | 0.0500 | 0.3906   | 0.0597   | 862     | 0.9711  | 33.7 | PASS

[trial=18 seed=60] GLOBAL mode — total_samples=200000
  total: h0=82063 h1=15019
  pooled_train:  n0=1270 n1=1270
  pooled_calib:  n0=1240 n1=1240
  pooled_eval:   n0=1270 n1=1270
  regions (for macro stats only): 1103
[INFO] Cosine baseline routed to direct Hadamard sum (PrecomputedCosine)
[INFO] WeightedEnsemble Cosine judge routed to direct Hadamard sum
  [Ensemble] Judges routed to 'alt' input: PrecomputedCosine
[WeightedEnsemble] Fitted weights (alpha=0.0500, external calib):
  tau=0.8562, Pooled external calib: TPR=0.5839, FPR=0.0500
  PrecomputedCosine   : +0.4176
  PCAWhitenedCosine   : +0.3460
  XGBoost             : +0.0864
  Tiny MLP            : +0.0990
  LDA                 : +0.0511

Method                   | TPR    | FPR    | TrTPR  | TrFPR  | MacroTPR | MacroFPR | Regions | TauMean | ms   | OK? 
--------------------------------------------------------------------------------------------------------------------
Cosine                   | 0.4654 | 0.0520 | 0.4677 | 0.0500 | 0.4319   | 0.0742   | 837     | 0.8903  | 47.5 | FAIL
AndBox-HC                | 0.4378 | 0.0528 | 0.4540 | 0.0500 | 0.3962   | 0.0715   | 837     | -0.0000 | 34.5 | FAIL
PCAWhitenedCosine        | 0.5709 | 0.0551 | 0.5500 | 0.0500 | 0.4732   | 0.0807   | 837     | 0.8507  | 35.0 | FAIL
Vec (Wgt)                | 0.5354 | 0.0606 | 0.5492 | 0.0500 | 0.4822   | 0.0874   | 837     | 0.8769  | 38.7 | FAIL
Log Reg                  | 0.4724 | 0.0496 | 0.4782 | 0.0500 | 0.3667   | 0.0705   | 837     | 0.5088  | 38.6 | PASS
LDA                      | 0.5165 | 0.0472 | 0.4992 | 0.0500 | 0.4269   | 0.0706   | 837     | 3.2219  | 32.8 | PASS
Tiny MLP                 | 0.4787 | 0.0480 | 0.4621 | 0.0500 | 0.4005   | 0.0732   | 837     | 0.8890  | 36.1 | PASS
MultiProtoCosine         | 0.1323 | 0.0465 | 0.1089 | 0.0500 | 0.0831   | 0.0450   | 837     | 0.8798  | 48.7 | PASS
WeightedEnsemble         | 0.5906 | 0.0543 | 0.5839 | 0.0500 | 0.4937   | 0.0800   | 837     | 0.8562  | 81.3 | FAIL
XGBoost                  | 0.5024 | 0.0472 | 0.4911 | 0.0500 | 0.4202   | 0.0705   | 837     | 0.7054  | 55.5 | PASS
LDA1+LogReg              | 0.4417 | 0.0465 | 0.4508 | 0.0500 | 0.3427   | 0.0640   | 837     | 0.5091  | 70.1 | PASS
PCA16+LogReg             | 0.4677 | 0.0504 | 0.4734 | 0.0500 | 0.3683   | 0.0711   | 837     | 0.5090  | 57.1 | FAIL
PCA32+LogReg             | 0.4732 | 0.0512 | 0.4758 | 0.0500 | 0.3676   | 0.0732   | 837     | 0.5090  | 87.6 | FAIL
PCA16+VecWeighted        | 0.0346 | 0.0614 | 0.0379 | 0.0500 | 0.0263   | 0.0453   | 837     | 0.0425  | 51.8 | FAIL
PCA32+VecWeighted        | 0.0409 | 0.0630 | 0.0371 | 0.0500 | 0.0375   | 0.0408   | 837     | 0.0483  | 86.8 | FAIL
StabilizedWhitenedCosine | 0.5520 | 0.0528 | 0.5573 | 0.0500 | 0.4682   | 0.0721   | 837     | 0.8240  | 37.1 | FAIL

[trial=19 seed=61] GLOBAL mode — total_samples=200000
  total: h0=82063 h1=15019
  pooled_train:  n0=1270 n1=1270
  pooled_calib:  n0=1240 n1=1240
  pooled_eval:   n0=1270 n1=1270
  regions (for macro stats only): 1103
[INFO] Cosine baseline routed to direct Hadamard sum (PrecomputedCosine)
[INFO] WeightedEnsemble Cosine judge routed to direct Hadamard sum
  [Ensemble] Judges routed to 'alt' input: PrecomputedCosine
[WeightedEnsemble] Fitted weights (alpha=0.0500, external calib):
  tau=1.0608, Pooled external calib: TPR=0.5710, FPR=0.0500
  PrecomputedCosine   : +0.2042
  PCAWhitenedCosine   : +0.1982
  XGBoost             : +0.4393
  Tiny MLP            : +0.0111
  LDA                 : +0.1471

Method                   | TPR    | FPR    | TrTPR  | TrFPR  | MacroTPR | MacroFPR | Regions | TauMean | ms   | OK? 
--------------------------------------------------------------------------------------------------------------------
Cosine                   | 0.4559 | 0.0598 | 0.4548 | 0.0500 | 0.3987   | 0.0890   | 852     | 0.9026  | 29.3 | FAIL
AndBox-HC                | 0.4079 | 0.0614 | 0.4242 | 0.0500 | 0.3622   | 0.0896   | 852     | 0.0001  | 32.2 | FAIL
PCAWhitenedCosine        | 0.5079 | 0.0504 | 0.5234 | 0.0500 | 0.4117   | 0.0793   | 852     | 0.9747  | 30.3 | FAIL
Vec (Wgt)                | 0.5031 | 0.0614 | 0.5145 | 0.0500 | 0.4251   | 0.0944   | 852     | 0.8990  | 30.1 | FAIL
Log Reg                  | 0.4268 | 0.0457 | 0.4444 | 0.0500 | 0.3300   | 0.0687   | 852     | 0.5103  | 37.0 | PASS
LDA                      | 0.5346 | 0.0559 | 0.5435 | 0.0500 | 0.4376   | 0.0867   | 852     | 3.1013  | 32.7 | FAIL
Tiny MLP                 | 0.5134 | 0.0559 | 0.5169 | 0.0500 | 0.4121   | 0.0880   | 852     | 0.8835  | 35.3 | FAIL
MultiProtoCosine         | 0.1134 | 0.0504 | 0.0952 | 0.0500 | 0.0756   | 0.0424   | 852     | 0.8776  | 37.2 | FAIL
WeightedEnsemble         | 0.5669 | 0.0488 | 0.5710 | 0.0500 | 0.4571   | 0.0778   | 852     | 1.0608  | 58.2 | PASS
XGBoost                  | 0.4858 | 0.0591 | 0.5016 | 0.0500 | 0.4012   | 0.0862   | 852     | 0.7008  | 51.7 | FAIL
LDA1+LogReg              | 0.4354 | 0.0465 | 0.4516 | 0.0500 | 0.3353   | 0.0704   | 852     | 0.5102  | 33.9 | PASS
PCA16+LogReg             | 0.4394 | 0.0472 | 0.4532 | 0.0500 | 0.3362   | 0.0714   | 852     | 0.5106  | 36.4 | PASS
PCA32+LogReg             | 0.4402 | 0.0449 | 0.4540 | 0.0500 | 0.3392   | 0.0690   | 852     | 0.5106  | 36.4 | PASS
PCA16+VecWeighted        | 0.1213 | 0.0417 | 0.1145 | 0.0500 | 0.0781   | 0.0292   | 852     | 0.0432  | 37.4 | PASS
PCA32+VecWeighted        | 0.1000 | 0.0425 | 0.1056 | 0.0500 | 0.0674   | 0.0225   | 852     | 0.0482  | 35.0 | PASS
StabilizedWhitenedCosine | 0.5173 | 0.0535 | 0.5177 | 0.0500 | 0.4285   | 0.0865   | 852     | 0.9530  | 38.5 | FAIL

[trial=20 seed=62] GLOBAL mode — total_samples=200000
  total: h0=82063 h1=15019
  pooled_train:  n0=1270 n1=1270
  pooled_calib:  n0=1240 n1=1240
  pooled_eval:   n0=1270 n1=1270
  regions (for macro stats only): 1103
[INFO] Cosine baseline routed to direct Hadamard sum (PrecomputedCosine)
[INFO] WeightedEnsemble Cosine judge routed to direct Hadamard sum
  [Ensemble] Judges routed to 'alt' input: PrecomputedCosine
[WeightedEnsemble] Fitted weights (alpha=0.0500, external calib):
  tau=0.8652, Pooled external calib: TPR=0.5573, FPR=0.0500
  PrecomputedCosine   : +0.4364
  PCAWhitenedCosine   : +0.0571
  XGBoost             : +0.1048
  Tiny MLP            : +0.3819
  LDA                 : +0.0199

Method                   | TPR    | FPR    | TrTPR  | TrFPR  | MacroTPR | MacroFPR | Regions | TauMean | ms   | OK? 
--------------------------------------------------------------------------------------------------------------------
Cosine                   | 0.4843 | 0.0417 | 0.4460 | 0.0500 | 0.4171   | 0.0679   | 858     | 0.9095  | 30.8 | PASS
AndBox-HC                | 0.4748 | 0.0409 | 0.4331 | 0.0500 | 0.4010   | 0.0653   | 858     | 0.0001  | 33.8 | PASS
PCAWhitenedCosine        | 0.5213 | 0.0425 | 0.4847 | 0.0500 | 0.4288   | 0.0632   | 858     | 1.0671  | 30.7 | PASS
Vec (Wgt)                | 0.5181 | 0.0449 | 0.4935 | 0.0500 | 0.4349   | 0.0726   | 858     | 0.9131  | 30.8 | PASS
Log Reg                  | 0.5087 | 0.0520 | 0.4782 | 0.0500 | 0.3959   | 0.0675   | 858     | 0.5108  | 36.4 | FAIL
LDA                      | 0.5276 | 0.0449 | 0.5169 | 0.0500 | 0.4236   | 0.0651   | 858     | 3.4525  | 33.1 | PASS
Tiny MLP                 | 0.5480 | 0.0551 | 0.5258 | 0.0500 | 0.4472   | 0.0798   | 858     | 0.8654  | 34.6 | FAIL
MultiProtoCosine         | 0.0969 | 0.0425 | 0.1016 | 0.0500 | 0.0645   | 0.0371   | 858     | 0.8796  | 37.2 | PASS
WeightedEnsemble         | 0.5945 | 0.0496 | 0.5573 | 0.0500 | 0.4988   | 0.0783   | 858     | 0.8652  | 58.3 | PASS
XGBoost                  | 0.4890 | 0.0331 | 0.4524 | 0.0500 | 0.4048   | 0.0529   | 858     | 0.7329  | 50.3 | PASS
LDA1+LogReg              | 0.5071 | 0.0512 | 0.4790 | 0.0500 | 0.3938   | 0.0658   | 858     | 0.5109  | 33.5 | FAIL
PCA16+LogReg             | 0.4898 | 0.0496 | 0.4540 | 0.0500 | 0.3795   | 0.0661   | 858     | 0.5116  | 35.5 | PASS
PCA32+LogReg             | 0.4992 | 0.0520 | 0.4629 | 0.0500 | 0.3895   | 0.0685   | 858     | 0.5114  | 36.4 | FAIL
PCA16+VecWeighted        | 0.0913 | 0.0512 | 0.0927 | 0.0500 | 0.0918   | 0.0573   | 858     | 0.0471  | 34.5 | FAIL
PCA32+VecWeighted        | 0.0961 | 0.0567 | 0.1073 | 0.0500 | 0.1053   | 0.0614   | 858     | 0.0464  | 35.1 | FAIL
StabilizedWhitenedCosine | 0.5323 | 0.0512 | 0.4960 | 0.0500 | 0.4416   | 0.0757   | 858     | 1.0021  | 33.9 | FAIL

[trial=21 seed=63] GLOBAL mode — total_samples=200000
  total: h0=82063 h1=15019
  pooled_train:  n0=1270 n1=1270
  pooled_calib:  n0=1240 n1=1240
  pooled_eval:   n0=1270 n1=1270
  regions (for macro stats only): 1103
[INFO] Cosine baseline routed to direct Hadamard sum (PrecomputedCosine)
[INFO] WeightedEnsemble Cosine judge routed to direct Hadamard sum
  [Ensemble] Judges routed to 'alt' input: PrecomputedCosine
[WeightedEnsemble] Fitted weights (alpha=0.0500, external calib):
  tau=0.8608, Pooled external calib: TPR=0.5565, FPR=0.0500
  PrecomputedCosine   : +0.4364
  PCAWhitenedCosine   : +0.0571
  XGBoost             : +0.1048
  Tiny MLP            : +0.3819
  LDA                 : +0.0199

Method                   | TPR    | FPR    | TrTPR  | TrFPR  | MacroTPR | MacroFPR | Regions | TauMean | ms   | OK? 
--------------------------------------------------------------------------------------------------------------------
Cosine                   | 0.4795 | 0.0480 | 0.4758 | 0.0500 | 0.4289   | 0.0788   | 881     | 0.8972  | 30.1 | PASS
AndBox-HC                | 0.4496 | 0.0433 | 0.4355 | 0.0500 | 0.3912   | 0.0685   | 881     | 0.0000  | 32.9 | PASS
PCAWhitenedCosine        | 0.5472 | 0.0402 | 0.5258 | 0.0500 | 0.4376   | 0.0649   | 881     | 0.9091  | 31.4 | PASS
Vec (Wgt)                | 0.5386 | 0.0496 | 0.5177 | 0.0500 | 0.4640   | 0.0789   | 881     | 0.8945  | 31.2 | PASS
Log Reg                  | 0.4756 | 0.0378 | 0.4710 | 0.0500 | 0.3668   | 0.0580   | 881     | 0.5094  | 37.2 | PASS
LDA                      | 0.4969 | 0.0362 | 0.4871 | 0.0500 | 0.4015   | 0.0594   | 881     | 3.2573  | 34.1 | PASS
Tiny MLP                 | 0.4827 | 0.0409 | 0.4629 | 0.0500 | 0.3971   | 0.0634   | 881     | 0.8991  | 35.4 | PASS
MultiProtoCosine         | 0.1291 | 0.0512 | 0.1242 | 0.0500 | 0.0899   | 0.0479   | 881     | 0.8688  | 38.4 | FAIL
WeightedEnsemble         | 0.5756 | 0.0386 | 0.5565 | 0.0500 | 0.4827   | 0.0619   | 881     | 0.8608  | 59.9 | PASS
XGBoost                  | 0.5425 | 0.0504 | 0.5363 | 0.0500 | 0.4564   | 0.0797   | 881     | 0.6781  | 51.5 | FAIL
LDA1+LogReg              | 0.4614 | 0.0378 | 0.4532 | 0.0500 | 0.3468   | 0.0570   | 881     | 0.5092  | 34.9 | PASS
PCA16+LogReg             | 0.4709 | 0.0394 | 0.4702 | 0.0500 | 0.3614   | 0.0613   | 881     | 0.5093  | 36.6 | PASS
PCA32+LogReg             | 0.4709 | 0.0378 | 0.4718 | 0.0500 | 0.3619   | 0.0589   | 881     | 0.5093  | 37.6 | PASS
PCA16+VecWeighted        | 0.0661 | 0.0535 | 0.0718 | 0.0500 | 0.0738   | 0.0645   | 881     | 0.0534  | 35.5 | FAIL
PCA32+VecWeighted        | 0.0693 | 0.0480 | 0.0710 | 0.0500 | 0.0711   | 0.0510   | 881     | 0.0577  | 36.2 | PASS
StabilizedWhitenedCosine | 0.5551 | 0.0417 | 0.5274 | 0.0500 | 0.4392   | 0.0681   | 881     | 0.8725  | 34.8 | PASS

[trial=22 seed=64] GLOBAL mode — total_samples=200000
  total: h0=82063 h1=15019
  pooled_train:  n0=1270 n1=1270
  pooled_calib:  n0=1240 n1=1240
  pooled_eval:   n0=1270 n1=1270
  regions (for macro stats only): 1103
[INFO] Cosine baseline routed to direct Hadamard sum (PrecomputedCosine)
[INFO] WeightedEnsemble Cosine judge routed to direct Hadamard sum
  [Ensemble] Judges routed to 'alt' input: PrecomputedCosine
[WeightedEnsemble] Fitted weights (alpha=0.0500, external calib):
  tau=0.8927, Pooled external calib: TPR=0.5694, FPR=0.0500
  PrecomputedCosine   : +0.1195
  PCAWhitenedCosine   : +0.3770
  XGBoost             : +0.2691
  Tiny MLP            : +0.2045
  LDA                 : +0.0298

Method                   | TPR    | FPR    | TrTPR  | TrFPR  | MacroTPR | MacroFPR | Regions | TauMean | ms   | OK? 
--------------------------------------------------------------------------------------------------------------------
Cosine                   | 0.4976 | 0.0512 | 0.4774 | 0.0500 | 0.4431   | 0.0799   | 846     | 0.8887  | 41.8 | FAIL
AndBox-HC                | 0.3961 | 0.0402 | 0.3960 | 0.0500 | 0.3562   | 0.0599   | 846     | 0.0001  | 33.0 | PASS
PCAWhitenedCosine        | 0.5638 | 0.0433 | 0.5403 | 0.0500 | 0.4568   | 0.0524   | 846     | 1.0042  | 29.9 | PASS
Vec (Wgt)                | 0.5591 | 0.0567 | 0.5460 | 0.0500 | 0.4827   | 0.0841   | 846     | 0.8852  | 29.8 | FAIL
Log Reg                  | 0.4441 | 0.0575 | 0.4548 | 0.0500 | 0.3498   | 0.0733   | 846     | 0.5102  | 36.3 | FAIL
LDA                      | 0.5315 | 0.0512 | 0.5323 | 0.0500 | 0.4380   | 0.0706   | 846     | 3.3026  | 32.2 | FAIL
Tiny MLP                 | 0.5000 | 0.0535 | 0.5137 | 0.0500 | 0.4114   | 0.0714   | 846     | 0.8974  | 33.8 | FAIL
MultiProtoCosine         | 0.1197 | 0.0740 | 0.0992 | 0.0500 | 0.0720   | 0.0578   | 846     | 0.8755  | 36.9 | FAIL
WeightedEnsemble         | 0.5898 | 0.0449 | 0.5694 | 0.0500 | 0.4778   | 0.0590   | 846     | 0.8927  | 57.7 | PASS
XGBoost                  | 0.5276 | 0.0480 | 0.5210 | 0.0500 | 0.4467   | 0.0731   | 846     | 0.7011  | 49.8 | PASS
LDA1+LogReg              | 0.4449 | 0.0567 | 0.4565 | 0.0500 | 0.3531   | 0.0724   | 846     | 0.5102  | 33.3 | FAIL
PCA16+LogReg             | 0.4724 | 0.0575 | 0.4798 | 0.0500 | 0.3807   | 0.0760   | 846     | 0.5099  | 35.1 | FAIL
PCA32+LogReg             | 0.4764 | 0.0575 | 0.4855 | 0.0500 | 0.3841   | 0.0754   | 846     | 0.5099  | 36.1 | FAIL
PCA16+VecWeighted        | 0.0732 | 0.0591 | 0.0597 | 0.0500 | 0.0560   | 0.0394   | 846     | 0.0520  | 33.8 | FAIL
PCA32+VecWeighted        | 0.0709 | 0.0551 | 0.0621 | 0.0500 | 0.0603   | 0.0351   | 846     | 0.0526  | 34.9 | FAIL
StabilizedWhitenedCosine | 0.5669 | 0.0583 | 0.5460 | 0.0500 | 0.4625   | 0.0746   | 846     | 0.9049  | 33.1 | FAIL

[trial=23 seed=65] GLOBAL mode — total_samples=200000
  total: h0=82063 h1=15019
  pooled_train:  n0=1270 n1=1270
  pooled_calib:  n0=1240 n1=1240
  pooled_eval:   n0=1270 n1=1270
  regions (for macro stats only): 1103
[INFO] Cosine baseline routed to direct Hadamard sum (PrecomputedCosine)
[INFO] WeightedEnsemble Cosine judge routed to direct Hadamard sum
  [Ensemble] Judges routed to 'alt' input: PrecomputedCosine
[WeightedEnsemble] Fitted weights (alpha=0.0500, external calib):
  tau=0.8638, Pooled external calib: TPR=0.6137, FPR=0.0500
  PrecomputedCosine   : +0.5316
  PCAWhitenedCosine   : +0.2031
  XGBoost             : +0.0553
  Tiny MLP            : +0.1785
  LDA                 : +0.0315

Method                   | TPR    | FPR    | TrTPR  | TrFPR  | MacroTPR | MacroFPR | Regions | TauMean | ms   | OK? 
--------------------------------------------------------------------------------------------------------------------
Cosine                   | 0.4646 | 0.0535 | 0.4581 | 0.0500 | 0.4124   | 0.0802   | 869     | 0.9034  | 30.2 | FAIL
AndBox-HC                | 0.4591 | 0.0512 | 0.4653 | 0.0500 | 0.3974   | 0.0776   | 869     | 0.0001  | 40.4 | FAIL
PCAWhitenedCosine        | 0.5465 | 0.0512 | 0.5573 | 0.0500 | 0.4379   | 0.0764   | 869     | 0.9578  | 31.4 | FAIL
Vec (Wgt)                | 0.5079 | 0.0559 | 0.5153 | 0.0500 | 0.4430   | 0.0889   | 869     | 0.8990  | 31.4 | FAIL
Log Reg                  | 0.5118 | 0.0559 | 0.5113 | 0.0500 | 0.3932   | 0.0827   | 869     | 0.5102  | 37.7 | FAIL
LDA                      | 0.5535 | 0.0654 | 0.5540 | 0.0500 | 0.4454   | 0.0982   | 869     | 3.0612  | 33.6 | FAIL
Tiny MLP                 | 0.4890 | 0.0606 | 0.5177 | 0.0500 | 0.3908   | 0.0897   | 869     | 0.9029  | 35.4 | FAIL
MultiProtoCosine         | 0.1031 | 0.0472 | 0.1105 | 0.0500 | 0.0579   | 0.0409   | 869     | 0.8702  | 38.1 | PASS
WeightedEnsemble         | 0.5858 | 0.0614 | 0.6137 | 0.0500 | 0.4821   | 0.0886   | 869     | 0.8638  | 61.1 | FAIL
XGBoost                  | 0.5189 | 0.0583 | 0.5331 | 0.0500 | 0.4371   | 0.0938   | 869     | 0.6925  | 73.4 | FAIL
LDA1+LogReg              | 0.5118 | 0.0559 | 0.5105 | 0.0500 | 0.3932   | 0.0827   | 869     | 0.5103  | 36.6 | FAIL
PCA16+LogReg             | 0.5063 | 0.0543 | 0.4992 | 0.0500 | 0.3916   | 0.0770   | 869     | 0.5106  | 41.9 | FAIL
PCA32+LogReg             | 0.5102 | 0.0528 | 0.5065 | 0.0500 | 0.3934   | 0.0760   | 869     | 0.5106  | 41.4 | FAIL
PCA16+VecWeighted        | 0.1772 | 0.0701 | 0.1903 | 0.0500 | 0.1179   | 0.0531   | 869     | 0.0387  | 35.5 | FAIL
PCA32+VecWeighted        | 0.1740 | 0.0748 | 0.1887 | 0.0500 | 0.1138   | 0.0543   | 869     | 0.0415  | 36.1 | FAIL
StabilizedWhitenedCosine | 0.5386 | 0.0543 | 0.5476 | 0.0500 | 0.4314   | 0.0786   | 869     | 0.9830  | 34.5 | FAIL

[trial=24 seed=66] GLOBAL mode — total_samples=200000
  total: h0=82063 h1=15019
  pooled_train:  n0=1270 n1=1270
  pooled_calib:  n0=1240 n1=1240
  pooled_eval:   n0=1270 n1=1270
  regions (for macro stats only): 1103
[INFO] Cosine baseline routed to direct Hadamard sum (PrecomputedCosine)
[INFO] WeightedEnsemble Cosine judge routed to direct Hadamard sum
  [Ensemble] Judges routed to 'alt' input: PrecomputedCosine
[WeightedEnsemble] Fitted weights (alpha=0.0500, external calib):
  tau=1.2417, Pooled external calib: TPR=0.5242, FPR=0.0500
  PrecomputedCosine   : +0.1270
  PCAWhitenedCosine   : +0.4131
  XGBoost             : +0.2315
  Tiny MLP            : +0.0777
  LDA                 : +0.1507

Method                   | TPR    | FPR    | TrTPR  | TrFPR  | MacroTPR | MacroFPR | Regions | TauMean | ms    | OK? 
---------------------------------------------------------------------------------------------------------------------
Cosine                   | 0.4551 | 0.0480 | 0.4468 | 0.0500 | 0.4169   | 0.0707   | 866     | 0.8973  | 58.5  | PASS
AndBox-HC                | 0.4055 | 0.0457 | 0.4056 | 0.0500 | 0.3660   | 0.0652   | 866     | 0.0001  | 34.5  | PASS
PCAWhitenedCosine        | 0.4969 | 0.0386 | 0.4815 | 0.0500 | 0.4059   | 0.0600   | 866     | 1.0374  | 31.8  | PASS
Vec (Wgt)                | 0.4969 | 0.0480 | 0.4992 | 0.0500 | 0.4416   | 0.0717   | 866     | 0.8970  | 33.0  | PASS
Log Reg                  | 0.4772 | 0.0622 | 0.4911 | 0.0500 | 0.3722   | 0.0906   | 866     | 0.5091  | 42.7  | FAIL
LDA                      | 0.4882 | 0.0417 | 0.4919 | 0.0500 | 0.4016   | 0.0567   | 866     | 3.5769  | 36.3  | PASS
Tiny MLP                 | 0.4890 | 0.0488 | 0.4895 | 0.0500 | 0.4059   | 0.0658   | 866     | 0.8841  | 58.6  | PASS
MultiProtoCosine         | 0.1063 | 0.0496 | 0.1169 | 0.0500 | 0.0667   | 0.0480   | 866     | 0.8799  | 46.2  | PASS
WeightedEnsemble         | 0.5118 | 0.0386 | 0.5242 | 0.0500 | 0.4241   | 0.0596   | 866     | 1.2417  | 129.9 | PASS
XGBoost                  | 0.4850 | 0.0480 | 0.4806 | 0.0500 | 0.4189   | 0.0686   | 866     | 0.7053  | 52.2  | PASS
LDA1+LogReg              | 0.4819 | 0.0622 | 0.4960 | 0.0500 | 0.3783   | 0.0885   | 866     | 0.5091  | 75.9  | FAIL
PCA16+LogReg             | 0.4913 | 0.0622 | 0.5032 | 0.0500 | 0.3857   | 0.0868   | 866     | 0.5089  | 93.4  | FAIL
PCA32+LogReg             | 0.5008 | 0.0638 | 0.5153 | 0.0500 | 0.3963   | 0.0891   | 866     | 0.5088  | 124.1 | FAIL
PCA16+VecWeighted        | 0.2047 | 0.0504 | 0.1927 | 0.0500 | 0.1244   | 0.0571   | 866     | 0.0331  | 106.3 | FAIL
PCA32+VecWeighted        | 0.2102 | 0.0535 | 0.1992 | 0.0500 | 0.1232   | 0.0640   | 866     | 0.0342  | 112.4 | FAIL
StabilizedWhitenedCosine | 0.5181 | 0.0496 | 0.5000 | 0.0500 | 0.4410   | 0.0705   | 866     | 0.9098  | 87.6  | PASS

[trial=25 seed=67] GLOBAL mode — total_samples=200000
  total: h0=82063 h1=15019
  pooled_train:  n0=1270 n1=1270
  pooled_calib:  n0=1240 n1=1240
  pooled_eval:   n0=1270 n1=1270
  regions (for macro stats only): 1103
[INFO] Cosine baseline routed to direct Hadamard sum (PrecomputedCosine)
[INFO] WeightedEnsemble Cosine judge routed to direct Hadamard sum
  [Ensemble] Judges routed to 'alt' input: PrecomputedCosine
[WeightedEnsemble] Fitted weights (alpha=0.0500, external calib):
  tau=1.0294, Pooled external calib: TPR=0.5355, FPR=0.0500
  PrecomputedCosine   : +0.1817
  PCAWhitenedCosine   : +0.4603
  XGBoost             : +0.0868
  Tiny MLP            : +0.1854
  LDA                 : +0.0858

Method                   | TPR    | FPR    | TrTPR  | TrFPR  | MacroTPR | MacroFPR | Regions | TauMean | ms   | OK? 
--------------------------------------------------------------------------------------------------------------------
Cosine                   | 0.4299 | 0.0339 | 0.3839 | 0.0500 | 0.3525   | 0.0464   | 860     | 0.9313  | 56.5 | PASS
AndBox-HC                | 0.4047 | 0.0315 | 0.3879 | 0.0500 | 0.3374   | 0.0426   | 860     | 0.0001  | 33.8 | PASS
PCAWhitenedCosine        | 0.5220 | 0.0362 | 0.4718 | 0.0500 | 0.3963   | 0.0421   | 860     | 1.0578  | 30.1 | PASS
Vec (Wgt)                | 0.4772 | 0.0346 | 0.4395 | 0.0500 | 0.3909   | 0.0442   | 860     | 0.9342  | 30.6 | PASS
Log Reg                  | 0.4402 | 0.0465 | 0.4315 | 0.0500 | 0.3206   | 0.0528   | 860     | 0.5100  | 36.4 | PASS
LDA                      | 0.4843 | 0.0402 | 0.4581 | 0.0500 | 0.3720   | 0.0494   | 860     | 3.1958  | 32.8 | PASS
Tiny MLP                 | 0.5055 | 0.0394 | 0.4589 | 0.0500 | 0.3832   | 0.0471   | 860     | 0.8600  | 34.6 | PASS
MultiProtoCosine         | 0.1220 | 0.0535 | 0.1403 | 0.0500 | 0.0734   | 0.0392   | 860     | 0.8810  | 37.0 | FAIL
WeightedEnsemble         | 0.5661 | 0.0480 | 0.5355 | 0.0500 | 0.4436   | 0.0576   | 860     | 1.0294  | 58.1 | PASS
XGBoost                  | 0.4354 | 0.0268 | 0.4048 | 0.0500 | 0.3390   | 0.0343   | 860     | 0.7327  | 50.5 | PASS
LDA1+LogReg              | 0.4087 | 0.0512 | 0.3984 | 0.0500 | 0.2970   | 0.0543   | 860     | 0.5102  | 33.5 | FAIL
PCA16+LogReg             | 0.4441 | 0.0504 | 0.4339 | 0.0500 | 0.3262   | 0.0556   | 860     | 0.5098  | 35.2 | FAIL
PCA32+LogReg             | 0.4433 | 0.0472 | 0.4339 | 0.0500 | 0.3273   | 0.0537   | 860     | 0.5100  | 36.5 | PASS
PCA16+VecWeighted        | 0.1260 | 0.0622 | 0.1177 | 0.0500 | 0.1298   | 0.0731   | 860     | 0.0338  | 34.4 | FAIL
PCA32+VecWeighted        | 0.1213 | 0.0661 | 0.1226 | 0.0500 | 0.1255   | 0.0751   | 860     | 0.0396  | 35.1 | FAIL
StabilizedWhitenedCosine | 0.4795 | 0.0378 | 0.4363 | 0.0500 | 0.3585   | 0.0437   | 860     | 1.0966  | 33.8 | PASS

[trial=26 seed=68] GLOBAL mode — total_samples=200000
  total: h0=82063 h1=15019
  pooled_train:  n0=1270 n1=1270
  pooled_calib:  n0=1240 n1=1240
  pooled_eval:   n0=1270 n1=1270
  regions (for macro stats only): 1103
[INFO] Cosine baseline routed to direct Hadamard sum (PrecomputedCosine)
[INFO] WeightedEnsemble Cosine judge routed to direct Hadamard sum
  [Ensemble] Judges routed to 'alt' input: PrecomputedCosine
[WeightedEnsemble] Fitted weights (alpha=0.0500, external calib):
  tau=1.2082, Pooled external calib: TPR=0.5081, FPR=0.0500
  PrecomputedCosine   : +0.0588
  PCAWhitenedCosine   : +0.4134
  XGBoost             : +0.3025
  Tiny MLP            : +0.0887
  LDA                 : +0.1365

Method                   | TPR    | FPR    | TrTPR  | TrFPR  | MacroTPR | MacroFPR | Regions | TauMean | ms   | OK? 
--------------------------------------------------------------------------------------------------------------------
Cosine                   | 0.4268 | 0.0283 | 0.4113 | 0.0500 | 0.3629   | 0.0404   | 849     | 0.9209  | 29.6 | PASS
AndBox-HC                | 0.3953 | 0.0291 | 0.4008 | 0.0500 | 0.3425   | 0.0382   | 849     | 0.0002  | 32.5 | PASS
PCAWhitenedCosine        | 0.5055 | 0.0346 | 0.4823 | 0.0500 | 0.3952   | 0.0488   | 849     | 1.0763  | 30.5 | PASS
Vec (Wgt)                | 0.5000 | 0.0362 | 0.4887 | 0.0500 | 0.4187   | 0.0519   | 849     | 0.9051  | 30.3 | PASS
Log Reg                  | 0.4622 | 0.0394 | 0.4500 | 0.0500 | 0.3519   | 0.0539   | 849     | 0.5109  | 36.4 | PASS
LDA                      | 0.4843 | 0.0276 | 0.4581 | 0.0500 | 0.3768   | 0.0410   | 849     | 3.7716  | 32.9 | PASS
Tiny MLP                 | 0.4646 | 0.0346 | 0.4347 | 0.0500 | 0.3643   | 0.0518   | 849     | 0.9242  | 35.0 | PASS
MultiProtoCosine         | 0.1386 | 0.0606 | 0.1282 | 0.0500 | 0.0671   | 0.0557   | 849     | 0.8690  | 37.3 | FAIL
WeightedEnsemble         | 0.5441 | 0.0323 | 0.5081 | 0.0500 | 0.4307   | 0.0470   | 849     | 1.2082  | 59.8 | PASS
XGBoost                  | 0.4724 | 0.0331 | 0.4685 | 0.0500 | 0.3800   | 0.0493   | 849     | 0.7206  | 50.7 | PASS
LDA1+LogReg              | 0.4638 | 0.0394 | 0.4508 | 0.0500 | 0.3525   | 0.0539   | 849     | 0.5110  | 33.9 | PASS
PCA16+LogReg             | 0.4630 | 0.0425 | 0.4516 | 0.0500 | 0.3505   | 0.0582   | 849     | 0.5112  | 35.4 | PASS
PCA32+LogReg             | 0.4693 | 0.0425 | 0.4556 | 0.0500 | 0.3557   | 0.0596   | 849     | 0.5112  | 36.6 | PASS
PCA16+VecWeighted        | 0.2165 | 0.0504 | 0.2210 | 0.0500 | 0.1278   | 0.0477   | 849     | 0.0310  | 34.3 | FAIL
PCA32+VecWeighted        | 0.2142 | 0.0488 | 0.2169 | 0.0500 | 0.1329   | 0.0507   | 849     | 0.0365  | 34.9 | PASS
StabilizedWhitenedCosine | 0.5039 | 0.0315 | 0.4815 | 0.0500 | 0.4239   | 0.0426   | 849     | 1.0020  | 33.9 | PASS

[trial=27 seed=69] GLOBAL mode — total_samples=200000
  total: h0=82063 h1=15019
  pooled_train:  n0=1270 n1=1270
  pooled_calib:  n0=1240 n1=1240
  pooled_eval:   n0=1270 n1=1270
  regions (for macro stats only): 1103
[INFO] Cosine baseline routed to direct Hadamard sum (PrecomputedCosine)
[INFO] WeightedEnsemble Cosine judge routed to direct Hadamard sum
  [Ensemble] Judges routed to 'alt' input: PrecomputedCosine
[WeightedEnsemble] Fitted weights (alpha=0.0500, external calib):
  tau=0.8181, Pooled external calib: TPR=0.5734, FPR=0.0500
  PrecomputedCosine   : +0.2204
  PCAWhitenedCosine   : +0.3145
  XGBoost             : +0.1972
  Tiny MLP            : +0.2559
  LDA                 : +0.0120

Method                   | TPR    | FPR    | TrTPR  | TrFPR  | MacroTPR | MacroFPR | Regions | TauMean | ms    | OK? 
---------------------------------------------------------------------------------------------------------------------
Cosine                   | 0.4906 | 0.0425 | 0.4444 | 0.0500 | 0.4283   | 0.0567   | 850     | 0.9019  | 49.7  | PASS
AndBox-HC                | 0.4417 | 0.0417 | 0.3871 | 0.0500 | 0.3796   | 0.0534   | 850     | 0.0001  | 33.4  | PASS
PCAWhitenedCosine        | 0.5693 | 0.0433 | 0.5556 | 0.0500 | 0.4519   | 0.0608   | 850     | 0.9016  | 30.8  | PASS
Vec (Wgt)                | 0.5354 | 0.0441 | 0.4895 | 0.0500 | 0.4557   | 0.0604   | 850     | 0.8982  | 30.4  | PASS
Log Reg                  | 0.4953 | 0.0315 | 0.4532 | 0.0500 | 0.3729   | 0.0418   | 850     | 0.5115  | 36.4  | PASS
LDA                      | 0.5276 | 0.0370 | 0.5000 | 0.0500 | 0.4093   | 0.0515   | 850     | 3.4702  | 32.9  | PASS
Tiny MLP                 | 0.5150 | 0.0346 | 0.5000 | 0.0500 | 0.4096   | 0.0508   | 850     | 0.9019  | 34.5  | PASS
MultiProtoCosine         | 0.0740 | 0.0386 | 0.0911 | 0.0500 | 0.0488   | 0.0331   | 850     | 0.8871  | 37.3  | PASS
WeightedEnsemble         | 0.5906 | 0.0425 | 0.5734 | 0.0500 | 0.4741   | 0.0608   | 850     | 0.8181  | 122.4 | PASS
XGBoost                  | 0.5323 | 0.0425 | 0.5105 | 0.0500 | 0.4402   | 0.0594   | 850     | 0.6962  | 50.9  | PASS
LDA1+LogReg              | 0.5047 | 0.0331 | 0.4565 | 0.0500 | 0.3806   | 0.0443   | 850     | 0.5116  | 33.6  | PASS
PCA16+LogReg             | 0.4969 | 0.0346 | 0.4605 | 0.0500 | 0.3800   | 0.0464   | 850     | 0.5115  | 35.5  | PASS
PCA32+LogReg             | 0.5110 | 0.0346 | 0.4637 | 0.0500 | 0.3903   | 0.0461   | 850     | 0.5115  | 36.5  | PASS
PCA16+VecWeighted        | 0.1008 | 0.0520 | 0.0855 | 0.0500 | 0.0780   | 0.0476   | 850     | 0.0397  | 34.4  | FAIL
PCA32+VecWeighted        | 0.0756 | 0.0457 | 0.0839 | 0.0500 | 0.0662   | 0.0436   | 850     | 0.0470  | 35.1  | PASS
StabilizedWhitenedCosine | 0.5291 | 0.0394 | 0.4919 | 0.0500 | 0.4247   | 0.0562   | 850     | 0.9977  | 34.0  | PASS

[trial=28 seed=70] GLOBAL mode — total_samples=200000
  total: h0=82063 h1=15019
  pooled_train:  n0=1270 n1=1270
  pooled_calib:  n0=1240 n1=1240
  pooled_eval:   n0=1270 n1=1270
  regions (for macro stats only): 1103
[INFO] Cosine baseline routed to direct Hadamard sum (PrecomputedCosine)
[INFO] WeightedEnsemble Cosine judge routed to direct Hadamard sum
  [Ensemble] Judges routed to 'alt' input: PrecomputedCosine
[WeightedEnsemble] Fitted weights (alpha=0.0500, external calib):
  tau=1.5620, Pooled external calib: TPR=0.5621, FPR=0.0500
  PrecomputedCosine   : +0.2301
  PCAWhitenedCosine   : +0.2501
  XGBoost             : +0.0425
  Tiny MLP            : +0.0991
  LDA                 : +0.3781

Method                   | TPR    | FPR    | TrTPR  | TrFPR  | MacroTPR | MacroFPR | Regions | TauMean | ms   | OK? 
--------------------------------------------------------------------------------------------------------------------
Cosine                   | 0.4323 | 0.0465 | 0.4347 | 0.0500 | 0.3660   | 0.0709   | 864     | 0.9167  | 57.0 | PASS
AndBox-HC                | 0.4055 | 0.0520 | 0.4065 | 0.0500 | 0.3429   | 0.0781   | 864     | 0.0001  | 33.5 | FAIL
PCAWhitenedCosine        | 0.5425 | 0.0425 | 0.5210 | 0.0500 | 0.4233   | 0.0660   | 864     | 0.9949  | 30.8 | PASS
Vec (Wgt)                | 0.4937 | 0.0465 | 0.4855 | 0.0500 | 0.4143   | 0.0700   | 864     | 0.9074  | 30.6 | PASS
Log Reg                  | 0.4732 | 0.0425 | 0.4492 | 0.0500 | 0.3553   | 0.0598   | 864     | 0.5118  | 36.6 | PASS
LDA                      | 0.5409 | 0.0598 | 0.5435 | 0.0500 | 0.4313   | 0.0925   | 864     | 2.9067  | 35.0 | FAIL
Tiny MLP                 | 0.5449 | 0.0598 | 0.5315 | 0.0500 | 0.4352   | 0.0959   | 864     | 0.8694  | 34.8 | FAIL
MultiProtoCosine         | 0.1079 | 0.0504 | 0.1081 | 0.0500 | 0.0726   | 0.0494   | 864     | 0.8807  | 37.9 | FAIL
WeightedEnsemble         | 0.5654 | 0.0551 | 0.5621 | 0.0500 | 0.4573   | 0.0876   | 864     | 1.5620  | 58.2 | FAIL
XGBoost                  | 0.5150 | 0.0504 | 0.4911 | 0.0500 | 0.4215   | 0.0702   | 864     | 0.6987  | 50.5 | FAIL
LDA1+LogReg              | 0.4772 | 0.0425 | 0.4548 | 0.0500 | 0.3598   | 0.0598   | 864     | 0.5119  | 34.3 | PASS
PCA16+LogReg             | 0.4591 | 0.0409 | 0.4435 | 0.0500 | 0.3464   | 0.0584   | 864     | 0.5125  | 40.4 | PASS
PCA32+LogReg             | 0.4693 | 0.0425 | 0.4556 | 0.0500 | 0.3549   | 0.0606   | 864     | 0.5122  | 48.7 | PASS
PCA16+VecWeighted        | 0.0772 | 0.0669 | 0.0927 | 0.0500 | 0.0705   | 0.0583   | 864     | 0.0347  | 40.9 | FAIL
PCA32+VecWeighted        | 0.1024 | 0.0591 | 0.1185 | 0.0500 | 0.0941   | 0.0609   | 864     | 0.0369  | 43.6 | FAIL
StabilizedWhitenedCosine | 0.5386 | 0.0488 | 0.5161 | 0.0500 | 0.4382   | 0.0798   | 864     | 0.9478  | 38.0 | PASS

[trial=29 seed=71] GLOBAL mode — total_samples=200000
  total: h0=82063 h1=15019
  pooled_train:  n0=1270 n1=1270
  pooled_calib:  n0=1240 n1=1240
  pooled_eval:   n0=1270 n1=1270
  regions (for macro stats only): 1103
[INFO] Cosine baseline routed to direct Hadamard sum (PrecomputedCosine)
[INFO] WeightedEnsemble Cosine judge routed to direct Hadamard sum
  [Ensemble] Judges routed to 'alt' input: PrecomputedCosine
[WeightedEnsemble] Fitted weights (alpha=0.0500, external calib):
  tau=1.4606, Pooled external calib: TPR=0.5395, FPR=0.0500
  PrecomputedCosine   : +0.0760
  PCAWhitenedCosine   : +0.2458
  XGBoost             : +0.3105
  Tiny MLP            : +0.1034
  LDA                 : +0.2643

Method                   | TPR    | FPR    | TrTPR  | TrFPR  | MacroTPR | MacroFPR | Regions | TauMean | ms   | OK? 
--------------------------------------------------------------------------------------------------------------------
Cosine                   | 0.4433 | 0.0496 | 0.4403 | 0.0500 | 0.3859   | 0.0733   | 851     | 0.9120  | 55.3 | PASS
AndBox-HC                | 0.3764 | 0.0370 | 0.3468 | 0.0500 | 0.3278   | 0.0516   | 851     | 0.0001  | 50.8 | PASS
PCAWhitenedCosine        | 0.5039 | 0.0433 | 0.4839 | 0.0500 | 0.3894   | 0.0625   | 851     | 1.1185  | 63.2 | PASS
Vec (Wgt)                | 0.4835 | 0.0465 | 0.4758 | 0.0500 | 0.4093   | 0.0671   | 851     | 0.9171  | 35.3 | PASS
Log Reg                  | 0.4276 | 0.0378 | 0.4274 | 0.0500 | 0.3290   | 0.0564   | 851     | 0.5115  | 39.8 | PASS
LDA                      | 0.5276 | 0.0591 | 0.5250 | 0.0500 | 0.4286   | 0.0838   | 851     | 3.4306  | 35.8 | FAIL
Tiny MLP                 | 0.4701 | 0.0472 | 0.4581 | 0.0500 | 0.3841   | 0.0710   | 851     | 0.9272  | 53.8 | PASS
MultiProtoCosine         | 0.1165 | 0.0669 | 0.1266 | 0.0500 | 0.0763   | 0.0465   | 851     | 0.8789  | 83.9 | FAIL
WeightedEnsemble         | 0.5449 | 0.0528 | 0.5395 | 0.0500 | 0.4382   | 0.0711   | 851     | 1.4606  | 72.0 | FAIL
XGBoost                  | 0.4756 | 0.0425 | 0.4694 | 0.0500 | 0.3976   | 0.0601   | 851     | 0.7368  | 54.7 | PASS
LDA1+LogReg              | 0.4134 | 0.0378 | 0.4210 | 0.0500 | 0.3154   | 0.0541   | 851     | 0.5114  | 35.6 | PASS
PCA16+LogReg             | 0.4197 | 0.0386 | 0.4282 | 0.0500 | 0.3227   | 0.0575   | 851     | 0.5115  | 36.0 | PASS
PCA32+LogReg             | 0.4362 | 0.0394 | 0.4355 | 0.0500 | 0.3339   | 0.0584   | 851     | 0.5114  | 37.9 | PASS
PCA16+VecWeighted        | 0.2315 | 0.0630 | 0.2476 | 0.0500 | 0.1734   | 0.0632   | 851     | 0.0262  | 71.1 | FAIL
PCA32+VecWeighted        | 0.2433 | 0.0535 | 0.2629 | 0.0500 | 0.1911   | 0.0530   | 851     | 0.0300  | 80.8 | FAIL
StabilizedWhitenedCosine | 0.4748 | 0.0409 | 0.4524 | 0.0500 | 0.3702   | 0.0613   | 851     | 1.1326  | 46.1 | PASS

[trial=30 seed=72] GLOBAL mode — total_samples=200000
  total: h0=82063 h1=15019
  pooled_train:  n0=1270 n1=1270
  pooled_calib:  n0=1240 n1=1240
  pooled_eval:   n0=1270 n1=1270
  regions (for macro stats only): 1103
[INFO] Cosine baseline routed to direct Hadamard sum (PrecomputedCosine)
[INFO] WeightedEnsemble Cosine judge routed to direct Hadamard sum
  [Ensemble] Judges routed to 'alt' input: PrecomputedCosine
[WeightedEnsemble] Fitted weights (alpha=0.0500, external calib):
  tau=0.9324, Pooled external calib: TPR=0.6000, FPR=0.0500
  PrecomputedCosine   : +0.3246
  PCAWhitenedCosine   : +0.1636
  XGBoost             : +0.2291
  Tiny MLP            : +0.2081
  LDA                 : +0.0747

Method                   | TPR    | FPR    | TrTPR  | TrFPR  | MacroTPR | MacroFPR | Regions | TauMean | ms   | OK? 
--------------------------------------------------------------------------------------------------------------------
Cosine                   | 0.4150 | 0.0394 | 0.4129 | 0.0500 | 0.3891   | 0.0654   | 838     | 0.9200  | 55.3 | PASS
AndBox-HC                | 0.3567 | 0.0362 | 0.3573 | 0.0500 | 0.3075   | 0.0522   | 838     | 0.0002  | 32.8 | PASS
PCAWhitenedCosine        | 0.5819 | 0.0457 | 0.5710 | 0.0500 | 0.4948   | 0.0672   | 838     | 0.8939  | 29.5 | PASS
Vec (Wgt)                | 0.5016 | 0.0457 | 0.4847 | 0.0500 | 0.4542   | 0.0749   | 838     | 0.9083  | 29.4 | PASS
Log Reg                  | 0.4701 | 0.0543 | 0.4581 | 0.0500 | 0.3861   | 0.0798   | 838     | 0.5091  | 35.7 | FAIL
LDA                      | 0.5528 | 0.0488 | 0.5548 | 0.0500 | 0.4717   | 0.0841   | 838     | 3.1686  | 32.1 | PASS
Tiny MLP                 | 0.5315 | 0.0520 | 0.5250 | 0.0500 | 0.4544   | 0.0866   | 838     | 0.8723  | 33.8 | FAIL
MultiProtoCosine         | 0.1047 | 0.0520 | 0.1266 | 0.0500 | 0.0693   | 0.0522   | 838     | 0.8752  | 36.2 | FAIL
WeightedEnsemble         | 0.5969 | 0.0496 | 0.6000 | 0.0500 | 0.5246   | 0.0803   | 838     | 0.9324  | 57.6 | PASS
XGBoost                  | 0.4890 | 0.0472 | 0.4895 | 0.0500 | 0.4345   | 0.0744   | 838     | 0.7087  | 49.5 | PASS
LDA1+LogReg              | 0.4331 | 0.0504 | 0.4387 | 0.0500 | 0.3502   | 0.0718   | 838     | 0.5092  | 32.6 | FAIL
PCA16+LogReg             | 0.4575 | 0.0496 | 0.4476 | 0.0500 | 0.3776   | 0.0730   | 838     | 0.5094  | 34.6 | PASS
PCA32+LogReg             | 0.4567 | 0.0504 | 0.4476 | 0.0500 | 0.3773   | 0.0739   | 838     | 0.5095  | 35.5 | FAIL
PCA16+VecWeighted        | 0.1654 | 0.0512 | 0.1774 | 0.0500 | 0.1059   | 0.0534   | 838     | 0.0354  | 33.3 | FAIL
PCA32+VecWeighted        | 0.1693 | 0.0520 | 0.1742 | 0.0500 | 0.1174   | 0.0503   | 838     | 0.0377  | 34.0 | FAIL
StabilizedWhitenedCosine | 0.5528 | 0.0512 | 0.5476 | 0.0500 | 0.4770   | 0.0781   | 838     | 0.9080  | 33.1 | FAIL

[trial=31 seed=73] GLOBAL mode — total_samples=200000
  total: h0=82063 h1=15019
  pooled_train:  n0=1270 n1=1270
  pooled_calib:  n0=1240 n1=1240
  pooled_eval:   n0=1270 n1=1270
  regions (for macro stats only): 1103
[INFO] Cosine baseline routed to direct Hadamard sum (PrecomputedCosine)
[INFO] WeightedEnsemble Cosine judge routed to direct Hadamard sum
  [Ensemble] Judges routed to 'alt' input: PrecomputedCosine
[WeightedEnsemble] Fitted weights (alpha=0.0500, external calib):
  tau=0.7628, Pooled external calib: TPR=0.5823, FPR=0.0500
  PrecomputedCosine   : +0.1369
  PCAWhitenedCosine   : +0.3322
  XGBoost             : +0.4468
  Tiny MLP            : +0.0732
  LDA                 : +0.0110

Method                   | TPR    | FPR    | TrTPR  | TrFPR  | MacroTPR | MacroFPR | Regions | TauMean | ms   | OK? 
--------------------------------------------------------------------------------------------------------------------
Cosine                   | 0.4835 | 0.0701 | 0.5032 | 0.0500 | 0.4376   | 0.1073   | 859     | 0.8835  | 51.3 | FAIL
AndBox-HC                | 0.4787 | 0.0661 | 0.4790 | 0.0500 | 0.4296   | 0.0948   | 859     | 0.0000  | 33.1 | FAIL
PCAWhitenedCosine        | 0.5118 | 0.0472 | 0.5331 | 0.0500 | 0.4348   | 0.0751   | 859     | 0.9387  | 30.0 | PASS
Vec (Wgt)                | 0.5409 | 0.0717 | 0.5460 | 0.0500 | 0.4757   | 0.1082   | 859     | 0.8844  | 30.1 | FAIL
Log Reg                  | 0.4795 | 0.0614 | 0.4944 | 0.0500 | 0.3741   | 0.0963   | 859     | 0.5091  | 36.1 | FAIL
LDA                      | 0.5307 | 0.0638 | 0.5331 | 0.0500 | 0.4476   | 0.0895   | 859     | 2.9642  | 32.4 | FAIL
Tiny MLP                 | 0.5157 | 0.0661 | 0.5266 | 0.0500 | 0.4367   | 0.0889   | 859     | 0.8878  | 35.4 | FAIL
MultiProtoCosine         | 0.1000 | 0.0551 | 0.0992 | 0.0500 | 0.0683   | 0.0525   | 859     | 0.8804  | 37.1 | FAIL
WeightedEnsemble         | 0.5614 | 0.0528 | 0.5823 | 0.0500 | 0.4801   | 0.0808   | 859     | 0.7628  | 57.7 | FAIL
XGBoost                  | 0.5433 | 0.0606 | 0.5435 | 0.0500 | 0.4738   | 0.0919   | 859     | 0.6680  | 49.9 | FAIL
LDA1+LogReg              | 0.4819 | 0.0638 | 0.4992 | 0.0500 | 0.3770   | 0.0989   | 859     | 0.5090  | 33.4 | FAIL
PCA16+LogReg             | 0.4795 | 0.0630 | 0.5073 | 0.0500 | 0.3784   | 0.0979   | 859     | 0.5092  | 35.4 | FAIL
PCA32+LogReg             | 0.4803 | 0.0630 | 0.5153 | 0.0500 | 0.3833   | 0.0970   | 859     | 0.5093  | 36.2 | FAIL
PCA16+VecWeighted        | 0.1276 | 0.0661 | 0.1250 | 0.0500 | 0.0785   | 0.0434   | 859     | 0.0487  | 34.0 | FAIL
PCA32+VecWeighted        | 0.1039 | 0.0512 | 0.1024 | 0.0500 | 0.0634   | 0.0213   | 859     | 0.0573  | 34.9 | FAIL
StabilizedWhitenedCosine | 0.5315 | 0.0575 | 0.5129 | 0.0500 | 0.4501   | 0.0910   | 859     | 0.9395  | 33.5 | FAIL

[trial=32 seed=74] GLOBAL mode — total_samples=200000
  total: h0=82063 h1=15019
  pooled_train:  n0=1270 n1=1270
  pooled_calib:  n0=1240 n1=1240
  pooled_eval:   n0=1270 n1=1270
  regions (for macro stats only): 1103
[INFO] Cosine baseline routed to direct Hadamard sum (PrecomputedCosine)
[INFO] WeightedEnsemble Cosine judge routed to direct Hadamard sum
  [Ensemble] Judges routed to 'alt' input: PrecomputedCosine
[WeightedEnsemble] Fitted weights (alpha=0.0500, external calib):
  tau=1.0315, Pooled external calib: TPR=0.5758, FPR=0.0500
  PrecomputedCosine   : +0.0652
  PCAWhitenedCosine   : +0.4878
  XGBoost             : +0.2661
  Tiny MLP            : +0.0535
  LDA                 : +0.1273

Method                   | TPR    | FPR    | TrTPR  | TrFPR  | MacroTPR | MacroFPR | Regions | TauMean | ms   | OK? 
--------------------------------------------------------------------------------------------------------------------
Cosine                   | 0.4740 | 0.0638 | 0.4839 | 0.0500 | 0.4344   | 0.0906   | 841     | 0.8985  | 29.9 | FAIL
AndBox-HC                | 0.4173 | 0.0661 | 0.4234 | 0.0500 | 0.3681   | 0.0863   | 841     | 0.0001  | 33.8 | FAIL
PCAWhitenedCosine        | 0.5630 | 0.0677 | 0.5468 | 0.0500 | 0.4677   | 0.0961   | 841     | 0.8871  | 30.5 | FAIL
Vec (Wgt)                | 0.5055 | 0.0630 | 0.5016 | 0.0500 | 0.4467   | 0.0929   | 841     | 0.8997  | 30.3 | FAIL
Log Reg                  | 0.4756 | 0.0528 | 0.4782 | 0.0500 | 0.3533   | 0.0762   | 841     | 0.5107  | 36.2 | FAIL
LDA                      | 0.5354 | 0.0646 | 0.5331 | 0.0500 | 0.4113   | 0.0895   | 841     | 3.2089  | 32.6 | FAIL
Tiny MLP                 | 0.5087 | 0.0646 | 0.5081 | 0.0500 | 0.3979   | 0.0933   | 841     | 0.8839  | 34.5 | FAIL
MultiProtoCosine         | 0.1087 | 0.0543 | 0.1073 | 0.0500 | 0.0667   | 0.0575   | 841     | 0.8733  | 36.9 | FAIL
WeightedEnsemble         | 0.5780 | 0.0685 | 0.5758 | 0.0500 | 0.4688   | 0.0977   | 841     | 1.0315  | 58.2 | FAIL
XGBoost                  | 0.5118 | 0.0614 | 0.5234 | 0.0500 | 0.4520   | 0.0895   | 841     | 0.7073  | 50.5 | FAIL
LDA1+LogReg              | 0.4772 | 0.0520 | 0.4782 | 0.0500 | 0.3546   | 0.0757   | 841     | 0.5107  | 33.4 | FAIL
PCA16+LogReg             | 0.4969 | 0.0520 | 0.4895 | 0.0500 | 0.3746   | 0.0754   | 841     | 0.5106  | 35.3 | FAIL
PCA32+LogReg             | 0.4898 | 0.0504 | 0.4758 | 0.0500 | 0.3683   | 0.0729   | 841     | 0.5109  | 36.4 | FAIL
PCA16+VecWeighted        | 0.1134 | 0.0472 | 0.1113 | 0.0500 | 0.1080   | 0.0514   | 841     | 0.0410  | 33.9 | PASS
PCA32+VecWeighted        | 0.0945 | 0.0402 | 0.1016 | 0.0500 | 0.0945   | 0.0473   | 841     | 0.0454  | 34.6 | PASS
StabilizedWhitenedCosine | 0.5307 | 0.0717 | 0.5274 | 0.0500 | 0.4391   | 0.0977   | 841     | 0.9253  | 33.5 | FAIL

[trial=33 seed=75] GLOBAL mode — total_samples=200000
  total: h0=82063 h1=15019
  pooled_train:  n0=1270 n1=1270
  pooled_calib:  n0=1240 n1=1240
  pooled_eval:   n0=1270 n1=1270
  regions (for macro stats only): 1103
[INFO] Cosine baseline routed to direct Hadamard sum (PrecomputedCosine)
[INFO] WeightedEnsemble Cosine judge routed to direct Hadamard sum
  [Ensemble] Judges routed to 'alt' input: PrecomputedCosine
[WeightedEnsemble] Fitted weights (alpha=0.0500, external calib):
  tau=1.0817, Pooled external calib: TPR=0.5782, FPR=0.0500
  PrecomputedCosine   : +0.2384
  PCAWhitenedCosine   : +0.0694
  XGBoost             : +0.3911
  Tiny MLP            : +0.1122
  LDA                 : +0.1888

Method                   | TPR    | FPR    | TrTPR  | TrFPR  | MacroTPR | MacroFPR | Regions | TauMean | ms   | OK? 
--------------------------------------------------------------------------------------------------------------------
Cosine                   | 0.4575 | 0.0394 | 0.4629 | 0.0500 | 0.3978   | 0.0644   | 857     | 0.8973  | 42.6 | PASS
AndBox-HC                | 0.4283 | 0.0449 | 0.4379 | 0.0500 | 0.3643   | 0.0645   | 857     | 0.0000  | 33.2 | PASS
PCAWhitenedCosine        | 0.5394 | 0.0496 | 0.5492 | 0.0500 | 0.4322   | 0.0671   | 857     | 0.8768  | 30.3 | PASS
Vec (Wgt)                | 0.5110 | 0.0409 | 0.5105 | 0.0500 | 0.4282   | 0.0646   | 857     | 0.8982  | 30.2 | PASS
Log Reg                  | 0.4685 | 0.0528 | 0.4540 | 0.0500 | 0.3496   | 0.0664   | 857     | 0.5089  | 36.2 | FAIL
LDA                      | 0.5173 | 0.0512 | 0.5435 | 0.0500 | 0.4203   | 0.0753   | 857     | 2.8466  | 33.6 | FAIL
Tiny MLP                 | 0.5244 | 0.0567 | 0.5347 | 0.0500 | 0.4252   | 0.0807   | 857     | 0.8570  | 34.3 | FAIL
MultiProtoCosine         | 0.1055 | 0.0441 | 0.1177 | 0.0500 | 0.0683   | 0.0327   | 857     | 0.8833  | 36.9 | PASS
WeightedEnsemble         | 0.5543 | 0.0543 | 0.5782 | 0.0500 | 0.4549   | 0.0787   | 857     | 1.0817  | 57.6 | FAIL
XGBoost                  | 0.4913 | 0.0394 | 0.4968 | 0.0500 | 0.4011   | 0.0599   | 857     | 0.6874  | 50.1 | PASS
LDA1+LogReg              | 0.4787 | 0.0567 | 0.4637 | 0.0500 | 0.3568   | 0.0708   | 857     | 0.5088  | 38.0 | FAIL
PCA16+LogReg             | 0.4969 | 0.0567 | 0.4790 | 0.0500 | 0.3782   | 0.0683   | 857     | 0.5087  | 44.0 | FAIL
PCA32+LogReg             | 0.5126 | 0.0614 | 0.4887 | 0.0500 | 0.3899   | 0.0768   | 857     | 0.5084  | 53.6 | FAIL
PCA16+VecWeighted        | 0.1520 | 0.0717 | 0.1419 | 0.0500 | 0.1309   | 0.0744   | 857     | 0.0435  | 39.9 | FAIL
PCA32+VecWeighted        | 0.1614 | 0.0724 | 0.1726 | 0.0500 | 0.1414   | 0.0757   | 857     | 0.0417  | 34.7 | FAIL
StabilizedWhitenedCosine | 0.5118 | 0.0425 | 0.5282 | 0.0500 | 0.4116   | 0.0572   | 857     | 0.9109  | 33.5 | PASS

[trial=34 seed=76] GLOBAL mode — total_samples=200000
  total: h0=82063 h1=15019
  pooled_train:  n0=1270 n1=1270
  pooled_calib:  n0=1240 n1=1240
  pooled_eval:   n0=1270 n1=1270
  regions (for macro stats only): 1103
[INFO] Cosine baseline routed to direct Hadamard sum (PrecomputedCosine)
[INFO] WeightedEnsemble Cosine judge routed to direct Hadamard sum
  [Ensemble] Judges routed to 'alt' input: PrecomputedCosine
[WeightedEnsemble] Fitted weights (alpha=0.0500, external calib):
  tau=0.9245, Pooled external calib: TPR=0.5871, FPR=0.0500
  PrecomputedCosine   : +0.4176
  PCAWhitenedCosine   : +0.3460
  XGBoost             : +0.0864
  Tiny MLP            : +0.0990
  LDA                 : +0.0511

Method                   | TPR    | FPR    | TrTPR  | TrFPR  | MacroTPR | MacroFPR | Regions | TauMean | ms   | OK? 
--------------------------------------------------------------------------------------------------------------------
Cosine                   | 0.4260 | 0.0402 | 0.4274 | 0.0500 | 0.3752   | 0.0614   | 865     | 0.9213  | 29.5 | PASS
AndBox-HC                | 0.4315 | 0.0567 | 0.4516 | 0.0500 | 0.3912   | 0.0773   | 865     | 0.0001  | 33.6 | FAIL
PCAWhitenedCosine        | 0.5724 | 0.0472 | 0.5645 | 0.0500 | 0.4637   | 0.0709   | 865     | 0.8472  | 51.2 | PASS
Vec (Wgt)                | 0.4843 | 0.0402 | 0.4927 | 0.0500 | 0.4230   | 0.0634   | 865     | 0.9169  | 32.8 | PASS
Log Reg                  | 0.5094 | 0.0465 | 0.5129 | 0.0500 | 0.3963   | 0.0635   | 865     | 0.5092  | 46.6 | PASS
LDA                      | 0.5339 | 0.0543 | 0.5331 | 0.0500 | 0.4389   | 0.0857   | 865     | 3.1174  | 46.2 | FAIL
Tiny MLP                 | 0.4953 | 0.0551 | 0.4935 | 0.0500 | 0.4047   | 0.0890   | 865     | 0.8960  | 48.1 | FAIL
MultiProtoCosine         | 0.1047 | 0.0559 | 0.1218 | 0.0500 | 0.0666   | 0.0396   | 865     | 0.8843  | 43.5 | FAIL
WeightedEnsemble         | 0.5685 | 0.0480 | 0.5871 | 0.0500 | 0.4662   | 0.0735   | 865     | 0.9245  | 60.1 | PASS
XGBoost                  | 0.5386 | 0.0512 | 0.5355 | 0.0500 | 0.4613   | 0.0736   | 865     | 0.6778  | 61.6 | FAIL
LDA1+LogReg              | 0.5087 | 0.0465 | 0.5121 | 0.0500 | 0.3957   | 0.0635   | 865     | 0.5093  | 38.8 | PASS
PCA16+LogReg             | 0.4945 | 0.0480 | 0.4919 | 0.0500 | 0.3875   | 0.0670   | 865     | 0.5099  | 52.5 | PASS
PCA32+LogReg             | 0.5039 | 0.0496 | 0.5089 | 0.0500 | 0.3964   | 0.0692   | 865     | 0.5096  | 80.8 | PASS
PCA16+VecWeighted        | 0.2118 | 0.0583 | 0.2258 | 0.0500 | 0.1407   | 0.0603   | 865     | 0.0345  | 75.9 | FAIL
PCA32+VecWeighted        | 0.1661 | 0.0740 | 0.1992 | 0.0500 | 0.1203   | 0.0642   | 865     | 0.0411  | 64.2 | FAIL
StabilizedWhitenedCosine | 0.5504 | 0.0528 | 0.5540 | 0.0500 | 0.4516   | 0.0750   | 865     | 0.8683  | 53.0 | FAIL

[trial=35 seed=77] GLOBAL mode — total_samples=200000
  total: h0=82063 h1=15019
  pooled_train:  n0=1270 n1=1270
  pooled_calib:  n0=1240 n1=1240
  pooled_eval:   n0=1270 n1=1270
  regions (for macro stats only): 1103
[INFO] Cosine baseline routed to direct Hadamard sum (PrecomputedCosine)
[INFO] WeightedEnsemble Cosine judge routed to direct Hadamard sum
  [Ensemble] Judges routed to 'alt' input: PrecomputedCosine
[WeightedEnsemble] Fitted weights (alpha=0.0500, external calib):
  tau=0.9220, Pooled external calib: TPR=0.5750, FPR=0.0500
  PrecomputedCosine   : +0.0656
  PCAWhitenedCosine   : +0.4602
  XGBoost             : +0.1200
  Tiny MLP            : +0.2889
  LDA                 : +0.0653

Method                   | TPR    | FPR    | TrTPR  | TrFPR  | MacroTPR | MacroFPR | Regions | TauMean | ms    | OK? 
---------------------------------------------------------------------------------------------------------------------
Cosine                   | 0.4559 | 0.0488 | 0.4581 | 0.0500 | 0.4131   | 0.0759   | 862     | 0.9000  | 58.4  | PASS
AndBox-HC                | 0.4709 | 0.0488 | 0.4661 | 0.0500 | 0.4253   | 0.0740   | 862     | 0.0000  | 41.1  | PASS
PCAWhitenedCosine        | 0.5567 | 0.0496 | 0.5403 | 0.0500 | 0.4452   | 0.0737   | 862     | 0.8809  | 31.3  | PASS
Vec (Wgt)                | 0.4913 | 0.0465 | 0.5032 | 0.0500 | 0.4316   | 0.0757   | 862     | 0.8988  | 31.3  | PASS
Log Reg                  | 0.4803 | 0.0449 | 0.4911 | 0.0500 | 0.3624   | 0.0645   | 862     | 0.5095  | 49.2  | PASS
LDA                      | 0.5087 | 0.0496 | 0.5089 | 0.0500 | 0.4037   | 0.0774   | 862     | 3.2960  | 33.7  | PASS
Tiny MLP                 | 0.4535 | 0.0441 | 0.4669 | 0.0500 | 0.3487   | 0.0652   | 862     | 0.9264  | 37.0  | PASS
MultiProtoCosine         | 0.0976 | 0.0402 | 0.1065 | 0.0500 | 0.0617   | 0.0368   | 862     | 0.8747  | 62.4  | PASS
WeightedEnsemble         | 0.5866 | 0.0567 | 0.5750 | 0.0500 | 0.4750   | 0.0843   | 862     | 0.9220  | 138.0 | FAIL
XGBoost                  | 0.5110 | 0.0394 | 0.5177 | 0.0500 | 0.4322   | 0.0607   | 862     | 0.7028  | 60.2  | PASS
LDA1+LogReg              | 0.4795 | 0.0433 | 0.4911 | 0.0500 | 0.3608   | 0.0630   | 862     | 0.5097  | 69.3  | PASS
PCA16+LogReg             | 0.4890 | 0.0425 | 0.4927 | 0.0500 | 0.3725   | 0.0633   | 862     | 0.5097  | 38.9  | PASS
PCA32+LogReg             | 0.4811 | 0.0417 | 0.4895 | 0.0500 | 0.3638   | 0.0627   | 862     | 0.5100  | 67.6  | PASS
PCA16+VecWeighted        | 0.1362 | 0.0354 | 0.1508 | 0.0500 | 0.0843   | 0.0204   | 862     | 0.0384  | 55.9  | PASS
PCA32+VecWeighted        | 0.1315 | 0.0386 | 0.1516 | 0.0500 | 0.0885   | 0.0247   | 862     | 0.0412  | 62.4  | PASS
StabilizedWhitenedCosine | 0.5291 | 0.0441 | 0.5210 | 0.0500 | 0.4341   | 0.0673   | 862     | 0.8949  | 46.7  | PASS

[trial=36 seed=78] GLOBAL mode — total_samples=200000
  total: h0=82063 h1=15019
  pooled_train:  n0=1270 n1=1270
  pooled_calib:  n0=1240 n1=1240
  pooled_eval:   n0=1270 n1=1270
  regions (for macro stats only): 1103
[INFO] Cosine baseline routed to direct Hadamard sum (PrecomputedCosine)
[INFO] WeightedEnsemble Cosine judge routed to direct Hadamard sum
  [Ensemble] Judges routed to 'alt' input: PrecomputedCosine
[WeightedEnsemble] Fitted weights (alpha=0.0500, external calib):
  tau=0.9855, Pooled external calib: TPR=0.5395, FPR=0.0500
  PrecomputedCosine   : +0.0595
  PCAWhitenedCosine   : +0.3558
  XGBoost             : +0.1566
  Tiny MLP            : +0.3547
  LDA                 : +0.0734

Method                   | TPR    | FPR    | TrTPR  | TrFPR  | MacroTPR | MacroFPR | Regions | TauMean | ms   | OK? 
--------------------------------------------------------------------------------------------------------------------
Cosine                   | 0.4346 | 0.0425 | 0.4500 | 0.0500 | 0.3830   | 0.0622   | 861     | 0.9071  | 28.8 | PASS
AndBox-HC                | 0.4228 | 0.0370 | 0.4347 | 0.0500 | 0.3660   | 0.0560   | 861     | 0.0001  | 32.1 | PASS
PCAWhitenedCosine        | 0.5276 | 0.0394 | 0.5008 | 0.0500 | 0.4238   | 0.0547   | 861     | 0.9815  | 30.0 | PASS
Vec (Wgt)                | 0.4858 | 0.0409 | 0.5024 | 0.0500 | 0.4146   | 0.0618   | 861     | 0.9047  | 29.9 | PASS
Log Reg                  | 0.4630 | 0.0346 | 0.4581 | 0.0500 | 0.3430   | 0.0434   | 861     | 0.5102  | 35.6 | PASS
LDA                      | 0.4945 | 0.0315 | 0.4968 | 0.0500 | 0.3933   | 0.0500   | 861     | 3.4608  | 32.3 | PASS
Tiny MLP                 | 0.5063 | 0.0394 | 0.5105 | 0.0500 | 0.3953   | 0.0594   | 861     | 0.8817  | 33.9 | PASS
MultiProtoCosine         | 0.1323 | 0.0488 | 0.1145 | 0.0500 | 0.0813   | 0.0403   | 861     | 0.8791  | 36.6 | PASS
WeightedEnsemble         | 0.5512 | 0.0394 | 0.5395 | 0.0500 | 0.4432   | 0.0599   | 861     | 0.9855  | 57.4 | PASS
XGBoost                  | 0.4787 | 0.0370 | 0.4766 | 0.0500 | 0.4052   | 0.0537   | 861     | 0.7231  | 50.0 | PASS
LDA1+LogReg              | 0.4661 | 0.0346 | 0.4613 | 0.0500 | 0.3468   | 0.0443   | 861     | 0.5102  | 33.2 | PASS
PCA16+LogReg             | 0.4740 | 0.0386 | 0.4702 | 0.0500 | 0.3605   | 0.0520   | 861     | 0.5102  | 34.8 | PASS
PCA32+LogReg             | 0.4685 | 0.0362 | 0.4629 | 0.0500 | 0.3508   | 0.0470   | 861     | 0.5105  | 35.5 | PASS
PCA16+VecWeighted        | 0.0402 | 0.0567 | 0.0556 | 0.0500 | 0.0396   | 0.0595   | 861     | 0.0454  | 34.4 | FAIL
PCA32+VecWeighted        | 0.0622 | 0.0567 | 0.0565 | 0.0500 | 0.0540   | 0.0628   | 861     | 0.0483  | 34.3 | FAIL
StabilizedWhitenedCosine | 0.5291 | 0.0378 | 0.5121 | 0.0500 | 0.4303   | 0.0526   | 861     | 0.9348  | 32.8 | PASS

[trial=37 seed=79] GLOBAL mode — total_samples=200000
  total: h0=82063 h1=15019
  pooled_train:  n0=1270 n1=1270
  pooled_calib:  n0=1240 n1=1240
  pooled_eval:   n0=1270 n1=1270
  regions (for macro stats only): 1103
[INFO] Cosine baseline routed to direct Hadamard sum (PrecomputedCosine)
[INFO] WeightedEnsemble Cosine judge routed to direct Hadamard sum
  [Ensemble] Judges routed to 'alt' input: PrecomputedCosine
[WeightedEnsemble] Fitted weights (alpha=0.0500, external calib):
  tau=0.9330, Pooled external calib: TPR=0.5887, FPR=0.0500
  PrecomputedCosine   : +0.6579
  PCAWhitenedCosine   : +0.1446
  XGBoost             : +0.0673
  Tiny MLP            : +0.0713
  LDA                 : +0.0589

Method                   | TPR    | FPR    | TrTPR  | TrFPR  | MacroTPR | MacroFPR | Regions | TauMean | ms   | OK? 
--------------------------------------------------------------------------------------------------------------------
Cosine                   | 0.4984 | 0.0575 | 0.4677 | 0.0500 | 0.4584   | 0.0806   | 857     | 0.8888  | 30.5 | FAIL
AndBox-HC                | 0.4457 | 0.0575 | 0.4323 | 0.0500 | 0.3965   | 0.0774   | 857     | 0.0001  | 32.5 | FAIL
PCAWhitenedCosine        | 0.5417 | 0.0449 | 0.5419 | 0.0500 | 0.4520   | 0.0561   | 857     | 0.9394  | 30.4 | PASS
Vec (Wgt)                | 0.5488 | 0.0591 | 0.5411 | 0.0500 | 0.4913   | 0.0843   | 857     | 0.8851  | 29.7 | FAIL
Log Reg                  | 0.5157 | 0.0614 | 0.5000 | 0.0500 | 0.4095   | 0.0772   | 857     | 0.5090  | 36.1 | FAIL
LDA                      | 0.5685 | 0.0472 | 0.5331 | 0.0500 | 0.4742   | 0.0645   | 857     | 2.9669  | 32.7 | PASS
Tiny MLP                 | 0.5528 | 0.0480 | 0.5194 | 0.0500 | 0.4522   | 0.0602   | 857     | 0.8632  | 34.2 | PASS
MultiProtoCosine         | 0.1118 | 0.0512 | 0.0887 | 0.0500 | 0.0782   | 0.0380   | 857     | 0.8820  | 36.8 | FAIL
WeightedEnsemble         | 0.5803 | 0.0504 | 0.5887 | 0.0500 | 0.5017   | 0.0649   | 857     | 0.9330  | 57.9 | FAIL
XGBoost                  | 0.5386 | 0.0512 | 0.5403 | 0.0500 | 0.4754   | 0.0735   | 857     | 0.6823  | 49.7 | FAIL
LDA1+LogReg              | 0.5126 | 0.0575 | 0.4960 | 0.0500 | 0.4075   | 0.0744   | 857     | 0.5092  | 33.0 | FAIL
PCA16+LogReg             | 0.5134 | 0.0638 | 0.5113 | 0.0500 | 0.4160   | 0.0849   | 857     | 0.5091  | 34.8 | FAIL
PCA32+LogReg             | 0.5252 | 0.0638 | 0.5210 | 0.0500 | 0.4184   | 0.0816   | 857     | 0.5090  | 36.0 | FAIL
PCA16+VecWeighted        | 0.1535 | 0.0575 | 0.1476 | 0.0500 | 0.1373   | 0.0597   | 857     | 0.0433  | 34.0 | FAIL
PCA32+VecWeighted        | 0.1291 | 0.0630 | 0.1331 | 0.0500 | 0.1122   | 0.0637   | 857     | 0.0437  | 34.4 | FAIL
StabilizedWhitenedCosine | 0.5433 | 0.0465 | 0.5613 | 0.0500 | 0.4562   | 0.0568   | 857     | 0.9636  | 33.5 | PASS

[trial=38 seed=80] GLOBAL mode — total_samples=200000
  total: h0=82063 h1=15019
  pooled_train:  n0=1270 n1=1270
  pooled_calib:  n0=1240 n1=1240
  pooled_eval:   n0=1270 n1=1270
  regions (for macro stats only): 1103
[INFO] Cosine baseline routed to direct Hadamard sum (PrecomputedCosine)
[INFO] WeightedEnsemble Cosine judge routed to direct Hadamard sum
  [Ensemble] Judges routed to 'alt' input: PrecomputedCosine
[WeightedEnsemble] Fitted weights (alpha=0.0500, external calib):
  tau=0.8055, Pooled external calib: TPR=0.5702, FPR=0.0500
  PrecomputedCosine   : +0.1369
  PCAWhitenedCosine   : +0.3322
  XGBoost             : +0.4468
  Tiny MLP            : +0.0732
  LDA                 : +0.0110

Method                   | TPR    | FPR    | TrTPR  | TrFPR  | MacroTPR | MacroFPR | Regions | TauMean | ms   | OK? 
--------------------------------------------------------------------------------------------------------------------
Cosine                   | 0.4528 | 0.0614 | 0.4677 | 0.0500 | 0.3857   | 0.0910   | 871     | 0.9005  | 43.5 | FAIL
AndBox-HC                | 0.4559 | 0.0606 | 0.4548 | 0.0500 | 0.3812   | 0.0847   | 871     | 0.0001  | 35.0 | FAIL
PCAWhitenedCosine        | 0.5323 | 0.0677 | 0.5476 | 0.0500 | 0.4138   | 0.0910   | 871     | 0.9576  | 33.8 | FAIL
Vec (Wgt)                | 0.4921 | 0.0622 | 0.4992 | 0.0500 | 0.4113   | 0.0933   | 871     | 0.8999  | 31.5 | FAIL
Log Reg                  | 0.4937 | 0.0551 | 0.4815 | 0.0500 | 0.3755   | 0.0704   | 871     | 0.5098  | 36.8 | FAIL
LDA                      | 0.5079 | 0.0567 | 0.5065 | 0.0500 | 0.3877   | 0.0776   | 871     | 3.3531  | 32.8 | FAIL
Tiny MLP                 | 0.4913 | 0.0567 | 0.4887 | 0.0500 | 0.3721   | 0.0763   | 871     | 0.8824  | 34.7 | FAIL
MultiProtoCosine         | 0.0921 | 0.0567 | 0.1097 | 0.0500 | 0.0643   | 0.0439   | 871     | 0.8787  | 37.1 | FAIL
WeightedEnsemble         | 0.5606 | 0.0677 | 0.5702 | 0.0500 | 0.4372   | 0.0952   | 871     | 0.8055  | 58.4 | FAIL
XGBoost                  | 0.5039 | 0.0638 | 0.5105 | 0.0500 | 0.4035   | 0.0892   | 871     | 0.7016  | 50.2 | FAIL
LDA1+LogReg              | 0.4929 | 0.0543 | 0.4823 | 0.0500 | 0.3776   | 0.0695   | 871     | 0.5098  | 33.8 | FAIL
PCA16+LogReg             | 0.4756 | 0.0543 | 0.4758 | 0.0500 | 0.3654   | 0.0713   | 871     | 0.5106  | 35.3 | FAIL
PCA32+LogReg             | 0.4866 | 0.0520 | 0.4798 | 0.0500 | 0.3724   | 0.0693   | 871     | 0.5106  | 37.6 | FAIL
PCA16+VecWeighted        | 0.1929 | 0.0417 | 0.1806 | 0.0500 | 0.1268   | 0.0436   | 871     | 0.0296  | 34.4 | PASS
PCA32+VecWeighted        | 0.1724 | 0.0488 | 0.1637 | 0.0500 | 0.1181   | 0.0435   | 871     | 0.0352  | 35.0 | PASS
StabilizedWhitenedCosine | 0.5409 | 0.0598 | 0.5581 | 0.0500 | 0.4308   | 0.0820   | 871     | 0.9381  | 33.7 | FAIL

[trial=39 seed=81] GLOBAL mode — total_samples=200000
  total: h0=82063 h1=15019
  pooled_train:  n0=1270 n1=1270
  pooled_calib:  n0=1240 n1=1240
  pooled_eval:   n0=1270 n1=1270
  regions (for macro stats only): 1103
[INFO] Cosine baseline routed to direct Hadamard sum (PrecomputedCosine)
[INFO] WeightedEnsemble Cosine judge routed to direct Hadamard sum
  [Ensemble] Judges routed to 'alt' input: PrecomputedCosine
[WeightedEnsemble] Fitted weights (alpha=0.0500, external calib):
  tau=1.0333, Pooled external calib: TPR=0.6056, FPR=0.0500
  PrecomputedCosine   : +0.1270
  PCAWhitenedCosine   : +0.4131
  XGBoost             : +0.2315
  Tiny MLP            : +0.0777
  LDA                 : +0.1507

Method                   | TPR    | FPR    | TrTPR  | TrFPR  | MacroTPR | MacroFPR | Regions | TauMean | ms   | OK? 
--------------------------------------------------------------------------------------------------------------------
Cosine                   | 0.4866 | 0.0669 | 0.4702 | 0.0500 | 0.4323   | 0.0867   | 872     | 0.8875  | 51.6 | FAIL
AndBox-HC                | 0.4591 | 0.0646 | 0.4444 | 0.0500 | 0.3936   | 0.0837   | 872     | 0.0001  | 33.3 | FAIL
PCAWhitenedCosine        | 0.5583 | 0.0591 | 0.5379 | 0.0500 | 0.4459   | 0.0783   | 872     | 0.9518  | 30.4 | FAIL
Vec (Wgt)                | 0.5213 | 0.0646 | 0.5081 | 0.0500 | 0.4503   | 0.0843   | 872     | 0.8866  | 30.1 | FAIL
Log Reg                  | 0.4787 | 0.0520 | 0.4782 | 0.0500 | 0.3658   | 0.0696   | 872     | 0.5106  | 37.4 | FAIL
LDA                      | 0.5819 | 0.0551 | 0.5790 | 0.0500 | 0.4608   | 0.0796   | 872     | 2.9965  | 32.8 | FAIL
Tiny MLP                 | 0.5354 | 0.0512 | 0.5258 | 0.0500 | 0.4097   | 0.0715   | 872     | 0.8873  | 34.5 | FAIL
MultiProtoCosine         | 0.1071 | 0.0386 | 0.1000 | 0.0500 | 0.0600   | 0.0324   | 872     | 0.8756  | 37.2 | PASS
WeightedEnsemble         | 0.6252 | 0.0661 | 0.6056 | 0.0500 | 0.4964   | 0.0903   | 872     | 1.0333  | 58.0 | FAIL
XGBoost                  | 0.5102 | 0.0575 | 0.4839 | 0.0500 | 0.4164   | 0.0764   | 872     | 0.7075  | 50.1 | FAIL
LDA1+LogReg              | 0.4811 | 0.0520 | 0.4823 | 0.0500 | 0.3673   | 0.0696   | 872     | 0.5106  | 37.7 | FAIL
PCA16+LogReg             | 0.4780 | 0.0528 | 0.4790 | 0.0500 | 0.3715   | 0.0717   | 872     | 0.5107  | 40.1 | FAIL
PCA32+LogReg             | 0.4874 | 0.0512 | 0.4831 | 0.0500 | 0.3754   | 0.0693   | 872     | 0.5106  | 40.8 | FAIL
PCA16+VecWeighted        | 0.1559 | 0.0394 | 0.1387 | 0.0500 | 0.1213   | 0.0408   | 872     | 0.0397  | 38.6 | PASS
PCA32+VecWeighted        | 0.1315 | 0.0354 | 0.1226 | 0.0500 | 0.1076   | 0.0327   | 872     | 0.0418  | 36.6 | PASS
StabilizedWhitenedCosine | 0.5535 | 0.0575 | 0.5234 | 0.0500 | 0.4398   | 0.0738   | 872     | 0.9334  | 33.8 | FAIL

[trial=40 seed=82] GLOBAL mode — total_samples=200000
  total: h0=82063 h1=15019
  pooled_train:  n0=1270 n1=1270
  pooled_calib:  n0=1240 n1=1240
  pooled_eval:   n0=1270 n1=1270
  regions (for macro stats only): 1103
[INFO] Cosine baseline routed to direct Hadamard sum (PrecomputedCosine)
[INFO] WeightedEnsemble Cosine judge routed to direct Hadamard sum
  [Ensemble] Judges routed to 'alt' input: PrecomputedCosine
[WeightedEnsemble] Fitted weights (alpha=0.0500, external calib):
  tau=0.8913, Pooled external calib: TPR=0.5444, FPR=0.0500
  PrecomputedCosine   : +0.4352
  PCAWhitenedCosine   : +0.0957
  XGBoost             : +0.1866
  Tiny MLP            : +0.2341
  LDA                 : +0.0484

Method                   | TPR    | FPR    | TrTPR  | TrFPR  | MacroTPR | MacroFPR | Regions | TauMean | ms   | OK? 
--------------------------------------------------------------------------------------------------------------------
Cosine                   | 0.4433 | 0.0496 | 0.4331 | 0.0500 | 0.3970   | 0.0699   | 866     | 0.9075  | 30.7 | PASS
AndBox-HC                | 0.4236 | 0.0457 | 0.4008 | 0.0500 | 0.3752   | 0.0633   | 866     | 0.0001  | 34.1 | PASS
PCAWhitenedCosine        | 0.5197 | 0.0417 | 0.4952 | 0.0500 | 0.4206   | 0.0560   | 866     | 0.9041  | 33.7 | PASS
Vec (Wgt)                | 0.5079 | 0.0504 | 0.5024 | 0.0500 | 0.4418   | 0.0705   | 866     | 0.9022  | 41.3 | FAIL
Log Reg                  | 0.4433 | 0.0378 | 0.4282 | 0.0500 | 0.3298   | 0.0462   | 866     | 0.5096  | 48.2 | PASS
LDA                      | 0.5402 | 0.0496 | 0.5177 | 0.0500 | 0.4351   | 0.0735   | 866     | 2.9017  | 36.0 | PASS
Tiny MLP                 | 0.5079 | 0.0472 | 0.4806 | 0.0500 | 0.4162   | 0.0652   | 866     | 0.8904  | 45.0 | PASS
MultiProtoCosine         | 0.1370 | 0.0559 | 0.1266 | 0.0500 | 0.0853   | 0.0382   | 866     | 0.8776  | 48.9 | FAIL
WeightedEnsemble         | 0.5748 | 0.0496 | 0.5444 | 0.0500 | 0.4872   | 0.0654   | 866     | 0.8913  | 67.6 | PASS
XGBoost                  | 0.4921 | 0.0394 | 0.4766 | 0.0500 | 0.4179   | 0.0524   | 866     | 0.7057  | 50.9 | PASS
LDA1+LogReg              | 0.4197 | 0.0370 | 0.4097 | 0.0500 | 0.3080   | 0.0448   | 866     | 0.5096  | 33.7 | PASS
PCA16+LogReg             | 0.4362 | 0.0378 | 0.4137 | 0.0500 | 0.3241   | 0.0458   | 866     | 0.5098  | 37.0 | PASS
PCA32+LogReg             | 0.4504 | 0.0378 | 0.4274 | 0.0500 | 0.3384   | 0.0458   | 866     | 0.5095  | 39.1 | PASS
PCA16+VecWeighted        | 0.1291 | 0.0480 | 0.1210 | 0.0500 | 0.0689   | 0.0419   | 866     | 0.0566  | 35.6 | PASS
PCA32+VecWeighted        | 0.1173 | 0.0551 | 0.1129 | 0.0500 | 0.0696   | 0.0370   | 866     | 0.0587  | 58.2 | FAIL
StabilizedWhitenedCosine | 0.5299 | 0.0480 | 0.5169 | 0.0500 | 0.4385   | 0.0653   | 866     | 0.8517  | 35.7 | PASS

[trial=41 seed=83] GLOBAL mode — total_samples=200000
  total: h0=82063 h1=15019
  pooled_train:  n0=1270 n1=1270
  pooled_calib:  n0=1240 n1=1240
  pooled_eval:   n0=1270 n1=1270
  regions (for macro stats only): 1103
[INFO] Cosine baseline routed to direct Hadamard sum (PrecomputedCosine)
[INFO] WeightedEnsemble Cosine judge routed to direct Hadamard sum
  [Ensemble] Judges routed to 'alt' input: PrecomputedCosine
[WeightedEnsemble] Fitted weights (alpha=0.0500, external calib):
  tau=0.7872, Pooled external calib: TPR=0.5798, FPR=0.0500
  PrecomputedCosine   : +0.2610
  PCAWhitenedCosine   : +0.2348
  XGBoost             : +0.2127
  Tiny MLP            : +0.2846
  LDA                 : +0.0070

Method                   | TPR    | FPR    | TrTPR  | TrFPR  | MacroTPR | MacroFPR | Regions | TauMean | ms    | OK? 
---------------------------------------------------------------------------------------------------------------------
Cosine                   | 0.4583 | 0.0457 | 0.4444 | 0.0500 | 0.3894   | 0.0657   | 859     | 0.9062  | 66.3  | PASS
AndBox-HC                | 0.4472 | 0.0504 | 0.4306 | 0.0500 | 0.3856   | 0.0693   | 859     | 0.0000  | 35.8  | FAIL
PCAWhitenedCosine        | 0.5323 | 0.0567 | 0.5532 | 0.0500 | 0.4309   | 0.0793   | 859     | 0.8541  | 38.4  | FAIL
Vec (Wgt)                | 0.5268 | 0.0543 | 0.5290 | 0.0500 | 0.4408   | 0.0764   | 859     | 0.8997  | 38.7  | FAIL
Log Reg                  | 0.4913 | 0.0583 | 0.4895 | 0.0500 | 0.3762   | 0.0741   | 859     | 0.5090  | 47.0  | FAIL
LDA                      | 0.4827 | 0.0504 | 0.4871 | 0.0500 | 0.3709   | 0.0719   | 859     | 3.3688  | 37.9  | FAIL
Tiny MLP                 | 0.4591 | 0.0496 | 0.4798 | 0.0500 | 0.3661   | 0.0743   | 859     | 0.9185  | 37.5  | PASS
MultiProtoCosine         | 0.1480 | 0.0669 | 0.1565 | 0.0500 | 0.0855   | 0.0553   | 859     | 0.8752  | 48.1  | FAIL
WeightedEnsemble         | 0.5709 | 0.0630 | 0.5798 | 0.0500 | 0.4684   | 0.0877   | 859     | 0.7872  | 104.3 | FAIL
XGBoost                  | 0.5323 | 0.0543 | 0.5444 | 0.0500 | 0.4307   | 0.0795   | 859     | 0.6795  | 80.6  | FAIL
LDA1+LogReg              | 0.4646 | 0.0583 | 0.4782 | 0.0500 | 0.3526   | 0.0717   | 859     | 0.5090  | 39.0  | FAIL
PCA16+LogReg             | 0.4850 | 0.0551 | 0.4847 | 0.0500 | 0.3712   | 0.0694   | 859     | 0.5093  | 45.0  | FAIL
PCA32+LogReg             | 0.4740 | 0.0543 | 0.4815 | 0.0500 | 0.3628   | 0.0686   | 859     | 0.5095  | 50.8  | FAIL
PCA16+VecWeighted        | 0.1157 | 0.0433 | 0.1073 | 0.0500 | 0.1103   | 0.0578   | 859     | 0.0477  | 42.7  | PASS
PCA32+VecWeighted        | 0.1252 | 0.0370 | 0.1008 | 0.0500 | 0.1074   | 0.0519   | 859     | 0.0520  | 36.2  | PASS
StabilizedWhitenedCosine | 0.5126 | 0.0496 | 0.5282 | 0.0500 | 0.4227   | 0.0698   | 859     | 0.9054  | 33.6  | PASS

[trial=42 seed=84] GLOBAL mode — total_samples=200000
  total: h0=82063 h1=15019
  pooled_train:  n0=1270 n1=1270
  pooled_calib:  n0=1240 n1=1240
  pooled_eval:   n0=1270 n1=1270
  regions (for macro stats only): 1103
[INFO] Cosine baseline routed to direct Hadamard sum (PrecomputedCosine)
[INFO] WeightedEnsemble Cosine judge routed to direct Hadamard sum
  [Ensemble] Judges routed to 'alt' input: PrecomputedCosine
[WeightedEnsemble] Fitted weights (alpha=0.0500, external calib):
  tau=0.7832, Pooled external calib: TPR=0.5629, FPR=0.0500
  PrecomputedCosine   : +0.3209
  PCAWhitenedCosine   : +0.3118
  XGBoost             : +0.3183
  Tiny MLP            : +0.0373
  LDA                 : +0.0115

Method                   | TPR    | FPR    | TrTPR  | TrFPR  | MacroTPR | MacroFPR | Regions | TauMean | ms   | OK? 
--------------------------------------------------------------------------------------------------------------------
Cosine                   | 0.4961 | 0.0528 | 0.4685 | 0.0500 | 0.4350   | 0.0765   | 866     | 0.8895  | 32.5 | FAIL
AndBox-HC                | 0.4898 | 0.0543 | 0.4758 | 0.0500 | 0.4229   | 0.0767   | 866     | 0.0000  | 32.7 | FAIL
PCAWhitenedCosine        | 0.5638 | 0.0535 | 0.5427 | 0.0500 | 0.4514   | 0.0774   | 866     | 0.8642  | 30.4 | FAIL
Vec (Wgt)                | 0.5283 | 0.0543 | 0.5097 | 0.0500 | 0.4574   | 0.0812   | 866     | 0.8836  | 30.3 | FAIL
Log Reg                  | 0.4961 | 0.0417 | 0.4669 | 0.0500 | 0.3761   | 0.0539   | 866     | 0.5094  | 36.0 | PASS
LDA                      | 0.5244 | 0.0480 | 0.5032 | 0.0500 | 0.4216   | 0.0628   | 866     | 3.0096  | 33.0 | PASS
Tiny MLP                 | 0.5157 | 0.0496 | 0.4903 | 0.0500 | 0.3939   | 0.0667   | 866     | 0.8667  | 34.6 | PASS
MultiProtoCosine         | 0.1039 | 0.0465 | 0.0790 | 0.0500 | 0.0708   | 0.0364   | 866     | 0.8865  | 36.7 | PASS
WeightedEnsemble         | 0.5795 | 0.0591 | 0.5629 | 0.0500 | 0.4790   | 0.0858   | 866     | 0.7832  | 58.1 | FAIL
XGBoost                  | 0.5213 | 0.0520 | 0.5024 | 0.0500 | 0.4311   | 0.0710   | 866     | 0.6929  | 50.4 | FAIL
LDA1+LogReg              | 0.4969 | 0.0417 | 0.4685 | 0.0500 | 0.3784   | 0.0539   | 866     | 0.5095  | 33.3 | PASS
PCA16+LogReg             | 0.4961 | 0.0394 | 0.4726 | 0.0500 | 0.3799   | 0.0525   | 866     | 0.5099  | 35.1 | PASS
PCA32+LogReg             | 0.4984 | 0.0394 | 0.4685 | 0.0500 | 0.3780   | 0.0525   | 866     | 0.5102  | 36.3 | PASS
PCA16+VecWeighted        | 0.1173 | 0.0512 | 0.1145 | 0.0500 | 0.1215   | 0.0662   | 866     | 0.0460  | 34.6 | FAIL
PCA32+VecWeighted        | 0.1378 | 0.0543 | 0.1306 | 0.0500 | 0.1246   | 0.0618   | 866     | 0.0480  | 34.9 | FAIL
StabilizedWhitenedCosine | 0.5520 | 0.0520 | 0.5395 | 0.0500 | 0.4468   | 0.0787   | 866     | 0.9074  | 33.8 | FAIL

[trial=43 seed=85] GLOBAL mode — total_samples=200000
  total: h0=82063 h1=15019
  pooled_train:  n0=1270 n1=1270
  pooled_calib:  n0=1240 n1=1240
  pooled_eval:   n0=1270 n1=1270
  regions (for macro stats only): 1103
[INFO] Cosine baseline routed to direct Hadamard sum (PrecomputedCosine)
[INFO] WeightedEnsemble Cosine judge routed to direct Hadamard sum
  [Ensemble] Judges routed to 'alt' input: PrecomputedCosine
[WeightedEnsemble] Fitted weights (alpha=0.0500, external calib):
  tau=0.9665, Pooled external calib: TPR=0.5815, FPR=0.0500
  PrecomputedCosine   : +0.2042
  PCAWhitenedCosine   : +0.1982
  XGBoost             : +0.4393
  Tiny MLP            : +0.0111
  LDA                 : +0.1471

Method                   | TPR    | FPR    | TrTPR  | TrFPR  | MacroTPR | MacroFPR | Regions | TauMean | ms   | OK? 
--------------------------------------------------------------------------------------------------------------------
Cosine                   | 0.4835 | 0.0559 | 0.4669 | 0.0500 | 0.4170   | 0.0823   | 849     | 0.8904  | 28.9 | FAIL
AndBox-HC                | 0.5181 | 0.0677 | 0.4919 | 0.0500 | 0.4531   | 0.1008   | 849     | -0.0001 | 31.8 | FAIL
PCAWhitenedCosine        | 0.5543 | 0.0528 | 0.5339 | 0.0500 | 0.4444   | 0.0750   | 849     | 0.8342  | 29.9 | FAIL
Vec (Wgt)                | 0.5402 | 0.0606 | 0.5153 | 0.0500 | 0.4662   | 0.0866   | 849     | 0.8806  | 30.2 | FAIL
Log Reg                  | 0.5000 | 0.0567 | 0.4806 | 0.0500 | 0.3764   | 0.0716   | 849     | 0.5084  | 35.8 | FAIL
LDA                      | 0.5551 | 0.0528 | 0.5371 | 0.0500 | 0.4434   | 0.0750   | 849     | 2.8663  | 32.3 | FAIL
Tiny MLP                 | 0.5244 | 0.0520 | 0.5177 | 0.0500 | 0.4093   | 0.0734   | 849     | 0.8624  | 34.0 | FAIL
MultiProtoCosine         | 0.0937 | 0.0567 | 0.0952 | 0.0500 | 0.0566   | 0.0462   | 849     | 0.8795  | 37.0 | FAIL
WeightedEnsemble         | 0.6000 | 0.0591 | 0.5815 | 0.0500 | 0.4929   | 0.0842   | 849     | 0.9665  | 58.2 | FAIL
XGBoost                  | 0.5291 | 0.0528 | 0.5137 | 0.0500 | 0.4297   | 0.0730   | 849     | 0.6771  | 49.7 | FAIL
LDA1+LogReg              | 0.5016 | 0.0559 | 0.4815 | 0.0500 | 0.3778   | 0.0713   | 849     | 0.5085  | 33.2 | FAIL
PCA16+LogReg             | 0.5102 | 0.0591 | 0.4863 | 0.0500 | 0.3896   | 0.0768   | 849     | 0.5087  | 34.9 | FAIL
PCA32+LogReg             | 0.5126 | 0.0559 | 0.4871 | 0.0500 | 0.3913   | 0.0728   | 849     | 0.5087  | 36.0 | FAIL
PCA16+VecWeighted        | 0.0811 | 0.0591 | 0.0774 | 0.0500 | 0.0795   | 0.0508   | 849     | 0.0402  | 34.0 | FAIL
PCA32+VecWeighted        | 0.0984 | 0.0480 | 0.0863 | 0.0500 | 0.0767   | 0.0469   | 849     | 0.0425  | 34.5 | PASS
StabilizedWhitenedCosine | 0.5520 | 0.0551 | 0.5355 | 0.0500 | 0.4539   | 0.0781   | 849     | 0.8533  | 33.2 | FAIL

[trial=44 seed=86] GLOBAL mode — total_samples=200000
  total: h0=82063 h1=15019
  pooled_train:  n0=1270 n1=1270
  pooled_calib:  n0=1240 n1=1240
  pooled_eval:   n0=1270 n1=1270
  regions (for macro stats only): 1103
[INFO] Cosine baseline routed to direct Hadamard sum (PrecomputedCosine)
[INFO] WeightedEnsemble Cosine judge routed to direct Hadamard sum
  [Ensemble] Judges routed to 'alt' input: PrecomputedCosine
[WeightedEnsemble] Fitted weights (alpha=0.0500, external calib):
  tau=0.7750, Pooled external calib: TPR=0.6081, FPR=0.0500
  PrecomputedCosine   : +0.2610
  PCAWhitenedCosine   : +0.2348
  XGBoost             : +0.2127
  Tiny MLP            : +0.2846
  LDA                 : +0.0070

Method                   | TPR    | FPR    | TrTPR  | TrFPR  | MacroTPR | MacroFPR | Regions | TauMean | ms   | OK? 
--------------------------------------------------------------------------------------------------------------------
Cosine                   | 0.4433 | 0.0480 | 0.4758 | 0.0500 | 0.3852   | 0.0748   | 852     | 0.9021  | 29.2 | PASS
AndBox-HC                | 0.4386 | 0.0559 | 0.4548 | 0.0500 | 0.3779   | 0.0848   | 852     | 0.0001  | 46.4 | FAIL
PCAWhitenedCosine        | 0.5614 | 0.0551 | 0.5863 | 0.0500 | 0.4382   | 0.0753   | 852     | 0.8337  | 30.3 | FAIL
Vec (Wgt)                | 0.5118 | 0.0504 | 0.5339 | 0.0500 | 0.4351   | 0.0789   | 852     | 0.8828  | 30.1 | FAIL
Log Reg                  | 0.5055 | 0.0535 | 0.5242 | 0.0500 | 0.3940   | 0.0700   | 852     | 0.5081  | 35.7 | FAIL
LDA                      | 0.5134 | 0.0551 | 0.5371 | 0.0500 | 0.4073   | 0.0729   | 852     | 2.9688  | 32.6 | FAIL
Tiny MLP                 | 0.5409 | 0.0591 | 0.5484 | 0.0500 | 0.4376   | 0.0802   | 852     | 0.8441  | 34.4 | FAIL
MultiProtoCosine         | 0.1024 | 0.0638 | 0.0992 | 0.0500 | 0.0771   | 0.0597   | 852     | 0.8813  | 36.6 | FAIL
WeightedEnsemble         | 0.5724 | 0.0512 | 0.6081 | 0.0500 | 0.4635   | 0.0695   | 852     | 0.7750  | 57.7 | FAIL
XGBoost                  | 0.5142 | 0.0425 | 0.5161 | 0.0500 | 0.4275   | 0.0658   | 852     | 0.6964  | 50.2 | PASS
LDA1+LogReg              | 0.5039 | 0.0512 | 0.5266 | 0.0500 | 0.3938   | 0.0678   | 852     | 0.5082  | 33.0 | FAIL
PCA16+LogReg             | 0.4961 | 0.0543 | 0.5153 | 0.0500 | 0.3849   | 0.0711   | 852     | 0.5086  | 35.2 | FAIL
PCA32+LogReg             | 0.5000 | 0.0528 | 0.5250 | 0.0500 | 0.3867   | 0.0697   | 852     | 0.5085  | 36.1 | FAIL
PCA16+VecWeighted        | 0.0803 | 0.0520 | 0.0782 | 0.0500 | 0.0739   | 0.0521   | 852     | 0.0476  | 33.9 | FAIL
PCA32+VecWeighted        | 0.0701 | 0.0488 | 0.0742 | 0.0500 | 0.0773   | 0.0513   | 852     | 0.0474  | 34.6 | PASS
StabilizedWhitenedCosine | 0.5331 | 0.0543 | 0.5653 | 0.0500 | 0.4265   | 0.0783   | 852     | 0.8489  | 33.3 | FAIL

[trial=45 seed=87] GLOBAL mode — total_samples=200000
  total: h0=82063 h1=15019
  pooled_train:  n0=1270 n1=1270
  pooled_calib:  n0=1240 n1=1240
  pooled_eval:   n0=1270 n1=1270
  regions (for macro stats only): 1103
[INFO] Cosine baseline routed to direct Hadamard sum (PrecomputedCosine)
[INFO] WeightedEnsemble Cosine judge routed to direct Hadamard sum
  [Ensemble] Judges routed to 'alt' input: PrecomputedCosine
[WeightedEnsemble] Fitted weights (alpha=0.0500, external calib):
  tau=1.2510, Pooled external calib: TPR=0.5379, FPR=0.0500
  PrecomputedCosine   : +0.0786
  PCAWhitenedCosine   : +0.2785
  XGBoost             : +0.3243
  Tiny MLP            : +0.1558
  LDA                 : +0.1628

Method                   | TPR    | FPR    | TrTPR  | TrFPR  | MacroTPR | MacroFPR | Regions | TauMean | ms   | OK? 
--------------------------------------------------------------------------------------------------------------------
Cosine                   | 0.4528 | 0.0488 | 0.4500 | 0.0500 | 0.4004   | 0.0636   | 857     | 0.9091  | 34.6 | PASS
AndBox-HC                | 0.4496 | 0.0535 | 0.4419 | 0.0500 | 0.3858   | 0.0684   | 857     | 0.0001  | 32.7 | FAIL
PCAWhitenedCosine        | 0.4898 | 0.0457 | 0.5073 | 0.0500 | 0.3920   | 0.0630   | 857     | 1.1247  | 30.5 | PASS
Vec (Wgt)                | 0.4890 | 0.0465 | 0.4903 | 0.0500 | 0.4257   | 0.0640   | 857     | 0.9069  | 30.4 | PASS
Log Reg                  | 0.5205 | 0.0520 | 0.5121 | 0.0500 | 0.3949   | 0.0770   | 857     | 0.5096  | 36.5 | FAIL
LDA                      | 0.4984 | 0.0425 | 0.4935 | 0.0500 | 0.3970   | 0.0612   | 857     | 3.6359  | 32.8 | PASS
Tiny MLP                 | 0.4858 | 0.0512 | 0.4919 | 0.0500 | 0.3875   | 0.0764   | 857     | 0.9034  | 34.5 | FAIL
MultiProtoCosine         | 0.1047 | 0.0472 | 0.0992 | 0.0500 | 0.0639   | 0.0444   | 857     | 0.8756  | 37.4 | PASS
WeightedEnsemble         | 0.5362 | 0.0441 | 0.5379 | 0.0500 | 0.4333   | 0.0645   | 857     | 1.2510  | 58.0 | PASS
XGBoost                  | 0.4984 | 0.0488 | 0.4815 | 0.0500 | 0.4168   | 0.0684   | 857     | 0.7178  | 50.4 | PASS
LDA1+LogReg              | 0.5236 | 0.0528 | 0.5153 | 0.0500 | 0.3999   | 0.0787   | 857     | 0.5097  | 33.6 | FAIL
PCA16+LogReg             | 0.5150 | 0.0528 | 0.5202 | 0.0500 | 0.3962   | 0.0776   | 857     | 0.5099  | 35.4 | FAIL
PCA32+LogReg             | 0.5189 | 0.0504 | 0.5194 | 0.0500 | 0.3982   | 0.0759   | 857     | 0.5100  | 36.5 | FAIL
PCA16+VecWeighted        | 0.0992 | 0.0409 | 0.0968 | 0.0500 | 0.0942   | 0.0434   | 857     | 0.0340  | 39.8 | PASS
PCA32+VecWeighted        | 0.1118 | 0.0528 | 0.0911 | 0.0500 | 0.0975   | 0.0554   | 857     | 0.0390  | 50.2 | FAIL
StabilizedWhitenedCosine | 0.5189 | 0.0449 | 0.5218 | 0.0500 | 0.4337   | 0.0609   | 857     | 1.0271  | 37.6 | PASS

[trial=46 seed=88] GLOBAL mode — total_samples=200000
  total: h0=82063 h1=15019
  pooled_train:  n0=1270 n1=1270
  pooled_calib:  n0=1240 n1=1240
  pooled_eval:   n0=1270 n1=1270
  regions (for macro stats only): 1103
[INFO] Cosine baseline routed to direct Hadamard sum (PrecomputedCosine)
[INFO] WeightedEnsemble Cosine judge routed to direct Hadamard sum
  [Ensemble] Judges routed to 'alt' input: PrecomputedCosine
[WeightedEnsemble] Fitted weights (alpha=0.0500, external calib):
  tau=0.8717, Pooled external calib: TPR=0.5718, FPR=0.0500
  PrecomputedCosine   : +0.0477
  PCAWhitenedCosine   : +0.4884
  XGBoost             : +0.3290
  Tiny MLP            : +0.0838
  LDA                 : +0.0511

Method                   | TPR    | FPR    | TrTPR  | TrFPR  | MacroTPR | MacroFPR | Regions | TauMean | ms   | OK? 
--------------------------------------------------------------------------------------------------------------------
Cosine                   | 0.4614 | 0.0378 | 0.4556 | 0.0500 | 0.4132   | 0.0628   | 866     | 0.9052  | 49.7 | PASS
AndBox-HC                | 0.4236 | 0.0354 | 0.4185 | 0.0500 | 0.3754   | 0.0623   | 866     | 0.0001  | 30.3 | PASS
PCAWhitenedCosine        | 0.5480 | 0.0417 | 0.5516 | 0.0500 | 0.4335   | 0.0659   | 866     | 0.8918  | 30.2 | PASS
Vec (Wgt)                | 0.4961 | 0.0339 | 0.4984 | 0.0500 | 0.4254   | 0.0557   | 866     | 0.9085  | 30.1 | PASS
Log Reg                  | 0.4378 | 0.0480 | 0.4419 | 0.0500 | 0.3343   | 0.0665   | 866     | 0.5089  | 36.4 | PASS
LDA                      | 0.5142 | 0.0457 | 0.5202 | 0.0500 | 0.3998   | 0.0664   | 866     | 3.3191  | 32.4 | PASS
Tiny MLP                 | 0.4906 | 0.0441 | 0.4952 | 0.0500 | 0.3900   | 0.0597   | 866     | 0.8925  | 34.7 | PASS
MultiProtoCosine         | 0.1236 | 0.0559 | 0.1250 | 0.0500 | 0.0833   | 0.0487   | 866     | 0.8754  | 49.4 | FAIL
WeightedEnsemble         | 0.5614 | 0.0441 | 0.5718 | 0.0500 | 0.4437   | 0.0682   | 866     | 0.8717  | 69.1 | PASS
XGBoost                  | 0.5047 | 0.0425 | 0.5089 | 0.0500 | 0.4198   | 0.0668   | 866     | 0.7077  | 50.6 | PASS
LDA1+LogReg              | 0.4417 | 0.0433 | 0.4460 | 0.0500 | 0.3379   | 0.0585   | 866     | 0.5090  | 52.1 | PASS
PCA16+LogReg             | 0.4646 | 0.0417 | 0.4605 | 0.0500 | 0.3598   | 0.0586   | 866     | 0.5090  | 62.1 | PASS
PCA32+LogReg             | 0.4575 | 0.0417 | 0.4532 | 0.0500 | 0.3496   | 0.0571   | 866     | 0.5093  | 61.0 | PASS
PCA16+VecWeighted        | 0.0488 | 0.0386 | 0.0387 | 0.0500 | 0.0320   | 0.0155   | 866     | 0.0565  | 64.1 | PASS
PCA32+VecWeighted        | 0.0386 | 0.0457 | 0.0323 | 0.0500 | 0.0364   | 0.0164   | 866     | 0.0577  | 75.6 | PASS
StabilizedWhitenedCosine | 0.5228 | 0.0370 | 0.5218 | 0.0500 | 0.4255   | 0.0569   | 866     | 0.9379  | 49.1 | PASS

[trial=47 seed=89] GLOBAL mode — total_samples=200000
  total: h0=82063 h1=15019
  pooled_train:  n0=1270 n1=1270
  pooled_calib:  n0=1240 n1=1240
  pooled_eval:   n0=1270 n1=1270
  regions (for macro stats only): 1103
[INFO] Cosine baseline routed to direct Hadamard sum (PrecomputedCosine)
[INFO] WeightedEnsemble Cosine judge routed to direct Hadamard sum
  [Ensemble] Judges routed to 'alt' input: PrecomputedCosine
[WeightedEnsemble] Fitted weights (alpha=0.0500, external calib):
  tau=0.8383, Pooled external calib: TPR=0.5435, FPR=0.0500
  PrecomputedCosine   : +0.3209
  PCAWhitenedCosine   : +0.3118
  XGBoost             : +0.3183
  Tiny MLP            : +0.0373
  LDA                 : +0.0115

Method                   | TPR    | FPR    | TrTPR  | TrFPR  | MacroTPR | MacroFPR | Regions | TauMean | ms    | OK? 
---------------------------------------------------------------------------------------------------------------------
Cosine                   | 0.4638 | 0.0543 | 0.4492 | 0.0500 | 0.4081   | 0.0786   | 870     | 0.9057  | 38.2  | FAIL
AndBox-HC                | 0.4646 | 0.0535 | 0.4532 | 0.0500 | 0.4070   | 0.0763   | 870     | 0.0001  | 38.3  | FAIL
PCAWhitenedCosine        | 0.5134 | 0.0488 | 0.5113 | 0.0500 | 0.4170   | 0.0718   | 870     | 0.9876  | 41.7  | PASS
Vec (Wgt)                | 0.5094 | 0.0567 | 0.5024 | 0.0500 | 0.4426   | 0.0838   | 870     | 0.9031  | 33.7  | FAIL
Log Reg                  | 0.4583 | 0.0575 | 0.4597 | 0.0500 | 0.3569   | 0.0832   | 870     | 0.5111  | 40.9  | FAIL
LDA                      | 0.5488 | 0.0654 | 0.5202 | 0.0500 | 0.4577   | 0.0899   | 870     | 2.9726  | 39.9  | FAIL
Tiny MLP                 | 0.5205 | 0.0598 | 0.4927 | 0.0500 | 0.4247   | 0.0839   | 870     | 0.8654  | 44.0  | FAIL
MultiProtoCosine         | 0.1118 | 0.0496 | 0.1105 | 0.0500 | 0.0780   | 0.0421   | 870     | 0.8714  | 42.8  | PASS
WeightedEnsemble         | 0.5394 | 0.0551 | 0.5435 | 0.0500 | 0.4439   | 0.0832   | 870     | 0.8383  | 139.4 | FAIL
XGBoost                  | 0.5126 | 0.0598 | 0.5024 | 0.0500 | 0.4289   | 0.0844   | 870     | 0.7027  | 71.9  | FAIL
LDA1+LogReg              | 0.4559 | 0.0575 | 0.4581 | 0.0500 | 0.3561   | 0.0832   | 870     | 0.5113  | 60.4  | FAIL
PCA16+LogReg             | 0.4520 | 0.0591 | 0.4597 | 0.0500 | 0.3530   | 0.0858   | 870     | 0.5113  | 75.8  | FAIL
PCA32+LogReg             | 0.4622 | 0.0598 | 0.4645 | 0.0500 | 0.3622   | 0.0866   | 870     | 0.5112  | 61.9  | FAIL
PCA16+VecWeighted        | 0.1858 | 0.0661 | 0.1927 | 0.0500 | 0.1653   | 0.0688   | 870     | 0.0386  | 59.4  | FAIL
PCA32+VecWeighted        | 0.1850 | 0.0606 | 0.1960 | 0.0500 | 0.1653   | 0.0679   | 870     | 0.0408  | 48.6  | FAIL
StabilizedWhitenedCosine | 0.5331 | 0.0630 | 0.5387 | 0.0500 | 0.4500   | 0.0910   | 870     | 0.9013  | 65.1  | FAIL

[trial=48 seed=90] GLOBAL mode — total_samples=200000
  total: h0=82063 h1=15019
  pooled_train:  n0=1270 n1=1270
  pooled_calib:  n0=1240 n1=1240
  pooled_eval:   n0=1270 n1=1270
  regions (for macro stats only): 1103
[INFO] Cosine baseline routed to direct Hadamard sum (PrecomputedCosine)
[INFO] WeightedEnsemble Cosine judge routed to direct Hadamard sum
  [Ensemble] Judges routed to 'alt' input: PrecomputedCosine
[WeightedEnsemble] Fitted weights (alpha=0.0500, external calib):
  tau=0.9167, Pooled external calib: TPR=0.5355, FPR=0.0500
  PrecomputedCosine   : +0.4176
  PCAWhitenedCosine   : +0.3460
  XGBoost             : +0.0864
  Tiny MLP            : +0.0990
  LDA                 : +0.0511

Method                   | TPR    | FPR    | TrTPR  | TrFPR  | MacroTPR | MacroFPR | Regions | TauMean | ms   | OK? 
--------------------------------------------------------------------------------------------------------------------
Cosine                   | 0.4465 | 0.0441 | 0.4339 | 0.0500 | 0.4035   | 0.0693   | 861     | 0.9087  | 30.7 | PASS
AndBox-HC                | 0.4283 | 0.0394 | 0.3944 | 0.0500 | 0.3759   | 0.0554   | 861     | 0.0001  | 46.2 | PASS
PCAWhitenedCosine        | 0.4874 | 0.0480 | 0.4847 | 0.0500 | 0.3978   | 0.0716   | 861     | 0.9640  | 30.6 | PASS
Vec (Wgt)                | 0.4661 | 0.0394 | 0.4565 | 0.0500 | 0.4130   | 0.0607   | 861     | 0.9160  | 30.5 | PASS
Log Reg                  | 0.4307 | 0.0402 | 0.4419 | 0.0500 | 0.3346   | 0.0547   | 861     | 0.5108  | 38.6 | PASS
LDA                      | 0.4835 | 0.0449 | 0.4774 | 0.0500 | 0.3911   | 0.0706   | 861     | 3.3030  | 32.8 | PASS
Tiny MLP                 | 0.4661 | 0.0425 | 0.4694 | 0.0500 | 0.3713   | 0.0673   | 861     | 0.9009  | 34.1 | PASS
MultiProtoCosine         | 0.1213 | 0.0433 | 0.1169 | 0.0500 | 0.0775   | 0.0332   | 861     | 0.8822  | 36.8 | PASS
WeightedEnsemble         | 0.5480 | 0.0543 | 0.5355 | 0.0500 | 0.4578   | 0.0823   | 861     | 0.9167  | 57.7 | FAIL
XGBoost                  | 0.4614 | 0.0378 | 0.4613 | 0.0500 | 0.4034   | 0.0551   | 861     | 0.7306  | 50.1 | PASS
LDA1+LogReg              | 0.4378 | 0.0394 | 0.4444 | 0.0500 | 0.3389   | 0.0541   | 861     | 0.5107  | 33.2 | PASS
PCA16+LogReg             | 0.4402 | 0.0394 | 0.4403 | 0.0500 | 0.3416   | 0.0549   | 861     | 0.5111  | 34.9 | PASS
PCA32+LogReg             | 0.4260 | 0.0386 | 0.4298 | 0.0492 | 0.3298   | 0.0532   | 861     | 0.5114  | 35.7 | PASS
PCA16+VecWeighted        | 0.0850 | 0.0417 | 0.0944 | 0.0500 | 0.0818   | 0.0489   | 861     | 0.0493  | 33.8 | PASS
PCA32+VecWeighted        | 0.0921 | 0.0457 | 0.0911 | 0.0500 | 0.1001   | 0.0620   | 861     | 0.0500  | 34.3 | PASS
StabilizedWhitenedCosine | 0.4661 | 0.0504 | 0.4677 | 0.0500 | 0.3963   | 0.0761   | 861     | 0.9859  | 33.3 | FAIL

[trial=49 seed=91] GLOBAL mode — total_samples=200000
  total: h0=82063 h1=15019
  pooled_train:  n0=1270 n1=1270
  pooled_calib:  n0=1240 n1=1240
  pooled_eval:   n0=1270 n1=1270
  regions (for macro stats only): 1103
[INFO] Cosine baseline routed to direct Hadamard sum (PrecomputedCosine)
[INFO] WeightedEnsemble Cosine judge routed to direct Hadamard sum
  [Ensemble] Judges routed to 'alt' input: PrecomputedCosine
[WeightedEnsemble] Fitted weights (alpha=0.0500, external calib):
  tau=0.7927, Pooled external calib: TPR=0.5935, FPR=0.0500
  PrecomputedCosine   : +0.2610
  PCAWhitenedCosine   : +0.2348
  XGBoost             : +0.2127
  Tiny MLP            : +0.2846
  LDA                 : +0.0070

Method                   | TPR    | FPR    | TrTPR  | TrFPR  | MacroTPR | MacroFPR | Regions | TauMean | ms   | OK? 
--------------------------------------------------------------------------------------------------------------------
Cosine                   | 0.4299 | 0.0441 | 0.4540 | 0.0500 | 0.3679   | 0.0647   | 859     | 0.9131  | 30.5 | PASS
AndBox-HC                | 0.4591 | 0.0583 | 0.4863 | 0.0500 | 0.3951   | 0.0888   | 859     | -0.0000 | 33.5 | FAIL
PCAWhitenedCosine        | 0.5331 | 0.0520 | 0.5573 | 0.0500 | 0.4376   | 0.0751   | 859     | 0.9446  | 30.1 | FAIL
Vec (Wgt)                | 0.4866 | 0.0480 | 0.5161 | 0.0500 | 0.4085   | 0.0737   | 859     | 0.9097  | 30.1 | PASS
Log Reg                  | 0.5087 | 0.0606 | 0.5403 | 0.0500 | 0.3890   | 0.0873   | 859     | 0.5086  | 35.8 | FAIL
LDA                      | 0.5488 | 0.0598 | 0.5774 | 0.0500 | 0.4500   | 0.0848   | 859     | 2.9445  | 32.3 | FAIL
Tiny MLP                 | 0.5213 | 0.0591 | 0.5516 | 0.0500 | 0.4258   | 0.0861   | 859     | 0.8616  | 34.1 | FAIL
MultiProtoCosine         | 0.0976 | 0.0433 | 0.1089 | 0.0500 | 0.0663   | 0.0427   | 859     | 0.8848  | 37.0 | PASS
WeightedEnsemble         | 0.5646 | 0.0583 | 0.5935 | 0.0500 | 0.4679   | 0.0853   | 859     | 0.7927  | 57.9 | FAIL
XGBoost                  | 0.5063 | 0.0480 | 0.5242 | 0.0500 | 0.4137   | 0.0690   | 859     | 0.7003  | 50.1 | PASS
LDA1+LogReg              | 0.5110 | 0.0598 | 0.5411 | 0.0500 | 0.3916   | 0.0852   | 859     | 0.5085  | 33.4 | FAIL
PCA16+LogReg             | 0.5260 | 0.0567 | 0.5452 | 0.0500 | 0.4103   | 0.0844   | 859     | 0.5085  | 34.9 | FAIL
PCA32+LogReg             | 0.5283 | 0.0583 | 0.5452 | 0.0500 | 0.4114   | 0.0840   | 859     | 0.5085  | 36.3 | FAIL
PCA16+VecWeighted        | 0.1614 | 0.0394 | 0.1669 | 0.0500 | 0.1051   | 0.0372   | 859     | 0.0371  | 33.9 | PASS
PCA32+VecWeighted        | 0.1661 | 0.0433 | 0.1629 | 0.0500 | 0.1036   | 0.0367   | 859     | 0.0394  | 34.6 | PASS
StabilizedWhitenedCosine | 0.5031 | 0.0465 | 0.5363 | 0.0500 | 0.4235   | 0.0654   | 859     | 0.9564  | 33.1 | PASS

=== Ranking by mean micro TPR (UNCONSTRAINED) ===
 1. WeightedEnsemble   TPR=0.5659±0.0239 FPR=0.0506±0.0088 [FAIL]
 2. PCAWhitenedCosine  TPR=0.5355±0.0270 FPR=0.0475±0.0076 [PASS]
 3. StabilizedWhitenedCosine TPR=0.5249±0.0248 FPR=0.0489±0.0076 [PASS]
 4. LDA                TPR=0.5184±0.0286 FPR=0.0488±0.0098 [PASS]
 5. Vec (Wgt)          TPR=0.5064±0.0235 FPR=0.0507±0.0085 [FAIL]
 6. XGBoost            TPR=0.5057±0.0274 FPR=0.0488±0.0090 [PASS]
 7. Tiny MLP           TPR=0.4994±0.0287 FPR=0.0501±0.0089 [FAIL]
 8. PCA32+LogReg       TPR=0.4812±0.0293 FPR=0.0498±0.0080 [PASS]
 9. PCA16+LogReg       TPR=0.4780±0.0278 FPR=0.0499±0.0080 [PASS]
10. Log Reg            TPR=0.4769±0.0292 FPR=0.0497±0.0077 [PASS]
11. LDA1+LogReg        TPR=0.4733±0.0333 FPR=0.0494±0.0077 [PASS]
12. Cosine             TPR=0.4572±0.0230 FPR=0.0496±0.0085 [PASS]
13. AndBox-HC          TPR=0.4360±0.0326 FPR=0.0502±0.0093 [FAIL]
14. PCA32+VecWeighted  TPR=0.1174±0.0497 FPR=0.0521±0.0096 [FAIL]
15. PCA16+VecWeighted  TPR=0.1171±0.0519 FPR=0.0512±0.0096 [FAIL]
16. MultiProtoCosine   TPR=0.1117±0.0157 FPR=0.0506±0.0096 [FAIL]

=== Ranking by mean micro TPR (CONSTRAINED: FPR <= alpha) ===
 1. PCAWhitenedCosine  TPR=0.5355±0.0270 FPR=0.0475±0.0076
 2. StabilizedWhitenedCosine TPR=0.5249±0.0248 FPR=0.0489±0.0076
 3. LDA                TPR=0.5184±0.0286 FPR=0.0488±0.0098
 4. XGBoost            TPR=0.5057±0.0274 FPR=0.0488±0.0090
 5. PCA32+LogReg       TPR=0.4812±0.0293 FPR=0.0498±0.0080
 6. PCA16+LogReg       TPR=0.4780±0.0278 FPR=0.0499±0.0080
 7. Log Reg            TPR=0.4769±0.0292 FPR=0.0497±0.0077
 8. LDA1+LogReg        TPR=0.4733±0.0333 FPR=0.0494±0.0077
 9. Cosine             TPR=0.4572±0.0230 FPR=0.0496±0.0085
[CSV] Saved: /home/malmatal/Projects/Multi_Dim_Threshold/NeighborCache/outputs/region_local_threshold/run_20260507_090027/trial_summary.csv
[JSON] Saved: /home/malmatal/Projects/Multi_Dim_Threshold/NeighborCache/outputs/region_local_threshold/run_20260507_090027/ranking.json
[CSV] Saved: /home/malmatal/Projects/Multi_Dim_Threshold/NeighborCache/outputs/region_local_threshold/run_20260507_090027/weighted_ensemble_meta_weights.csv
[JSON] Saved: /home/malmatal/Projects/Multi_Dim_Threshold/NeighborCache/outputs/region_local_threshold/run_20260507_090027/notes.json

Best (constrained FPR <= alpha): PCAWhitenedCosine
[Done] outputs at: /home/malmatal/Projects/Multi_Dim_Threshold/NeighborCache/outputs/region_local_threshold/run_20260507_090027
