<frozen runpy>:128: RuntimeWarning: 'NeighborCache.region_local_threshold.cli' found in sys.modules after import of package 'NeighborCache.region_local_threshold', but prior to execution of 'NeighborCache.region_local_threshold.cli'; this may result in unpredictable behaviour
[INFO] Using features key='emb' dim=768
[INFO] Applied Hadamard preprocessing (strategy=centroid_nearest, use_delta_vec=False, use_abs_diff=False) to X_main

=== Region Threshold Benchmark ===
dataset_npz=NeighborCache/data/h1h0_final_langcache.npz
region_key=global_cluster (resolved=global_cluster, unique=1103)
features=emb+hadamard rows=200000 dim=768
text_pairs=text+region_anchor[centroid_nearest]
alpha=0.1 tie_mode=ge trials=50 base_seed=42
tau_mode=global
hadamard_preprocess=True
abs_diff_only_preprocess=False
use_delta_vec=False
use_abs_diff=False
normalize_data=False
filter_policy=none
train_cosine_policy_active=False
caps: train=1270 calib=1240 eval=1270
mins: min_h0_eval=20 min_h1_eval=20
run_dir=/home/malmatal/Projects/Multi_Dim_Threshold/NeighborCache/outputs/region_local_threshold/run_20260507_091919

[trial=0 seed=42] GLOBAL mode — total_samples=200000
  total: h0=82063 h1=15019
  pooled_train:  n0=1270 n1=1270
  pooled_calib:  n0=1240 n1=1240
  pooled_eval:   n0=1270 n1=1270
  regions (for macro stats only): 1103
[INFO] Cosine baseline routed to direct Hadamard sum (PrecomputedCosine)
[INFO] WeightedEnsemble Cosine judge routed to direct Hadamard sum
  [Ensemble] Judges routed to 'alt' input: PrecomputedCosine
[WeightedEnsemble] Fitted weights (alpha=0.1000, external calib):
  tau=0.6598, Pooled external calib: TPR=0.7113, FPR=0.1000
  PrecomputedCosine   : +0.1287
  PCAWhitenedCosine   : +0.3555
  XGBoost             : +0.1143
  Tiny MLP            : +0.2967
  LDA                 : +0.1048

Method                   | TPR    | FPR    | TrTPR  | TrFPR  | MacroTPR | MacroFPR | Regions | TauMean | ms   | OK? 
--------------------------------------------------------------------------------------------------------------------
Cosine                   | 0.5756 | 0.0976 | 0.5847 | 0.1000 | 0.5250   | 0.1334   | 868     | 0.8074  | 31.7 | PASS
AndBox-HC                | 0.5394 | 0.0976 | 0.5355 | 0.1000 | 0.4878   | 0.1300   | 868     | 0.0002  | 41.3 | PASS
PCAWhitenedCosine        | 0.6378 | 0.0953 | 0.6589 | 0.1000 | 0.5414   | 0.1407   | 868     | 0.5564  | 43.3 | PASS
Vec (Wgt)                | 0.6252 | 0.0992 | 0.6395 | 0.1000 | 0.5488   | 0.1386   | 868     | 0.8133  | 33.3 | PASS
Log Reg                  | 0.6047 | 0.0882 | 0.6210 | 0.1000 | 0.5078   | 0.1238   | 868     | 0.5060  | 46.7 | PASS
LDA                      | 0.6276 | 0.1039 | 0.6661 | 0.1000 | 0.5401   | 0.1524   | 868     | 1.7563  | 33.3 | FAIL
Tiny MLP                 | 0.6394 | 0.1047 | 0.6774 | 0.1000 | 0.5444   | 0.1561   | 868     | 0.7199  | 36.7 | FAIL
MultiProtoCosine         | 0.1646 | 0.0961 | 0.1516 | 0.1000 | 0.1200   | 0.0879   | 868     | 0.8596  | 46.9 | PASS
WeightedEnsemble         | 0.6740 | 0.1047 | 0.7113 | 0.1000 | 0.5743   | 0.1569   | 868     | 0.6598  | 94.4 | FAIL
XGBoost                  | 0.6260 | 0.1087 | 0.6484 | 0.1000 | 0.5413   | 0.1511   | 868     | 0.5912  | 58.8 | FAIL
LDA1+LogReg              | 0.6000 | 0.0866 | 0.6210 | 0.1000 | 0.4972   | 0.1234   | 868     | 0.5057  | 34.9 | PASS
PCA16+LogReg             | 0.5921 | 0.0866 | 0.6040 | 0.1000 | 0.4947   | 0.1222   | 868     | 0.5065  | 38.6 | PASS
PCA32+LogReg             | 0.5992 | 0.0882 | 0.6089 | 0.1000 | 0.4997   | 0.1225   | 868     | 0.5063  | 72.9 | PASS
PCA16+VecWeighted        | 0.0559 | 0.0898 | 0.0613 | 0.1000 | 0.0593   | 0.0923   | 868     | 0.0400  | 47.4 | PASS
PCA32+VecWeighted        | 0.0496 | 0.0858 | 0.0492 | 0.1000 | 0.0620   | 0.0988   | 868     | 0.0446  | 38.2 | PASS
StabilizedWhitenedCosine | 0.6449 | 0.1016 | 0.6653 | 0.1000 | 0.5542   | 0.1455   | 868     | 0.4921  | 35.6 | FAIL

[trial=1 seed=43] GLOBAL mode — total_samples=200000
  total: h0=82063 h1=15019
  pooled_train:  n0=1270 n1=1270
  pooled_calib:  n0=1240 n1=1240
  pooled_eval:   n0=1270 n1=1270
  regions (for macro stats only): 1103
[INFO] Cosine baseline routed to direct Hadamard sum (PrecomputedCosine)
[INFO] WeightedEnsemble Cosine judge routed to direct Hadamard sum
  [Ensemble] Judges routed to 'alt' input: PrecomputedCosine
[WeightedEnsemble] Fitted weights (alpha=0.1000, external calib):
  tau=0.7804, Pooled external calib: TPR=0.6726, FPR=0.1000
  PrecomputedCosine   : +0.2042
  PCAWhitenedCosine   : +0.1982
  XGBoost             : +0.4393
  Tiny MLP            : +0.0111
  LDA                 : +0.1471

Method                   | TPR    | FPR    | TrTPR  | TrFPR  | MacroTPR | MacroFPR | Regions | TauMean | ms   | OK? 
--------------------------------------------------------------------------------------------------------------------
Cosine                   | 0.6016 | 0.1039 | 0.6016 | 0.1000 | 0.5420   | 0.1437   | 850     | 0.8093  | 55.3 | FAIL
AndBox-HC                | 0.5819 | 0.1079 | 0.5944 | 0.1000 | 0.5180   | 0.1382   | 850     | 0.0002  | 33.2 | FAIL
PCAWhitenedCosine        | 0.6488 | 0.0898 | 0.6556 | 0.1000 | 0.5348   | 0.1255   | 850     | 0.5379  | 30.2 | PASS
Vec (Wgt)                | 0.6417 | 0.1016 | 0.6266 | 0.1000 | 0.5660   | 0.1417   | 850     | 0.8234  | 30.0 | FAIL
Log Reg                  | 0.6063 | 0.1000 | 0.6016 | 0.1000 | 0.4941   | 0.1336   | 850     | 0.5059  | 35.7 | PASS
LDA                      | 0.6331 | 0.0969 | 0.6323 | 0.1000 | 0.5217   | 0.1396   | 850     | 1.9434  | 32.4 | PASS
Tiny MLP                 | 0.6197 | 0.0937 | 0.6137 | 0.1000 | 0.5016   | 0.1384   | 850     | 0.8054  | 34.2 | PASS
MultiProtoCosine         | 0.1472 | 0.0787 | 0.1540 | 0.1000 | 0.0954   | 0.0691   | 850     | 0.8667  | 36.9 | PASS
WeightedEnsemble         | 0.6709 | 0.0858 | 0.6726 | 0.1000 | 0.5538   | 0.1199   | 850     | 0.7804  | 57.5 | PASS
XGBoost                  | 0.6425 | 0.0929 | 0.6185 | 0.1000 | 0.5485   | 0.1261   | 850     | 0.6261  | 50.4 | PASS
LDA1+LogReg              | 0.5874 | 0.0969 | 0.5782 | 0.1000 | 0.4758   | 0.1242   | 850     | 0.5060  | 33.4 | PASS
PCA16+LogReg             | 0.5937 | 0.1024 | 0.5903 | 0.1000 | 0.4868   | 0.1351   | 850     | 0.5060  | 35.8 | FAIL
PCA32+LogReg             | 0.6008 | 0.1008 | 0.5944 | 0.1000 | 0.4912   | 0.1329   | 850     | 0.5061  | 37.5 | FAIL
PCA16+VecWeighted        | 0.1630 | 0.1063 | 0.1750 | 0.1000 | 0.1816   | 0.1213   | 850     | 0.0364  | 34.2 | FAIL
PCA32+VecWeighted        | 0.1866 | 0.1102 | 0.2040 | 0.1000 | 0.1980   | 0.1303   | 850     | 0.0341  | 34.6 | FAIL
StabilizedWhitenedCosine | 0.6504 | 0.0913 | 0.6387 | 0.1000 | 0.5495   | 0.1253   | 850     | 0.5905  | 33.3 | PASS

[trial=2 seed=44] GLOBAL mode — total_samples=200000
  total: h0=82063 h1=15019
  pooled_train:  n0=1270 n1=1270
  pooled_calib:  n0=1240 n1=1240
  pooled_eval:   n0=1270 n1=1270
  regions (for macro stats only): 1103
[INFO] Cosine baseline routed to direct Hadamard sum (PrecomputedCosine)
[INFO] WeightedEnsemble Cosine judge routed to direct Hadamard sum
  [Ensemble] Judges routed to 'alt' input: PrecomputedCosine
[WeightedEnsemble] Fitted weights (alpha=0.1000, external calib):
  tau=0.5538, Pooled external calib: TPR=0.6903, FPR=0.1000
  PrecomputedCosine   : +0.2161
  PCAWhitenedCosine   : +0.5478
  XGBoost             : +0.0972
  Tiny MLP            : +0.1269
  LDA                 : +0.0120

Method                   | TPR    | FPR    | TrTPR  | TrFPR  | MacroTPR | MacroFPR | Regions | TauMean | ms   | OK? 
--------------------------------------------------------------------------------------------------------------------
Cosine                   | 0.6102 | 0.1031 | 0.6097 | 0.1000 | 0.5567   | 0.1431   | 868     | 0.7995  | 29.2 | FAIL
AndBox-HC                | 0.5661 | 0.0929 | 0.5839 | 0.1000 | 0.5032   | 0.1222   | 868     | 0.0001  | 46.8 | PASS
PCAWhitenedCosine        | 0.6591 | 0.0953 | 0.6629 | 0.1000 | 0.5502   | 0.1269   | 868     | 0.4848  | 30.8 | PASS
Vec (Wgt)                | 0.6488 | 0.1024 | 0.6427 | 0.1000 | 0.5735   | 0.1418   | 868     | 0.8090  | 30.6 | FAIL
Log Reg                  | 0.6055 | 0.0929 | 0.6194 | 0.1000 | 0.4997   | 0.1161   | 868     | 0.5052  | 36.5 | PASS
LDA                      | 0.6457 | 0.0961 | 0.6435 | 0.1000 | 0.5529   | 0.1418   | 868     | 1.7190  | 32.9 | PASS
Tiny MLP                 | 0.6299 | 0.0961 | 0.6355 | 0.1000 | 0.5402   | 0.1398   | 868     | 0.7506  | 34.6 | PASS
MultiProtoCosine         | 0.1520 | 0.0945 | 0.1734 | 0.1000 | 0.1045   | 0.0721   | 868     | 0.8654  | 37.6 | PASS
WeightedEnsemble         | 0.6803 | 0.1039 | 0.6903 | 0.1000 | 0.5759   | 0.1429   | 868     | 0.5538  | 58.8 | FAIL
XGBoost                  | 0.6535 | 0.1000 | 0.6395 | 0.1000 | 0.5694   | 0.1346   | 868     | 0.5973  | 50.3 | PASS
LDA1+LogReg              | 0.6024 | 0.0929 | 0.6194 | 0.1000 | 0.4966   | 0.1161   | 868     | 0.5053  | 33.5 | PASS
PCA16+LogReg             | 0.5953 | 0.0945 | 0.6153 | 0.1000 | 0.4896   | 0.1169   | 868     | 0.5058  | 35.7 | PASS
PCA32+LogReg             | 0.6047 | 0.0961 | 0.6274 | 0.1000 | 0.5013   | 0.1187   | 868     | 0.5055  | 36.9 | PASS
PCA16+VecWeighted        | 0.2472 | 0.0961 | 0.2290 | 0.1000 | 0.2187   | 0.1132   | 868     | 0.0318  | 34.3 | PASS
PCA32+VecWeighted        | 0.2157 | 0.0819 | 0.2129 | 0.1000 | 0.1986   | 0.0889   | 868     | 0.0357  | 35.2 | PASS
StabilizedWhitenedCosine | 0.6646 | 0.0969 | 0.6669 | 0.1000 | 0.5692   | 0.1280   | 868     | 0.4357  | 34.1 | PASS

[trial=3 seed=45] GLOBAL mode — total_samples=200000
  total: h0=82063 h1=15019
  pooled_train:  n0=1270 n1=1270
  pooled_calib:  n0=1240 n1=1240
  pooled_eval:   n0=1270 n1=1270
  regions (for macro stats only): 1103
[INFO] Cosine baseline routed to direct Hadamard sum (PrecomputedCosine)
[INFO] WeightedEnsemble Cosine judge routed to direct Hadamard sum
  [Ensemble] Judges routed to 'alt' input: PrecomputedCosine
[WeightedEnsemble] Fitted weights (alpha=0.1000, external calib):
  tau=0.7394, Pooled external calib: TPR=0.7097, FPR=0.1000
  PrecomputedCosine   : +0.3841
  PCAWhitenedCosine   : +0.2437
  XGBoost             : +0.1384
  Tiny MLP            : +0.0104
  LDA                 : +0.2234

Method                   | TPR    | FPR    | TrTPR  | TrFPR  | MacroTPR | MacroFPR | Regions | TauMean | ms   | OK? 
--------------------------------------------------------------------------------------------------------------------
Cosine                   | 0.6252 | 0.1079 | 0.6379 | 0.1000 | 0.5690   | 0.1393   | 854     | 0.7961  | 28.7 | FAIL
AndBox-HC                | 0.6165 | 0.1181 | 0.6194 | 0.1000 | 0.5676   | 0.1449   | 854     | 0.0001  | 33.7 | FAIL
PCAWhitenedCosine        | 0.6803 | 0.0937 | 0.6750 | 0.1000 | 0.5789   | 0.1154   | 854     | 0.4606  | 29.8 | PASS
Vec (Wgt)                | 0.6732 | 0.1126 | 0.6806 | 0.1000 | 0.6084   | 0.1434   | 854     | 0.7874  | 29.4 | FAIL
Log Reg                  | 0.6425 | 0.1031 | 0.6419 | 0.1000 | 0.5315   | 0.1200   | 854     | 0.5044  | 35.3 | FAIL
LDA                      | 0.7031 | 0.1087 | 0.6758 | 0.1000 | 0.5983   | 0.1390   | 854     | 1.4805  | 32.0 | FAIL
Tiny MLP                 | 0.6803 | 0.1079 | 0.6363 | 0.1000 | 0.5770   | 0.1353   | 854     | 0.7557  | 33.9 | FAIL
MultiProtoCosine         | 0.1622 | 0.0929 | 0.1435 | 0.1000 | 0.1083   | 0.0820   | 854     | 0.8669  | 36.3 | PASS
WeightedEnsemble         | 0.7244 | 0.1142 | 0.7097 | 0.1000 | 0.6310   | 0.1478   | 854     | 0.7394  | 57.3 | FAIL
XGBoost                  | 0.6630 | 0.1126 | 0.6774 | 0.1000 | 0.5876   | 0.1462   | 854     | 0.5981  | 49.4 | FAIL
LDA1+LogReg              | 0.6457 | 0.1047 | 0.6435 | 0.1000 | 0.5377   | 0.1234   | 854     | 0.5044  | 32.8 | FAIL
PCA16+LogReg             | 0.6457 | 0.1071 | 0.6532 | 0.1000 | 0.5451   | 0.1293   | 854     | 0.5044  | 34.5 | FAIL
PCA32+LogReg             | 0.6504 | 0.1071 | 0.6540 | 0.1000 | 0.5486   | 0.1283   | 854     | 0.5043  | 35.6 | FAIL
PCA16+VecWeighted        | 0.0835 | 0.1094 | 0.0855 | 0.1000 | 0.0823   | 0.1190   | 854     | 0.0345  | 33.3 | FAIL
PCA32+VecWeighted        | 0.1094 | 0.1157 | 0.1210 | 0.1000 | 0.1093   | 0.1171   | 854     | 0.0354  | 34.3 | FAIL
StabilizedWhitenedCosine | 0.6724 | 0.0984 | 0.6685 | 0.1000 | 0.5835   | 0.1287   | 854     | 0.4953  | 32.8 | PASS

[trial=4 seed=46] GLOBAL mode — total_samples=200000
  total: h0=82063 h1=15019
  pooled_train:  n0=1270 n1=1270
  pooled_calib:  n0=1240 n1=1240
  pooled_eval:   n0=1270 n1=1270
  regions (for macro stats only): 1103
[INFO] Cosine baseline routed to direct Hadamard sum (PrecomputedCosine)
[INFO] WeightedEnsemble Cosine judge routed to direct Hadamard sum
  [Ensemble] Judges routed to 'alt' input: PrecomputedCosine
[WeightedEnsemble] Fitted weights (alpha=0.1000, external calib):
  tau=0.7150, Pooled external calib: TPR=0.6782, FPR=0.1000
  PrecomputedCosine   : +0.4323
  PCAWhitenedCosine   : +0.1110
  XGBoost             : +0.2003
  Tiny MLP            : +0.2025
  LDA                 : +0.0539

Method                   | TPR    | FPR    | TrTPR  | TrFPR  | MacroTPR | MacroFPR | Regions | TauMean | ms   | OK? 
--------------------------------------------------------------------------------------------------------------------
Cosine                   | 0.5724 | 0.0882 | 0.5839 | 0.1000 | 0.5387   | 0.1129   | 871     | 0.8112  | 39.3 | PASS
AndBox-HC                | 0.5252 | 0.0835 | 0.5363 | 0.1000 | 0.4687   | 0.1023   | 871     | 0.0002  | 33.0 | PASS
PCAWhitenedCosine        | 0.6457 | 0.0898 | 0.6444 | 0.1000 | 0.5729   | 0.1134   | 871     | 0.4804  | 30.9 | PASS
Vec (Wgt)                | 0.6102 | 0.0961 | 0.6234 | 0.1000 | 0.5659   | 0.1259   | 871     | 0.8089  | 31.2 | PASS
Log Reg                  | 0.5929 | 0.1000 | 0.5903 | 0.1000 | 0.5152   | 0.1220   | 871     | 0.5058  | 71.1 | PASS
LDA                      | 0.6118 | 0.0874 | 0.6315 | 0.1000 | 0.5255   | 0.1078   | 871     | 1.9092  | 39.1 | PASS
Tiny MLP                 | 0.6071 | 0.0992 | 0.6298 | 0.1000 | 0.5197   | 0.1288   | 871     | 0.7650  | 36.6 | PASS
MultiProtoCosine         | 0.1543 | 0.0969 | 0.1492 | 0.1000 | 0.0996   | 0.0795   | 871     | 0.8638  | 43.4 | PASS
WeightedEnsemble         | 0.6614 | 0.0913 | 0.6782 | 0.1000 | 0.5901   | 0.1184   | 871     | 0.7150  | 78.7 | PASS
XGBoost                  | 0.6165 | 0.0969 | 0.6266 | 0.1000 | 0.5456   | 0.1262   | 871     | 0.6037  | 50.8 | PASS
LDA1+LogReg              | 0.5929 | 0.0984 | 0.5895 | 0.1000 | 0.5154   | 0.1200   | 871     | 0.5058  | 48.9 | PASS
PCA16+LogReg             | 0.5890 | 0.1055 | 0.5895 | 0.1000 | 0.5137   | 0.1290   | 871     | 0.5059  | 37.2 | FAIL
PCA32+LogReg             | 0.5929 | 0.1031 | 0.5887 | 0.1000 | 0.5193   | 0.1276   | 871     | 0.5060  | 44.6 | FAIL
PCA16+VecWeighted        | 0.3079 | 0.1205 | 0.3048 | 0.1000 | 0.1923   | 0.1017   | 871     | 0.0234  | 36.2 | FAIL
PCA32+VecWeighted        | 0.2984 | 0.1173 | 0.2815 | 0.1000 | 0.1891   | 0.0974   | 871     | 0.0249  | 55.0 | FAIL
StabilizedWhitenedCosine | 0.6480 | 0.0961 | 0.6411 | 0.1000 | 0.5783   | 0.1233   | 871     | 0.5121  | 34.5 | PASS

[trial=5 seed=47] GLOBAL mode — total_samples=200000
  total: h0=82063 h1=15019
  pooled_train:  n0=1270 n1=1270
  pooled_calib:  n0=1240 n1=1240
  pooled_eval:   n0=1270 n1=1270
  regions (for macro stats only): 1103
[INFO] Cosine baseline routed to direct Hadamard sum (PrecomputedCosine)
[INFO] WeightedEnsemble Cosine judge routed to direct Hadamard sum
  [Ensemble] Judges routed to 'alt' input: PrecomputedCosine
[WeightedEnsemble] Fitted weights (alpha=0.1000, external calib):
  tau=0.7544, Pooled external calib: TPR=0.7113, FPR=0.1000
  PrecomputedCosine   : +0.2403
  PCAWhitenedCosine   : +0.0431
  XGBoost             : +0.3540
  Tiny MLP            : +0.2364
  LDA                 : +0.1263

Method                   | TPR    | FPR    | TrTPR  | TrFPR  | MacroTPR | MacroFPR | Regions | TauMean | ms   | OK? 
--------------------------------------------------------------------------------------------------------------------
Cosine                   | 0.6252 | 0.0984 | 0.6331 | 0.1000 | 0.5778   | 0.1356   | 852     | 0.7888  | 30.5 | PASS
AndBox-HC                | 0.5764 | 0.0827 | 0.6008 | 0.1000 | 0.5168   | 0.1136   | 852     | 0.0002  | 33.8 | PASS
PCAWhitenedCosine        | 0.6740 | 0.0898 | 0.6806 | 0.1000 | 0.5767   | 0.1126   | 852     | 0.4781  | 29.9 | PASS
Vec (Wgt)                | 0.6528 | 0.0890 | 0.6516 | 0.1000 | 0.5850   | 0.1197   | 852     | 0.8049  | 29.8 | PASS
Log Reg                  | 0.6575 | 0.0953 | 0.6508 | 0.1000 | 0.5648   | 0.1223   | 852     | 0.5051  | 35.9 | PASS
LDA                      | 0.6819 | 0.0961 | 0.6831 | 0.1000 | 0.5755   | 0.1258   | 852     | 1.6235  | 32.2 | PASS
Tiny MLP                 | 0.6740 | 0.0937 | 0.6806 | 0.1000 | 0.5579   | 0.1189   | 852     | 0.7497  | 34.0 | PASS
MultiProtoCosine         | 0.1551 | 0.1142 | 0.1460 | 0.1000 | 0.1035   | 0.0813   | 852     | 0.8648  | 36.5 | FAIL
WeightedEnsemble         | 0.6953 | 0.0937 | 0.7113 | 0.1000 | 0.5959   | 0.1260   | 852     | 0.7544  | 57.5 | PASS
XGBoost                  | 0.6819 | 0.1126 | 0.6637 | 0.1000 | 0.5998   | 0.1482   | 852     | 0.5848  | 49.8 | FAIL
LDA1+LogReg              | 0.6559 | 0.0945 | 0.6508 | 0.1000 | 0.5637   | 0.1215   | 852     | 0.5052  | 32.8 | PASS
PCA16+LogReg             | 0.6551 | 0.0969 | 0.6484 | 0.1000 | 0.5690   | 0.1259   | 852     | 0.5054  | 34.9 | PASS
PCA32+LogReg             | 0.6528 | 0.0953 | 0.6484 | 0.1000 | 0.5665   | 0.1234   | 852     | 0.5055  | 35.8 | PASS
PCA16+VecWeighted        | 0.1394 | 0.1063 | 0.1218 | 0.1000 | 0.1293   | 0.0988   | 852     | 0.0311  | 33.6 | FAIL
PCA32+VecWeighted        | 0.1488 | 0.1071 | 0.1403 | 0.1000 | 0.1433   | 0.1022   | 852     | 0.0332  | 34.3 | FAIL
StabilizedWhitenedCosine | 0.6567 | 0.0945 | 0.6710 | 0.1000 | 0.5727   | 0.1289   | 852     | 0.4900  | 33.7 | PASS

[trial=6 seed=48] GLOBAL mode — total_samples=200000
  total: h0=82063 h1=15019
  pooled_train:  n0=1270 n1=1270
  pooled_calib:  n0=1240 n1=1240
  pooled_eval:   n0=1270 n1=1270
  regions (for macro stats only): 1103
[INFO] Cosine baseline routed to direct Hadamard sum (PrecomputedCosine)
[INFO] WeightedEnsemble Cosine judge routed to direct Hadamard sum
  [Ensemble] Judges routed to 'alt' input: PrecomputedCosine
[WeightedEnsemble] Fitted weights (alpha=0.1000, external calib):
  tau=0.6024, Pooled external calib: TPR=0.6726, FPR=0.1000
  PrecomputedCosine   : +0.1195
  PCAWhitenedCosine   : +0.3770
  XGBoost             : +0.2691
  Tiny MLP            : +0.2045
  LDA                 : +0.0298

Method                   | TPR    | FPR    | TrTPR  | TrFPR  | MacroTPR | MacroFPR | Regions | TauMean | ms   | OK? 
--------------------------------------------------------------------------------------------------------------------
Cosine                   | 0.5606 | 0.0945 | 0.5750 | 0.1000 | 0.5283   | 0.1335   | 856     | 0.8201  | 28.7 | PASS
AndBox-HC                | 0.4984 | 0.0945 | 0.5226 | 0.1000 | 0.4511   | 0.1313   | 856     | 0.0002  | 31.3 | PASS
PCAWhitenedCosine        | 0.6291 | 0.1016 | 0.6355 | 0.1000 | 0.5355   | 0.1381   | 856     | 0.5490  | 31.3 | FAIL
Vec (Wgt)                | 0.5953 | 0.0898 | 0.6129 | 0.1000 | 0.5356   | 0.1245   | 856     | 0.8259  | 29.6 | PASS
Log Reg                  | 0.6071 | 0.1094 | 0.6274 | 0.1000 | 0.5057   | 0.1334   | 856     | 0.5054  | 35.4 | FAIL
LDA                      | 0.6189 | 0.1031 | 0.6306 | 0.1000 | 0.5240   | 0.1414   | 856     | 1.9736  | 32.1 | FAIL
Tiny MLP                 | 0.6063 | 0.1197 | 0.6234 | 0.1000 | 0.5187   | 0.1608   | 856     | 0.7874  | 33.6 | FAIL
MultiProtoCosine         | 0.1756 | 0.1094 | 0.1613 | 0.1000 | 0.1043   | 0.0763   | 856     | 0.8621  | 36.4 | FAIL
WeightedEnsemble         | 0.6677 | 0.1039 | 0.6726 | 0.1000 | 0.5819   | 0.1424   | 856     | 0.6024  | 57.4 | FAIL
XGBoost                  | 0.6126 | 0.1000 | 0.6218 | 0.1000 | 0.5356   | 0.1292   | 856     | 0.6122  | 49.5 | PASS
LDA1+LogReg              | 0.6063 | 0.1094 | 0.6274 | 0.1000 | 0.5053   | 0.1325   | 856     | 0.5054  | 32.9 | FAIL
PCA16+LogReg             | 0.5992 | 0.1039 | 0.6226 | 0.1000 | 0.5054   | 0.1311   | 856     | 0.5058  | 34.9 | FAIL
PCA32+LogReg             | 0.6016 | 0.1031 | 0.6226 | 0.1000 | 0.5102   | 0.1290   | 856     | 0.5058  | 35.9 | FAIL
PCA16+VecWeighted        | 0.2449 | 0.0921 | 0.2290 | 0.1000 | 0.2438   | 0.1027   | 856     | 0.0280  | 33.6 | PASS
PCA32+VecWeighted        | 0.2984 | 0.1016 | 0.2468 | 0.1000 | 0.2701   | 0.1160   | 856     | 0.0295  | 34.5 | FAIL
StabilizedWhitenedCosine | 0.6205 | 0.1000 | 0.6226 | 0.1000 | 0.5354   | 0.1363   | 856     | 0.5723  | 32.8 | PASS

[trial=7 seed=49] GLOBAL mode — total_samples=200000
  total: h0=82063 h1=15019
  pooled_train:  n0=1270 n1=1270
  pooled_calib:  n0=1240 n1=1240
  pooled_eval:   n0=1270 n1=1270
  regions (for macro stats only): 1103
[INFO] Cosine baseline routed to direct Hadamard sum (PrecomputedCosine)
[INFO] WeightedEnsemble Cosine judge routed to direct Hadamard sum
  [Ensemble] Judges routed to 'alt' input: PrecomputedCosine
[WeightedEnsemble] Fitted weights (alpha=0.1000, external calib):
  tau=0.6687, Pooled external calib: TPR=0.7137, FPR=0.1000
  PrecomputedCosine   : +0.6579
  PCAWhitenedCosine   : +0.1446
  XGBoost             : +0.0673
  Tiny MLP            : +0.0713
  LDA                 : +0.0589

Method                   | TPR    | FPR    | TrTPR  | TrFPR  | MacroTPR | MacroFPR | Regions | TauMean | ms   | OK? 
--------------------------------------------------------------------------------------------------------------------
Cosine                   | 0.5969 | 0.1173 | 0.6089 | 0.1000 | 0.5568   | 0.1570   | 868     | 0.7949  | 55.2 | FAIL
AndBox-HC                | 0.5890 | 0.1134 | 0.6040 | 0.1000 | 0.5429   | 0.1411   | 868     | 0.0000  | 33.0 | FAIL
PCAWhitenedCosine        | 0.6874 | 0.1228 | 0.6944 | 0.1000 | 0.5916   | 0.1679   | 868     | 0.3487  | 30.1 | FAIL
Vec (Wgt)                | 0.6425 | 0.1165 | 0.6556 | 0.1000 | 0.5836   | 0.1546   | 868     | 0.7986  | 30.0 | FAIL
Log Reg                  | 0.6189 | 0.1063 | 0.6355 | 0.1000 | 0.5216   | 0.1328   | 868     | 0.5035  | 35.8 | FAIL
LDA                      | 0.6622 | 0.0984 | 0.6613 | 0.1000 | 0.5510   | 0.1437   | 868     | 1.5276  | 32.6 | PASS
Tiny MLP                 | 0.6654 | 0.1008 | 0.6597 | 0.1000 | 0.5587   | 0.1420   | 868     | 0.7044  | 34.1 | FAIL
MultiProtoCosine         | 0.1583 | 0.1047 | 0.1661 | 0.1000 | 0.1017   | 0.0834   | 868     | 0.8611  | 36.6 | FAIL
WeightedEnsemble         | 0.7071 | 0.1236 | 0.7137 | 0.1000 | 0.6120   | 0.1750   | 868     | 0.6687  | 58.0 | FAIL
XGBoost                  | 0.6268 | 0.1134 | 0.6532 | 0.1000 | 0.5511   | 0.1563   | 868     | 0.5881  | 50.0 | FAIL
LDA1+LogReg              | 0.6197 | 0.1039 | 0.6363 | 0.1000 | 0.5226   | 0.1320   | 868     | 0.5036  | 33.0 | FAIL
PCA16+LogReg             | 0.6181 | 0.1079 | 0.6306 | 0.1000 | 0.5274   | 0.1361   | 868     | 0.5041  | 34.9 | FAIL
PCA32+LogReg             | 0.6181 | 0.1047 | 0.6395 | 0.1000 | 0.5234   | 0.1347   | 868     | 0.5039  | 36.0 | FAIL
PCA16+VecWeighted        | 0.2126 | 0.0961 | 0.2121 | 0.1000 | 0.2093   | 0.1098   | 868     | 0.0347  | 34.2 | PASS
PCA32+VecWeighted        | 0.2291 | 0.0835 | 0.2234 | 0.1000 | 0.2256   | 0.0963   | 868     | 0.0371  | 34.9 | PASS
StabilizedWhitenedCosine | 0.6732 | 0.1236 | 0.6831 | 0.1000 | 0.5862   | 0.1699   | 868     | 0.3703  | 33.3 | FAIL

[trial=8 seed=50] GLOBAL mode — total_samples=200000
  total: h0=82063 h1=15019
  pooled_train:  n0=1270 n1=1270
  pooled_calib:  n0=1240 n1=1240
  pooled_eval:   n0=1270 n1=1270
  regions (for macro stats only): 1103
[INFO] Cosine baseline routed to direct Hadamard sum (PrecomputedCosine)
[INFO] WeightedEnsemble Cosine judge routed to direct Hadamard sum
  [Ensemble] Judges routed to 'alt' input: PrecomputedCosine
[WeightedEnsemble] Fitted weights (alpha=0.1000, external calib):
  tau=0.7635, Pooled external calib: TPR=0.7024, FPR=0.1000
  PrecomputedCosine   : +0.1298
  PCAWhitenedCosine   : +0.1391
  XGBoost             : +0.2872
  Tiny MLP            : +0.3596
  LDA                 : +0.0844

Method                   | TPR    | FPR    | TrTPR  | TrFPR  | MacroTPR | MacroFPR | Regions | TauMean | ms   | OK? 
--------------------------------------------------------------------------------------------------------------------
Cosine                   | 0.5780 | 0.0787 | 0.5790 | 0.1000 | 0.5264   | 0.1039   | 859     | 0.8258  | 28.5 | PASS
AndBox-HC                | 0.5449 | 0.0803 | 0.5339 | 0.1000 | 0.5002   | 0.1019   | 859     | 0.0002  | 45.6 | PASS
PCAWhitenedCosine        | 0.6661 | 0.0898 | 0.6734 | 0.1000 | 0.5628   | 0.1233   | 859     | 0.5590  | 33.3 | PASS
Vec (Wgt)                | 0.6386 | 0.0850 | 0.6419 | 0.1000 | 0.5685   | 0.1122   | 859     | 0.8248  | 48.0 | PASS
Log Reg                  | 0.6228 | 0.1008 | 0.6298 | 0.1000 | 0.5133   | 0.1252   | 859     | 0.5047  | 62.6 | FAIL
LDA                      | 0.6425 | 0.0598 | 0.6702 | 0.1000 | 0.5361   | 0.0903   | 859     | 2.1795  | 39.7 | PASS
Tiny MLP                 | 0.6323 | 0.0693 | 0.6508 | 0.1000 | 0.5207   | 0.0968   | 859     | 0.7970  | 39.3 | PASS
MultiProtoCosine         | 0.1496 | 0.0795 | 0.1589 | 0.1000 | 0.1036   | 0.0765   | 859     | 0.8644  | 36.7 | PASS
WeightedEnsemble         | 0.6677 | 0.0748 | 0.7024 | 0.1000 | 0.5698   | 0.1057   | 859     | 0.7635  | 57.6 | PASS
XGBoost                  | 0.6370 | 0.0858 | 0.6484 | 0.1000 | 0.5583   | 0.1133   | 859     | 0.6174  | 49.1 | PASS
LDA1+LogReg              | 0.6079 | 0.0976 | 0.6153 | 0.1000 | 0.4938   | 0.1174   | 859     | 0.5048  | 32.8 | PASS
PCA16+LogReg             | 0.6189 | 0.0984 | 0.6250 | 0.1000 | 0.5164   | 0.1234   | 859     | 0.5050  | 34.5 | PASS
PCA32+LogReg             | 0.6181 | 0.0969 | 0.6202 | 0.1000 | 0.5068   | 0.1209   | 859     | 0.5051  | 36.0 | PASS
PCA16+VecWeighted        | 0.0937 | 0.1181 | 0.0855 | 0.1000 | 0.0802   | 0.1187   | 859     | 0.0400  | 33.9 | FAIL
PCA32+VecWeighted        | 0.1047 | 0.1118 | 0.0839 | 0.1000 | 0.0894   | 0.1241   | 859     | 0.0391  | 34.4 | FAIL
StabilizedWhitenedCosine | 0.6543 | 0.0811 | 0.6621 | 0.1000 | 0.5546   | 0.1143   | 859     | 0.5785  | 32.6 | PASS

[trial=9 seed=51] GLOBAL mode — total_samples=200000
  total: h0=82063 h1=15019
  pooled_train:  n0=1270 n1=1270
  pooled_calib:  n0=1240 n1=1240
  pooled_eval:   n0=1270 n1=1270
  regions (for macro stats only): 1103
[INFO] Cosine baseline routed to direct Hadamard sum (PrecomputedCosine)
[INFO] WeightedEnsemble Cosine judge routed to direct Hadamard sum
  [Ensemble] Judges routed to 'alt' input: PrecomputedCosine
[WeightedEnsemble] Fitted weights (alpha=0.1000, external calib):
  tau=0.6237, Pooled external calib: TPR=0.6839, FPR=0.1000
  PrecomputedCosine   : +0.3209
  PCAWhitenedCosine   : +0.3118
  XGBoost             : +0.3183
  Tiny MLP            : +0.0373
  LDA                 : +0.0115

Method                   | TPR    | FPR    | TrTPR  | TrFPR  | MacroTPR | MacroFPR | Regions | TauMean | ms   | OK? 
--------------------------------------------------------------------------------------------------------------------
Cosine                   | 0.6110 | 0.1024 | 0.6000 | 0.1000 | 0.5521   | 0.1437   | 870     | 0.8039  | 58.2 | FAIL
AndBox-HC                | 0.5685 | 0.1024 | 0.5565 | 0.1000 | 0.5021   | 0.1402   | 870     | 0.0002  | 48.6 | FAIL
PCAWhitenedCosine        | 0.6331 | 0.0929 | 0.6605 | 0.1000 | 0.5345   | 0.1211   | 870     | 0.5650  | 59.2 | PASS
Vec (Wgt)                | 0.6386 | 0.0976 | 0.6290 | 0.1000 | 0.5632   | 0.1363   | 870     | 0.8177  | 62.7 | PASS
Log Reg                  | 0.5898 | 0.1039 | 0.5855 | 0.1000 | 0.4704   | 0.1267   | 870     | 0.5043  | 68.1 | FAIL
LDA                      | 0.6496 | 0.1016 | 0.6621 | 0.1000 | 0.5487   | 0.1317   | 870     | 1.9394  | 33.8 | FAIL
Tiny MLP                 | 0.6520 | 0.0992 | 0.6500 | 0.1000 | 0.5515   | 0.1323   | 870     | 0.7572  | 37.0 | PASS
MultiProtoCosine         | 0.1299 | 0.1063 | 0.1452 | 0.1000 | 0.0985   | 0.0892   | 870     | 0.8690  | 66.8 | FAIL
WeightedEnsemble         | 0.6724 | 0.1024 | 0.6839 | 0.1000 | 0.5802   | 0.1381   | 870     | 0.6237  | 87.6 | FAIL
XGBoost                  | 0.6205 | 0.0937 | 0.6306 | 0.1000 | 0.5314   | 0.1309   | 870     | 0.6161  | 71.9 | PASS
LDA1+LogReg              | 0.5890 | 0.1016 | 0.5863 | 0.1000 | 0.4694   | 0.1262   | 870     | 0.5044  | 58.5 | FAIL
PCA16+LogReg             | 0.5953 | 0.1047 | 0.5911 | 0.1000 | 0.4788   | 0.1312   | 870     | 0.5047  | 52.1 | FAIL
PCA32+LogReg             | 0.6016 | 0.1055 | 0.5960 | 0.1000 | 0.4825   | 0.1311   | 870     | 0.5045  | 56.7 | FAIL
PCA16+VecWeighted        | 0.0535 | 0.0953 | 0.0605 | 0.1000 | 0.0656   | 0.1137   | 870     | 0.0358  | 46.4 | PASS
PCA32+VecWeighted        | 0.0717 | 0.1165 | 0.0782 | 0.1000 | 0.0800   | 0.1380   | 870     | 0.0349  | 40.1 | FAIL
StabilizedWhitenedCosine | 0.6535 | 0.1000 | 0.6532 | 0.1000 | 0.5556   | 0.1386   | 870     | 0.5491  | 65.0 | PASS

[trial=10 seed=52] GLOBAL mode — total_samples=200000
  total: h0=82063 h1=15019
  pooled_train:  n0=1270 n1=1270
  pooled_calib:  n0=1240 n1=1240
  pooled_eval:   n0=1270 n1=1270
  regions (for macro stats only): 1103
[INFO] Cosine baseline routed to direct Hadamard sum (PrecomputedCosine)
[INFO] WeightedEnsemble Cosine judge routed to direct Hadamard sum
  [Ensemble] Judges routed to 'alt' input: PrecomputedCosine
[WeightedEnsemble] Fitted weights (alpha=0.1000, external calib):
  tau=0.5637, Pooled external calib: TPR=0.6597, FPR=0.1000
  PrecomputedCosine   : +0.2204
  PCAWhitenedCosine   : +0.3145
  XGBoost             : +0.1972
  Tiny MLP            : +0.2559
  LDA                 : +0.0120

Method                   | TPR    | FPR    | TrTPR  | TrFPR  | MacroTPR | MacroFPR | Regions | TauMean | ms   | OK? 
--------------------------------------------------------------------------------------------------------------------
Cosine                   | 0.6055 | 0.0969 | 0.5605 | 0.1000 | 0.5596   | 0.1328   | 861     | 0.8055  | 32.1 | PASS
AndBox-HC                | 0.5953 | 0.1110 | 0.5444 | 0.1000 | 0.5297   | 0.1409   | 861     | 0.0001  | 36.0 | FAIL
PCAWhitenedCosine        | 0.6756 | 0.0921 | 0.6524 | 0.1000 | 0.5958   | 0.1342   | 861     | 0.3505  | 32.1 | PASS
Vec (Wgt)                | 0.6386 | 0.1000 | 0.5992 | 0.1000 | 0.5709   | 0.1389   | 861     | 0.8106  | 30.5 | PASS
Log Reg                  | 0.6441 | 0.1039 | 0.6048 | 0.1000 | 0.5514   | 0.1394   | 861     | 0.5046  | 35.8 | FAIL
LDA                      | 0.6701 | 0.1102 | 0.6323 | 0.1000 | 0.5810   | 0.1483   | 861     | 1.4534  | 32.3 | FAIL
Tiny MLP                 | 0.6614 | 0.1071 | 0.6202 | 0.1000 | 0.5612   | 0.1514   | 861     | 0.7229  | 34.0 | FAIL
MultiProtoCosine         | 0.1449 | 0.0937 | 0.1879 | 0.1000 | 0.1076   | 0.0868   | 861     | 0.8536  | 36.7 | PASS
WeightedEnsemble         | 0.6811 | 0.0969 | 0.6597 | 0.1000 | 0.5964   | 0.1378   | 861     | 0.5637  | 57.5 | PASS
XGBoost                  | 0.6622 | 0.1110 | 0.6202 | 0.1000 | 0.5933   | 0.1531   | 861     | 0.5759  | 49.6 | FAIL
LDA1+LogReg              | 0.6441 | 0.1039 | 0.6073 | 0.1000 | 0.5507   | 0.1394   | 861     | 0.5046  | 33.2 | FAIL
PCA16+LogReg             | 0.6512 | 0.1126 | 0.6177 | 0.1000 | 0.5641   | 0.1488   | 861     | 0.5045  | 34.9 | FAIL
PCA32+LogReg             | 0.6528 | 0.1110 | 0.6194 | 0.1000 | 0.5669   | 0.1501   | 861     | 0.5044  | 37.6 | FAIL
PCA16+VecWeighted        | 0.1740 | 0.1024 | 0.1839 | 0.1000 | 0.1766   | 0.1035   | 861     | 0.0366  | 33.9 | FAIL
PCA32+VecWeighted        | 0.1717 | 0.0984 | 0.1613 | 0.1000 | 0.1651   | 0.1011   | 861     | 0.0391  | 34.6 | PASS
StabilizedWhitenedCosine | 0.6488 | 0.0890 | 0.6177 | 0.1000 | 0.5682   | 0.1251   | 861     | 0.4803  | 33.1 | PASS

[trial=11 seed=53] GLOBAL mode — total_samples=200000
  total: h0=82063 h1=15019
  pooled_train:  n0=1270 n1=1270
  pooled_calib:  n0=1240 n1=1240
  pooled_eval:   n0=1270 n1=1270
  regions (for macro stats only): 1103
[INFO] Cosine baseline routed to direct Hadamard sum (PrecomputedCosine)
[INFO] WeightedEnsemble Cosine judge routed to direct Hadamard sum
  [Ensemble] Judges routed to 'alt' input: PrecomputedCosine
[WeightedEnsemble] Fitted weights (alpha=0.1000, external calib):
  tau=0.6598, Pooled external calib: TPR=0.6895, FPR=0.1000
  PrecomputedCosine   : +0.1817
  PCAWhitenedCosine   : +0.4603
  XGBoost             : +0.0868
  Tiny MLP            : +0.1854
  LDA                 : +0.0858

Method                   | TPR    | FPR    | TrTPR  | TrFPR  | MacroTPR | MacroFPR | Regions | TauMean | ms   | OK? 
--------------------------------------------------------------------------------------------------------------------
Cosine                   | 0.5669 | 0.0780 | 0.5815 | 0.1000 | 0.5017   | 0.1036   | 861     | 0.8286  | 29.8 | PASS
AndBox-HC                | 0.5315 | 0.0764 | 0.5492 | 0.1000 | 0.4647   | 0.1040   | 861     | 0.0002  | 33.4 | PASS
PCAWhitenedCosine        | 0.6236 | 0.0882 | 0.6734 | 0.1000 | 0.5113   | 0.1180   | 861     | 0.5011  | 30.5 | PASS
Vec (Wgt)                | 0.6134 | 0.0850 | 0.6274 | 0.1000 | 0.5282   | 0.1148   | 861     | 0.8233  | 30.6 | PASS
Log Reg                  | 0.6000 | 0.0945 | 0.6169 | 0.1000 | 0.5019   | 0.1247   | 861     | 0.5061  | 36.4 | PASS
LDA                      | 0.6339 | 0.0866 | 0.6629 | 0.1000 | 0.5049   | 0.1145   | 861     | 1.8773  | 32.7 | PASS
Tiny MLP                 | 0.6189 | 0.0945 | 0.6468 | 0.1000 | 0.4878   | 0.1217   | 861     | 0.7733  | 34.1 | PASS
MultiProtoCosine         | 0.1606 | 0.1134 | 0.1605 | 0.1000 | 0.1122   | 0.0955   | 861     | 0.8562  | 37.2 | FAIL
WeightedEnsemble         | 0.6520 | 0.0898 | 0.6895 | 0.1000 | 0.5343   | 0.1171   | 861     | 0.6598  | 58.3 | PASS
XGBoost                  | 0.6150 | 0.0795 | 0.6210 | 0.1000 | 0.5312   | 0.1077   | 861     | 0.6154  | 50.4 | PASS
LDA1+LogReg              | 0.6008 | 0.0945 | 0.6177 | 0.1000 | 0.5021   | 0.1253   | 861     | 0.5062  | 33.4 | PASS
PCA16+LogReg             | 0.5945 | 0.0929 | 0.6121 | 0.1000 | 0.5009   | 0.1216   | 861     | 0.5066  | 35.1 | PASS
PCA32+LogReg             | 0.5913 | 0.0929 | 0.6105 | 0.1000 | 0.4965   | 0.1216   | 861     | 0.5066  | 36.3 | PASS
PCA16+VecWeighted        | 0.1496 | 0.1094 | 0.1516 | 0.1000 | 0.1531   | 0.1248   | 861     | 0.0348  | 33.7 | FAIL
PCA32+VecWeighted        | 0.1457 | 0.0953 | 0.1290 | 0.1000 | 0.1483   | 0.1109   | 861     | 0.0401  | 34.9 | PASS
StabilizedWhitenedCosine | 0.6370 | 0.0874 | 0.6581 | 0.1000 | 0.5447   | 0.1155   | 861     | 0.4852  | 33.9 | PASS

[trial=12 seed=54] GLOBAL mode — total_samples=200000
  total: h0=82063 h1=15019
  pooled_train:  n0=1270 n1=1270
  pooled_calib:  n0=1240 n1=1240
  pooled_eval:   n0=1270 n1=1270
  regions (for macro stats only): 1103
[INFO] Cosine baseline routed to direct Hadamard sum (PrecomputedCosine)
[INFO] WeightedEnsemble Cosine judge routed to direct Hadamard sum
  [Ensemble] Judges routed to 'alt' input: PrecomputedCosine
[WeightedEnsemble] Fitted weights (alpha=0.1000, external calib):
  tau=0.5582, Pooled external calib: TPR=0.6935, FPR=0.1000
  PrecomputedCosine   : +0.1369
  PCAWhitenedCosine   : +0.3322
  XGBoost             : +0.4468
  Tiny MLP            : +0.0732
  LDA                 : +0.0110

Method                   | TPR    | FPR    | TrTPR  | TrFPR  | MacroTPR | MacroFPR | Regions | TauMean | ms   | OK? 
--------------------------------------------------------------------------------------------------------------------
Cosine                   | 0.6165 | 0.1031 | 0.6145 | 0.1000 | 0.5568   | 0.1487   | 850     | 0.7963  | 28.7 | FAIL
AndBox-HC                | 0.5913 | 0.0992 | 0.5863 | 0.1000 | 0.5197   | 0.1355   | 850     | 0.0001  | 31.6 | PASS
PCAWhitenedCosine        | 0.6787 | 0.0984 | 0.6855 | 0.1000 | 0.5708   | 0.1377   | 850     | 0.4500  | 29.9 | PASS
Vec (Wgt)                | 0.6535 | 0.1024 | 0.6597 | 0.1000 | 0.5673   | 0.1480   | 850     | 0.8071  | 29.9 | FAIL
Log Reg                  | 0.6299 | 0.0874 | 0.6202 | 0.1000 | 0.5342   | 0.1201   | 850     | 0.5059  | 35.6 | PASS
LDA                      | 0.6724 | 0.0984 | 0.6710 | 0.1000 | 0.5649   | 0.1332   | 850     | 1.6639  | 32.5 | PASS
Tiny MLP                 | 0.6654 | 0.0929 | 0.6548 | 0.1000 | 0.5536   | 0.1281   | 850     | 0.7549  | 33.9 | PASS
MultiProtoCosine         | 0.1591 | 0.1126 | 0.1742 | 0.1000 | 0.0961   | 0.0790   | 850     | 0.8691  | 36.6 | FAIL
WeightedEnsemble         | 0.7008 | 0.0992 | 0.6935 | 0.1000 | 0.5934   | 0.1396   | 850     | 0.5582  | 57.2 | PASS
XGBoost                  | 0.6614 | 0.0969 | 0.6484 | 0.1000 | 0.5644   | 0.1389   | 850     | 0.5974  | 49.5 | PASS
LDA1+LogReg              | 0.6307 | 0.0882 | 0.6218 | 0.1000 | 0.5348   | 0.1222   | 850     | 0.5060  | 33.1 | PASS
PCA16+LogReg             | 0.6346 | 0.0913 | 0.6218 | 0.1000 | 0.5378   | 0.1236   | 850     | 0.5061  | 34.6 | PASS
PCA32+LogReg             | 0.6339 | 0.0882 | 0.6226 | 0.1000 | 0.5374   | 0.1222   | 850     | 0.5062  | 35.7 | PASS
PCA16+VecWeighted        | 0.1819 | 0.1047 | 0.1790 | 0.1000 | 0.1821   | 0.1092   | 850     | 0.0319  | 33.6 | FAIL
PCA32+VecWeighted        | 0.1701 | 0.1110 | 0.1605 | 0.1000 | 0.1748   | 0.1248   | 850     | 0.0341  | 34.3 | FAIL
StabilizedWhitenedCosine | 0.6827 | 0.1055 | 0.6895 | 0.1000 | 0.5735   | 0.1547   | 850     | 0.3765  | 33.1 | FAIL

[trial=13 seed=55] GLOBAL mode — total_samples=200000
  total: h0=82063 h1=15019
  pooled_train:  n0=1270 n1=1270
  pooled_calib:  n0=1240 n1=1240
  pooled_eval:   n0=1270 n1=1270
  regions (for macro stats only): 1103
[INFO] Cosine baseline routed to direct Hadamard sum (PrecomputedCosine)
[INFO] WeightedEnsemble Cosine judge routed to direct Hadamard sum
  [Ensemble] Judges routed to 'alt' input: PrecomputedCosine
[WeightedEnsemble] Fitted weights (alpha=0.1000, external calib):
  tau=0.5536, Pooled external calib: TPR=0.6944, FPR=0.1000
  PrecomputedCosine   : +0.1369
  PCAWhitenedCosine   : +0.3322
  XGBoost             : +0.4468
  Tiny MLP            : +0.0732
  LDA                 : +0.0110

Method                   | TPR    | FPR    | TrTPR  | TrFPR  | MacroTPR | MacroFPR | Regions | TauMean | ms   | OK? 
--------------------------------------------------------------------------------------------------------------------
Cosine                   | 0.6543 | 0.1157 | 0.6427 | 0.1000 | 0.5986   | 0.1637   | 864     | 0.7868  | 42.2 | FAIL
AndBox-HC                | 0.5677 | 0.0929 | 0.5677 | 0.1000 | 0.5118   | 0.1280   | 864     | 0.0001  | 42.1 | PASS
PCAWhitenedCosine        | 0.6740 | 0.0945 | 0.6653 | 0.1000 | 0.5797   | 0.1307   | 864     | 0.4683  | 30.5 | PASS
Vec (Wgt)                | 0.6748 | 0.1173 | 0.6718 | 0.1000 | 0.5993   | 0.1646   | 864     | 0.7897  | 29.8 | FAIL
Log Reg                  | 0.6457 | 0.0953 | 0.6315 | 0.1000 | 0.5482   | 0.1266   | 864     | 0.5050  | 36.6 | PASS
LDA                      | 0.6551 | 0.0969 | 0.6573 | 0.1000 | 0.5489   | 0.1343   | 864     | 1.7114  | 32.5 | PASS
Tiny MLP                 | 0.6283 | 0.1000 | 0.6355 | 0.1000 | 0.5227   | 0.1350   | 864     | 0.7843  | 33.7 | PASS
MultiProtoCosine         | 0.1346 | 0.0724 | 0.1371 | 0.1000 | 0.1028   | 0.0592   | 864     | 0.8640  | 36.6 | PASS
WeightedEnsemble         | 0.6937 | 0.1000 | 0.6944 | 0.1000 | 0.5981   | 0.1391   | 864     | 0.5536  | 57.4 | PASS
XGBoost                  | 0.6630 | 0.1024 | 0.6702 | 0.1000 | 0.5810   | 0.1400   | 864     | 0.5932  | 49.7 | FAIL
LDA1+LogReg              | 0.6441 | 0.0945 | 0.6315 | 0.1000 | 0.5459   | 0.1265   | 864     | 0.5052  | 32.8 | PASS
PCA16+LogReg             | 0.6433 | 0.0992 | 0.6331 | 0.1000 | 0.5493   | 0.1309   | 864     | 0.5052  | 34.7 | PASS
PCA32+LogReg             | 0.6512 | 0.0961 | 0.6395 | 0.1000 | 0.5544   | 0.1270   | 864     | 0.5052  | 43.5 | PASS
PCA16+VecWeighted        | 0.1362 | 0.1126 | 0.1395 | 0.1000 | 0.1192   | 0.1198   | 864     | 0.0344  | 42.0 | FAIL
PCA32+VecWeighted        | 0.1638 | 0.1213 | 0.1645 | 0.1000 | 0.1306   | 0.1134   | 864     | 0.0344  | 49.6 | FAIL
StabilizedWhitenedCosine | 0.6827 | 0.1024 | 0.6863 | 0.1000 | 0.5968   | 0.1389   | 864     | 0.4420  | 34.7 | FAIL

[trial=14 seed=56] GLOBAL mode — total_samples=200000
  total: h0=82063 h1=15019
  pooled_train:  n0=1270 n1=1270
  pooled_calib:  n0=1240 n1=1240
  pooled_eval:   n0=1270 n1=1270
  regions (for macro stats only): 1103
[INFO] Cosine baseline routed to direct Hadamard sum (PrecomputedCosine)
[INFO] WeightedEnsemble Cosine judge routed to direct Hadamard sum
  [Ensemble] Judges routed to 'alt' input: PrecomputedCosine
[WeightedEnsemble] Fitted weights (alpha=0.1000, external calib):
  tau=0.6408, Pooled external calib: TPR=0.6669, FPR=0.1000
  PrecomputedCosine   : +0.2610
  PCAWhitenedCosine   : +0.2348
  XGBoost             : +0.2127
  Tiny MLP            : +0.2846
  LDA                 : +0.0070

Method                   | TPR    | FPR    | TrTPR  | TrFPR  | MacroTPR | MacroFPR | Regions | TauMean | ms   | OK? 
--------------------------------------------------------------------------------------------------------------------
Cosine                   | 0.5850 | 0.0929 | 0.5806 | 0.1000 | 0.5456   | 0.1342   | 860     | 0.8207  | 50.5 | PASS
AndBox-HC                | 0.5827 | 0.0921 | 0.5702 | 0.1000 | 0.5355   | 0.1275   | 860     | 0.0001  | 33.3 | PASS
PCAWhitenedCosine        | 0.6543 | 0.1000 | 0.6460 | 0.1000 | 0.5731   | 0.1285   | 860     | 0.4945  | 30.2 | PASS
Vec (Wgt)                | 0.6268 | 0.0890 | 0.6097 | 0.1000 | 0.5635   | 0.1287   | 860     | 0.8272  | 30.0 | PASS
Log Reg                  | 0.5921 | 0.0882 | 0.5887 | 0.1000 | 0.4841   | 0.1124   | 860     | 0.5063  | 35.6 | PASS
LDA                      | 0.6331 | 0.0992 | 0.6177 | 0.1000 | 0.5558   | 0.1379   | 860     | 1.9607  | 32.4 | PASS
Tiny MLP                 | 0.6228 | 0.1142 | 0.5984 | 0.1000 | 0.5399   | 0.1517   | 860     | 0.7933  | 34.1 | FAIL
MultiProtoCosine         | 0.1669 | 0.0874 | 0.1540 | 0.1000 | 0.1065   | 0.0667   | 860     | 0.8682  | 36.6 | PASS
WeightedEnsemble         | 0.6764 | 0.1024 | 0.6669 | 0.1000 | 0.5944   | 0.1373   | 860     | 0.6408  | 63.5 | FAIL
XGBoost                  | 0.6260 | 0.0913 | 0.5968 | 0.1000 | 0.5496   | 0.1225   | 860     | 0.6147  | 52.3 | PASS
LDA1+LogReg              | 0.5929 | 0.0874 | 0.5879 | 0.1000 | 0.4842   | 0.1107   | 860     | 0.5063  | 39.8 | PASS
PCA16+LogReg             | 0.5906 | 0.0866 | 0.5790 | 0.1000 | 0.4878   | 0.1114   | 860     | 0.5067  | 39.3 | PASS
PCA32+LogReg             | 0.5874 | 0.0835 | 0.5782 | 0.1000 | 0.4812   | 0.1070   | 860     | 0.5069  | 36.4 | PASS
PCA16+VecWeighted        | 0.1504 | 0.1039 | 0.1476 | 0.1000 | 0.1582   | 0.1105   | 860     | 0.0279  | 33.7 | FAIL
PCA32+VecWeighted        | 0.1764 | 0.0992 | 0.1815 | 0.1000 | 0.1698   | 0.1098   | 860     | 0.0298  | 34.5 | PASS
StabilizedWhitenedCosine | 0.6331 | 0.0850 | 0.6202 | 0.1000 | 0.5524   | 0.1155   | 860     | 0.6066  | 33.1 | PASS

[trial=15 seed=57] GLOBAL mode — total_samples=200000
  total: h0=82063 h1=15019
  pooled_train:  n0=1270 n1=1270
  pooled_calib:  n0=1240 n1=1240
  pooled_eval:   n0=1270 n1=1270
  regions (for macro stats only): 1103
[INFO] Cosine baseline routed to direct Hadamard sum (PrecomputedCosine)
[INFO] WeightedEnsemble Cosine judge routed to direct Hadamard sum
  [Ensemble] Judges routed to 'alt' input: PrecomputedCosine
[WeightedEnsemble] Fitted weights (alpha=0.1000, external calib):
  tau=0.6497, Pooled external calib: TPR=0.7145, FPR=0.1000
  PrecomputedCosine   : +0.2042
  PCAWhitenedCosine   : +0.1982
  XGBoost             : +0.4393
  Tiny MLP            : +0.0111
  LDA                 : +0.1471

Method                   | TPR    | FPR    | TrTPR  | TrFPR  | MacroTPR | MacroFPR | Regions | TauMean | ms    | OK? 
---------------------------------------------------------------------------------------------------------------------
Cosine                   | 0.6071 | 0.1189 | 0.6298 | 0.1000 | 0.5453   | 0.1576   | 841     | 0.8001  | 56.1  | FAIL
AndBox-HC                | 0.5819 | 0.1047 | 0.5919 | 0.1000 | 0.5177   | 0.1439   | 841     | 0.0001  | 33.0  | FAIL
PCAWhitenedCosine        | 0.6937 | 0.1142 | 0.6677 | 0.1000 | 0.5832   | 0.1551   | 841     | 0.5040  | 33.1  | FAIL
Vec (Wgt)                | 0.6472 | 0.1181 | 0.6540 | 0.1000 | 0.5599   | 0.1618   | 841     | 0.8102  | 31.7  | FAIL
Log Reg                  | 0.6575 | 0.1315 | 0.6492 | 0.1000 | 0.5480   | 0.1718   | 841     | 0.5054  | 56.2  | FAIL
LDA                      | 0.6858 | 0.1102 | 0.6653 | 0.1000 | 0.5726   | 0.1441   | 841     | 1.7105  | 42.7  | FAIL
Tiny MLP                 | 0.6780 | 0.1205 | 0.6516 | 0.1000 | 0.5624   | 0.1526   | 841     | 0.7774  | 38.0  | FAIL
MultiProtoCosine         | 0.1874 | 0.1008 | 0.1581 | 0.1000 | 0.1178   | 0.0758   | 841     | 0.8595  | 56.4  | FAIL
WeightedEnsemble         | 0.7354 | 0.1228 | 0.7145 | 0.1000 | 0.6305   | 0.1616   | 841     | 0.6497  | 60.0  | FAIL
XGBoost                  | 0.6709 | 0.1299 | 0.6702 | 0.1000 | 0.5902   | 0.1720   | 841     | 0.5878  | 80.7  | FAIL
LDA1+LogReg              | 0.6575 | 0.1307 | 0.6476 | 0.1000 | 0.5480   | 0.1700   | 841     | 0.5055  | 60.7  | FAIL
PCA16+LogReg             | 0.6496 | 0.1268 | 0.6427 | 0.1000 | 0.5438   | 0.1660   | 841     | 0.5058  | 158.9 | FAIL
PCA32+LogReg             | 0.6535 | 0.1236 | 0.6403 | 0.1000 | 0.5458   | 0.1653   | 841     | 0.5058  | 55.3  | FAIL
PCA16+VecWeighted        | 0.1307 | 0.1079 | 0.1250 | 0.1000 | 0.0950   | 0.0969   | 841     | 0.0376  | 62.8  | FAIL
PCA32+VecWeighted        | 0.1008 | 0.1118 | 0.1145 | 0.1000 | 0.0740   | 0.1074   | 841     | 0.0394  | 83.7  | FAIL
StabilizedWhitenedCosine | 0.6843 | 0.1157 | 0.6637 | 0.1000 | 0.5773   | 0.1509   | 841     | 0.5049  | 57.1  | FAIL

[trial=16 seed=58] GLOBAL mode — total_samples=200000
  total: h0=82063 h1=15019
  pooled_train:  n0=1270 n1=1270
  pooled_calib:  n0=1240 n1=1240
  pooled_eval:   n0=1270 n1=1270
  regions (for macro stats only): 1103
[INFO] Cosine baseline routed to direct Hadamard sum (PrecomputedCosine)
[INFO] WeightedEnsemble Cosine judge routed to direct Hadamard sum
  [Ensemble] Judges routed to 'alt' input: PrecomputedCosine
[WeightedEnsemble] Fitted weights (alpha=0.1000, external calib):
  tau=0.6996, Pooled external calib: TPR=0.6911, FPR=0.1000
  PrecomputedCosine   : +0.0786
  PCAWhitenedCosine   : +0.2785
  XGBoost             : +0.3243
  Tiny MLP            : +0.1558
  LDA                 : +0.1628

Method                   | TPR    | FPR    | TrTPR  | TrFPR  | MacroTPR | MacroFPR | Regions | TauMean | ms   | OK? 
--------------------------------------------------------------------------------------------------------------------
Cosine                   | 0.6087 | 0.0929 | 0.5798 | 0.1000 | 0.5441   | 0.1287   | 869     | 0.8114  | 55.5 | PASS
AndBox-HC                | 0.6063 | 0.0937 | 0.5613 | 0.1000 | 0.5392   | 0.1226   | 869     | 0.0001  | 34.0 | PASS
PCAWhitenedCosine        | 0.6827 | 0.0866 | 0.6685 | 0.1000 | 0.5704   | 0.1179   | 869     | 0.5015  | 30.1 | PASS
Vec (Wgt)                | 0.6622 | 0.1031 | 0.6315 | 0.1000 | 0.5739   | 0.1414   | 869     | 0.8226  | 29.8 | FAIL
Log Reg                  | 0.6331 | 0.1071 | 0.6008 | 0.1000 | 0.5172   | 0.1384   | 869     | 0.5046  | 36.0 | FAIL
LDA                      | 0.6709 | 0.0913 | 0.6548 | 0.1000 | 0.5569   | 0.1134   | 869     | 1.7000  | 32.4 | PASS
Tiny MLP                 | 0.6409 | 0.0882 | 0.6210 | 0.1000 | 0.5223   | 0.1123   | 869     | 0.7822  | 33.8 | PASS
MultiProtoCosine         | 0.1724 | 0.1150 | 0.1677 | 0.1000 | 0.1116   | 0.0922   | 869     | 0.8654  | 36.4 | FAIL
WeightedEnsemble         | 0.7016 | 0.0976 | 0.6911 | 0.1000 | 0.5915   | 0.1220   | 869     | 0.6996  | 57.5 | PASS
XGBoost                  | 0.6528 | 0.0984 | 0.6306 | 0.1000 | 0.5605   | 0.1290   | 869     | 0.6036  | 49.4 | PASS
LDA1+LogReg              | 0.6370 | 0.1102 | 0.5968 | 0.1000 | 0.5193   | 0.1403   | 869     | 0.5041  | 33.6 | FAIL
PCA16+LogReg             | 0.6315 | 0.1102 | 0.5952 | 0.1000 | 0.5206   | 0.1437   | 869     | 0.5046  | 34.8 | FAIL
PCA32+LogReg             | 0.6299 | 0.1071 | 0.5968 | 0.1000 | 0.5171   | 0.1397   | 869     | 0.5048  | 35.8 | FAIL
PCA16+VecWeighted        | 0.2425 | 0.0732 | 0.2468 | 0.1000 | 0.2418   | 0.0988   | 869     | 0.0370  | 33.9 | PASS
PCA32+VecWeighted        | 0.2480 | 0.0772 | 0.2629 | 0.1000 | 0.2447   | 0.1050   | 869     | 0.0369  | 34.5 | PASS
StabilizedWhitenedCosine | 0.6843 | 0.0953 | 0.6516 | 0.1000 | 0.5777   | 0.1264   | 869     | 0.5092  | 33.2 | PASS

[trial=17 seed=59] GLOBAL mode — total_samples=200000
  total: h0=82063 h1=15019
  pooled_train:  n0=1270 n1=1270
  pooled_calib:  n0=1240 n1=1240
  pooled_eval:   n0=1270 n1=1270
  regions (for macro stats only): 1103
[INFO] Cosine baseline routed to direct Hadamard sum (PrecomputedCosine)
[INFO] WeightedEnsemble Cosine judge routed to direct Hadamard sum
  [Ensemble] Judges routed to 'alt' input: PrecomputedCosine
[WeightedEnsemble] Fitted weights (alpha=0.1000, external calib):
  tau=0.7290, Pooled external calib: TPR=0.6726, FPR=0.1000
  PrecomputedCosine   : +0.6579
  PCAWhitenedCosine   : +0.1446
  XGBoost             : +0.0673
  Tiny MLP            : +0.0713
  LDA                 : +0.0589

Method                   | TPR    | FPR    | TrTPR  | TrFPR  | MacroTPR | MacroFPR | Regions | TauMean | ms   | OK? 
--------------------------------------------------------------------------------------------------------------------
Cosine                   | 0.5843 | 0.1031 | 0.5968 | 0.1000 | 0.5375   | 0.1444   | 862     | 0.7995  | 29.0 | FAIL
AndBox-HC                | 0.5756 | 0.1063 | 0.5847 | 0.1000 | 0.5246   | 0.1428   | 862     | 0.0001  | 33.5 | FAIL
PCAWhitenedCosine        | 0.6409 | 0.0953 | 0.6637 | 0.1000 | 0.5489   | 0.1307   | 862     | 0.4513  | 30.3 | PASS
Vec (Wgt)                | 0.6433 | 0.1165 | 0.6460 | 0.1000 | 0.5770   | 0.1628   | 862     | 0.7993  | 30.0 | FAIL
Log Reg                  | 0.6197 | 0.1055 | 0.6234 | 0.1000 | 0.5226   | 0.1434   | 862     | 0.5048  | 36.0 | FAIL
LDA                      | 0.6346 | 0.1008 | 0.6274 | 0.1000 | 0.5497   | 0.1440   | 862     | 1.6048  | 32.5 | FAIL
Tiny MLP                 | 0.5890 | 0.0906 | 0.5863 | 0.1000 | 0.4958   | 0.1272   | 862     | 0.7900  | 34.1 | PASS
MultiProtoCosine         | 0.1787 | 0.1307 | 0.1766 | 0.1000 | 0.1250   | 0.1011   | 862     | 0.8560  | 55.7 | FAIL
WeightedEnsemble         | 0.6638 | 0.0976 | 0.6726 | 0.1000 | 0.5743   | 0.1390   | 862     | 0.7290  | 58.1 | PASS
XGBoost                  | 0.6362 | 0.1181 | 0.6653 | 0.1000 | 0.5650   | 0.1663   | 862     | 0.5843  | 49.7 | FAIL
LDA1+LogReg              | 0.6181 | 0.1039 | 0.6234 | 0.1000 | 0.5188   | 0.1429   | 862     | 0.5048  | 32.9 | FAIL
PCA16+LogReg             | 0.6142 | 0.1047 | 0.6218 | 0.1000 | 0.5166   | 0.1440   | 862     | 0.5051  | 35.8 | FAIL
PCA32+LogReg             | 0.6283 | 0.1134 | 0.6331 | 0.1000 | 0.5313   | 0.1549   | 862     | 0.5046  | 36.0 | FAIL
PCA16+VecWeighted        | 0.1567 | 0.0772 | 0.1766 | 0.1000 | 0.1681   | 0.1057   | 862     | 0.0352  | 33.9 | PASS
PCA32+VecWeighted        | 0.1654 | 0.0843 | 0.1887 | 0.1000 | 0.1789   | 0.1032   | 862     | 0.0354  | 34.3 | PASS
StabilizedWhitenedCosine | 0.6677 | 0.1016 | 0.6726 | 0.1000 | 0.5868   | 0.1443   | 862     | 0.3859  | 33.2 | FAIL

[trial=18 seed=60] GLOBAL mode — total_samples=200000
  total: h0=82063 h1=15019
  pooled_train:  n0=1270 n1=1270
  pooled_calib:  n0=1240 n1=1240
  pooled_eval:   n0=1270 n1=1270
  regions (for macro stats only): 1103
[INFO] Cosine baseline routed to direct Hadamard sum (PrecomputedCosine)
[INFO] WeightedEnsemble Cosine judge routed to direct Hadamard sum
  [Ensemble] Judges routed to 'alt' input: PrecomputedCosine
[WeightedEnsemble] Fitted weights (alpha=0.1000, external calib):
  tau=0.4528, Pooled external calib: TPR=0.7137, FPR=0.1000
  PrecomputedCosine   : +0.0477
  PCAWhitenedCosine   : +0.4884
  XGBoost             : +0.3290
  Tiny MLP            : +0.0838
  LDA                 : +0.0511

Method                   | TPR    | FPR    | TrTPR  | TrFPR  | MacroTPR | MacroFPR | Regions | TauMean | ms   | OK? 
--------------------------------------------------------------------------------------------------------------------
Cosine                   | 0.6181 | 0.1055 | 0.6444 | 0.1000 | 0.5771   | 0.1394   | 837     | 0.7852  | 28.5 | FAIL
AndBox-HC                | 0.5756 | 0.1071 | 0.5782 | 0.1000 | 0.5377   | 0.1287   | 837     | 0.0000  | 31.4 | FAIL
PCAWhitenedCosine        | 0.6929 | 0.0906 | 0.6806 | 0.1000 | 0.5954   | 0.1278   | 837     | 0.3709  | 29.8 | PASS
Vec (Wgt)                | 0.6669 | 0.1071 | 0.6774 | 0.1000 | 0.6060   | 0.1433   | 837     | 0.7850  | 29.2 | FAIL
Log Reg                  | 0.6291 | 0.0976 | 0.6266 | 0.1000 | 0.5282   | 0.1322   | 837     | 0.5042  | 35.1 | PASS
LDA                      | 0.6740 | 0.1181 | 0.6710 | 0.1000 | 0.5678   | 0.1619   | 837     | 1.3921  | 31.9 | FAIL
Tiny MLP                 | 0.6496 | 0.0976 | 0.6387 | 0.1000 | 0.5475   | 0.1317   | 837     | 0.7369  | 33.5 | PASS
MultiProtoCosine         | 0.1732 | 0.0858 | 0.1435 | 0.1000 | 0.1194   | 0.0700   | 837     | 0.8661  | 35.8 | PASS
WeightedEnsemble         | 0.7126 | 0.0976 | 0.7137 | 0.1000 | 0.6135   | 0.1373   | 837     | 0.4528  | 57.1 | PASS
XGBoost                  | 0.6402 | 0.0976 | 0.6363 | 0.1000 | 0.5573   | 0.1281   | 837     | 0.5942  | 49.1 | PASS
LDA1+LogReg              | 0.6142 | 0.1008 | 0.6177 | 0.1000 | 0.5119   | 0.1343   | 837     | 0.5042  | 32.4 | FAIL
PCA16+LogReg             | 0.6228 | 0.1024 | 0.6234 | 0.1000 | 0.5247   | 0.1375   | 837     | 0.5044  | 34.1 | FAIL
PCA32+LogReg             | 0.6276 | 0.1016 | 0.6306 | 0.1000 | 0.5269   | 0.1336   | 837     | 0.5043  | 35.2 | FAIL
PCA16+VecWeighted        | 0.0614 | 0.1118 | 0.0694 | 0.1000 | 0.0479   | 0.0863   | 837     | 0.0365  | 33.1 | FAIL
PCA32+VecWeighted        | 0.0717 | 0.1299 | 0.0669 | 0.1000 | 0.0648   | 0.0934   | 837     | 0.0402  | 33.9 | FAIL
StabilizedWhitenedCosine | 0.6740 | 0.0984 | 0.6798 | 0.1000 | 0.5824   | 0.1294   | 837     | 0.4060  | 32.6 | PASS

[trial=19 seed=61] GLOBAL mode — total_samples=200000
  total: h0=82063 h1=15019
  pooled_train:  n0=1270 n1=1270
  pooled_calib:  n0=1240 n1=1240
  pooled_eval:   n0=1270 n1=1270
  regions (for macro stats only): 1103
[INFO] Cosine baseline routed to direct Hadamard sum (PrecomputedCosine)
[INFO] WeightedEnsemble Cosine judge routed to direct Hadamard sum
  [Ensemble] Judges routed to 'alt' input: PrecomputedCosine
[WeightedEnsemble] Fitted weights (alpha=0.1000, external calib):
  tau=0.6010, Pooled external calib: TPR=0.6726, FPR=0.1000
  PrecomputedCosine   : +0.3209
  PCAWhitenedCosine   : +0.3118
  XGBoost             : +0.3183
  Tiny MLP            : +0.0373
  LDA                 : +0.0115

Method                   | TPR    | FPR    | TrTPR  | TrFPR  | MacroTPR | MacroFPR | Regions | TauMean | ms   | OK? 
--------------------------------------------------------------------------------------------------------------------
Cosine                   | 0.5701 | 0.0992 | 0.5823 | 0.1000 | 0.5126   | 0.1423   | 852     | 0.8178  | 28.6 | PASS
AndBox-HC                | 0.5346 | 0.0961 | 0.5452 | 0.1000 | 0.4856   | 0.1313   | 852     | 0.0002  | 34.9 | PASS
PCAWhitenedCosine        | 0.6575 | 0.1126 | 0.6629 | 0.1000 | 0.5581   | 0.1585   | 852     | 0.4630  | 29.7 | FAIL
Vec (Wgt)                | 0.6118 | 0.1039 | 0.6226 | 0.1000 | 0.5345   | 0.1537   | 852     | 0.8236  | 29.6 | FAIL
Log Reg                  | 0.5654 | 0.0906 | 0.5895 | 0.1000 | 0.4643   | 0.1209   | 852     | 0.5058  | 35.3 | PASS
LDA                      | 0.6417 | 0.1071 | 0.6379 | 0.1000 | 0.5311   | 0.1571   | 852     | 1.8694  | 31.5 | FAIL
Tiny MLP                 | 0.6441 | 0.1063 | 0.6315 | 0.1000 | 0.5379   | 0.1534   | 852     | 0.7745  | 33.8 | FAIL
MultiProtoCosine         | 0.1425 | 0.0772 | 0.1266 | 0.1000 | 0.0993   | 0.0710   | 852     | 0.8669  | 36.1 | PASS
WeightedEnsemble         | 0.6724 | 0.1173 | 0.6726 | 0.1000 | 0.5778   | 0.1637   | 852     | 0.6010  | 57.7 | FAIL
XGBoost                  | 0.6228 | 0.1047 | 0.6242 | 0.1000 | 0.5353   | 0.1452   | 852     | 0.6123  | 49.7 | FAIL
LDA1+LogReg              | 0.5717 | 0.0898 | 0.5927 | 0.1000 | 0.4700   | 0.1208   | 852     | 0.5057  | 32.8 | PASS
PCA16+LogReg             | 0.5835 | 0.0953 | 0.5984 | 0.1000 | 0.4821   | 0.1268   | 852     | 0.5058  | 34.6 | PASS
PCA32+LogReg             | 0.5874 | 0.0921 | 0.6008 | 0.1000 | 0.4840   | 0.1251   | 852     | 0.5057  | 35.4 | PASS
PCA16+VecWeighted        | 0.1724 | 0.0835 | 0.1653 | 0.1000 | 0.1239   | 0.0604   | 852     | 0.0308  | 33.2 | PASS
PCA32+VecWeighted        | 0.1717 | 0.0850 | 0.1734 | 0.1000 | 0.1274   | 0.0566   | 852     | 0.0339  | 34.1 | PASS
StabilizedWhitenedCosine | 0.6583 | 0.1079 | 0.6653 | 0.1000 | 0.5705   | 0.1576   | 852     | 0.4553  | 32.5 | FAIL

[trial=20 seed=62] GLOBAL mode — total_samples=200000
  total: h0=82063 h1=15019
  pooled_train:  n0=1270 n1=1270
  pooled_calib:  n0=1240 n1=1240
  pooled_eval:   n0=1270 n1=1270
  regions (for macro stats only): 1103
[INFO] Cosine baseline routed to direct Hadamard sum (PrecomputedCosine)
[INFO] WeightedEnsemble Cosine judge routed to direct Hadamard sum
  [Ensemble] Judges routed to 'alt' input: PrecomputedCosine
[WeightedEnsemble] Fitted weights (alpha=0.1000, external calib):
  tau=0.6960, Pooled external calib: TPR=0.6831, FPR=0.1000
  PrecomputedCosine   : +0.4364
  PCAWhitenedCosine   : +0.0571
  XGBoost             : +0.1048
  Tiny MLP            : +0.3819
  LDA                 : +0.0199

Method                   | TPR    | FPR    | TrTPR  | TrFPR  | MacroTPR | MacroFPR | Regions | TauMean | ms   | OK? 
--------------------------------------------------------------------------------------------------------------------
Cosine                   | 0.6071 | 0.0874 | 0.5823 | 0.1000 | 0.5565   | 0.1303   | 858     | 0.8166  | 28.7 | PASS
AndBox-HC                | 0.5465 | 0.0890 | 0.5339 | 0.1000 | 0.4827   | 0.1247   | 858     | 0.0001  | 31.3 | PASS
PCAWhitenedCosine        | 0.7024 | 0.1039 | 0.6532 | 0.1000 | 0.5931   | 0.1407   | 858     | 0.4790  | 31.5 | FAIL
Vec (Wgt)                | 0.6591 | 0.0890 | 0.6194 | 0.1000 | 0.5829   | 0.1265   | 858     | 0.8231  | 30.0 | PASS
Log Reg                  | 0.6362 | 0.0929 | 0.6016 | 0.1000 | 0.5325   | 0.1150   | 858     | 0.5060  | 35.2 | PASS
LDA                      | 0.6969 | 0.1039 | 0.6629 | 0.1000 | 0.5826   | 0.1384   | 858     | 1.6648  | 31.8 | FAIL
Tiny MLP                 | 0.7016 | 0.1079 | 0.6685 | 0.1000 | 0.5888   | 0.1452   | 858     | 0.7100  | 33.8 | FAIL
MultiProtoCosine         | 0.1472 | 0.1016 | 0.1468 | 0.1000 | 0.0998   | 0.0847   | 858     | 0.8652  | 36.4 | FAIL
WeightedEnsemble         | 0.7244 | 0.1047 | 0.6831 | 0.1000 | 0.6156   | 0.1452   | 858     | 0.6960  | 57.0 | FAIL
XGBoost                  | 0.6606 | 0.0969 | 0.6153 | 0.1000 | 0.5702   | 0.1388   | 858     | 0.6035  | 49.4 | PASS
LDA1+LogReg              | 0.6417 | 0.0945 | 0.6073 | 0.1000 | 0.5409   | 0.1171   | 858     | 0.5059  | 34.2 | PASS
PCA16+LogReg             | 0.6394 | 0.0984 | 0.6073 | 0.1000 | 0.5416   | 0.1255   | 858     | 0.5061  | 60.5 | PASS
PCA32+LogReg             | 0.6417 | 0.0984 | 0.6065 | 0.1000 | 0.5408   | 0.1248   | 858     | 0.5060  | 52.1 | PASS
PCA16+VecWeighted        | 0.1496 | 0.1094 | 0.1685 | 0.1000 | 0.1645   | 0.1196   | 858     | 0.0366  | 35.4 | FAIL
PCA32+VecWeighted        | 0.1811 | 0.1157 | 0.1984 | 0.1000 | 0.1841   | 0.1274   | 858     | 0.0352  | 34.4 | FAIL
StabilizedWhitenedCosine | 0.6835 | 0.1008 | 0.6395 | 0.1000 | 0.5871   | 0.1346   | 858     | 0.4793  | 32.8 | FAIL

[trial=21 seed=63] GLOBAL mode — total_samples=200000
  total: h0=82063 h1=15019
  pooled_train:  n0=1270 n1=1270
  pooled_calib:  n0=1240 n1=1240
  pooled_eval:   n0=1270 n1=1270
  regions (for macro stats only): 1103
[INFO] Cosine baseline routed to direct Hadamard sum (PrecomputedCosine)
[INFO] WeightedEnsemble Cosine judge routed to direct Hadamard sum
  [Ensemble] Judges routed to 'alt' input: PrecomputedCosine
[WeightedEnsemble] Fitted weights (alpha=0.1000, external calib):
  tau=0.7355, Pooled external calib: TPR=0.6766, FPR=0.1000
  PrecomputedCosine   : +0.2832
  PCAWhitenedCosine   : +0.0456
  XGBoost             : +0.2004
  Tiny MLP            : +0.4151
  LDA                 : +0.0558

Method                   | TPR    | FPR    | TrTPR  | TrFPR  | MacroTPR | MacroFPR | Regions | TauMean | ms    | OK? 
---------------------------------------------------------------------------------------------------------------------
Cosine                   | 0.6480 | 0.0992 | 0.6073 | 0.1000 | 0.5850   | 0.1415   | 881     | 0.7988  | 55.0  | PASS
AndBox-HC                | 0.6299 | 0.1008 | 0.5935 | 0.1000 | 0.5676   | 0.1359   | 881     | 0.0000  | 47.6  | FAIL
PCAWhitenedCosine        | 0.6976 | 0.0953 | 0.6597 | 0.1000 | 0.6033   | 0.1343   | 881     | 0.4604  | 31.0  | PASS
Vec (Wgt)                | 0.6787 | 0.0906 | 0.6347 | 0.1000 | 0.5958   | 0.1284   | 881     | 0.8109  | 34.8  | PASS
Log Reg                  | 0.6409 | 0.0890 | 0.6185 | 0.1000 | 0.5405   | 0.1150   | 881     | 0.5045  | 54.1  | PASS
LDA                      | 0.6465 | 0.0843 | 0.6298 | 0.1000 | 0.5436   | 0.1212   | 881     | 1.9079  | 108.4 | PASS
Tiny MLP                 | 0.6449 | 0.0976 | 0.6355 | 0.1000 | 0.5451   | 0.1376   | 881     | 0.7690  | 104.8 | PASS
MultiProtoCosine         | 0.1567 | 0.0969 | 0.1565 | 0.1000 | 0.1150   | 0.0884   | 881     | 0.8568  | 111.1 | PASS
WeightedEnsemble         | 0.6961 | 0.0961 | 0.6766 | 0.1000 | 0.6046   | 0.1395   | 881     | 0.7355  | 107.2 | PASS
XGBoost                  | 0.6764 | 0.0945 | 0.6468 | 0.1000 | 0.5841   | 0.1397   | 881     | 0.5858  | 49.0  | PASS
LDA1+LogReg              | 0.6236 | 0.0811 | 0.5992 | 0.1000 | 0.5152   | 0.1015   | 881     | 0.5049  | 39.7  | PASS
PCA16+LogReg             | 0.6339 | 0.0843 | 0.6089 | 0.1000 | 0.5362   | 0.1083   | 881     | 0.5050  | 67.0  | PASS
PCA32+LogReg             | 0.6346 | 0.0843 | 0.6065 | 0.1000 | 0.5349   | 0.1083   | 881     | 0.5049  | 82.1  | PASS
PCA16+VecWeighted        | 0.1173 | 0.1110 | 0.1250 | 0.1000 | 0.1311   | 0.1249   | 881     | 0.0418  | 42.9  | FAIL
PCA32+VecWeighted        | 0.1118 | 0.1071 | 0.1194 | 0.1000 | 0.1282   | 0.1140   | 881     | 0.0449  | 37.8  | FAIL
StabilizedWhitenedCosine | 0.6890 | 0.0976 | 0.6540 | 0.1000 | 0.5790   | 0.1352   | 881     | 0.4848  | 34.4  | PASS

[trial=22 seed=64] GLOBAL mode — total_samples=200000
  total: h0=82063 h1=15019
  pooled_train:  n0=1270 n1=1270
  pooled_calib:  n0=1240 n1=1240
  pooled_eval:   n0=1270 n1=1270
  regions (for macro stats only): 1103
[INFO] Cosine baseline routed to direct Hadamard sum (PrecomputedCosine)
[INFO] WeightedEnsemble Cosine judge routed to direct Hadamard sum
  [Ensemble] Judges routed to 'alt' input: PrecomputedCosine
[WeightedEnsemble] Fitted weights (alpha=0.1000, external calib):
  tau=0.7727, Pooled external calib: TPR=0.6871, FPR=0.1000
  PrecomputedCosine   : +0.2042
  PCAWhitenedCosine   : +0.1982
  XGBoost             : +0.4393
  Tiny MLP            : +0.0111
  LDA                 : +0.1471

Method                   | TPR    | FPR    | TrTPR  | TrFPR  | MacroTPR | MacroFPR | Regions | TauMean | ms   | OK? 
--------------------------------------------------------------------------------------------------------------------
Cosine                   | 0.6055 | 0.0976 | 0.6121 | 0.1000 | 0.5545   | 0.1387   | 846     | 0.8084  | 28.1 | PASS
AndBox-HC                | 0.5528 | 0.0748 | 0.5524 | 0.1000 | 0.4889   | 0.1033   | 846     | 0.0002  | 30.9 | PASS
PCAWhitenedCosine        | 0.6772 | 0.0921 | 0.6500 | 0.1000 | 0.5772   | 0.1195   | 846     | 0.5744  | 30.0 | PASS
Vec (Wgt)                | 0.6677 | 0.1047 | 0.6637 | 0.1000 | 0.5913   | 0.1452   | 846     | 0.8115  | 29.1 | FAIL
Log Reg                  | 0.6268 | 0.1102 | 0.6137 | 0.1000 | 0.5191   | 0.1373   | 846     | 0.5048  | 34.7 | FAIL
LDA                      | 0.6835 | 0.1039 | 0.6645 | 0.1000 | 0.5750   | 0.1348   | 846     | 1.9698  | 31.5 | FAIL
Tiny MLP                 | 0.6535 | 0.0984 | 0.6379 | 0.1000 | 0.5574   | 0.1311   | 846     | 0.7888  | 33.2 | PASS
MultiProtoCosine         | 0.1591 | 0.1079 | 0.1460 | 0.1000 | 0.1035   | 0.0849   | 846     | 0.8629  | 35.7 | FAIL
WeightedEnsemble         | 0.7000 | 0.0976 | 0.6871 | 0.1000 | 0.5947   | 0.1231   | 846     | 0.7727  | 56.6 | PASS
XGBoost                  | 0.6654 | 0.1008 | 0.6476 | 0.1000 | 0.5753   | 0.1372   | 846     | 0.6048  | 48.5 | FAIL
LDA1+LogReg              | 0.6268 | 0.1094 | 0.6145 | 0.1000 | 0.5206   | 0.1373   | 846     | 0.5048  | 32.6 | FAIL
PCA16+LogReg             | 0.6142 | 0.0953 | 0.6032 | 0.1000 | 0.5228   | 0.1233   | 846     | 0.5055  | 34.6 | PASS
PCA32+LogReg             | 0.6307 | 0.1008 | 0.6194 | 0.1000 | 0.5307   | 0.1275   | 846     | 0.5052  | 35.1 | FAIL
PCA16+VecWeighted        | 0.1150 | 0.1063 | 0.0944 | 0.1000 | 0.0942   | 0.0695   | 846     | 0.0414  | 33.2 | FAIL
PCA32+VecWeighted        | 0.1260 | 0.1150 | 0.1137 | 0.1000 | 0.1072   | 0.0774   | 846     | 0.0403  | 33.9 | FAIL
StabilizedWhitenedCosine | 0.6945 | 0.1110 | 0.6782 | 0.1000 | 0.5950   | 0.1472   | 846     | 0.5143  | 32.6 | FAIL

[trial=23 seed=65] GLOBAL mode — total_samples=200000
  total: h0=82063 h1=15019
  pooled_train:  n0=1270 n1=1270
  pooled_calib:  n0=1240 n1=1240
  pooled_eval:   n0=1270 n1=1270
  regions (for macro stats only): 1103
[INFO] Cosine baseline routed to direct Hadamard sum (PrecomputedCosine)
[INFO] WeightedEnsemble Cosine judge routed to direct Hadamard sum
  [Ensemble] Judges routed to 'alt' input: PrecomputedCosine
[WeightedEnsemble] Fitted weights (alpha=0.1000, external calib):
  tau=0.7110, Pooled external calib: TPR=0.7048, FPR=0.1000
  PrecomputedCosine   : +0.0786
  PCAWhitenedCosine   : +0.2785
  XGBoost             : +0.3243
  Tiny MLP            : +0.1558
  LDA                 : +0.1628

Method                   | TPR    | FPR    | TrTPR  | TrFPR  | MacroTPR | MacroFPR | Regions | TauMean | ms   | OK? 
--------------------------------------------------------------------------------------------------------------------
Cosine                   | 0.5858 | 0.0929 | 0.5992 | 0.1000 | 0.5350   | 0.1303   | 869     | 0.8118  | 31.0 | PASS
AndBox-HC                | 0.5591 | 0.0819 | 0.5629 | 0.1000 | 0.4946   | 0.1146   | 869     | 0.0002  | 33.6 | PASS
PCAWhitenedCosine        | 0.6693 | 0.0945 | 0.6661 | 0.1000 | 0.5614   | 0.1358   | 869     | 0.5224  | 30.5 | PASS
Vec (Wgt)                | 0.6228 | 0.0913 | 0.6266 | 0.1000 | 0.5432   | 0.1311   | 869     | 0.8194  | 30.4 | PASS
Log Reg                  | 0.6236 | 0.0976 | 0.6298 | 0.1000 | 0.5221   | 0.1364   | 869     | 0.5061  | 36.5 | PASS
LDA                      | 0.6780 | 0.1134 | 0.6871 | 0.1000 | 0.5657   | 0.1688   | 869     | 1.6553  | 32.8 | FAIL
Tiny MLP                 | 0.6646 | 0.1134 | 0.6694 | 0.1000 | 0.5541   | 0.1630   | 869     | 0.7621  | 34.8 | FAIL
MultiProtoCosine         | 0.1512 | 0.1055 | 0.1597 | 0.1000 | 0.0963   | 0.0917   | 869     | 0.8530  | 37.6 | FAIL
WeightedEnsemble         | 0.6992 | 0.1110 | 0.7048 | 0.1000 | 0.5860   | 0.1661   | 869     | 0.7110  | 58.2 | FAIL
XGBoost                  | 0.6417 | 0.1000 | 0.6355 | 0.1000 | 0.5492   | 0.1471   | 869     | 0.6114  | 50.2 | PASS
LDA1+LogReg              | 0.6228 | 0.0976 | 0.6298 | 0.1000 | 0.5215   | 0.1364   | 869     | 0.5062  | 33.7 | PASS
PCA16+LogReg             | 0.6079 | 0.0945 | 0.6177 | 0.1000 | 0.5051   | 0.1329   | 869     | 0.5069  | 35.4 | PASS
PCA32+LogReg             | 0.6142 | 0.0969 | 0.6242 | 0.1000 | 0.5126   | 0.1360   | 869     | 0.5067  | 36.4 | PASS
PCA16+VecWeighted        | 0.2181 | 0.1244 | 0.2379 | 0.1000 | 0.1484   | 0.0832   | 869     | 0.0274  | 34.0 | FAIL
PCA32+VecWeighted        | 0.2465 | 0.1268 | 0.2637 | 0.1000 | 0.1736   | 0.0768   | 869     | 0.0293  | 35.0 | FAIL
StabilizedWhitenedCosine | 0.6764 | 0.0992 | 0.6726 | 0.1000 | 0.5747   | 0.1437   | 869     | 0.5079  | 33.8 | PASS

[trial=24 seed=66] GLOBAL mode — total_samples=200000
  total: h0=82063 h1=15019
  pooled_train:  n0=1270 n1=1270
  pooled_calib:  n0=1240 n1=1240
  pooled_eval:   n0=1270 n1=1270
  regions (for macro stats only): 1103
[INFO] Cosine baseline routed to direct Hadamard sum (PrecomputedCosine)
[INFO] WeightedEnsemble Cosine judge routed to direct Hadamard sum
  [Ensemble] Judges routed to 'alt' input: PrecomputedCosine
[WeightedEnsemble] Fitted weights (alpha=0.1000, external calib):
  tau=0.7002, Pooled external calib: TPR=0.6806, FPR=0.1000
  PrecomputedCosine   : +0.3246
  PCAWhitenedCosine   : +0.1636
  XGBoost             : +0.2291
  Tiny MLP            : +0.2081
  LDA                 : +0.0747

Method                   | TPR    | FPR    | TrTPR  | TrFPR  | MacroTPR | MacroFPR | Regions | TauMean | ms   | OK? 
--------------------------------------------------------------------------------------------------------------------
Cosine                   | 0.5976 | 0.1126 | 0.6000 | 0.1000 | 0.5657   | 0.1561   | 866     | 0.7972  | 47.1 | FAIL
AndBox-HC                | 0.5520 | 0.1063 | 0.5411 | 0.1000 | 0.5208   | 0.1391   | 866     | 0.0001  | 33.6 | FAIL
PCAWhitenedCosine        | 0.6661 | 0.1024 | 0.6565 | 0.1000 | 0.5849   | 0.1476   | 866     | 0.4472  | 30.4 | FAIL
Vec (Wgt)                | 0.6228 | 0.1126 | 0.6403 | 0.1000 | 0.5721   | 0.1547   | 866     | 0.8069  | 30.6 | FAIL
Log Reg                  | 0.6110 | 0.1055 | 0.6097 | 0.1000 | 0.5167   | 0.1446   | 866     | 0.5048  | 36.3 | FAIL
LDA                      | 0.6339 | 0.0866 | 0.6435 | 0.1000 | 0.5426   | 0.1218   | 866     | 2.0514  | 32.6 | PASS
Tiny MLP                 | 0.6134 | 0.0866 | 0.6274 | 0.1000 | 0.5268   | 0.1188   | 866     | 0.7864  | 34.4 | PASS
MultiProtoCosine         | 0.1543 | 0.0921 | 0.1605 | 0.1000 | 0.1026   | 0.0860   | 866     | 0.8668  | 36.5 | PASS
WeightedEnsemble         | 0.6772 | 0.1047 | 0.6806 | 0.1000 | 0.5956   | 0.1504   | 866     | 0.7002  | 57.9 | FAIL
XGBoost                  | 0.6378 | 0.1047 | 0.6323 | 0.1000 | 0.5709   | 0.1497   | 866     | 0.5926  | 50.1 | FAIL
LDA1+LogReg              | 0.6126 | 0.1079 | 0.6145 | 0.1000 | 0.5192   | 0.1486   | 866     | 0.5048  | 33.5 | FAIL
PCA16+LogReg             | 0.6291 | 0.1126 | 0.6250 | 0.1000 | 0.5387   | 0.1540   | 866     | 0.5046  | 35.3 | FAIL
PCA32+LogReg             | 0.6331 | 0.1118 | 0.6323 | 0.1000 | 0.5419   | 0.1523   | 866     | 0.5045  | 36.3 | FAIL
PCA16+VecWeighted        | 0.2709 | 0.1055 | 0.2758 | 0.1000 | 0.1797   | 0.1119   | 866     | 0.0220  | 34.1 | FAIL
PCA32+VecWeighted        | 0.3079 | 0.1142 | 0.3048 | 0.1000 | 0.2089   | 0.1210   | 866     | 0.0209  | 34.8 | FAIL
StabilizedWhitenedCosine | 0.6339 | 0.1016 | 0.6355 | 0.1000 | 0.5543   | 0.1452   | 866     | 0.4901  | 33.5 | FAIL

[trial=25 seed=67] GLOBAL mode — total_samples=200000
  total: h0=82063 h1=15019
  pooled_train:  n0=1270 n1=1270
  pooled_calib:  n0=1240 n1=1240
  pooled_eval:   n0=1270 n1=1270
  regions (for macro stats only): 1103
[INFO] Cosine baseline routed to direct Hadamard sum (PrecomputedCosine)
[INFO] WeightedEnsemble Cosine judge routed to direct Hadamard sum
  [Ensemble] Judges routed to 'alt' input: PrecomputedCosine
[WeightedEnsemble] Fitted weights (alpha=0.1000, external calib):
  tau=0.7689, Pooled external calib: TPR=0.6734, FPR=0.1000
  PrecomputedCosine   : +0.0558
  PCAWhitenedCosine   : +0.3307
  XGBoost             : +0.2565
  Tiny MLP            : +0.1195
  LDA                 : +0.2374

Method                   | TPR    | FPR    | TrTPR  | TrFPR  | MacroTPR | MacroFPR | Regions | TauMean | ms   | OK? 
--------------------------------------------------------------------------------------------------------------------
Cosine                   | 0.5811 | 0.0803 | 0.5516 | 0.1000 | 0.5224   | 0.1027   | 860     | 0.8302  | 29.6 | PASS
AndBox-HC                | 0.5472 | 0.0866 | 0.5234 | 0.1000 | 0.4910   | 0.1116   | 860     | 0.0002  | 49.7 | PASS
PCAWhitenedCosine        | 0.6906 | 0.0913 | 0.6452 | 0.1000 | 0.5785   | 0.1093   | 860     | 0.5362  | 30.6 | PASS
Vec (Wgt)                | 0.6110 | 0.0827 | 0.5927 | 0.1000 | 0.5396   | 0.1037   | 860     | 0.8457  | 30.3 | PASS
Log Reg                  | 0.6213 | 0.0929 | 0.5871 | 0.1000 | 0.5098   | 0.0988   | 860     | 0.5052  | 35.3 | PASS
LDA                      | 0.6717 | 0.0945 | 0.6573 | 0.1000 | 0.5592   | 0.1143   | 860     | 1.6350  | 31.8 | PASS
Tiny MLP                 | 0.6622 | 0.0882 | 0.6435 | 0.1000 | 0.5455   | 0.1078   | 860     | 0.7286  | 33.4 | PASS
MultiProtoCosine         | 0.1543 | 0.1031 | 0.1879 | 0.1000 | 0.1028   | 0.0738   | 860     | 0.8653  | 36.1 | FAIL
WeightedEnsemble         | 0.6890 | 0.0945 | 0.6734 | 0.1000 | 0.5805   | 0.1141   | 860     | 0.7689  | 58.4 | PASS
XGBoost                  | 0.6157 | 0.0921 | 0.5984 | 0.1000 | 0.5135   | 0.1155   | 860     | 0.6186  | 49.1 | PASS
LDA1+LogReg              | 0.5984 | 0.0890 | 0.5742 | 0.1000 | 0.4881   | 0.0936   | 860     | 0.5054  | 32.9 | PASS
PCA16+LogReg             | 0.6047 | 0.0906 | 0.5750 | 0.1000 | 0.4961   | 0.0943   | 860     | 0.5056  | 34.4 | PASS
PCA32+LogReg             | 0.6039 | 0.0882 | 0.5774 | 0.1000 | 0.4938   | 0.0924   | 860     | 0.5056  | 35.6 | PASS
PCA16+VecWeighted        | 0.1858 | 0.1126 | 0.1871 | 0.1000 | 0.1946   | 0.1261   | 860     | 0.0280  | 33.3 | FAIL
PCA32+VecWeighted        | 0.1693 | 0.1205 | 0.1774 | 0.1000 | 0.1809   | 0.1289   | 860     | 0.0312  | 34.3 | FAIL
StabilizedWhitenedCosine | 0.6638 | 0.0929 | 0.6274 | 0.1000 | 0.5593   | 0.1133   | 860     | 0.5695  | 32.8 | PASS

[trial=26 seed=68] GLOBAL mode — total_samples=200000
  total: h0=82063 h1=15019
  pooled_train:  n0=1270 n1=1270
  pooled_calib:  n0=1240 n1=1240
  pooled_eval:   n0=1270 n1=1270
  regions (for macro stats only): 1103
[INFO] Cosine baseline routed to direct Hadamard sum (PrecomputedCosine)
[INFO] WeightedEnsemble Cosine judge routed to direct Hadamard sum
  [Ensemble] Judges routed to 'alt' input: PrecomputedCosine
[WeightedEnsemble] Fitted weights (alpha=0.1000, external calib):
  tau=0.7476, Pooled external calib: TPR=0.6484, FPR=0.1000
  PrecomputedCosine   : +0.4364
  PCAWhitenedCosine   : +0.0571
  XGBoost             : +0.1048
  Tiny MLP            : +0.3819
  LDA                 : +0.0199

Method                   | TPR    | FPR    | TrTPR  | TrFPR  | MacroTPR | MacroFPR | Regions | TauMean | ms   | OK? 
--------------------------------------------------------------------------------------------------------------------
Cosine                   | 0.5732 | 0.0677 | 0.5677 | 0.1000 | 0.5099   | 0.0959   | 849     | 0.8253  | 50.5 | PASS
AndBox-HC                | 0.5591 | 0.0717 | 0.5613 | 0.1000 | 0.4900   | 0.0949   | 849     | 0.0002  | 32.4 | PASS
PCAWhitenedCosine        | 0.6472 | 0.0669 | 0.6081 | 0.1000 | 0.5522   | 0.0883   | 849     | 0.6043  | 29.4 | PASS
Vec (Wgt)                | 0.6181 | 0.0709 | 0.6129 | 0.1000 | 0.5414   | 0.0983   | 849     | 0.8280  | 29.3 | PASS
Log Reg                  | 0.6488 | 0.0827 | 0.6194 | 0.1000 | 0.5431   | 0.1015   | 849     | 0.5051  | 34.9 | PASS
LDA                      | 0.6504 | 0.0756 | 0.6258 | 0.1000 | 0.5386   | 0.0998   | 849     | 2.0069  | 31.8 | PASS
Tiny MLP                 | 0.6299 | 0.0772 | 0.6089 | 0.1000 | 0.5112   | 0.1046   | 849     | 0.7961  | 33.4 | PASS
MultiProtoCosine         | 0.1803 | 0.1307 | 0.1782 | 0.1000 | 0.1054   | 0.1080   | 849     | 0.8552  | 36.1 | FAIL
WeightedEnsemble         | 0.6756 | 0.0709 | 0.6484 | 0.1000 | 0.5733   | 0.0950   | 849     | 0.7476  | 56.9 | PASS
XGBoost                  | 0.6339 | 0.0701 | 0.5976 | 0.1000 | 0.5350   | 0.0931   | 849     | 0.6216  | 49.0 | PASS
LDA1+LogReg              | 0.6480 | 0.0827 | 0.6177 | 0.1000 | 0.5411   | 0.1015   | 849     | 0.5052  | 36.5 | PASS
PCA16+LogReg             | 0.6323 | 0.0787 | 0.6032 | 0.1000 | 0.5294   | 0.0998   | 849     | 0.5059  | 37.8 | PASS
PCA32+LogReg             | 0.6394 | 0.0795 | 0.6097 | 0.1000 | 0.5363   | 0.1007   | 849     | 0.5057  | 51.8 | PASS
PCA16+VecWeighted        | 0.2961 | 0.1000 | 0.2927 | 0.1000 | 0.2004   | 0.1001   | 849     | 0.0201  | 39.6 | PASS
PCA32+VecWeighted        | 0.3016 | 0.1126 | 0.2895 | 0.1000 | 0.2087   | 0.1152   | 849     | 0.0224  | 36.7 | FAIL
StabilizedWhitenedCosine | 0.6291 | 0.0646 | 0.5927 | 0.1000 | 0.5361   | 0.0858   | 849     | 0.6290  | 32.6 | PASS

[trial=27 seed=69] GLOBAL mode — total_samples=200000
  total: h0=82063 h1=15019
  pooled_train:  n0=1270 n1=1270
  pooled_calib:  n0=1240 n1=1240
  pooled_eval:   n0=1270 n1=1270
  regions (for macro stats only): 1103
[INFO] Cosine baseline routed to direct Hadamard sum (PrecomputedCosine)
[INFO] WeightedEnsemble Cosine judge routed to direct Hadamard sum
  [Ensemble] Judges routed to 'alt' input: PrecomputedCosine
[WeightedEnsemble] Fitted weights (alpha=0.1000, external calib):
  tau=0.6485, Pooled external calib: TPR=0.6847, FPR=0.1000
  PrecomputedCosine   : +0.2610
  PCAWhitenedCosine   : +0.2348
  XGBoost             : +0.2127
  Tiny MLP            : +0.2846
  LDA                 : +0.0070

Method                   | TPR    | FPR    | TrTPR  | TrFPR  | MacroTPR | MacroFPR | Regions | TauMean | ms    | OK? 
---------------------------------------------------------------------------------------------------------------------
Cosine                   | 0.6087 | 0.0780 | 0.5556 | 0.1000 | 0.5452   | 0.1029   | 850     | 0.8216  | 43.0  | PASS
AndBox-HC                | 0.5764 | 0.0866 | 0.5387 | 0.1000 | 0.5058   | 0.1048   | 850     | 0.0002  | 33.4  | PASS
PCAWhitenedCosine        | 0.6701 | 0.0819 | 0.6677 | 0.1000 | 0.5600   | 0.1131   | 850     | 0.5471  | 39.8  | PASS
Vec (Wgt)                | 0.6409 | 0.0724 | 0.5847 | 0.1000 | 0.5631   | 0.0962   | 850     | 0.8332  | 30.8  | PASS
Log Reg                  | 0.6268 | 0.0843 | 0.5952 | 0.1000 | 0.5183   | 0.1035   | 850     | 0.5067  | 37.7  | PASS
LDA                      | 0.6740 | 0.0929 | 0.6548 | 0.1000 | 0.5626   | 0.1278   | 850     | 1.8188  | 45.0  | PASS
Tiny MLP                 | 0.6646 | 0.0890 | 0.6452 | 0.1000 | 0.5584   | 0.1207   | 850     | 0.7751  | 46.9  | PASS
MultiProtoCosine         | 0.1228 | 0.0874 | 0.1492 | 0.1000 | 0.0824   | 0.0737   | 850     | 0.8723  | 44.5  | PASS
WeightedEnsemble         | 0.7031 | 0.0858 | 0.6847 | 0.1000 | 0.5996   | 0.1174   | 850     | 0.6485  | 264.0 | PASS
XGBoost                  | 0.6354 | 0.0787 | 0.5992 | 0.1000 | 0.5439   | 0.1049   | 850     | 0.6230  | 91.0  | PASS
LDA1+LogReg              | 0.6291 | 0.0866 | 0.5960 | 0.1000 | 0.5215   | 0.1084   | 850     | 0.5067  | 33.2  | PASS
PCA16+LogReg             | 0.6323 | 0.0835 | 0.5960 | 0.1000 | 0.5259   | 0.1021   | 850     | 0.5071  | 42.2  | PASS
PCA32+LogReg             | 0.6299 | 0.0850 | 0.5976 | 0.1000 | 0.5272   | 0.1053   | 850     | 0.5069  | 72.0  | PASS
PCA16+VecWeighted        | 0.1614 | 0.1079 | 0.1411 | 0.1000 | 0.1402   | 0.1036   | 850     | 0.0298  | 34.6  | FAIL
PCA32+VecWeighted        | 0.1220 | 0.0921 | 0.1258 | 0.1000 | 0.1223   | 0.0834   | 850     | 0.0366  | 52.1  | PASS
StabilizedWhitenedCosine | 0.6677 | 0.0945 | 0.6460 | 0.1000 | 0.5649   | 0.1225   | 850     | 0.5681  | 61.1  | PASS

[trial=28 seed=70] GLOBAL mode — total_samples=200000
  total: h0=82063 h1=15019
  pooled_train:  n0=1270 n1=1270
  pooled_calib:  n0=1240 n1=1240
  pooled_eval:   n0=1270 n1=1270
  regions (for macro stats only): 1103
[INFO] Cosine baseline routed to direct Hadamard sum (PrecomputedCosine)
[INFO] WeightedEnsemble Cosine judge routed to direct Hadamard sum
  [Ensemble] Judges routed to 'alt' input: PrecomputedCosine
[WeightedEnsemble] Fitted weights (alpha=0.1000, external calib):
  tau=0.7171, Pooled external calib: TPR=0.6694, FPR=0.1000
  PrecomputedCosine   : +0.1298
  PCAWhitenedCosine   : +0.1391
  XGBoost             : +0.2872
  Tiny MLP            : +0.3596
  LDA                 : +0.0844

Method                   | TPR    | FPR    | TrTPR  | TrFPR  | MacroTPR | MacroFPR | Regions | TauMean | ms   | OK? 
--------------------------------------------------------------------------------------------------------------------
Cosine                   | 0.6031 | 0.1055 | 0.6177 | 0.1000 | 0.5341   | 0.1461   | 864     | 0.7995  | 32.5 | FAIL
AndBox-HC                | 0.5323 | 0.0906 | 0.5516 | 0.1000 | 0.4687   | 0.1271   | 864     | 0.0002  | 36.2 | PASS
PCAWhitenedCosine        | 0.6559 | 0.0866 | 0.6371 | 0.1000 | 0.5468   | 0.1218   | 864     | 0.5193  | 30.2 | PASS
Vec (Wgt)                | 0.6307 | 0.1079 | 0.6540 | 0.1000 | 0.5533   | 0.1482   | 864     | 0.8018  | 29.8 | FAIL
Log Reg                  | 0.6134 | 0.0898 | 0.6137 | 0.1000 | 0.5024   | 0.1224   | 864     | 0.5062  | 35.9 | PASS
LDA                      | 0.6646 | 0.0945 | 0.6435 | 0.1000 | 0.5519   | 0.1452   | 864     | 1.7815  | 33.1 | PASS
Tiny MLP                 | 0.6465 | 0.1063 | 0.6363 | 0.1000 | 0.5386   | 0.1568   | 864     | 0.7652  | 33.9 | FAIL
MultiProtoCosine         | 0.1551 | 0.0850 | 0.1435 | 0.1000 | 0.1151   | 0.0814   | 864     | 0.8682  | 36.5 | PASS
WeightedEnsemble         | 0.6717 | 0.0921 | 0.6694 | 0.1000 | 0.5589   | 0.1412   | 864     | 0.7171  | 57.5 | PASS
XGBoost                  | 0.6315 | 0.0858 | 0.5952 | 0.1000 | 0.5409   | 0.1209   | 864     | 0.6071  | 50.0 | PASS
LDA1+LogReg              | 0.6134 | 0.0906 | 0.6153 | 0.1000 | 0.5024   | 0.1241   | 864     | 0.5062  | 33.6 | PASS
PCA16+LogReg             | 0.6213 | 0.0882 | 0.6153 | 0.1000 | 0.5109   | 0.1215   | 864     | 0.5063  | 34.5 | PASS
PCA32+LogReg             | 0.6157 | 0.0882 | 0.6105 | 0.1000 | 0.5036   | 0.1215   | 864     | 0.5063  | 36.0 | PASS
PCA16+VecWeighted        | 0.1283 | 0.1126 | 0.1387 | 0.1000 | 0.1264   | 0.1129   | 864     | 0.0284  | 33.8 | FAIL
PCA32+VecWeighted        | 0.1402 | 0.0937 | 0.1548 | 0.1000 | 0.1390   | 0.1008   | 864     | 0.0306  | 34.4 | PASS
StabilizedWhitenedCosine | 0.6551 | 0.1016 | 0.6500 | 0.1000 | 0.5524   | 0.1398   | 864     | 0.4971  | 33.4 | FAIL

[trial=29 seed=71] GLOBAL mode — total_samples=200000
  total: h0=82063 h1=15019
  pooled_train:  n0=1270 n1=1270
  pooled_calib:  n0=1240 n1=1240
  pooled_eval:   n0=1270 n1=1270
  regions (for macro stats only): 1103
[INFO] Cosine baseline routed to direct Hadamard sum (PrecomputedCosine)
[INFO] WeightedEnsemble Cosine judge routed to direct Hadamard sum
  [Ensemble] Judges routed to 'alt' input: PrecomputedCosine
[WeightedEnsemble] Fitted weights (alpha=0.1000, external calib):
  tau=0.6792, Pooled external calib: TPR=0.6669, FPR=0.1000
  PrecomputedCosine   : +0.1924
  PCAWhitenedCosine   : +0.3042
  XGBoost             : +0.0704
  Tiny MLP            : +0.4126
  LDA                 : +0.0204

Method                   | TPR    | FPR    | TrTPR  | TrFPR  | MacroTPR | MacroFPR | Regions | TauMean | ms   | OK? 
--------------------------------------------------------------------------------------------------------------------
Cosine                   | 0.6000 | 0.1008 | 0.5911 | 0.1000 | 0.5448   | 0.1406   | 851     | 0.8127  | 53.2 | FAIL
AndBox-HC                | 0.5252 | 0.1008 | 0.5218 | 0.1000 | 0.4663   | 0.1315   | 851     | 0.0002  | 33.4 | FAIL
PCAWhitenedCosine        | 0.6551 | 0.0913 | 0.6339 | 0.1000 | 0.5498   | 0.1234   | 851     | 0.5913  | 30.4 | PASS
Vec (Wgt)                | 0.6268 | 0.0992 | 0.6250 | 0.1000 | 0.5506   | 0.1399   | 851     | 0.8227  | 30.2 | PASS
Log Reg                  | 0.6197 | 0.0874 | 0.6048 | 0.1000 | 0.5141   | 0.1180   | 851     | 0.5061  | 35.8 | PASS
LDA                      | 0.6402 | 0.1031 | 0.6403 | 0.1000 | 0.5359   | 0.1364   | 851     | 2.0279  | 32.4 | FAIL
Tiny MLP                 | 0.6457 | 0.1102 | 0.6331 | 0.1000 | 0.5439   | 0.1441   | 851     | 0.7827  | 34.1 | FAIL
MultiProtoCosine         | 0.1575 | 0.1268 | 0.1702 | 0.1000 | 0.1139   | 0.0888   | 851     | 0.8642  | 36.9 | FAIL
WeightedEnsemble         | 0.6772 | 0.1008 | 0.6669 | 0.1000 | 0.5715   | 0.1400   | 851     | 0.6792  | 57.7 | FAIL
XGBoost                  | 0.6126 | 0.0913 | 0.6210 | 0.1000 | 0.5302   | 0.1305   | 851     | 0.6260  | 49.7 | PASS
LDA1+LogReg              | 0.6016 | 0.0843 | 0.5855 | 0.1000 | 0.4898   | 0.1084   | 851     | 0.5062  | 33.1 | PASS
PCA16+LogReg             | 0.6102 | 0.0874 | 0.5960 | 0.1000 | 0.5044   | 0.1172   | 851     | 0.5063  | 34.9 | PASS
PCA32+LogReg             | 0.6118 | 0.0882 | 0.5960 | 0.1000 | 0.5054   | 0.1189   | 851     | 0.5063  | 35.8 | PASS
PCA16+VecWeighted        | 0.3236 | 0.1157 | 0.3500 | 0.1000 | 0.2694   | 0.1210   | 851     | 0.0165  | 34.7 | FAIL
PCA32+VecWeighted        | 0.3165 | 0.1087 | 0.3419 | 0.1000 | 0.2655   | 0.1144   | 851     | 0.0195  | 34.7 | FAIL
StabilizedWhitenedCosine | 0.6449 | 0.0921 | 0.6331 | 0.1000 | 0.5451   | 0.1284   | 851     | 0.5996  | 34.4 | PASS

[trial=30 seed=72] GLOBAL mode — total_samples=200000
  total: h0=82063 h1=15019
  pooled_train:  n0=1270 n1=1270
  pooled_calib:  n0=1240 n1=1240
  pooled_eval:   n0=1270 n1=1270
  regions (for macro stats only): 1103
[INFO] Cosine baseline routed to direct Hadamard sum (PrecomputedCosine)
[INFO] WeightedEnsemble Cosine judge routed to direct Hadamard sum
  [Ensemble] Judges routed to 'alt' input: PrecomputedCosine
[WeightedEnsemble] Fitted weights (alpha=0.1000, external calib):
  tau=0.6174, Pooled external calib: TPR=0.7056, FPR=0.1000
  PrecomputedCosine   : +0.0652
  PCAWhitenedCosine   : +0.4878
  XGBoost             : +0.2661
  Tiny MLP            : +0.0535
  LDA                 : +0.1273

Method                   | TPR    | FPR    | TrTPR  | TrFPR  | MacroTPR | MacroFPR | Regions | TauMean | ms   | OK? 
--------------------------------------------------------------------------------------------------------------------
Cosine                   | 0.5654 | 0.0748 | 0.5524 | 0.1000 | 0.5289   | 0.1127   | 838     | 0.8286  | 28.3 | PASS
AndBox-HC                | 0.5213 | 0.0732 | 0.5081 | 0.1000 | 0.4662   | 0.1070   | 838     | 0.0001  | 31.5 | PASS
PCAWhitenedCosine        | 0.6882 | 0.1008 | 0.6871 | 0.1000 | 0.6060   | 0.1431   | 838     | 0.4410  | 35.3 | FAIL
Vec (Wgt)                | 0.6087 | 0.0717 | 0.5935 | 0.1000 | 0.5474   | 0.1115   | 838     | 0.8388  | 29.1 | PASS
Log Reg                  | 0.6094 | 0.0929 | 0.5960 | 0.1000 | 0.5333   | 0.1273   | 838     | 0.5048  | 35.2 | PASS
LDA                      | 0.6598 | 0.0929 | 0.6597 | 0.1000 | 0.5774   | 0.1410   | 838     | 1.8860  | 31.7 | PASS
Tiny MLP                 | 0.6622 | 0.0945 | 0.6661 | 0.1000 | 0.5822   | 0.1436   | 838     | 0.7421  | 33.3 | PASS
MultiProtoCosine         | 0.1402 | 0.0953 | 0.1565 | 0.1000 | 0.0984   | 0.0867   | 838     | 0.8632  | 35.8 | PASS
WeightedEnsemble         | 0.7039 | 0.0976 | 0.7056 | 0.1000 | 0.6200   | 0.1455   | 838     | 0.6174  | 57.0 | PASS
XGBoost                  | 0.6252 | 0.0898 | 0.6081 | 0.1000 | 0.5556   | 0.1248   | 838     | 0.6102  | 49.3 | PASS
LDA1+LogReg              | 0.6094 | 0.1000 | 0.5911 | 0.1000 | 0.5318   | 0.1337   | 838     | 0.5045  | 32.3 | PASS
PCA16+LogReg             | 0.6000 | 0.0921 | 0.5855 | 0.1000 | 0.5260   | 0.1256   | 838     | 0.5051  | 34.2 | PASS
PCA32+LogReg             | 0.6008 | 0.0913 | 0.5871 | 0.1000 | 0.5274   | 0.1234   | 838     | 0.5051  | 35.2 | PASS
PCA16+VecWeighted        | 0.2331 | 0.0898 | 0.2371 | 0.1000 | 0.1629   | 0.0919   | 838     | 0.0254  | 32.9 | PASS
PCA32+VecWeighted        | 0.2291 | 0.0992 | 0.2298 | 0.1000 | 0.1700   | 0.1072   | 838     | 0.0278  | 33.7 | PASS
StabilizedWhitenedCosine | 0.6622 | 0.0882 | 0.6613 | 0.1000 | 0.5837   | 0.1315   | 838     | 0.5064  | 32.5 | PASS

[trial=31 seed=73] GLOBAL mode — total_samples=200000
  total: h0=82063 h1=15019
  pooled_train:  n0=1270 n1=1270
  pooled_calib:  n0=1240 n1=1240
  pooled_eval:   n0=1270 n1=1270
  regions (for macro stats only): 1103
[INFO] Cosine baseline routed to direct Hadamard sum (PrecomputedCosine)
[INFO] WeightedEnsemble Cosine judge routed to direct Hadamard sum
  [Ensemble] Judges routed to 'alt' input: PrecomputedCosine
[WeightedEnsemble] Fitted weights (alpha=0.1000, external calib):
  tau=0.6044, Pooled external calib: TPR=0.7347, FPR=0.1000
  PrecomputedCosine   : +0.2042
  PCAWhitenedCosine   : +0.1982
  XGBoost             : +0.4393
  Tiny MLP            : +0.0111
  LDA                 : +0.1471

Method                   | TPR    | FPR    | TrTPR  | TrFPR  | MacroTPR | MacroFPR | Regions | TauMean | ms   | OK? 
--------------------------------------------------------------------------------------------------------------------
Cosine                   | 0.6173 | 0.1205 | 0.6379 | 0.1000 | 0.5623   | 0.1733   | 859     | 0.7899  | 28.9 | FAIL
AndBox-HC                | 0.5929 | 0.1307 | 0.6145 | 0.1000 | 0.5360   | 0.1700   | 859     | 0.0001  | 32.3 | FAIL
PCAWhitenedCosine        | 0.7087 | 0.1402 | 0.7121 | 0.1000 | 0.6244   | 0.1934   | 859     | 0.2996  | 30.2 | FAIL
Vec (Wgt)                | 0.6630 | 0.1252 | 0.6726 | 0.1000 | 0.5854   | 0.1773   | 859     | 0.7965  | 30.2 | FAIL
Log Reg                  | 0.6252 | 0.1205 | 0.6403 | 0.1000 | 0.5184   | 0.1632   | 859     | 0.5043  | 35.8 | FAIL
LDA                      | 0.6772 | 0.1299 | 0.6935 | 0.1000 | 0.5883   | 0.1720   | 859     | 1.2653  | 32.4 | FAIL
Tiny MLP                 | 0.6709 | 0.1307 | 0.6782 | 0.1000 | 0.5871   | 0.1756   | 859     | 0.7095  | 34.2 | FAIL
MultiProtoCosine         | 0.1646 | 0.1331 | 0.1581 | 0.1000 | 0.1179   | 0.1131   | 859     | 0.8622  | 36.8 | FAIL
WeightedEnsemble         | 0.7134 | 0.1299 | 0.7347 | 0.1000 | 0.6269   | 0.1829   | 859     | 0.6044  | 63.7 | FAIL
XGBoost                  | 0.6803 | 0.1276 | 0.6887 | 0.1000 | 0.6047   | 0.1771   | 859     | 0.5598  | 54.3 | FAIL
LDA1+LogReg              | 0.6283 | 0.1197 | 0.6419 | 0.1000 | 0.5228   | 0.1630   | 859     | 0.5043  | 36.3 | FAIL
PCA16+LogReg             | 0.6339 | 0.1283 | 0.6476 | 0.1000 | 0.5285   | 0.1748   | 859     | 0.5043  | 39.7 | FAIL
PCA32+LogReg             | 0.6323 | 0.1197 | 0.6468 | 0.1000 | 0.5261   | 0.1624   | 859     | 0.5045  | 36.2 | FAIL
PCA16+VecWeighted        | 0.1654 | 0.1031 | 0.1573 | 0.1000 | 0.1144   | 0.0625   | 859     | 0.0360  | 34.3 | FAIL
PCA32+VecWeighted        | 0.1709 | 0.1087 | 0.1637 | 0.1000 | 0.1161   | 0.0634   | 859     | 0.0389  | 34.7 | FAIL
StabilizedWhitenedCosine | 0.6992 | 0.1299 | 0.6960 | 0.1000 | 0.6080   | 0.1898   | 859     | 0.3276  | 33.4 | FAIL

[trial=32 seed=74] GLOBAL mode — total_samples=200000
  total: h0=82063 h1=15019
  pooled_train:  n0=1270 n1=1270
  pooled_calib:  n0=1240 n1=1240
  pooled_eval:   n0=1270 n1=1270
  regions (for macro stats only): 1103
[INFO] Cosine baseline routed to direct Hadamard sum (PrecomputedCosine)
[INFO] WeightedEnsemble Cosine judge routed to direct Hadamard sum
  [Ensemble] Judges routed to 'alt' input: PrecomputedCosine
[WeightedEnsemble] Fitted weights (alpha=0.1000, external calib):
  tau=0.7188, Pooled external calib: TPR=0.6919, FPR=0.1000
  PrecomputedCosine   : +0.4364
  PCAWhitenedCosine   : +0.0571
  XGBoost             : +0.1048
  Tiny MLP            : +0.3819
  LDA                 : +0.0199

Method                   | TPR    | FPR    | TrTPR  | TrFPR  | MacroTPR | MacroFPR | Regions | TauMean | ms    | OK? 
---------------------------------------------------------------------------------------------------------------------
Cosine                   | 0.5976 | 0.1024 | 0.6000 | 0.1000 | 0.5552   | 0.1373   | 841     | 0.8074  | 29.0  | FAIL
AndBox-HC                | 0.6102 | 0.1291 | 0.6129 | 0.1000 | 0.5516   | 0.1569   | 841     | 0.0000  | 46.3  | FAIL
PCAWhitenedCosine        | 0.6528 | 0.1055 | 0.6411 | 0.1000 | 0.5522   | 0.1438   | 841     | 0.5531  | 30.1  | FAIL
Vec (Wgt)                | 0.6425 | 0.1142 | 0.6371 | 0.1000 | 0.5757   | 0.1501   | 841     | 0.7995  | 30.1  | FAIL
Log Reg                  | 0.6236 | 0.1063 | 0.6266 | 0.1000 | 0.5169   | 0.1394   | 841     | 0.5057  | 35.5  | FAIL
LDA                      | 0.6496 | 0.1087 | 0.6556 | 0.1000 | 0.5396   | 0.1398   | 841     | 1.9256  | 32.2  | FAIL
Tiny MLP                 | 0.6669 | 0.1134 | 0.6629 | 0.1000 | 0.5474   | 0.1562   | 841     | 0.7482  | 34.0  | FAIL
MultiProtoCosine         | 0.1504 | 0.1181 | 0.1476 | 0.1000 | 0.1025   | 0.1087   | 841     | 0.8595  | 41.9  | FAIL
WeightedEnsemble         | 0.6969 | 0.1181 | 0.6919 | 0.1000 | 0.6012   | 0.1584   | 841     | 0.7188  | 100.5 | FAIL
XGBoost                  | 0.6457 | 0.1142 | 0.6379 | 0.1000 | 0.5702   | 0.1575   | 841     | 0.6109  | 52.3  | FAIL
LDA1+LogReg              | 0.6228 | 0.1063 | 0.6250 | 0.1000 | 0.5181   | 0.1408   | 841     | 0.5057  | 33.1  | FAIL
PCA16+LogReg             | 0.6299 | 0.1126 | 0.6258 | 0.1000 | 0.5304   | 0.1493   | 841     | 0.5057  | 34.8  | FAIL
PCA32+LogReg             | 0.6244 | 0.1102 | 0.6266 | 0.1000 | 0.5201   | 0.1452   | 841     | 0.5058  | 35.6  | FAIL
PCA16+VecWeighted        | 0.1740 | 0.0811 | 0.1750 | 0.1000 | 0.1759   | 0.0875   | 841     | 0.0333  | 33.4  | PASS
PCA32+VecWeighted        | 0.1614 | 0.0850 | 0.1581 | 0.1000 | 0.1698   | 0.0955   | 841     | 0.0349  | 34.2  | PASS
StabilizedWhitenedCosine | 0.6598 | 0.1102 | 0.6573 | 0.1000 | 0.5727   | 0.1428   | 841     | 0.5292  | 32.9  | FAIL

[trial=33 seed=75] GLOBAL mode — total_samples=200000
  total: h0=82063 h1=15019
  pooled_train:  n0=1270 n1=1270
  pooled_calib:  n0=1240 n1=1240
  pooled_eval:   n0=1270 n1=1270
  regions (for macro stats only): 1103
[INFO] Cosine baseline routed to direct Hadamard sum (PrecomputedCosine)
[INFO] WeightedEnsemble Cosine judge routed to direct Hadamard sum
  [Ensemble] Judges routed to 'alt' input: PrecomputedCosine
[WeightedEnsemble] Fitted weights (alpha=0.1000, external calib):
  tau=0.6264, Pooled external calib: TPR=0.7153, FPR=0.1000
  PrecomputedCosine   : +0.3246
  PCAWhitenedCosine   : +0.1636
  XGBoost             : +0.2291
  Tiny MLP            : +0.2081
  LDA                 : +0.0747

Method                   | TPR    | FPR    | TrTPR  | TrFPR  | MacroTPR | MacroFPR | Regions | TauMean | ms    | OK? 
---------------------------------------------------------------------------------------------------------------------
Cosine                   | 0.6079 | 0.1031 | 0.6242 | 0.1000 | 0.5470   | 0.1372   | 857     | 0.7885  | 60.0  | FAIL
AndBox-HC                | 0.5661 | 0.0961 | 0.5669 | 0.1000 | 0.4991   | 0.1243   | 857     | 0.0001  | 44.3  | PASS
PCAWhitenedCosine        | 0.6772 | 0.0969 | 0.6782 | 0.1000 | 0.5776   | 0.1264   | 857     | 0.4023  | 39.1  | PASS
Vec (Wgt)                | 0.6268 | 0.0961 | 0.6460 | 0.1000 | 0.5440   | 0.1316   | 857     | 0.8047  | 31.2  | PASS
Log Reg                  | 0.6252 | 0.1157 | 0.6097 | 0.1000 | 0.5108   | 0.1318   | 857     | 0.5038  | 45.9  | FAIL
LDA                      | 0.6693 | 0.1016 | 0.6887 | 0.1000 | 0.5684   | 0.1351   | 857     | 1.3769  | 63.1  | FAIL
Tiny MLP                 | 0.6732 | 0.1008 | 0.6750 | 0.1000 | 0.5722   | 0.1358   | 857     | 0.7005  | 89.5  | FAIL
MultiProtoCosine         | 0.1630 | 0.1134 | 0.1806 | 0.1000 | 0.1122   | 0.0905   | 857     | 0.8647  | 61.7  | FAIL
WeightedEnsemble         | 0.7134 | 0.1008 | 0.7153 | 0.1000 | 0.6157   | 0.1311   | 857     | 0.6264  | 88.9  | FAIL
XGBoost                  | 0.6307 | 0.1024 | 0.6532 | 0.1000 | 0.5457   | 0.1348   | 857     | 0.5780  | 77.3  | FAIL
LDA1+LogReg              | 0.6291 | 0.1150 | 0.6089 | 0.1000 | 0.5172   | 0.1319   | 857     | 0.5038  | 61.2  | FAIL
PCA16+LogReg             | 0.6299 | 0.1181 | 0.6056 | 0.1000 | 0.5189   | 0.1410   | 857     | 0.5040  | 52.6  | FAIL
PCA32+LogReg             | 0.6402 | 0.1189 | 0.6242 | 0.1000 | 0.5322   | 0.1408   | 857     | 0.5039  | 64.4  | FAIL
PCA16+VecWeighted        | 0.2386 | 0.1299 | 0.2460 | 0.1000 | 0.2205   | 0.1340   | 857     | 0.0321  | 76.4  | FAIL
PCA32+VecWeighted        | 0.2480 | 0.1394 | 0.2685 | 0.1000 | 0.2315   | 0.1482   | 857     | 0.0290  | 110.9 | FAIL
StabilizedWhitenedCosine | 0.6693 | 0.1055 | 0.6790 | 0.1000 | 0.5710   | 0.1345   | 857     | 0.3798  | 52.0  | FAIL

[trial=34 seed=76] GLOBAL mode — total_samples=200000
  total: h0=82063 h1=15019
  pooled_train:  n0=1270 n1=1270
  pooled_calib:  n0=1240 n1=1240
  pooled_eval:   n0=1270 n1=1270
  regions (for macro stats only): 1103
[INFO] Cosine baseline routed to direct Hadamard sum (PrecomputedCosine)
[INFO] WeightedEnsemble Cosine judge routed to direct Hadamard sum
  [Ensemble] Judges routed to 'alt' input: PrecomputedCosine
[WeightedEnsemble] Fitted weights (alpha=0.1000, external calib):
  tau=0.5453, Pooled external calib: TPR=0.6976, FPR=0.1000
  PrecomputedCosine   : +0.0477
  PCAWhitenedCosine   : +0.4884
  XGBoost             : +0.3290
  Tiny MLP            : +0.0838
  LDA                 : +0.0511

Method                   | TPR    | FPR    | TrTPR  | TrFPR  | MacroTPR | MacroFPR | Regions | TauMean | ms   | OK? 
--------------------------------------------------------------------------------------------------------------------
Cosine                   | 0.6087 | 0.1000 | 0.6194 | 0.1000 | 0.5683   | 0.1408   | 865     | 0.8003  | 42.5 | PASS
AndBox-HC                | 0.5858 | 0.1071 | 0.6008 | 0.1000 | 0.5357   | 0.1436   | 865     | 0.0001  | 32.8 | FAIL
PCAWhitenedCosine        | 0.6732 | 0.0921 | 0.6774 | 0.1000 | 0.5694   | 0.1269   | 865     | 0.4705  | 30.3 | PASS
Vec (Wgt)                | 0.6693 | 0.1118 | 0.6677 | 0.1000 | 0.5999   | 0.1615   | 865     | 0.7969  | 30.1 | FAIL
Log Reg                  | 0.6551 | 0.1118 | 0.6379 | 0.1000 | 0.5429   | 0.1568   | 865     | 0.5046  | 35.7 | FAIL
LDA                      | 0.6457 | 0.0890 | 0.6669 | 0.1000 | 0.5417   | 0.1288   | 865     | 1.9146  | 32.5 | PASS
Tiny MLP                 | 0.6331 | 0.1008 | 0.6516 | 0.1000 | 0.5374   | 0.1459   | 865     | 0.7652  | 34.0 | FAIL
MultiProtoCosine         | 0.1614 | 0.1150 | 0.1782 | 0.1000 | 0.1078   | 0.0889   | 865     | 0.8672  | 36.9 | FAIL
WeightedEnsemble         | 0.6929 | 0.1016 | 0.6976 | 0.1000 | 0.5990   | 0.1441   | 865     | 0.5453  | 57.6 | FAIL
XGBoost                  | 0.6512 | 0.0961 | 0.6669 | 0.1000 | 0.5714   | 0.1343   | 865     | 0.5866  | 49.8 | PASS
LDA1+LogReg              | 0.6606 | 0.1126 | 0.6419 | 0.1000 | 0.5466   | 0.1573   | 865     | 0.5045  | 33.2 | FAIL
PCA16+LogReg             | 0.6504 | 0.1102 | 0.6371 | 0.1000 | 0.5417   | 0.1521   | 865     | 0.5049  | 35.3 | FAIL
PCA32+LogReg             | 0.6543 | 0.1126 | 0.6355 | 0.1000 | 0.5419   | 0.1546   | 865     | 0.5049  | 36.4 | FAIL
PCA16+VecWeighted        | 0.3142 | 0.1252 | 0.3129 | 0.1000 | 0.2237   | 0.1248   | 865     | 0.0201  | 34.0 | FAIL
PCA32+VecWeighted        | 0.2740 | 0.1339 | 0.2887 | 0.1000 | 0.2055   | 0.1204   | 865     | 0.0284  | 34.4 | FAIL
StabilizedWhitenedCosine | 0.6480 | 0.0969 | 0.6516 | 0.1000 | 0.5587   | 0.1267   | 865     | 0.5194  | 33.1 | PASS

[trial=35 seed=77] GLOBAL mode — total_samples=200000
  total: h0=82063 h1=15019
  pooled_train:  n0=1270 n1=1270
  pooled_calib:  n0=1240 n1=1240
  pooled_eval:   n0=1270 n1=1270
  regions (for macro stats only): 1103
[INFO] Cosine baseline routed to direct Hadamard sum (PrecomputedCosine)
[INFO] WeightedEnsemble Cosine judge routed to direct Hadamard sum
  [Ensemble] Judges routed to 'alt' input: PrecomputedCosine
[WeightedEnsemble] Fitted weights (alpha=0.1000, external calib):
  tau=0.7513, Pooled external calib: TPR=0.7000, FPR=0.1000
  PrecomputedCosine   : +0.3841
  PCAWhitenedCosine   : +0.2437
  XGBoost             : +0.1384
  Tiny MLP            : +0.0104
  LDA                 : +0.2234

Method                   | TPR    | FPR    | TrTPR  | TrFPR  | MacroTPR | MacroFPR | Regions | TauMean | ms   | OK? 
--------------------------------------------------------------------------------------------------------------------
Cosine                   | 0.6071 | 0.1008 | 0.6081 | 0.1000 | 0.5608   | 0.1437   | 862     | 0.7954  | 30.2 | FAIL
AndBox-HC                | 0.5992 | 0.1016 | 0.5774 | 0.1000 | 0.5517   | 0.1361   | 862     | 0.0001  | 32.7 | FAIL
PCAWhitenedCosine        | 0.6772 | 0.1016 | 0.6710 | 0.1000 | 0.5794   | 0.1429   | 862     | 0.4473  | 29.7 | FAIL
Vec (Wgt)                | 0.6480 | 0.1024 | 0.6492 | 0.1000 | 0.5847   | 0.1501   | 862     | 0.7965  | 29.8 | FAIL
Log Reg                  | 0.6283 | 0.0921 | 0.6258 | 0.1000 | 0.5159   | 0.1297   | 862     | 0.5048  | 35.3 | PASS
LDA                      | 0.6701 | 0.1071 | 0.6774 | 0.1000 | 0.5617   | 0.1532   | 862     | 1.5442  | 32.1 | FAIL
Tiny MLP                 | 0.6402 | 0.1024 | 0.6419 | 0.1000 | 0.5272   | 0.1511   | 862     | 0.7796  | 33.9 | FAIL
MultiProtoCosine         | 0.1504 | 0.1016 | 0.1460 | 0.1000 | 0.0985   | 0.0797   | 862     | 0.8608  | 36.3 | FAIL
WeightedEnsemble         | 0.6898 | 0.1087 | 0.7000 | 0.1000 | 0.5940   | 0.1532   | 862     | 0.7513  | 57.6 | FAIL
XGBoost                  | 0.6441 | 0.1016 | 0.6379 | 0.1000 | 0.5623   | 0.1440   | 862     | 0.6021  | 49.3 | FAIL
LDA1+LogReg              | 0.6307 | 0.0906 | 0.6258 | 0.1000 | 0.5177   | 0.1278   | 862     | 0.5049  | 32.9 | PASS
PCA16+LogReg             | 0.6346 | 0.0953 | 0.6250 | 0.1000 | 0.5276   | 0.1401   | 862     | 0.5049  | 34.6 | PASS
PCA32+LogReg             | 0.6323 | 0.0945 | 0.6226 | 0.1000 | 0.5231   | 0.1368   | 862     | 0.5050  | 35.6 | PASS
PCA16+VecWeighted        | 0.2110 | 0.0898 | 0.2306 | 0.1000 | 0.1410   | 0.0658   | 862     | 0.0252  | 33.6 | PASS
PCA32+VecWeighted        | 0.1984 | 0.0866 | 0.2419 | 0.1000 | 0.1361   | 0.0711   | 862     | 0.0282  | 34.1 | PASS
StabilizedWhitenedCosine | 0.6724 | 0.1000 | 0.6597 | 0.1000 | 0.5748   | 0.1455   | 862     | 0.4483  | 33.1 | PASS

[trial=36 seed=78] GLOBAL mode — total_samples=200000
  total: h0=82063 h1=15019
  pooled_train:  n0=1270 n1=1270
  pooled_calib:  n0=1240 n1=1240
  pooled_eval:   n0=1270 n1=1270
  regions (for macro stats only): 1103
[INFO] Cosine baseline routed to direct Hadamard sum (PrecomputedCosine)
[INFO] WeightedEnsemble Cosine judge routed to direct Hadamard sum
  [Ensemble] Judges routed to 'alt' input: PrecomputedCosine
[WeightedEnsemble] Fitted weights (alpha=0.1000, external calib):
  tau=0.6210, Pooled external calib: TPR=0.6532, FPR=0.1000
  PrecomputedCosine   : +0.2161
  PCAWhitenedCosine   : +0.5478
  XGBoost             : +0.0972
  Tiny MLP            : +0.1269
  LDA                 : +0.0120

Method                   | TPR    | FPR    | TrTPR  | TrFPR  | MacroTPR | MacroFPR | Regions | TauMean | ms   | OK? 
--------------------------------------------------------------------------------------------------------------------
Cosine                   | 0.5354 | 0.0803 | 0.5685 | 0.1000 | 0.4831   | 0.1161   | 861     | 0.8384  | 28.5 | PASS
AndBox-HC                | 0.5370 | 0.0866 | 0.5427 | 0.1000 | 0.4775   | 0.1232   | 861     | 0.0002  | 32.1 | PASS
PCAWhitenedCosine        | 0.6378 | 0.0717 | 0.6315 | 0.1000 | 0.5340   | 0.0998   | 861     | 0.5850  | 29.7 | PASS
Vec (Wgt)                | 0.5984 | 0.0843 | 0.6129 | 0.1000 | 0.5208   | 0.1185   | 861     | 0.8329  | 29.7 | PASS
Log Reg                  | 0.6087 | 0.0819 | 0.5968 | 0.1000 | 0.5019   | 0.1056   | 861     | 0.5061  | 35.5 | PASS
LDA                      | 0.6102 | 0.0575 | 0.6008 | 0.1000 | 0.4926   | 0.0831   | 861     | 2.0949  | 31.9 | PASS
Tiny MLP                 | 0.6346 | 0.0661 | 0.6234 | 0.1000 | 0.5204   | 0.0935   | 861     | 0.7736  | 33.6 | PASS
MultiProtoCosine         | 0.1819 | 0.1071 | 0.1702 | 0.1000 | 0.1107   | 0.0785   | 861     | 0.8630  | 36.3 | FAIL
WeightedEnsemble         | 0.6606 | 0.0787 | 0.6532 | 0.1000 | 0.5552   | 0.1092   | 861     | 0.6210  | 57.0 | PASS
XGBoost                  | 0.6165 | 0.0827 | 0.6226 | 0.1000 | 0.5395   | 0.1126   | 861     | 0.6210  | 49.8 | PASS
LDA1+LogReg              | 0.6087 | 0.0795 | 0.5984 | 0.1000 | 0.5018   | 0.1034   | 861     | 0.5060  | 33.0 | PASS
PCA16+LogReg             | 0.6071 | 0.0819 | 0.5992 | 0.1000 | 0.5044   | 0.1080   | 861     | 0.5064  | 34.7 | PASS
PCA32+LogReg             | 0.6142 | 0.0835 | 0.6024 | 0.1000 | 0.5123   | 0.1104   | 861     | 0.5060  | 35.6 | PASS
PCA16+VecWeighted        | 0.0724 | 0.1008 | 0.0871 | 0.1000 | 0.0767   | 0.1081   | 861     | 0.0384  | 33.6 | FAIL
PCA32+VecWeighted        | 0.0898 | 0.1165 | 0.0968 | 0.1000 | 0.0837   | 0.1290   | 861     | 0.0395  | 34.5 | FAIL
StabilizedWhitenedCosine | 0.6354 | 0.0701 | 0.6290 | 0.1000 | 0.5263   | 0.0967   | 861     | 0.5787  | 33.2 | PASS

[trial=37 seed=79] GLOBAL mode — total_samples=200000
  total: h0=82063 h1=15019
  pooled_train:  n0=1270 n1=1270
  pooled_calib:  n0=1240 n1=1240
  pooled_eval:   n0=1270 n1=1270
  regions (for macro stats only): 1103
[INFO] Cosine baseline routed to direct Hadamard sum (PrecomputedCosine)
[INFO] WeightedEnsemble Cosine judge routed to direct Hadamard sum
  [Ensemble] Judges routed to 'alt' input: PrecomputedCosine
[WeightedEnsemble] Fitted weights (alpha=0.1000, external calib):
  tau=0.6208, Pooled external calib: TPR=0.7016, FPR=0.1000
  PrecomputedCosine   : +0.0588
  PCAWhitenedCosine   : +0.4134
  XGBoost             : +0.3025
  Tiny MLP            : +0.0887
  LDA                 : +0.1365

Method                   | TPR    | FPR    | TrTPR  | TrFPR  | MacroTPR | MacroFPR | Regions | TauMean | ms   | OK? 
--------------------------------------------------------------------------------------------------------------------
Cosine                   | 0.6276 | 0.1031 | 0.6339 | 0.1000 | 0.5790   | 0.1327   | 857     | 0.7891  | 51.3 | FAIL
AndBox-HC                | 0.5827 | 0.1024 | 0.5774 | 0.1000 | 0.5305   | 0.1294   | 857     | 0.0001  | 33.3 | FAIL
PCAWhitenedCosine        | 0.6685 | 0.0984 | 0.6774 | 0.1000 | 0.5857   | 0.1253   | 857     | 0.5062  | 30.3 | PASS
Vec (Wgt)                | 0.6646 | 0.1039 | 0.6766 | 0.1000 | 0.6017   | 0.1360   | 857     | 0.8003  | 30.2 | FAIL
Log Reg                  | 0.6346 | 0.1024 | 0.6202 | 0.1000 | 0.5356   | 0.1184   | 857     | 0.5052  | 35.8 | FAIL
LDA                      | 0.6874 | 0.0898 | 0.6726 | 0.1000 | 0.5939   | 0.1119   | 857     | 1.5747  | 32.6 | PASS
Tiny MLP                 | 0.6811 | 0.0937 | 0.6476 | 0.1000 | 0.5884   | 0.1150   | 857     | 0.7278  | 34.1 | PASS
MultiProtoCosine         | 0.1583 | 0.1134 | 0.1355 | 0.1000 | 0.1148   | 0.0914   | 857     | 0.8679  | 37.7 | FAIL
WeightedEnsemble         | 0.7094 | 0.0976 | 0.7016 | 0.1000 | 0.6293   | 0.1265   | 857     | 0.6208  | 93.1 | PASS
XGBoost                  | 0.6748 | 0.1031 | 0.6573 | 0.1000 | 0.5991   | 0.1369   | 857     | 0.5859  | 53.0 | FAIL
LDA1+LogReg              | 0.6346 | 0.0992 | 0.6202 | 0.1000 | 0.5356   | 0.1159   | 857     | 0.5053  | 33.5 | PASS
PCA16+LogReg             | 0.6181 | 0.0992 | 0.6105 | 0.1000 | 0.5198   | 0.1147   | 857     | 0.5058  | 34.9 | PASS
PCA32+LogReg             | 0.6260 | 0.0992 | 0.6137 | 0.1000 | 0.5245   | 0.1168   | 857     | 0.5057  | 36.6 | PASS
PCA16+VecWeighted        | 0.2165 | 0.0984 | 0.2081 | 0.1000 | 0.2012   | 0.1047   | 857     | 0.0327  | 34.2 | PASS
PCA32+VecWeighted        | 0.2000 | 0.1039 | 0.2016 | 0.1000 | 0.1831   | 0.1017   | 857     | 0.0336  | 35.0 | FAIL
StabilizedWhitenedCosine | 0.6709 | 0.1039 | 0.6798 | 0.1000 | 0.5841   | 0.1346   | 857     | 0.4958  | 33.4 | FAIL

[trial=38 seed=80] GLOBAL mode — total_samples=200000
  total: h0=82063 h1=15019
  pooled_train:  n0=1270 n1=1270
  pooled_calib:  n0=1240 n1=1240
  pooled_eval:   n0=1270 n1=1270
  regions (for macro stats only): 1103
[INFO] Cosine baseline routed to direct Hadamard sum (PrecomputedCosine)
[INFO] WeightedEnsemble Cosine judge routed to direct Hadamard sum
  [Ensemble] Judges routed to 'alt' input: PrecomputedCosine
[WeightedEnsemble] Fitted weights (alpha=0.1000, external calib):
  tau=0.7065, Pooled external calib: TPR=0.6984, FPR=0.1000
  PrecomputedCosine   : +0.3246
  PCAWhitenedCosine   : +0.1636
  XGBoost             : +0.2291
  Tiny MLP            : +0.2081
  LDA                 : +0.0747

Method                   | TPR    | FPR    | TrTPR  | TrFPR  | MacroTPR | MacroFPR | Regions | TauMean | ms   | OK? 
--------------------------------------------------------------------------------------------------------------------
Cosine                   | 0.5976 | 0.1071 | 0.6065 | 0.1000 | 0.5412   | 0.1456   | 871     | 0.7987  | 29.3 | FAIL
AndBox-HC                | 0.5606 | 0.0976 | 0.5685 | 0.1000 | 0.4886   | 0.1293   | 871     | 0.0002  | 46.1 | PASS
PCAWhitenedCosine        | 0.6559 | 0.1063 | 0.6573 | 0.1000 | 0.5379   | 0.1425   | 871     | 0.5503  | 30.3 | FAIL
Vec (Wgt)                | 0.6323 | 0.1031 | 0.6452 | 0.1000 | 0.5563   | 0.1424   | 871     | 0.8059  | 38.3 | FAIL
Log Reg                  | 0.6213 | 0.0976 | 0.6129 | 0.1000 | 0.5086   | 0.1257   | 871     | 0.5050  | 49.0 | PASS
LDA                      | 0.6622 | 0.1110 | 0.6556 | 0.1000 | 0.5503   | 0.1508   | 871     | 1.8247  | 39.1 | FAIL
Tiny MLP                 | 0.6441 | 0.1110 | 0.6306 | 0.1000 | 0.5234   | 0.1511   | 871     | 0.7480  | 34.8 | FAIL
MultiProtoCosine         | 0.1362 | 0.0945 | 0.1508 | 0.1000 | 0.0953   | 0.0742   | 871     | 0.8665  | 40.9 | PASS
WeightedEnsemble         | 0.7000 | 0.1134 | 0.6984 | 0.1000 | 0.5835   | 0.1594   | 871     | 0.7065  | 88.7 | FAIL
XGBoost                  | 0.6472 | 0.1063 | 0.6500 | 0.1000 | 0.5406   | 0.1417   | 871     | 0.6044  | 62.3 | FAIL
LDA1+LogReg              | 0.6213 | 0.0984 | 0.6121 | 0.1000 | 0.5086   | 0.1262   | 871     | 0.5052  | 52.7 | PASS
PCA16+LogReg             | 0.6323 | 0.1024 | 0.6202 | 0.1000 | 0.5223   | 0.1320   | 871     | 0.5051  | 38.9 | FAIL
PCA32+LogReg             | 0.6307 | 0.0992 | 0.6202 | 0.1000 | 0.5167   | 0.1280   | 871     | 0.5052  | 43.1 | PASS
PCA16+VecWeighted        | 0.2591 | 0.1024 | 0.2435 | 0.1000 | 0.1925   | 0.0989   | 871     | 0.0196  | 39.0 | FAIL
PCA32+VecWeighted        | 0.2346 | 0.1039 | 0.2153 | 0.1000 | 0.1733   | 0.0866   | 871     | 0.0254  | 40.9 | FAIL
StabilizedWhitenedCosine | 0.6551 | 0.1039 | 0.6718 | 0.1000 | 0.5441   | 0.1418   | 871     | 0.5413  | 35.8 | FAIL

[trial=39 seed=81] GLOBAL mode — total_samples=200000
  total: h0=82063 h1=15019
  pooled_train:  n0=1270 n1=1270
  pooled_calib:  n0=1240 n1=1240
  pooled_eval:   n0=1270 n1=1270
  regions (for macro stats only): 1103
[INFO] Cosine baseline routed to direct Hadamard sum (PrecomputedCosine)
[INFO] WeightedEnsemble Cosine judge routed to direct Hadamard sum
  [Ensemble] Judges routed to 'alt' input: PrecomputedCosine
[WeightedEnsemble] Fitted weights (alpha=0.1000, external calib):
  tau=0.6065, Pooled external calib: TPR=0.6968, FPR=0.1000
  PrecomputedCosine   : +0.1195
  PCAWhitenedCosine   : +0.3770
  XGBoost             : +0.2691
  Tiny MLP            : +0.2045
  LDA                 : +0.0298

Method                   | TPR    | FPR    | TrTPR  | TrFPR  | MacroTPR | MacroFPR | Regions | TauMean | ms   | OK? 
--------------------------------------------------------------------------------------------------------------------
Cosine                   | 0.6228 | 0.1087 | 0.6137 | 0.1000 | 0.5569   | 0.1406   | 872     | 0.7948  | 65.5 | FAIL
AndBox-HC                | 0.5921 | 0.1126 | 0.5798 | 0.1000 | 0.5227   | 0.1355   | 872     | 0.0001  | 48.1 | FAIL
PCAWhitenedCosine        | 0.6953 | 0.1110 | 0.6863 | 0.1000 | 0.5763   | 0.1362   | 872     | 0.4792  | 31.0 | FAIL
Vec (Wgt)                | 0.6583 | 0.1039 | 0.6339 | 0.1000 | 0.5680   | 0.1357   | 872     | 0.8037  | 47.9 | FAIL
Log Reg                  | 0.6094 | 0.0969 | 0.6089 | 0.1000 | 0.5007   | 0.1222   | 872     | 0.5064  | 72.2 | PASS
LDA                      | 0.6882 | 0.0992 | 0.6726 | 0.1000 | 0.5670   | 0.1344   | 872     | 1.7619  | 74.1 | PASS
Tiny MLP                 | 0.6614 | 0.0937 | 0.6532 | 0.1000 | 0.5413   | 0.1241   | 872     | 0.7812  | 74.8 | PASS
MultiProtoCosine         | 0.1394 | 0.0756 | 0.1387 | 0.1000 | 0.0831   | 0.0576   | 872     | 0.8630  | 51.5 | PASS
WeightedEnsemble         | 0.7063 | 0.1063 | 0.6968 | 0.1000 | 0.5844   | 0.1369   | 872     | 0.6065  | 67.2 | FAIL
XGBoost                  | 0.6724 | 0.1024 | 0.6306 | 0.1000 | 0.5558   | 0.1259   | 872     | 0.6094  | 53.1 | FAIL
LDA1+LogReg              | 0.6110 | 0.0969 | 0.6105 | 0.1000 | 0.5018   | 0.1222   | 872     | 0.5064  | 50.4 | PASS
PCA16+LogReg             | 0.6047 | 0.0969 | 0.6024 | 0.1000 | 0.4975   | 0.1236   | 872     | 0.5066  | 59.9 | PASS
PCA32+LogReg             | 0.6165 | 0.0969 | 0.6137 | 0.1000 | 0.5102   | 0.1217   | 872     | 0.5063  | 49.1 | PASS
PCA16+VecWeighted        | 0.2409 | 0.0961 | 0.2194 | 0.1000 | 0.2146   | 0.1039   | 872     | 0.0296  | 34.3 | PASS
PCA32+VecWeighted        | 0.2268 | 0.0890 | 0.2210 | 0.1000 | 0.1987   | 0.0981   | 872     | 0.0313  | 35.0 | PASS
StabilizedWhitenedCosine | 0.6866 | 0.1079 | 0.6645 | 0.1000 | 0.5789   | 0.1398   | 872     | 0.4956  | 33.7 | FAIL

[trial=40 seed=82] GLOBAL mode — total_samples=200000
  total: h0=82063 h1=15019
  pooled_train:  n0=1270 n1=1270
  pooled_calib:  n0=1240 n1=1240
  pooled_eval:   n0=1270 n1=1270
  regions (for macro stats only): 1103
[INFO] Cosine baseline routed to direct Hadamard sum (PrecomputedCosine)
[INFO] WeightedEnsemble Cosine judge routed to direct Hadamard sum
  [Ensemble] Judges routed to 'alt' input: PrecomputedCosine
[WeightedEnsemble] Fitted weights (alpha=0.1000, external calib):
  tau=0.6932, Pooled external calib: TPR=0.6629, FPR=0.1000
  PrecomputedCosine   : +0.4323
  PCAWhitenedCosine   : +0.1110
  XGBoost             : +0.2003
  Tiny MLP            : +0.2025
  LDA                 : +0.0539

Method                   | TPR    | FPR    | TrTPR  | TrFPR  | MacroTPR | MacroFPR | Regions | TauMean | ms   | OK? 
--------------------------------------------------------------------------------------------------------------------
Cosine                   | 0.5976 | 0.0929 | 0.5750 | 0.1000 | 0.5567   | 0.1221   | 866     | 0.8092  | 28.9 | PASS
AndBox-HC                | 0.5913 | 0.0969 | 0.5806 | 0.1000 | 0.5265   | 0.1202   | 866     | 0.0000  | 32.2 | PASS
PCAWhitenedCosine        | 0.6858 | 0.0937 | 0.6516 | 0.1000 | 0.5916   | 0.1149   | 866     | 0.4166  | 30.3 | PASS
Vec (Wgt)                | 0.6433 | 0.0969 | 0.6315 | 0.1000 | 0.5783   | 0.1257   | 866     | 0.8122  | 30.3 | PASS
Log Reg                  | 0.6173 | 0.0906 | 0.5944 | 0.1000 | 0.5154   | 0.1156   | 866     | 0.5044  | 35.9 | PASS
LDA                      | 0.6543 | 0.0961 | 0.6177 | 0.1000 | 0.5602   | 0.1237   | 866     | 1.7246  | 32.6 | PASS
Tiny MLP                 | 0.6449 | 0.0969 | 0.6089 | 0.1000 | 0.5488   | 0.1302   | 866     | 0.7622  | 34.6 | PASS
MultiProtoCosine         | 0.1748 | 0.1016 | 0.1669 | 0.1000 | 0.1131   | 0.0772   | 866     | 0.8641  | 36.9 | FAIL
WeightedEnsemble         | 0.6913 | 0.1000 | 0.6629 | 0.1000 | 0.6015   | 0.1357   | 866     | 0.6932  | 57.8 | PASS
XGBoost                  | 0.6583 | 0.0945 | 0.6274 | 0.1000 | 0.5770   | 0.1244   | 866     | 0.5929  | 49.9 | PASS
LDA1+LogReg              | 0.6071 | 0.0890 | 0.5823 | 0.1000 | 0.4966   | 0.1128   | 866     | 0.5043  | 33.6 | PASS
PCA16+LogReg             | 0.6087 | 0.0913 | 0.5839 | 0.1000 | 0.5059   | 0.1168   | 866     | 0.5046  | 34.8 | PASS
PCA32+LogReg             | 0.6110 | 0.0945 | 0.5911 | 0.1000 | 0.5084   | 0.1240   | 866     | 0.5045  | 36.3 | PASS
PCA16+VecWeighted        | 0.1913 | 0.1102 | 0.1774 | 0.1000 | 0.1143   | 0.0865   | 866     | 0.0427  | 33.9 | FAIL
PCA32+VecWeighted        | 0.1898 | 0.1197 | 0.1694 | 0.1000 | 0.1221   | 0.0888   | 866     | 0.0435  | 34.6 | FAIL
StabilizedWhitenedCosine | 0.6654 | 0.0976 | 0.6419 | 0.1000 | 0.5800   | 0.1259   | 866     | 0.4645  | 33.2 | PASS

[trial=41 seed=83] GLOBAL mode — total_samples=200000
  total: h0=82063 h1=15019
  pooled_train:  n0=1270 n1=1270
  pooled_calib:  n0=1240 n1=1240
  pooled_eval:   n0=1270 n1=1270
  regions (for macro stats only): 1103
[INFO] Cosine baseline routed to direct Hadamard sum (PrecomputedCosine)
[INFO] WeightedEnsemble Cosine judge routed to direct Hadamard sum
  [Ensemble] Judges routed to 'alt' input: PrecomputedCosine
[WeightedEnsemble] Fitted weights (alpha=0.1000, external calib):
  tau=0.7024, Pooled external calib: TPR=0.6952, FPR=0.1000
  PrecomputedCosine   : +0.3246
  PCAWhitenedCosine   : +0.1636
  XGBoost             : +0.2291
  Tiny MLP            : +0.2081
  LDA                 : +0.0747

Method                   | TPR    | FPR    | TrTPR  | TrFPR  | MacroTPR | MacroFPR | Regions | TauMean | ms   | OK? 
--------------------------------------------------------------------------------------------------------------------
Cosine                   | 0.5906 | 0.1008 | 0.5984 | 0.1000 | 0.5218   | 0.1400   | 859     | 0.8083  | 42.4 | FAIL
AndBox-HC                | 0.5654 | 0.1134 | 0.5742 | 0.1000 | 0.5012   | 0.1483   | 859     | 0.0001  | 40.8 | FAIL
PCAWhitenedCosine        | 0.6591 | 0.0961 | 0.6702 | 0.1000 | 0.5588   | 0.1314   | 859     | 0.4354  | 30.2 | PASS
Vec (Wgt)                | 0.6457 | 0.1118 | 0.6661 | 0.1000 | 0.5609   | 0.1511   | 859     | 0.8090  | 30.1 | FAIL
Log Reg                  | 0.6134 | 0.1055 | 0.6242 | 0.1000 | 0.5046   | 0.1380   | 859     | 0.5045  | 35.7 | FAIL
LDA                      | 0.6559 | 0.1031 | 0.6750 | 0.1000 | 0.5583   | 0.1444   | 859     | 1.7667  | 32.5 | FAIL
Tiny MLP                 | 0.6449 | 0.1110 | 0.6645 | 0.1000 | 0.5469   | 0.1559   | 859     | 0.7667  | 34.1 | FAIL
MultiProtoCosine         | 0.1890 | 0.1181 | 0.1911 | 0.1000 | 0.1169   | 0.0964   | 859     | 0.8617  | 36.5 | FAIL
WeightedEnsemble         | 0.6780 | 0.1024 | 0.6952 | 0.1000 | 0.5800   | 0.1451   | 859     | 0.7024  | 57.6 | FAIL
XGBoost                  | 0.6409 | 0.0992 | 0.6548 | 0.1000 | 0.5465   | 0.1340   | 859     | 0.5928  | 49.5 | PASS
LDA1+LogReg              | 0.5969 | 0.1055 | 0.6145 | 0.1000 | 0.4819   | 0.1351   | 859     | 0.5046  | 33.1 | FAIL
PCA16+LogReg             | 0.6079 | 0.1102 | 0.6185 | 0.1000 | 0.4992   | 0.1424   | 859     | 0.5047  | 34.9 | FAIL
PCA32+LogReg             | 0.6118 | 0.1087 | 0.6194 | 0.1000 | 0.5004   | 0.1419   | 859     | 0.5047  | 36.1 | FAIL
PCA16+VecWeighted        | 0.1953 | 0.0874 | 0.1839 | 0.1000 | 0.1916   | 0.1159   | 859     | 0.0367  | 33.7 | PASS
PCA32+VecWeighted        | 0.1984 | 0.0961 | 0.1968 | 0.1000 | 0.1876   | 0.1226   | 859     | 0.0372  | 34.4 | PASS
StabilizedWhitenedCosine | 0.6654 | 0.1134 | 0.6823 | 0.1000 | 0.5696   | 0.1565   | 859     | 0.4369  | 33.4 | FAIL

[trial=42 seed=84] GLOBAL mode — total_samples=200000
  total: h0=82063 h1=15019
  pooled_train:  n0=1270 n1=1270
  pooled_calib:  n0=1240 n1=1240
  pooled_eval:   n0=1270 n1=1270
  regions (for macro stats only): 1103
[INFO] Cosine baseline routed to direct Hadamard sum (PrecomputedCosine)
[INFO] WeightedEnsemble Cosine judge routed to direct Hadamard sum
  [Ensemble] Judges routed to 'alt' input: PrecomputedCosine
[WeightedEnsemble] Fitted weights (alpha=0.1000, external calib):
  tau=0.5993, Pooled external calib: TPR=0.6685, FPR=0.1000
  PrecomputedCosine   : +0.1195
  PCAWhitenedCosine   : +0.3770
  XGBoost             : +0.2691
  Tiny MLP            : +0.2045
  LDA                 : +0.0298

Method                   | TPR    | FPR    | TrTPR  | TrFPR  | MacroTPR | MacroFPR | Regions | TauMean | ms   | OK? 
--------------------------------------------------------------------------------------------------------------------
Cosine                   | 0.6386 | 0.1110 | 0.6065 | 0.1000 | 0.5726   | 0.1477   | 866     | 0.7899  | 29.6 | FAIL
AndBox-HC                | 0.5961 | 0.1157 | 0.5645 | 0.1000 | 0.5172   | 0.1489   | 866     | 0.0001  | 33.6 | FAIL
PCAWhitenedCosine        | 0.6701 | 0.1055 | 0.6653 | 0.1000 | 0.5626   | 0.1349   | 866     | 0.4546  | 30.1 | FAIL
Vec (Wgt)                | 0.6583 | 0.1063 | 0.6411 | 0.1000 | 0.5849   | 0.1403   | 866     | 0.7945  | 30.3 | FAIL
Log Reg                  | 0.6268 | 0.0953 | 0.6339 | 0.1000 | 0.5156   | 0.1225   | 866     | 0.5047  | 35.9 | PASS
LDA                      | 0.6543 | 0.0953 | 0.6185 | 0.1000 | 0.5439   | 0.1311   | 866     | 1.7837  | 32.5 | PASS
Tiny MLP                 | 0.6339 | 0.0906 | 0.6065 | 0.1000 | 0.5264   | 0.1273   | 866     | 0.7459  | 34.2 | PASS
MultiProtoCosine         | 0.1417 | 0.0874 | 0.1218 | 0.1000 | 0.0980   | 0.0659   | 866     | 0.8714  | 36.5 | PASS
WeightedEnsemble         | 0.6764 | 0.0929 | 0.6685 | 0.1000 | 0.5742   | 0.1230   | 866     | 0.5993  | 57.8 | PASS
XGBoost                  | 0.6567 | 0.0898 | 0.6210 | 0.1000 | 0.5614   | 0.1169   | 866     | 0.5983  | 49.7 | PASS
LDA1+LogReg              | 0.6276 | 0.0953 | 0.6379 | 0.1000 | 0.5165   | 0.1225   | 866     | 0.5046  | 33.0 | PASS
PCA16+LogReg             | 0.6331 | 0.0929 | 0.6403 | 0.1000 | 0.5271   | 0.1199   | 866     | 0.5045  | 34.9 | PASS
PCA32+LogReg             | 0.6362 | 0.0953 | 0.6427 | 0.1000 | 0.5268   | 0.1239   | 866     | 0.5045  | 36.0 | PASS
PCA16+VecWeighted        | 0.2031 | 0.0945 | 0.1911 | 0.1000 | 0.2004   | 0.1137   | 866     | 0.0357  | 33.8 | PASS
PCA32+VecWeighted        | 0.2071 | 0.0906 | 0.2056 | 0.1000 | 0.2018   | 0.1094   | 866     | 0.0380  | 34.8 | PASS
StabilizedWhitenedCosine | 0.6559 | 0.1024 | 0.6540 | 0.1000 | 0.5522   | 0.1385   | 866     | 0.5086  | 33.6 | FAIL

[trial=43 seed=85] GLOBAL mode — total_samples=200000
  total: h0=82063 h1=15019
  pooled_train:  n0=1270 n1=1270
  pooled_calib:  n0=1240 n1=1240
  pooled_eval:   n0=1270 n1=1270
  regions (for macro stats only): 1103
[INFO] Cosine baseline routed to direct Hadamard sum (PrecomputedCosine)
[INFO] WeightedEnsemble Cosine judge routed to direct Hadamard sum
  [Ensemble] Judges routed to 'alt' input: PrecomputedCosine
[WeightedEnsemble] Fitted weights (alpha=0.1000, external calib):
  tau=0.6487, Pooled external calib: TPR=0.7113, FPR=0.1000
  PrecomputedCosine   : +0.4323
  PCAWhitenedCosine   : +0.1110
  XGBoost             : +0.2003
  Tiny MLP            : +0.2025
  LDA                 : +0.0539

Method                   | TPR    | FPR    | TrTPR  | TrFPR  | MacroTPR | MacroFPR | Regions | TauMean | ms   | OK? 
--------------------------------------------------------------------------------------------------------------------
Cosine                   | 0.6425 | 0.1094 | 0.6105 | 0.1000 | 0.5797   | 0.1569   | 849     | 0.7892  | 29.9 | FAIL
AndBox-HC                | 0.6189 | 0.1205 | 0.5952 | 0.1000 | 0.5472   | 0.1527   | 849     | 0.0000  | 32.8 | FAIL
PCAWhitenedCosine        | 0.6976 | 0.1118 | 0.6718 | 0.1000 | 0.6038   | 0.1578   | 849     | 0.3772  | 29.5 | FAIL
Vec (Wgt)                | 0.6764 | 0.1126 | 0.6411 | 0.1000 | 0.5936   | 0.1628   | 849     | 0.7904  | 29.6 | FAIL
Log Reg                  | 0.6205 | 0.1071 | 0.6008 | 0.1000 | 0.5024   | 0.1238   | 849     | 0.5046  | 35.8 | FAIL
LDA                      | 0.7071 | 0.1157 | 0.6879 | 0.1000 | 0.5917   | 0.1598   | 849     | 1.2971  | 31.9 | FAIL
Tiny MLP                 | 0.6717 | 0.1024 | 0.6613 | 0.1000 | 0.5587   | 0.1472   | 849     | 0.7115  | 33.7 | FAIL
MultiProtoCosine         | 0.1441 | 0.1008 | 0.1444 | 0.1000 | 0.0976   | 0.0832   | 849     | 0.8654  | 36.3 | FAIL
WeightedEnsemble         | 0.7197 | 0.1150 | 0.7113 | 0.1000 | 0.6201   | 0.1589   | 849     | 0.6487  | 57.1 | FAIL
XGBoost                  | 0.6622 | 0.1126 | 0.6452 | 0.1000 | 0.5726   | 0.1521   | 849     | 0.5709  | 52.6 | FAIL
LDA1+LogReg              | 0.6244 | 0.1079 | 0.6024 | 0.1000 | 0.5078   | 0.1248   | 849     | 0.5044  | 50.7 | FAIL
PCA16+LogReg             | 0.6252 | 0.1110 | 0.6016 | 0.1000 | 0.5085   | 0.1318   | 849     | 0.5046  | 42.5 | FAIL
PCA32+LogReg             | 0.6307 | 0.1094 | 0.6073 | 0.1000 | 0.5161   | 0.1292   | 849     | 0.5045  | 38.9 | FAIL
PCA16+VecWeighted        | 0.1299 | 0.1063 | 0.1194 | 0.1000 | 0.1329   | 0.0887   | 849     | 0.0340  | 33.5 | FAIL
PCA32+VecWeighted        | 0.1543 | 0.1079 | 0.1274 | 0.1000 | 0.1430   | 0.1036   | 849     | 0.0338  | 34.1 | FAIL
StabilizedWhitenedCosine | 0.6819 | 0.1126 | 0.6661 | 0.1000 | 0.5901   | 0.1558   | 849     | 0.3809  | 32.7 | FAIL

[trial=44 seed=86] GLOBAL mode — total_samples=200000
  total: h0=82063 h1=15019
  pooled_train:  n0=1270 n1=1270
  pooled_calib:  n0=1240 n1=1240
  pooled_eval:   n0=1270 n1=1270
  regions (for macro stats only): 1103
[INFO] Cosine baseline routed to direct Hadamard sum (PrecomputedCosine)
[INFO] WeightedEnsemble Cosine judge routed to direct Hadamard sum
  [Ensemble] Judges routed to 'alt' input: PrecomputedCosine
[WeightedEnsemble] Fitted weights (alpha=0.1000, external calib):
  tau=0.3954, Pooled external calib: TPR=0.7056, FPR=0.1000
  PrecomputedCosine   : +0.0000
  PCAWhitenedCosine   : +1.0000
  XGBoost             : +0.0000
  Tiny MLP            : +0.0000
  LDA                 : +0.0000

Method                   | TPR    | FPR    | TrTPR  | TrFPR  | MacroTPR | MacroFPR | Regions | TauMean | ms    | OK? 
---------------------------------------------------------------------------------------------------------------------
Cosine                   | 0.5835 | 0.0953 | 0.6210 | 0.1000 | 0.5145   | 0.1374   | 852     | 0.8034  | 42.1  | PASS
AndBox-HC                | 0.5756 | 0.1008 | 0.6282 | 0.1000 | 0.5107   | 0.1402   | 852     | 0.0001  | 32.0  | FAIL
PCAWhitenedCosine        | 0.6906 | 0.0984 | 0.7056 | 0.1000 | 0.5762   | 0.1297   | 852     | 0.3954  | 29.7  | PASS
Vec (Wgt)                | 0.6213 | 0.0969 | 0.6605 | 0.1000 | 0.5365   | 0.1378   | 852     | 0.8029  | 29.6  | PASS
Log Reg                  | 0.6299 | 0.1039 | 0.6427 | 0.1000 | 0.5313   | 0.1327   | 852     | 0.5040  | 35.4  | FAIL
LDA                      | 0.6528 | 0.0953 | 0.6702 | 0.1000 | 0.5515   | 0.1236   | 852     | 1.5148  | 49.3  | PASS
Tiny MLP                 | 0.6528 | 0.0937 | 0.6645 | 0.1000 | 0.5447   | 0.1254   | 852     | 0.7143  | 49.5  | PASS
MultiProtoCosine         | 0.1591 | 0.1016 | 0.1476 | 0.1000 | 0.1110   | 0.0915   | 852     | 0.8674  | 38.1  | FAIL
WeightedEnsemble         | 0.6906 | 0.0984 | 0.7056 | 0.1000 | 0.5762   | 0.1297   | 852     | 0.3954  | 133.7 | PASS
XGBoost                  | 0.6449 | 0.1016 | 0.6573 | 0.1000 | 0.5453   | 0.1377   | 852     | 0.5906  | 53.4  | FAIL
LDA1+LogReg              | 0.6346 | 0.1063 | 0.6444 | 0.1000 | 0.5382   | 0.1350   | 852     | 0.5039  | 33.1  | FAIL
PCA16+LogReg             | 0.6386 | 0.1047 | 0.6435 | 0.1000 | 0.5476   | 0.1312   | 852     | 0.5039  | 44.6  | FAIL
PCA32+LogReg             | 0.6425 | 0.1087 | 0.6540 | 0.1000 | 0.5498   | 0.1345   | 852     | 0.5038  | 77.2  | FAIL
PCA16+VecWeighted        | 0.1323 | 0.0976 | 0.1339 | 0.1000 | 0.1459   | 0.1012   | 852     | 0.0382  | 45.1  | PASS
PCA32+VecWeighted        | 0.1457 | 0.1071 | 0.1323 | 0.1000 | 0.1598   | 0.1104   | 852     | 0.0370  | 40.2  | FAIL
StabilizedWhitenedCosine | 0.6504 | 0.0969 | 0.6710 | 0.1000 | 0.5485   | 0.1323   | 852     | 0.4630  | 37.4  | PASS

[trial=45 seed=87] GLOBAL mode — total_samples=200000
  total: h0=82063 h1=15019
  pooled_train:  n0=1270 n1=1270
  pooled_calib:  n0=1240 n1=1240
  pooled_eval:   n0=1270 n1=1270
  regions (for macro stats only): 1103
[INFO] Cosine baseline routed to direct Hadamard sum (PrecomputedCosine)
[INFO] WeightedEnsemble Cosine judge routed to direct Hadamard sum
  [Ensemble] Judges routed to 'alt' input: PrecomputedCosine
[WeightedEnsemble] Fitted weights (alpha=0.1000, external calib):
  tau=0.8692, Pooled external calib: TPR=0.6871, FPR=0.1000
  PrecomputedCosine   : +0.0941
  PCAWhitenedCosine   : +0.0219
  XGBoost             : +0.5951
  Tiny MLP            : +0.0583
  LDA                 : +0.2307

Method                   | TPR    | FPR    | TrTPR  | TrFPR  | MacroTPR | MacroFPR | Regions | TauMean | ms   | OK? 
--------------------------------------------------------------------------------------------------------------------
Cosine                   | 0.6110 | 0.1087 | 0.6089 | 0.1000 | 0.5608   | 0.1482   | 857     | 0.7966  | 28.8 | FAIL
AndBox-HC                | 0.5669 | 0.1071 | 0.5597 | 0.1000 | 0.4971   | 0.1362   | 857     | 0.0002  | 46.2 | FAIL
PCAWhitenedCosine        | 0.6811 | 0.1055 | 0.6782 | 0.1000 | 0.5834   | 0.1449   | 857     | 0.5196  | 30.2 | FAIL
Vec (Wgt)                | 0.6433 | 0.1047 | 0.6306 | 0.1000 | 0.5704   | 0.1443   | 857     | 0.8059  | 32.5 | FAIL
Log Reg                  | 0.6378 | 0.0953 | 0.6210 | 0.1000 | 0.5199   | 0.1279   | 857     | 0.5057  | 36.3 | PASS
LDA                      | 0.6638 | 0.1016 | 0.6685 | 0.1000 | 0.5583   | 0.1422   | 857     | 1.9264  | 40.6 | FAIL
Tiny MLP                 | 0.6457 | 0.0992 | 0.6395 | 0.1000 | 0.5397   | 0.1387   | 857     | 0.7697  | 47.3 | PASS
MultiProtoCosine         | 0.1520 | 0.1071 | 0.1492 | 0.1000 | 0.0956   | 0.0974   | 857     | 0.8622  | 42.5 | FAIL
WeightedEnsemble         | 0.6858 | 0.1024 | 0.6871 | 0.1000 | 0.5780   | 0.1411   | 857     | 0.8692  | 93.1 | FAIL
XGBoost                  | 0.6394 | 0.1000 | 0.6242 | 0.1000 | 0.5557   | 0.1339   | 857     | 0.6124  | 74.2 | PASS
LDA1+LogReg              | 0.6425 | 0.0992 | 0.6226 | 0.1000 | 0.5242   | 0.1330   | 857     | 0.5057  | 79.5 | PASS
PCA16+LogReg             | 0.6260 | 0.0921 | 0.6185 | 0.1000 | 0.5130   | 0.1269   | 857     | 0.5061  | 80.5 | PASS
PCA32+LogReg             | 0.6307 | 0.0937 | 0.6234 | 0.1000 | 0.5169   | 0.1292   | 857     | 0.5060  | 69.1 | PASS
PCA16+VecWeighted        | 0.1331 | 0.0866 | 0.1468 | 0.1000 | 0.1337   | 0.0956   | 857     | 0.0283  | 41.7 | PASS
PCA32+VecWeighted        | 0.1480 | 0.0929 | 0.1387 | 0.1000 | 0.1431   | 0.1018   | 857     | 0.0318  | 43.2 | PASS
StabilizedWhitenedCosine | 0.6654 | 0.0945 | 0.6621 | 0.1000 | 0.5658   | 0.1303   | 857     | 0.5662  | 41.6 | PASS

[trial=46 seed=88] GLOBAL mode — total_samples=200000
  total: h0=82063 h1=15019
  pooled_train:  n0=1270 n1=1270
  pooled_calib:  n0=1240 n1=1240
  pooled_eval:   n0=1270 n1=1270
  regions (for macro stats only): 1103
[INFO] Cosine baseline routed to direct Hadamard sum (PrecomputedCosine)
[INFO] WeightedEnsemble Cosine judge routed to direct Hadamard sum
  [Ensemble] Judges routed to 'alt' input: PrecomputedCosine
[WeightedEnsemble] Fitted weights (alpha=0.1000, external calib):
  tau=0.5356, Pooled external calib: TPR=0.6815, FPR=0.1000
  PrecomputedCosine   : +0.0119
  PCAWhitenedCosine   : +0.6928
  XGBoost             : +0.0859
  Tiny MLP            : +0.1783
  LDA                 : +0.0311

Method                   | TPR    | FPR    | TrTPR  | TrFPR  | MacroTPR | MacroFPR | Regions | TauMean | ms   | OK? 
--------------------------------------------------------------------------------------------------------------------
Cosine                   | 0.6055 | 0.0756 | 0.6081 | 0.1000 | 0.5481   | 0.1124   | 866     | 0.8100  | 30.3 | PASS
AndBox-HC                | 0.5575 | 0.0780 | 0.5516 | 0.1000 | 0.4975   | 0.1160   | 866     | 0.0001  | 35.7 | PASS
PCAWhitenedCosine        | 0.6622 | 0.0732 | 0.6774 | 0.1000 | 0.5610   | 0.1066   | 866     | 0.4635  | 30.2 | PASS
Vec (Wgt)                | 0.6339 | 0.0701 | 0.6355 | 0.1000 | 0.5560   | 0.1067   | 866     | 0.8191  | 30.0 | PASS
Log Reg                  | 0.6126 | 0.0874 | 0.6065 | 0.1000 | 0.4972   | 0.1079   | 866     | 0.5040  | 36.0 | PASS
LDA                      | 0.6614 | 0.0858 | 0.6605 | 0.1000 | 0.5508   | 0.1197   | 866     | 1.7578  | 32.3 | PASS
Tiny MLP                 | 0.6480 | 0.0819 | 0.6323 | 0.1000 | 0.5212   | 0.1098   | 866     | 0.7788  | 34.0 | PASS
MultiProtoCosine         | 0.1740 | 0.1228 | 0.1694 | 0.1000 | 0.1228   | 0.1112   | 866     | 0.8610  | 36.6 | FAIL
WeightedEnsemble         | 0.6740 | 0.0748 | 0.6815 | 0.1000 | 0.5690   | 0.1099   | 866     | 0.5356  | 57.9 | PASS
XGBoost                  | 0.6252 | 0.0780 | 0.6315 | 0.1000 | 0.5330   | 0.1181   | 866     | 0.6097  | 49.8 | PASS
LDA1+LogReg              | 0.6134 | 0.0835 | 0.6073 | 0.1000 | 0.4990   | 0.1059   | 866     | 0.5041  | 33.2 | PASS
PCA16+LogReg             | 0.5984 | 0.0780 | 0.5960 | 0.1000 | 0.4890   | 0.1011   | 866     | 0.5048  | 34.8 | PASS
PCA32+LogReg             | 0.6039 | 0.0772 | 0.6105 | 0.1000 | 0.4959   | 0.1008   | 866     | 0.5045  | 35.9 | PASS
PCA16+VecWeighted        | 0.0937 | 0.0858 | 0.0782 | 0.1000 | 0.0698   | 0.0526   | 866     | 0.0451  | 33.8 | PASS
PCA32+VecWeighted        | 0.0874 | 0.0843 | 0.0710 | 0.1000 | 0.0668   | 0.0447   | 866     | 0.0471  | 34.3 | PASS
StabilizedWhitenedCosine | 0.6654 | 0.0732 | 0.6734 | 0.1000 | 0.5713   | 0.1051   | 866     | 0.4866  | 33.5 | PASS

[trial=47 seed=89] GLOBAL mode — total_samples=200000
  total: h0=82063 h1=15019
  pooled_train:  n0=1270 n1=1270
  pooled_calib:  n0=1240 n1=1240
  pooled_eval:   n0=1270 n1=1270
  regions (for macro stats only): 1103
[INFO] Cosine baseline routed to direct Hadamard sum (PrecomputedCosine)
[INFO] WeightedEnsemble Cosine judge routed to direct Hadamard sum
  [Ensemble] Judges routed to 'alt' input: PrecomputedCosine
[WeightedEnsemble] Fitted weights (alpha=0.1000, external calib):
  tau=0.7117, Pooled external calib: TPR=0.6774, FPR=0.1000
  PrecomputedCosine   : +0.3246
  PCAWhitenedCosine   : +0.1636
  XGBoost             : +0.2291
  Tiny MLP            : +0.2081
  LDA                 : +0.0747

Method                   | TPR    | FPR    | TrTPR  | TrFPR  | MacroTPR | MacroFPR | Regions | TauMean | ms   | OK? 
--------------------------------------------------------------------------------------------------------------------
Cosine                   | 0.6165 | 0.1110 | 0.6282 | 0.1000 | 0.5684   | 0.1531   | 870     | 0.7945  | 29.8 | FAIL
AndBox-HC                | 0.5969 | 0.1134 | 0.6056 | 0.1000 | 0.5450   | 0.1493   | 870     | 0.0001  | 46.4 | FAIL
PCAWhitenedCosine        | 0.6591 | 0.1126 | 0.6573 | 0.1000 | 0.5644   | 0.1458   | 870     | 0.4997  | 30.5 | FAIL
Vec (Wgt)                | 0.6465 | 0.1087 | 0.6540 | 0.1000 | 0.5748   | 0.1457   | 870     | 0.8061  | 30.1 | FAIL
Log Reg                  | 0.6079 | 0.1110 | 0.6089 | 0.1000 | 0.5049   | 0.1420   | 870     | 0.5064  | 36.7 | FAIL
LDA                      | 0.6425 | 0.1071 | 0.6298 | 0.1000 | 0.5407   | 0.1437   | 870     | 1.8753  | 32.7 | FAIL
Tiny MLP                 | 0.6402 | 0.1071 | 0.6169 | 0.1000 | 0.5295   | 0.1444   | 870     | 0.7546  | 34.6 | FAIL
MultiProtoCosine         | 0.1567 | 0.0921 | 0.1548 | 0.1000 | 0.1125   | 0.0703   | 870     | 0.8576  | 37.1 | PASS
WeightedEnsemble         | 0.6827 | 0.1157 | 0.6774 | 0.1000 | 0.5794   | 0.1537   | 870     | 0.7117  | 58.3 | FAIL
XGBoost                  | 0.6291 | 0.1150 | 0.6226 | 0.1000 | 0.5419   | 0.1511   | 870     | 0.6091  | 50.2 | FAIL
LDA1+LogReg              | 0.6102 | 0.1110 | 0.6097 | 0.1000 | 0.5063   | 0.1420   | 870     | 0.5066  | 33.5 | FAIL
PCA16+LogReg             | 0.6071 | 0.1071 | 0.6000 | 0.1000 | 0.5070   | 0.1398   | 870     | 0.5068  | 34.7 | FAIL
PCA32+LogReg             | 0.6118 | 0.1071 | 0.6073 | 0.1000 | 0.5103   | 0.1388   | 870     | 0.5067  | 35.9 | FAIL
PCA16+VecWeighted        | 0.2882 | 0.1197 | 0.2702 | 0.1000 | 0.2637   | 0.1154   | 870     | 0.0291  | 34.0 | FAIL
PCA32+VecWeighted        | 0.2528 | 0.1173 | 0.2565 | 0.1000 | 0.2469   | 0.1226   | 870     | 0.0310  | 34.5 | FAIL
StabilizedWhitenedCosine | 0.6591 | 0.1039 | 0.6597 | 0.1000 | 0.5600   | 0.1371   | 870     | 0.5010  | 33.1 | FAIL

[trial=48 seed=90] GLOBAL mode — total_samples=200000
  total: h0=82063 h1=15019
  pooled_train:  n0=1270 n1=1270
  pooled_calib:  n0=1240 n1=1240
  pooled_eval:   n0=1270 n1=1270
  regions (for macro stats only): 1103
[INFO] Cosine baseline routed to direct Hadamard sum (PrecomputedCosine)
[INFO] WeightedEnsemble Cosine judge routed to direct Hadamard sum
  [Ensemble] Judges routed to 'alt' input: PrecomputedCosine
[WeightedEnsemble] Fitted weights (alpha=0.1000, external calib):
  tau=0.6516, Pooled external calib: TPR=0.6839, FPR=0.1000
  PrecomputedCosine   : +0.1287
  PCAWhitenedCosine   : +0.3555
  XGBoost             : +0.1143
  Tiny MLP            : +0.2967
  LDA                 : +0.1048

Method                   | TPR    | FPR    | TrTPR  | TrFPR  | MacroTPR | MacroFPR | Regions | TauMean | ms   | OK? 
--------------------------------------------------------------------------------------------------------------------
Cosine                   | 0.5701 | 0.0819 | 0.5556 | 0.1000 | 0.5227   | 0.1248   | 861     | 0.8302  | 46.4 | PASS
AndBox-HC                | 0.5850 | 0.0874 | 0.5605 | 0.1000 | 0.5298   | 0.1266   | 861     | 0.0001  | 36.4 | PASS
PCAWhitenedCosine        | 0.6346 | 0.0984 | 0.6419 | 0.1000 | 0.5411   | 0.1442   | 861     | 0.4934  | 30.1 | PASS
Vec (Wgt)                | 0.6228 | 0.0874 | 0.5952 | 0.1000 | 0.5568   | 0.1346   | 861     | 0.8218  | 29.8 | PASS
Log Reg                  | 0.5787 | 0.0795 | 0.5871 | 0.1000 | 0.4761   | 0.1133   | 861     | 0.5062  | 35.9 | PASS
LDA                      | 0.6346 | 0.0937 | 0.6331 | 0.1000 | 0.5412   | 0.1410   | 861     | 1.7292  | 32.4 | PASS
Tiny MLP                 | 0.6598 | 0.1094 | 0.6468 | 0.1000 | 0.5659   | 0.1627   | 861     | 0.7303  | 34.3 | FAIL
MultiProtoCosine         | 0.1669 | 0.0866 | 0.1766 | 0.1000 | 0.1117   | 0.0662   | 861     | 0.8652  | 37.0 | PASS
WeightedEnsemble         | 0.6724 | 0.1016 | 0.6839 | 0.1000 | 0.5782   | 0.1525   | 861     | 0.6516  | 58.0 | FAIL
XGBoost                  | 0.5945 | 0.0795 | 0.5806 | 0.1000 | 0.5232   | 0.1146   | 861     | 0.6304  | 49.8 | PASS
LDA1+LogReg              | 0.5819 | 0.0795 | 0.5887 | 0.1000 | 0.4789   | 0.1133   | 861     | 0.5062  | 33.4 | PASS
PCA16+LogReg             | 0.5756 | 0.0787 | 0.5774 | 0.1000 | 0.4792   | 0.1108   | 861     | 0.5067  | 34.9 | PASS
PCA32+LogReg             | 0.5803 | 0.0819 | 0.5871 | 0.1000 | 0.4813   | 0.1163   | 861     | 0.5065  | 36.1 | PASS
PCA16+VecWeighted        | 0.1417 | 0.0921 | 0.1516 | 0.1000 | 0.1493   | 0.1168   | 861     | 0.0386  | 33.9 | PASS
PCA32+VecWeighted        | 0.1441 | 0.0866 | 0.1556 | 0.1000 | 0.1435   | 0.1150   | 861     | 0.0405  | 34.6 | PASS
StabilizedWhitenedCosine | 0.6252 | 0.0874 | 0.6234 | 0.1000 | 0.5423   | 0.1305   | 861     | 0.5450  | 33.2 | PASS

[trial=49 seed=91] GLOBAL mode — total_samples=200000
  total: h0=82063 h1=15019
  pooled_train:  n0=1270 n1=1270
  pooled_calib:  n0=1240 n1=1240
  pooled_eval:   n0=1270 n1=1270
  regions (for macro stats only): 1103
[INFO] Cosine baseline routed to direct Hadamard sum (PrecomputedCosine)
[INFO] WeightedEnsemble Cosine judge routed to direct Hadamard sum
  [Ensemble] Judges routed to 'alt' input: PrecomputedCosine
[WeightedEnsemble] Fitted weights (alpha=0.1000, external calib):
  tau=0.5907, Pooled external calib: TPR=0.6992, FPR=0.1000
  PrecomputedCosine   : +0.2610
  PCAWhitenedCosine   : +0.2348
  XGBoost             : +0.2127
  Tiny MLP            : +0.2846
  LDA                 : +0.0070

Method                   | TPR    | FPR    | TrTPR  | TrFPR  | MacroTPR | MacroFPR | Regions | TauMean | ms   | OK? 
--------------------------------------------------------------------------------------------------------------------
Cosine                   | 0.6402 | 0.1197 | 0.6581 | 0.1000 | 0.5805   | 0.1721   | 859     | 0.7687  | 30.9 | FAIL
AndBox-HC                | 0.5291 | 0.1008 | 0.5637 | 0.1000 | 0.4580   | 0.1469   | 859     | 0.0001  | 33.6 | FAIL
PCAWhitenedCosine        | 0.6858 | 0.1189 | 0.6871 | 0.1000 | 0.5798   | 0.1671   | 859     | 0.4035  | 30.5 | FAIL
Vec (Wgt)                | 0.6575 | 0.1157 | 0.6766 | 0.1000 | 0.5802   | 0.1722   | 859     | 0.7878  | 30.6 | FAIL
Log Reg                  | 0.6283 | 0.1150 | 0.6460 | 0.1000 | 0.5141   | 0.1567   | 859     | 0.5044  | 36.0 | FAIL
LDA                      | 0.6543 | 0.1094 | 0.6718 | 0.1000 | 0.5430   | 0.1438   | 859     | 1.7511  | 32.6 | FAIL
Tiny MLP                 | 0.6378 | 0.1063 | 0.6508 | 0.1000 | 0.5304   | 0.1412   | 859     | 0.7454  | 37.7 | FAIL
MultiProtoCosine         | 0.1591 | 0.1031 | 0.1653 | 0.1000 | 0.1041   | 0.0958   | 859     | 0.8677  | 39.0 | FAIL
WeightedEnsemble         | 0.6961 | 0.1189 | 0.6992 | 0.1000 | 0.5939   | 0.1688   | 859     | 0.5907  | 78.1 | FAIL
XGBoost                  | 0.6583 | 0.1181 | 0.6750 | 0.1000 | 0.5702   | 0.1725   | 859     | 0.5785  | 53.3 | FAIL
LDA1+LogReg              | 0.6339 | 0.1150 | 0.6500 | 0.1000 | 0.5195   | 0.1569   | 859     | 0.5043  | 33.8 | FAIL
PCA16+LogReg             | 0.6402 | 0.1126 | 0.6508 | 0.1000 | 0.5332   | 0.1559   | 859     | 0.5042  | 35.5 | FAIL
PCA32+LogReg             | 0.6425 | 0.1126 | 0.6492 | 0.1000 | 0.5348   | 0.1556   | 859     | 0.5043  | 36.3 | FAIL
PCA16+VecWeighted        | 0.2181 | 0.0913 | 0.2218 | 0.1000 | 0.1609   | 0.0768   | 859     | 0.0256  | 34.2 | PASS
PCA32+VecWeighted        | 0.2433 | 0.0890 | 0.2524 | 0.1000 | 0.1780   | 0.0792   | 859     | 0.0284  | 34.7 | PASS
StabilizedWhitenedCosine | 0.6701 | 0.1126 | 0.6863 | 0.1000 | 0.5751   | 0.1634   | 859     | 0.4041  | 33.7 | FAIL

=== Ranking by mean micro TPR (UNCONSTRAINED) ===
 1. WeightedEnsemble   TPR=0.6896±0.0185 FPR=0.1011±0.0123 [FAIL]
 2. PCAWhitenedCosine  TPR=0.6686±0.0205 FPR=0.0976±0.0124 [PASS]
 3. StabilizedWhitenedCosine TPR=0.6618±0.0181 FPR=0.0988±0.0118 [PASS]
 4. LDA                TPR=0.6578±0.0220 FPR=0.0983±0.0126 [PASS]
 5. Tiny MLP           TPR=0.6476±0.0217 FPR=0.0995±0.0120 [PASS]
 6. XGBoost            TPR=0.6428±0.0203 FPR=0.0995±0.0124 [PASS]
 7. Vec (Wgt)          TPR=0.6409±0.0208 FPR=0.0996±0.0131 [PASS]
 8. PCA32+LogReg       TPR=0.6222±0.0193 FPR=0.0989±0.0109 [PASS]
 9. Log Reg            TPR=0.6209±0.0188 FPR=0.0989±0.0105 [PASS]
10. LDA1+LogReg        TPR=0.6193±0.0201 FPR=0.0985±0.0109 [PASS]
11. PCA16+LogReg       TPR=0.6189±0.0197 FPR=0.0992±0.0116 [PASS]
12. Cosine             TPR=0.6013±0.0239 FPR=0.0986±0.0126 [PASS]
13. AndBox-HC          TPR=0.5692±0.0282 FPR=0.0983±0.0138 [PASS]
14. PCA32+VecWeighted  TPR=0.1825±0.0658 FPR=0.1042±0.0148 [FAIL]
15. PCA16+VecWeighted  TPR=0.1795±0.0686 FPR=0.1022±0.0125 [FAIL]
16. MultiProtoCosine   TPR=0.1574±0.0142 FPR=0.1017±0.0146 [FAIL]

=== Ranking by mean micro TPR (CONSTRAINED: FPR <= alpha) ===
 1. PCAWhitenedCosine  TPR=0.6686±0.0205 FPR=0.0976±0.0124
 2. StabilizedWhitenedCosine TPR=0.6618±0.0181 FPR=0.0988±0.0118
 3. LDA                TPR=0.6578±0.0220 FPR=0.0983±0.0126
 4. Tiny MLP           TPR=0.6476±0.0217 FPR=0.0995±0.0120
 5. XGBoost            TPR=0.6428±0.0203 FPR=0.0995±0.0124
 6. Vec (Wgt)          TPR=0.6409±0.0208 FPR=0.0996±0.0131
 7. PCA32+LogReg       TPR=0.6222±0.0193 FPR=0.0989±0.0109
 8. Log Reg            TPR=0.6209±0.0188 FPR=0.0989±0.0105
 9. LDA1+LogReg        TPR=0.6193±0.0201 FPR=0.0985±0.0109
10. PCA16+LogReg       TPR=0.6189±0.0197 FPR=0.0992±0.0116
11. Cosine             TPR=0.6013±0.0239 FPR=0.0986±0.0126
12. AndBox-HC          TPR=0.5692±0.0282 FPR=0.0983±0.0138
[CSV] Saved: /home/malmatal/Projects/Multi_Dim_Threshold/NeighborCache/outputs/region_local_threshold/run_20260507_091919/trial_summary.csv
[JSON] Saved: /home/malmatal/Projects/Multi_Dim_Threshold/NeighborCache/outputs/region_local_threshold/run_20260507_091919/ranking.json
[CSV] Saved: /home/malmatal/Projects/Multi_Dim_Threshold/NeighborCache/outputs/region_local_threshold/run_20260507_091919/weighted_ensemble_meta_weights.csv
[JSON] Saved: /home/malmatal/Projects/Multi_Dim_Threshold/NeighborCache/outputs/region_local_threshold/run_20260507_091919/notes.json

Best (constrained FPR <= alpha): PCAWhitenedCosine
[Done] outputs at: /home/malmatal/Projects/Multi_Dim_Threshold/NeighborCache/outputs/region_local_threshold/run_20260507_091919
